"method_id","target_id","point_estimate","truth","bias","lower","upper","center","interval_length","se_equivalent","cover","defined_draws","total_draws","invalid_fraction","status","cell_id","replication","G","N","latent_icc","size_mechanism","strength","regularity","minimum_cluster_size","maximum_cluster_size","size_effect_correlation","sample_minimum_internal_cdf_gap","sample_exact_knot_count","replication_elapsed_seconds"
"V4-PRI-TWO-STAGE-HBB-RESP-v1","V4-TARGET-RESPONDENT-WEIGHTED-v1",0.303496771113309,0.279737009112232,0.0237597620010772,0.226275264648581,0.381606758698103,0.303941011673342,0.155331494049522,0.0423304352003168,TRUE,199,199,0,"OK","P14-C002",1,20,393,0.17,"swmdk_like","medium","near_knot",5,29,-0.269303153001909,0,1,0.0700000000000003
"V4-SENS-TWO-STAGE-HBB-CLUSTER-v1","V4-TARGET-EQUAL-CLUSTER-v1",0.30616376369161,0.279737009112232,0.0264267545793781,0.2054997974203,0.382606725438363,0.294053261429331,0.177106928018062,0.0456076975269703,TRUE,199,199,0,"OK","P14-C002",1,20,393,0.17,"swmdk_like","medium","near_knot",5,29,-0.269303153001909,0,1,0.0700000000000003
"V4-CMP-ONE-STAGE-CLUSTER-BB-RESP-v1","V4-TARGET-RESPONDENT-WEIGHTED-v1",0.303496771113309,0.279737009112232,0.0237597620010772,0.240788027569851,0.347174436210818,0.293981231890334,0.106386408640967,0.0267025113715404,TRUE,199,199,0,"OK","P14-C002",1,20,393,0.17,"swmdk_like","medium","near_knot",5,29,-0.269303153001909,0,1,0.0700000000000003
"V4-CMP-IID-RESP-BB-v1","WORKING-INDEPENDENCE-RESPONDENT",0.303496771113309,0.279737009112232,0.0237597620010772,0.251930768759626,0.35742708173558,0.304678925247603,0.105496312975954,0.0277357728415558,TRUE,199,199,0,"OK","P14-C002",1,20,393,0.17,"swmdk_like","medium","near_knot",5,29,-0.269303153001909,0,1,0.0700000000000003
"V4-CMP-TWO-STAGE-FREQ-BOOT-RESP-v1","V4-TARGET-RESPONDENT-WEIGHTED-v1",0.303496771113309,0.279737009112232,0.0237597620010772,0.22200407700354,0.382247558954248,0.302125817978894,0.160243481950708,0.0400915252868823,TRUE,199,199,0,"OK","P14-C002",1,20,393,0.17,"swmdk_like","medium","near_knot",5,29,-0.269303153001909,0,1,0.0700000000000003
"V4-CMP-MOKKEN-TWOLEVEL-DELTA-v1","V4-TARGET-RESPONDENT-WEIGHTED-v1",0.303496771113315,0.279737009112232,0.0237597620010829,0.241666282793262,0.365327259433368,0.303496771113315,0.123660976640105,0.0315467471891136,TRUE,,,0,"OK","P14-C002",1,20,393,0.17,"swmdk_like","medium","near_knot",5,29,-0.269303153001909,0,1,0.0700000000000003
"V4-PRI-TWO-STAGE-HBB-RESP-v1","V4-TARGET-RESPONDENT-WEIGHTED-v1",0.269262912976677,0.279737009112232,-0.0104740961355547,0.194033503696189,0.34915121060859,0.27159235715239,0.155117706912402,0.0390379047851309,TRUE,199,199,0,"OK","P14-C002",2,20,397,0.17,"swmdk_like","medium","near_knot",5,29,0.230912138713921,0,1,0.0679999999999996
"V4-SENS-TWO-STAGE-HBB-CLUSTER-v1","V4-TARGET-EQUAL-CLUSTER-v1",0.268429584480946,0.279737009112232,-0.0113074246312858,0.176436451772602,0.358175992738834,0.267306222255718,0.181739540966232,0.045655233585001,TRUE,199,199,0,"OK","P14-C002",2,20,397,0.17,"swmdk_like","medium","near_knot",5,29,0.230912138713921,0,1,0.0679999999999996
"V4-CMP-ONE-STAGE-CLUSTER-BB-RESP-v1","V4-TARGET-RESPONDENT-WEIGHTED-v1",0.269262912976677,0.279737009112232,-0.0104740961355547,0.223877751005786,0.307770767493502,0.265824259249644,0.0838930164877159,0.0217120361643812,TRUE,199,199,0,"OK","P14-C002",2,20,397,0.17,"swmdk_like","medium","near_knot",5,29,0.230912138713921,0,1,0.0679999999999996
"V4-CMP-IID-RESP-BB-v1","WORKING-INDEPENDENCE-RESPONDENT",0.269262912976677,0.279737009112232,-0.0104740961355547,0.213724552744081,0.31902691291244,0.26637573282826,0.10530236016836,0.026089835207479,TRUE,199,199,0,"OK","P14-C002",2,20,397,0.17,"swmdk_like","medium","near_knot",5,29,0.230912138713921,0,1,0.0679999999999996
"V4-CMP-TWO-STAGE-FREQ-BOOT-RESP-v1","V4-TARGET-RESPONDENT-WEIGHTED-v1",0.269262912976677,0.279737009112232,-0.0104740961355547,0.19140759274547,0.334783445703462,0.263095519224466,0.143375852957992,0.0357761341812733,TRUE,199,199,0,"OK","P14-C002",2,20,397,0.17,"swmdk_like","medium","near_knot",5,29,0.230912138713921,0,1,0.0679999999999996
"V4-CMP-MOKKEN-TWOLEVEL-DELTA-v1","V4-TARGET-RESPONDENT-WEIGHTED-v1",0.269262912976684,0.279737009112232,-0.0104740961355476,0.213857197072535,0.324668628880834,0.269262912976684,0.110811431808299,0.0282687418448413,TRUE,,,0,"OK","P14-C002",2,20,397,0.17,"swmdk_like","medium","near_knot",5,29,0.230912138713921,0,1,0.0679999999999996
"V4-PRI-TWO-STAGE-HBB-RESP-v1","V4-TARGET-RESPONDENT-WEIGHTED-v1",0.26235993730442,0.279737009112232,-0.0173770718078124,0.191269623340055,0.335459689880661,0.263364656610358,0.144190066540606,0.0365256254786609,TRUE,199,199,0,"OK","P14-C002",3,20,433,0.17,"swmdk_like","medium","near_knot",10,29,-0.31920841990849,0.00230946882217087,0,0.0700000000000003
"V4-SENS-TWO-STAGE-HBB-CLUSTER-v1","V4-TARGET-EQUAL-CLUSTER-v1",0.261259006797593,0.279737009112232,-0.0184780023146391,0.194921528814024,0.3333021722603,0.264111850537162,0.138380643446275,0.0371006600254126,TRUE,199,199,0,"OK","P14-C002",3,20,433,0.17,"swmdk_like","medium","near_knot",10,29,-0.31920841990849,0.00230946882217087,0,0.0700000000000003
"V4-CMP-ONE-STAGE-CLUSTER-BB-RESP-v1","V4-TARGET-RESPONDENT-WEIGHTED-v1",0.26235993730442,0.279737009112232,-0.0173770718078124,0.231321344288107,0.282606156651086,0.256963750469597,0.0512848123629784,0.0126279687613187,TRUE,199,199,0,"OK","P14-C002",3,20,433,0.17,"swmdk_like","medium","near_knot",10,29,-0.31920841990849,0.00230946882217087,0,0.0700000000000003
"V4-CMP-IID-RESP-BB-v1","WORKING-INDEPENDENCE-RESPONDENT",0.26235993730442,0.279737009112232,-0.0173770718078124,0.216263270284825,0.304752532380829,0.260507901332827,0.088489262096004,0.0235868369485778,TRUE,199,199,0,"OK","P14-C002",3,20,433,0.17,"swmdk_like","medium","near_knot",10,29,-0.31920841990849,0.00230946882217087,0,0.0700000000000003
"V4-CMP-TWO-STAGE-FREQ-BOOT-RESP-v1","V4-TARGET-RESPONDENT-WEIGHTED-v1",0.26235993730442,0.279737009112232,-0.0173770718078124,0.194546778061381,0.323299489615598,0.258923133838489,0.128752711554217,0.030962236339886,TRUE,199,199,0,"OK","P14-C002",3,20,433,0.17,"swmdk_like","medium","near_knot",10,29,-0.31920841990849,0.00230946882217087,0,0.0700000000000003
"V4-CMP-MOKKEN-TWOLEVEL-DELTA-v1","V4-TARGET-RESPONDENT-WEIGHTED-v1",0.262359937304427,0.279737009112232,-0.0173770718078052,0.212724800400835,0.311995074208019,0.262359937304427,0.0992702738071838,0.0253245147845101,TRUE,,,0,"OK","P14-C002",3,20,433,0.17,"swmdk_like","medium","near_knot",10,29,-0.31920841990849,0.00230946882217087,0,0.0700000000000003
"V4-PRI-TWO-STAGE-HBB-RESP-v1","V4-TARGET-RESPONDENT-WEIGHTED-v1",0.341105463857012,0.279737009112232,0.0613684547447804,0.257518564296391,0.421399959506127,0.339459261901259,0.163881395209735,0.0424118950713184,TRUE,199,199,0,"OK","P14-C002",4,20,451,0.17,"swmdk_like","medium","near_knot",10,29,-0.458128887232661,0,1,0.0729999999999995
"V4-SENS-TWO-STAGE-HBB-CLUSTER-v1","V4-TARGET-EQUAL-CLUSTER-v1",0.357075762564391,0.279737009112232,0.0773387534521588,0.280418430855776,0.444662648935631,0.362540539895703,0.164244218079855,0.0437859265579408,FALSE,199,199,0,"OK","P14-C002",4,20,451,0.17,"swmdk_like","medium","near_knot",10,29,-0.458128887232661,0,1,0.0729999999999995
"V4-CMP-ONE-STAGE-CLUSTER-BB-RESP-v1","V4-TARGET-RESPONDENT-WEIGHTED-v1",0.341105463857012,0.279737009112232,0.0613684547447804,0.282756193183051,0.392844543969101,0.337800368576076,0.11008835078605,0.0284522219526116,FALSE,199,199,0,"OK","P14-C002",4,20,451,0.17,"swmdk_like","medium","near_knot",10,29,-0.458128887232661,0,1,0.0729999999999995
"V4-CMP-IID-RESP-BB-v1","WORKING-INDEPENDENCE-RESPONDENT",0.341105463857012,0.279737009112232,0.0613684547447804,0.294989757665925,0.391622513425765,0.343306135545845,0.0966327557598404,0.0234478812591053,FALSE,199,199,0,"OK","P14-C002",4,20,451,0.17,"swmdk_like","medium","near_knot",10,29,-0.458128887232661,0,1,0.0729999999999995
"V4-CMP-TWO-STAGE-FREQ-BOOT-RESP-v1","V4-TARGET-RESPONDENT-WEIGHTED-v1",0.341105463857012,0.279737009112232,0.0613684547447804,0.27775811146501,0.426199954590983,0.351979033027997,0.148441843125974,0.0353686208495539,TRUE,199,199,0,"OK","P14-C002",4,20,451,0.17,"swmdk_like","medium","near_knot",10,29,-0.458128887232661,0,1,0.0729999999999995
"V4-CMP-MOKKEN-TWOLEVEL-DELTA-v1","V4-TARGET-RESPONDENT-WEIGHTED-v1",0.341105463857019,0.279737009112232,0.0613684547447871,0.267642498639556,0.414568429074482,0.341105463857019,0.146925930434927,0.0374817934395376,TRUE,,,0,"OK","P14-C002",4,20,451,0.17,"swmdk_like","medium","near_knot",10,29,-0.458128887232661,0,1,0.0729999999999995
"V4-PRI-TWO-STAGE-HBB-RESP-v1","V4-TARGET-RESPONDENT-WEIGHTED-v1",0.292710803676811,0.279737009112232,0.0129737945645795,0.225563463826263,0.373581821822096,0.29957264282418,0.148018357995834,0.0370137752712382,TRUE,199,199,0,"OK","P14-C002",5,20,413,0.17,"swmdk_like","medium","near_knot",8,29,0.242621916149811,0.0121065375302665,0,0.0790000000000006
"V4-SENS-TWO-STAGE-HBB-CLUSTER-v1","V4-TARGET-EQUAL-CLUSTER-v1",0.290700914337415,0.279737009112232,0.0109639052251831,0.211744684000894,0.385086097635334,0.298415390818114,0.17334141363444,0.0427537595976681,TRUE,199,199,0,"OK","P14-C002",5,20,413,0.17,"swmdk_like","medium","near_knot",8,29,0.242621916149811,0.0121065375302665,0,0.0790000000000006
"V4-CMP-ONE-STAGE-CLUSTER-BB-RESP-v1","V4-TARGET-RESPONDENT-WEIGHTED-v1",0.292710803676811,0.279737009112232,0.0129737945645795,0.250995650111707,0.335346428139055,0.293171039125381,0.0843507780273475,0.0219950970645026,TRUE,199,199,0,"OK","P14-C002",5,20,413,0.17,"swmdk_like","medium","near_knot",8,29,0.242621916149811,0.0121065375302665,0,0.0790000000000006
"V4-CMP-IID-RESP-BB-v1","WORKING-INDEPENDENCE-RESPONDENT",0.292710803676811,0.279737009112232,0.0129737945645795,0.243804769252737,0.340917499103345,0.292361134178041,0.0971127298506083,0.0248771718849747,TRUE,199,199,0,"OK","P14-C002",5,20,413,0.17,"swmdk_like","medium","near_knot",8,29,0.242621916149811,0.0121065375302665,0,0.0790000000000006
"V4-CMP-TWO-STAGE-FREQ-BOOT-RESP-v1","V4-TARGET-RESPONDENT-WEIGHTED-v1",0.292710803676811,0.279737009112232,0.0129737945645795,0.229846410960564,0.355600113215456,0.29272326208801,0.125753702254892,0.0340117062903396,TRUE,199,199,0,"OK","P14-C002",5,20,413,0.17,"swmdk_like","medium","near_knot",8,29,0.242621916149811,0.0121065375302665,0,0.0790000000000006
"V4-CMP-MOKKEN-TWOLEVEL-DELTA-v1","V4-TARGET-RESPONDENT-WEIGHTED-v1",0.292710803676801,0.279737009112232,0.012973794564569,0.23288437746087,0.352537229892733,0.292710803676801,0.119652852431863,0.0305242477350781,TRUE,,,0,"OK","P14-C002",5,20,413,0.17,"swmdk_like","medium","near_knot",8,29,0.242621916149811,0.0121065375302665,0,0.0790000000000006
"V4-PRI-TWO-STAGE-HBB-RESP-v1","V4-TARGET-RESPONDENT-WEIGHTED-v1",0.274794803917242,0.279737009112232,-0.00494220519498961,0.189909874876181,0.346462148508824,0.268186011692502,0.156552273632643,0.0405982277487149,TRUE,199,199,0,"OK","P14-C002",6,20,426,0.17,"swmdk_like","medium","near_knot",8,29,-0.275135972863574,0,1,0.069
"V4-SENS-TWO-STAGE-HBB-CLUSTER-v1","V4-TARGET-EQUAL-CLUSTER-v1",0.3008134084729,0.279737009112232,0.0210763993606684,0.195192838304163,0.40615191988911,0.300672379096637,0.210959081584948,0.0509196528040424,TRUE,199,199,0,"OK","P14-C002",6,20,426,0.17,"swmdk_like","medium","near_knot",8,29,-0.275135972863574,0,1,0.069
"V4-CMP-ONE-STAGE-CLUSTER-BB-RESP-v1","V4-TARGET-RESPONDENT-WEIGHTED-v1",0.274794803917242,0.279737009112232,-0.00494220519498961,0.230226963036952,0.338899707703738,0.284563335370345,0.108672744666786,0.0252744107372032,TRUE,199,199,0,"OK","P14-C002",6,20,426,0.17,"swmdk_like","medium","near_knot",8,29,-0.275135972863574,0,1,0.069
"V4-CMP-IID-RESP-BB-v1","WORKING-INDEPENDENCE-RESPONDENT",0.274794803917242,0.279737009112232,-0.00494220519498961,0.228642047164348,0.325215704927481,0.276928876045915,0.0965736577631326,0.0247346303522829,TRUE,199,199,0,"OK","P14-C002",6,20,426,0.17,"swmdk_like","medium","near_knot",8,29,-0.275135972863574,0,1,0.069
"V4-CMP-TWO-STAGE-FREQ-BOOT-RESP-v1","V4-TARGET-RESPONDENT-WEIGHTED-v1",0.274794803917242,0.279737009112232,-0.00494220519498961,0.206336814732532,0.341221293453607,0.27377905409307,0.134884478721075,0.0344025212857303,TRUE,199,199,0,"OK","P14-C002",6,20,426,0.17,"swmdk_like","medium","near_knot",8,29,-0.275135972863574,0,1,0.069
"V4-CMP-MOKKEN-TWOLEVEL-DELTA-v1","V4-TARGET-RESPONDENT-WEIGHTED-v1",0.274794803917237,0.279737009112232,-0.00494220519499455,0.208177041739449,0.341412566095026,0.274794803917237,0.133235524355577,0.0339892787333139,TRUE,,,0,"OK","P14-C002",6,20,426,0.17,"swmdk_like","medium","near_knot",8,29,-0.275135972863574,0,1,0.069
"V4-PRI-TWO-STAGE-HBB-RESP-v1","V4-TARGET-RESPONDENT-WEIGHTED-v1",0.286351301863568,0.279737009112232,0.00661429275133629,0.213366175460157,0.358698512922591,0.286032344191374,0.145332337462434,0.0387784366216732,TRUE,199,199,0,"OK","P14-C002",7,20,453,0.17,"swmdk_like","medium","near_knot",10,28,-0.257330511631436,0,1,0.0759999999999996
"V4-SENS-TWO-STAGE-HBB-CLUSTER-v1","V4-TARGET-EQUAL-CLUSTER-v1",0.278540286599786,0.279737009112232,-0.00119672251244601,0.20600066602976,0.347533209618971,0.276766937824366,0.141532543589211,0.0361227033633335,TRUE,199,199,0,"OK","P14-C002",7,20,453,0.17,"swmdk_like","medium","near_knot",10,28,-0.257330511631436,0,1,0.0759999999999996
"V4-CMP-ONE-STAGE-CLUSTER-BB-RESP-v1","V4-TARGET-RESPONDENT-WEIGHTED-v1",0.286351301863568,0.279737009112232,0.00661429275133629,0.235799250711805,0.331075709774901,0.283437480243353,0.0952764590630966,0.02347492229882,TRUE,199,199,0,"OK","P14-C002",7,20,453,0.17,"swmdk_like","medium","near_knot",10,28,-0.257330511631436,0,1,0.0759999999999996
"V4-CMP-IID-RESP-BB-v1","WORKING-INDEPENDENCE-RESPONDENT",0.286351301863568,0.279737009112232,0.00661429275133629,0.241873581332326,0.350468552141824,0.296171066737075,0.108594970809498,0.0245775792724815,TRUE,199,199,0,"OK","P14-C002",7,20,453,0.17,"swmdk_like","medium","near_knot",10,28,-0.257330511631436,0,1,0.0759999999999996
"V4-CMP-TWO-STAGE-FREQ-BOOT-RESP-v1","V4-TARGET-RESPONDENT-WEIGHTED-v1",0.286351301863568,0.279737009112232,0.00661429275133629,0.213280227601184,0.350957489578527,0.282118858589855,0.137677261977343,0.035017777221288,TRUE,199,199,0,"OK","P14-C002",7,20,453,0.17,"swmdk_like","medium","near_knot",10,28,-0.257330511631436,0,1,0.0759999999999996
"V4-CMP-MOKKEN-TWOLEVEL-DELTA-v1","V4-TARGET-RESPONDENT-WEIGHTED-v1",0.286351301863574,0.279737009112232,0.00661429275134251,0.225012019426984,0.347690584300165,0.286351301863574,0.12267856487318,0.0312961273372504,TRUE,,,0,"OK","P14-C002",7,20,453,0.17,"swmdk_like","medium","near_knot",10,28,-0.257330511631436,0,1,0.0759999999999996
"V4-PRI-TWO-STAGE-HBB-RESP-v1","V4-TARGET-RESPONDENT-WEIGHTED-v1",0.28933333744605,0.279737009112232,0.00959632833381807,0.216470467379095,0.359740600214847,0.288105533796971,0.143270132835752,0.0387344203952284,TRUE,199,199,0,"OK","P14-C002",8,20,478,0.17,"swmdk_like","medium","near_knot",8,29,0.21363686632802,0,1,0.077
"V4-SENS-TWO-STAGE-HBB-CLUSTER-v1","V4-TARGET-EQUAL-CLUSTER-v1",0.286869235961792,0.279737009112232,0.00713222684956,0.217586180979919,0.360494080310649,0.289040130645284,0.142907899330731,0.0378166082548938,TRUE,199,199,0,"OK","P14-C002",8,20,478,0.17,"swmdk_like","medium","near_knot",8,29,0.21363686632802,0,1,0.077
"V4-CMP-ONE-STAGE-CLUSTER-BB-RESP-v1","V4-TARGET-RESPONDENT-WEIGHTED-v1",0.28933333744605,0.279737009112232,0.00959632833381807,0.251742782254816,0.34522519163378,0.298483986944298,0.0934824093789641,0.0236841561301653,TRUE,199,199,0,"OK","P14-C002",8,20,478,0.17,"swmdk_like","medium","near_knot",8,29,0.21363686632802,0,1,0.077
"V4-CMP-IID-RESP-BB-v1","WORKING-INDEPENDENCE-RESPONDENT",0.28933333744605,0.279737009112232,0.00959632833381807,0.245188897275434,0.34374159579635,0.294465246535892,0.0985526985209153,0.0248792779783582,TRUE,199,199,0,"OK","P14-C002",8,20,478,0.17,"swmdk_like","medium","near_knot",8,29,0.21363686632802,0,1,0.077
"V4-CMP-TWO-STAGE-FREQ-BOOT-RESP-v1","V4-TARGET-RESPONDENT-WEIGHTED-v1",0.28933333744605,0.279737009112232,0.00959632833381807,0.223086664955203,0.357620503797039,0.290353584376121,0.134533838841837,0.0317743992582421,TRUE,199,199,0,"OK","P14-C002",8,20,478,0.17,"swmdk_like","medium","near_knot",8,29,0.21363686632802,0,1,0.077
"V4-CMP-MOKKEN-TWOLEVEL-DELTA-v1","V4-TARGET-RESPONDENT-WEIGHTED-v1",0.289333337446058,0.279737009112232,0.00959632833382618,0.228951731518025,0.349714943374091,0.289333337446058,0.120763211856066,0.030807507895204,TRUE,,,0,"OK","P14-C002",8,20,478,0.17,"swmdk_like","medium","near_knot",8,29,0.21363686632802,0,1,0.077
"V4-PRI-TWO-STAGE-HBB-RESP-v1","V4-TARGET-RESPONDENT-WEIGHTED-v1",0.268032590325666,0.279737009112232,-0.0117044187865657,0.189273191562201,0.339567528615294,0.264420360088747,0.150294337053093,0.0417648520525554,TRUE,199,199,0,"OK","P14-C002",9,20,401,0.17,"swmdk_like","medium","near_knot",5,28,0.166380363701591,0,1,0.0789999999999997
"V4-SENS-TWO-STAGE-HBB-CLUSTER-v1","V4-TARGET-EQUAL-CLUSTER-v1",0.258837464259815,0.279737009112232,-0.0208995448524174,0.183489529998479,0.365366206422353,0.274427868210416,0.181876676423874,0.0460358240038784,TRUE,199,199,0,"OK","P14-C002",9,20,401,0.17,"swmdk_like","medium","near_knot",5,28,0.166380363701591,0,1,0.0789999999999997
"V4-CMP-ONE-STAGE-CLUSTER-BB-RESP-v1","V4-TARGET-RESPONDENT-WEIGHTED-v1",0.268032590325666,0.279737009112232,-0.0117044187865657,0.214901059998318,0.318751438544201,0.26682624927126,0.103850378545883,0.0257608501011976,TRUE,199,199,0,"OK","P14-C002",9,20,401,0.17,"swmdk_like","medium","near_knot",5,28,0.166380363701591,0,1,0.0789999999999997
"V4-CMP-IID-RESP-BB-v1","WORKING-INDEPENDENCE-RESPONDENT",0.268032590325666,0.279737009112232,-0.0117044187865657,0.214080480548241,0.322070528314078,0.26807550443116,0.107990047765837,0.0268144895863586,TRUE,199,199,0,"OK","P14-C002",9,20,401,0.17,"swmdk_like","medium","near_knot",5,28,0.166380363701591,0,1,0.0789999999999997
"V4-CMP-TWO-STAGE-FREQ-BOOT-RESP-v1","V4-TARGET-RESPONDENT-WEIGHTED-v1",0.268032590325666,0.279737009112232,-0.0117044187865657,0.194849749793266,0.34037561000173,0.267612679897498,0.145525860208464,0.0373966183350435,TRUE,199,199,0,"OK","P14-C002",9,20,401,0.17,"swmdk_like","medium","near_knot",5,28,0.166380363701591,0,1,0.0789999999999997
"V4-CMP-MOKKEN-TWOLEVEL-DELTA-v1","V4-TARGET-RESPONDENT-WEIGHTED-v1",0.268032590325675,0.279737009112232,-0.0117044187865566,0.207730248957072,0.328334931694278,0.268032590325675,0.120604682737206,0.0307670660503255,TRUE,,,0,"OK","P14-C002",9,20,401,0.17,"swmdk_like","medium","near_knot",5,28,0.166380363701591,0,1,0.0789999999999997
"V4-PRI-TWO-STAGE-HBB-RESP-v1","V4-TARGET-RESPONDENT-WEIGHTED-v1",0.240115164071493,0.279737009112232,-0.0396218450407387,0.17462908181805,0.31900451738084,0.246816799599445,0.144375435562789,0.0392111182596792,TRUE,199,199,0,"OK","P14-C002",10,20,431,0.17,"swmdk_like","medium","near_knot",8,29,-0.212380289199474,0,1,0.0700000000000003
"V4-SENS-TWO-STAGE-HBB-CLUSTER-v1","V4-TARGET-EQUAL-CLUSTER-v1",0.23893283637414,0.279737009112232,-0.0408041727380918,0.166204924212916,0.309056495016481,0.237630709614698,0.142851570803565,0.0371032518299513,TRUE,199,199,0,"OK","P14-C002",10,20,431,0.17,"swmdk_like","medium","near_knot",8,29,-0.212380289199474,0,1,0.0700000000000003
"V4-CMP-ONE-STAGE-CLUSTER-BB-RESP-v1","V4-TARGET-RESPONDENT-WEIGHTED-v1",0.240115164071493,0.279737009112232,-0.0396218450407387,0.211216362931163,0.276306262526397,0.24376131272878,0.0650898995952341,0.0167410990861851,FALSE,199,199,0,"OK","P14-C002",10,20,431,0.17,"swmdk_like","medium","near_knot",8,29,-0.212380289199474,0,1,0.0700000000000003
"V4-CMP-IID-RESP-BB-v1","WORKING-INDEPENDENCE-RESPONDENT",0.240115164071493,0.279737009112232,-0.0396218450407387,0.194150927037619,0.27772183494947,0.235936380993545,0.083570907911851,0.0225063915271015,FALSE,199,199,0,"OK","P14-C002",10,20,431,0.17,"swmdk_like","medium","near_knot",8,29,-0.212380289199474,0,1,0.0700000000000003
"V4-CMP-TWO-STAGE-FREQ-BOOT-RESP-v1","V4-TARGET-RESPONDENT-WEIGHTED-v1",0.240115164071493,0.279737009112232,-0.0396218450407387,0.182998201868109,0.2912389511618,0.237118576514954,0.108240749293691,0.0261752108536162,TRUE,199,199,0,"OK","P14-C002",10,20,431,0.17,"swmdk_like","medium","near_knot",8,29,-0.212380289199474,0,1,0.0700000000000003
"V4-CMP-MOKKEN-TWOLEVEL-DELTA-v1","V4-TARGET-RESPONDENT-WEIGHTED-v1",0.240115164071505,0.279737009112232,-0.0396218450407271,0.188492827778856,0.291737500364154,0.240115164071505,0.103244672585298,0.0263384106543994,TRUE,,,0,"OK","P14-C002",10,20,431,0.17,"swmdk_like","medium","near_knot",8,29,-0.212380289199474,0,1,0.0700000000000003
"V4-PRI-TWO-STAGE-HBB-RESP-v1","V4-TARGET-RESPONDENT-WEIGHTED-v1",0.322035608009287,0.279737009112232,0.042298598897055,0.240480035553149,0.409781863646771,0.32513094959996,0.169301828093622,0.0433272656464507,TRUE,199,199,0,"OK","P14-C002",11,20,429,0.17,"swmdk_like","medium","near_knot",5,29,-0.0713895263632953,0.00466200466200462,0,0.0810000000000004
"V4-SENS-TWO-STAGE-HBB-CLUSTER-v1","V4-TARGET-EQUAL-CLUSTER-v1",0.299278673827193,0.279737009112232,0.0195416647149612,0.205149745472061,0.382795591858452,0.293972668665256,0.177645846386391,0.0449293651984828,TRUE,199,199,0,"OK","P14-C002",11,20,429,0.17,"swmdk_like","medium","near_knot",5,29,-0.0713895263632953,0.00466200466200462,0,0.0810000000000004
"V4-CMP-ONE-STAGE-CLUSTER-BB-RESP-v1","V4-TARGET-RESPONDENT-WEIGHTED-v1",0.322035608009287,0.279737009112232,0.042298598897055,0.279352323338857,0.364133200579546,0.321742761959202,0.0847808772406895,0.0226085901891068,TRUE,199,199,0,"OK","P14-C002",11,20,429,0.17,"swmdk_like","medium","near_knot",5,29,-0.0713895263632953,0.00466200466200462,0,0.0810000000000004
"V4-CMP-IID-RESP-BB-v1","WORKING-INDEPENDENCE-RESPONDENT",0.322035608009287,0.279737009112232,0.042298598897055,0.26819687421584,0.376584441187705,0.322390657701772,0.108387566971865,0.0254829450904106,TRUE,199,199,0,"OK","P14-C002",11,20,429,0.17,"swmdk_like","medium","near_knot",5,29,-0.0713895263632953,0.00466200466200462,0,0.0810000000000004
"V4-CMP-TWO-STAGE-FREQ-BOOT-RESP-v1","V4-TARGET-RESPONDENT-WEIGHTED-v1",0.322035608009287,0.279737009112232,0.042298598897055,0.265904882308348,0.393461028099263,0.329682955203806,0.127556145790915,0.0326777803105246,TRUE,199,199,0,"OK","P14-C002",11,20,429,0.17,"swmdk_like","medium","near_knot",5,29,-0.0713895263632953,0.00466200466200462,0,0.0810000000000004
"V4-CMP-MOKKEN-TWOLEVEL-DELTA-v1","V4-TARGET-RESPONDENT-WEIGHTED-v1",0.32203560800928,0.279737009112232,0.0422985988970476,0.263092946455987,0.380978269562572,0.32203560800928,0.117885323106586,0.0300733391114455,TRUE,,,0,"OK","P14-C002",11,20,429,0.17,"swmdk_like","medium","near_knot",5,29,-0.0713895263632953,0.00466200466200462,0,0.0810000000000004
"V4-PRI-TWO-STAGE-HBB-RESP-v1","V4-TARGET-RESPONDENT-WEIGHTED-v1",0.248177164095147,0.279737009112232,-0.0315598450170853,0.182146336683235,0.323313074928336,0.252729705805786,0.141166738245101,0.0338685427579235,TRUE,199,199,0,"OK","P14-C002",12,20,491,0.17,"swmdk_like","medium","near_knot",13,29,0.117970383680372,0.00610997963340115,0,0.0749999999999993
"V4-SENS-TWO-STAGE-HBB-CLUSTER-v1","V4-TARGET-EQUAL-CLUSTER-v1",0.252519916606157,0.279737009112232,-0.027217092506075,0.18092961339848,0.328283625760354,0.254606619579417,0.147354012361874,0.0370277267037465,TRUE,199,199,0,"OK","P14-C002",12,20,491,0.17,"swmdk_like","medium","near_knot",13,29,0.117970383680372,0.00610997963340115,0,0.0749999999999993
"V4-CMP-ONE-STAGE-CLUSTER-BB-RESP-v1","V4-TARGET-RESPONDENT-WEIGHTED-v1",0.248177164095147,0.279737009112232,-0.0315598450170853,0.212270709941957,0.289313987222852,0.250792348582405,0.0770432772808944,0.0201921636424294,TRUE,199,199,0,"OK","P14-C002",12,20,491,0.17,"swmdk_like","medium","near_knot",13,29,0.117970383680372,0.00610997963340115,0,0.0749999999999993
"V4-CMP-IID-RESP-BB-v1","WORKING-INDEPENDENCE-RESPONDENT",0.248177164095147,0.279737009112232,-0.0315598450170853,0.207446891130689,0.289456490953242,0.248451691041965,0.0820095998225534,0.0210927921258995,TRUE,199,199,0,"OK","P14-C002",12,20,491,0.17,"swmdk_like","medium","near_knot",13,29,0.117970383680372,0.00610997963340115,0,0.0749999999999993
"V4-CMP-TWO-STAGE-FREQ-BOOT-RESP-v1","V4-TARGET-RESPONDENT-WEIGHTED-v1",0.248177164095147,0.279737009112232,-0.0315598450170853,0.18328720533717,0.304055183509277,0.243671194423224,0.120767978172107,0.0313224654294884,TRUE,199,199,0,"OK","P14-C002",12,20,491,0.17,"swmdk_like","medium","near_knot",13,29,0.117970383680372,0.00610997963340115,0,0.0749999999999993
"V4-CMP-MOKKEN-TWOLEVEL-DELTA-v1","V4-TARGET-RESPONDENT-WEIGHTED-v1",0.248177164095139,0.279737009112232,-0.0315598450170926,0.190723562861306,0.305630765328973,0.248177164095139,0.114907202467667,0.0293136004982846,TRUE,,,0,"OK","P14-C002",12,20,491,0.17,"swmdk_like","medium","near_knot",13,29,0.117970383680372,0.00610997963340115,0,0.0749999999999993
"V4-PRI-TWO-STAGE-HBB-RESP-v1","V4-TARGET-RESPONDENT-WEIGHTED-v1",0.303009398761369,0.279737009112232,0.0232723896491372,0.227176558188061,0.3790580131025,0.30311728564528,0.151881454914439,0.0358671986414272,TRUE,199,199,0,"OK","P14-C002",13,20,426,0.17,"swmdk_like","medium","near_knot",8,29,-0.11140365748091,0.00469483568075113,0,0.0810000000000004
"V4-SENS-TWO-STAGE-HBB-CLUSTER-v1","V4-TARGET-EQUAL-CLUSTER-v1",0.294770292535481,0.279737009112232,0.0150332834232489,0.220636604460544,0.376267113488207,0.298451858974375,0.155630509027663,0.0390537271578399,TRUE,199,199,0,"OK","P14-C002",13,20,426,0.17,"swmdk_like","medium","near_knot",8,29,-0.11140365748091,0.00469483568075113,0,0.0810000000000004
"V4-CMP-ONE-STAGE-CLUSTER-BB-RESP-v1","V4-TARGET-RESPONDENT-WEIGHTED-v1",0.303009398761369,0.279737009112232,0.0232723896491372,0.256531902556987,0.343919442564383,0.300225672560685,0.0873875400073959,0.0218967908697922,TRUE,199,199,0,"OK","P14-C002",13,20,426,0.17,"swmdk_like","medium","near_knot",8,29,-0.11140365748091,0.00469483568075113,0,0.0810000000000004
"V4-CMP-IID-RESP-BB-v1","WORKING-INDEPENDENCE-RESPONDENT",0.303009398761369,0.279737009112232,0.0232723896491372,0.261797598574048,0.348462189312874,0.305129893943461,0.0866645907388259,0.0229002603182895,TRUE,199,199,0,"OK","P14-C002",13,20,426,0.17,"swmdk_like","medium","near_knot",8,29,-0.11140365748091,0.00469483568075113,0,0.0810000000000004
"V4-CMP-TWO-STAGE-FREQ-BOOT-RESP-v1","V4-TARGET-RESPONDENT-WEIGHTED-v1",0.303009398761369,0.279737009112232,0.0232723896491372,0.246549359605798,0.360221097540029,0.303385228572914,0.113671737934232,0.0297026371341581,TRUE,199,199,0,"OK","P14-C002",13,20,426,0.17,"swmdk_like","medium","near_knot",8,29,-0.11140365748091,0.00469483568075113,0,0.0810000000000004
"V4-CMP-MOKKEN-TWOLEVEL-DELTA-v1","V4-TARGET-RESPONDENT-WEIGHTED-v1",0.303009398761363,0.279737009112232,0.0232723896491314,0.244542698781364,0.361476098741362,0.303009398761363,0.116933399959998,0.0298304971117719,TRUE,,,0,"OK","P14-C002",13,20,426,0.17,"swmdk_like","medium","near_knot",8,29,-0.11140365748091,0.00469483568075113,0,0.0810000000000004
"V4-PRI-TWO-STAGE-HBB-RESP-v1","V4-TARGET-RESPONDENT-WEIGHTED-v1",0.310188393842575,0.279737009112232,0.0304513847303431,0.246035152893534,0.394565009967414,0.320300081430474,0.14852985707388,0.0380916829980067,TRUE,199,199,0,"OK","P14-C002",14,20,380,0.17,"swmdk_like","medium","near_knot",5,29,0.254983885399611,0,1,0.0629999999999997
"V4-SENS-TWO-STAGE-HBB-CLUSTER-v1","V4-TARGET-EQUAL-CLUSTER-v1",0.312089581425263,0.279737009112232,0.032352572313031,0.230249592457319,0.409473706619803,0.319861649538561,0.179224114162483,0.0463525054826733,TRUE,199,199,0,"OK","P14-C002",14,20,380,0.17,"swmdk_like","medium","near_knot",5,29,0.254983885399611,0,1,0.0629999999999997
"V4-CMP-ONE-STAGE-CLUSTER-BB-RESP-v1","V4-TARGET-RESPONDENT-WEIGHTED-v1",0.310188393842575,0.279737009112232,0.0304513847303431,0.274232885864025,0.333297708181752,0.303765297022889,0.0590648223177261,0.0146694000192372,TRUE,199,199,0,"OK","P14-C002",14,20,380,0.17,"swmdk_like","medium","near_knot",5,29,0.254983885399611,0,1,0.0629999999999997
"V4-CMP-IID-RESP-BB-v1","WORKING-INDEPENDENCE-RESPONDENT",0.310188393842575,0.279737009112232,0.0304513847303431,0.267751477138481,0.358548696534125,0.313150086836303,0.0907972193956444,0.0246200024674052,TRUE,199,199,0,"OK","P14-C002",14,20,380,0.17,"swmdk_like","medium","near_knot",5,29,0.254983885399611,0,1,0.0629999999999997
"V4-CMP-TWO-STAGE-FREQ-BOOT-RESP-v1","V4-TARGET-RESPONDENT-WEIGHTED-v1",0.310188393842575,0.279737009112232,0.0304513847303431,0.246509056879567,0.368247649559821,0.307378353219694,0.121738592680253,0.0321239655415473,TRUE,199,199,0,"OK","P14-C002",14,20,380,0.17,"swmdk_like","medium","near_knot",5,29,0.254983885399611,0,1,0.0629999999999997
"V4-CMP-MOKKEN-TWOLEVEL-DELTA-v1","V4-TARGET-RESPONDENT-WEIGHTED-v1",0.310188393842572,0.279737009112232,0.0304513847303396,0.258934331340518,0.361442456344625,0.310188393842572,0.102508125004108,0.0261505124106052,TRUE,,,0,"OK","P14-C002",14,20,380,0.17,"swmdk_like","medium","near_knot",5,29,0.254983885399611,0,1,0.0629999999999997
"V4-PRI-TWO-STAGE-HBB-RESP-v1","V4-TARGET-RESPONDENT-WEIGHTED-v1",0.240071496511889,0.279737009112232,-0.0396655126003428,0.177081626302535,0.313977751825267,0.245529689063901,0.136896125522732,0.0377312278928274,TRUE,199,199,0,"OK","P14-C002",15,20,434,0.17,"swmdk_like","medium","near_knot",5,29,0.241450653209,0.00460829493087556,0,0.0700000000000003
"V4-SENS-TWO-STAGE-HBB-CLUSTER-v1","V4-TARGET-EQUAL-CLUSTER-v1",0.226119276935824,0.279737009112232,-0.0536177321764076,0.154541201537444,0.308653910067564,0.231597555802504,0.15411270853012,0.0374861064763143,TRUE,199,199,0,"OK","P14-C002",15,20,434,0.17,"swmdk_like","medium","near_knot",5,29,0.241450653209,0.00460829493087556,0,0.0700000000000003
"V4-CMP-ONE-STAGE-CLUSTER-BB-RESP-v1","V4-TARGET-RESPONDENT-WEIGHTED-v1",0.240071496511889,0.279737009112232,-0.0396655126003428,0.204818836769356,0.275628683686244,0.2402237602278,0.0708098469168883,0.0186951220457995,FALSE,199,199,0,"OK","P14-C002",15,20,434,0.17,"swmdk_like","medium","near_knot",5,29,0.241450653209,0.00460829493087556,0,0.0700000000000003
"V4-CMP-IID-RESP-BB-v1","WORKING-INDEPENDENCE-RESPONDENT",0.240071496511889,0.279737009112232,-0.0396655126003428,0.193755157535879,0.290615673981959,0.242185415758919,0.0968605164460806,0.0255484661595892,TRUE,199,199,0,"OK","P14-C002",15,20,434,0.17,"swmdk_like","medium","near_knot",5,29,0.241450653209,0.00460829493087556,0,0.0700000000000003
"V4-CMP-TWO-STAGE-FREQ-BOOT-RESP-v1","V4-TARGET-RESPONDENT-WEIGHTED-v1",0.240071496511889,0.279737009112232,-0.0396655126003428,0.194929660692962,0.301302019727173,0.248115840210068,0.106372359034211,0.029003832607736,TRUE,199,199,0,"OK","P14-C002",15,20,434,0.17,"swmdk_like","medium","near_knot",5,29,0.241450653209,0.00460829493087556,0,0.0700000000000003
"V4-CMP-MOKKEN-TWOLEVEL-DELTA-v1","V4-TARGET-RESPONDENT-WEIGHTED-v1",0.240071496511878,0.279737009112232,-0.0396655126003538,0.185202678418203,0.294940314605554,0.240071496511878,0.109737636187351,0.0279948093569443,TRUE,,,0,"OK","P14-C002",15,20,434,0.17,"swmdk_like","medium","near_knot",5,29,0.241450653209,0.00460829493087556,0,0.0700000000000003
"V4-PRI-TWO-STAGE-HBB-RESP-v1","V4-TARGET-RESPONDENT-WEIGHTED-v1",0.308335558780238,0.279737009112232,0.0285985496680064,0.24639778209052,0.394685034092192,0.320541408091356,0.148287252001672,0.036856925561795,TRUE,199,199,0,"OK","P14-C002",16,20,417,0.17,"swmdk_like","medium","near_knot",13,29,-0.238197091941338,0.00239808153477217,0,0.0679999999999996
"V4-SENS-TWO-STAGE-HBB-CLUSTER-v1","V4-TARGET-EQUAL-CLUSTER-v1",0.313522944664641,0.279737009112232,0.0337859355524086,0.235960047395945,0.404541834144014,0.32025094076998,0.16858178674807,0.0395426843181976,TRUE,199,199,0,"OK","P14-C002",16,20,417,0.17,"swmdk_like","medium","near_knot",13,29,-0.238197091941338,0.00239808153477217,0,0.0679999999999996
"V4-CMP-ONE-STAGE-CLUSTER-BB-RESP-v1","V4-TARGET-RESPONDENT-WEIGHTED-v1",0.308335558780238,0.279737009112232,0.0285985496680064,0.266520989936186,0.344334422595907,0.305427706266046,0.0778134326597206,0.0202291172302619,TRUE,199,199,0,"OK","P14-C002",16,20,417,0.17,"swmdk_like","medium","near_knot",13,29,-0.238197091941338,0.00239808153477217,0,0.0679999999999996
"V4-CMP-IID-RESP-BB-v1","WORKING-INDEPENDENCE-RESPONDENT",0.308335558780238,0.279737009112232,0.0285985496680064,0.261503904427376,0.362490977816638,0.311997441122007,0.100987073389262,0.0254486066310668,TRUE,199,199,0,"OK","P14-C002",16,20,417,0.17,"swmdk_like","medium","near_knot",13,29,-0.238197091941338,0.00239808153477217,0,0.0679999999999996
"V4-CMP-TWO-STAGE-FREQ-BOOT-RESP-v1","V4-TARGET-RESPONDENT-WEIGHTED-v1",0.308335558780238,0.279737009112232,0.0285985496680064,0.240207593377305,0.386494616183275,0.31335110478029,0.14628702280597,0.0355288062649751,TRUE,199,199,0,"OK","P14-C002",16,20,417,0.17,"swmdk_like","medium","near_knot",13,29,-0.238197091941338,0.00239808153477217,0,0.0679999999999996
"V4-CMP-MOKKEN-TWOLEVEL-DELTA-v1","V4-TARGET-RESPONDENT-WEIGHTED-v1",0.308335558780234,0.279737009112232,0.0285985496680019,0.248222408841028,0.36844870871944,0.308335558780234,0.120226299878411,0.0306705380371122,TRUE,,,0,"OK","P14-C002",16,20,417,0.17,"swmdk_like","medium","near_knot",13,29,-0.238197091941338,0.00239808153477217,0,0.0679999999999996
"V4-PRI-TWO-STAGE-HBB-RESP-v1","V4-TARGET-RESPONDENT-WEIGHTED-v1",0.332011517062002,0.279737009112232,0.0522745079497698,0.244260640583754,0.42256905721209,0.333414848897922,0.178308416628336,0.0412252188575081,TRUE,199,199,0,"OK","P14-C002",17,20,457,0.17,"swmdk_like","medium","near_knot",10,29,-0.039925408112266,0.00218818380743985,0,0.0720000000000001
"V4-SENS-TWO-STAGE-HBB-CLUSTER-v1","V4-TARGET-EQUAL-CLUSTER-v1",0.328009042575112,0.279737009112232,0.0482720334628798,0.259301468504519,0.409612637991399,0.334457053247959,0.15031116948688,0.0368526236502488,TRUE,199,199,0,"OK","P14-C002",17,20,457,0.17,"swmdk_like","medium","near_knot",10,29,-0.039925408112266,0.00218818380743985,0,0.0720000000000001
"V4-CMP-ONE-STAGE-CLUSTER-BB-RESP-v1","V4-TARGET-RESPONDENT-WEIGHTED-v1",0.332011517062002,0.279737009112232,0.0522745079497698,0.273645058978806,0.376818859814783,0.325231959396795,0.103173800835977,0.0272663292884814,TRUE,199,199,0,"OK","P14-C002",17,20,457,0.17,"swmdk_like","medium","near_knot",10,29,-0.039925408112266,0.00218818380743985,0,0.0720000000000001
"V4-CMP-IID-RESP-BB-v1","WORKING-INDEPENDENCE-RESPONDENT",0.332011517062002,0.279737009112232,0.0522745079497698,0.291574976235186,0.382718436828951,0.337146706532068,0.0911434605937653,0.0247680610527354,FALSE,199,199,0,"OK","P14-C002",17,20,457,0.17,"swmdk_like","medium","near_knot",10,29,-0.039925408112266,0.00218818380743985,0,0.0720000000000001
"V4-CMP-TWO-STAGE-FREQ-BOOT-RESP-v1","V4-TARGET-RESPONDENT-WEIGHTED-v1",0.332011517062002,0.279737009112232,0.0522745079497698,0.252837856187599,0.405705775557537,0.329271815872568,0.152867919369938,0.0380975282129499,TRUE,199,199,0,"OK","P14-C002",17,20,457,0.17,"swmdk_like","medium","near_knot",10,29,-0.039925408112266,0.00218818380743985,0,0.0720000000000001
"V4-CMP-MOKKEN-TWOLEVEL-DELTA-v1","V4-TARGET-RESPONDENT-WEIGHTED-v1",0.332011517062009,0.279737009112232,0.0522745079497767,0.265708456579499,0.398314577544518,0.332011517062009,0.132606120965019,0.0338287136934656,TRUE,,,0,"OK","P14-C002",17,20,457,0.17,"swmdk_like","medium","near_knot",10,29,-0.039925408112266,0.00218818380743985,0,0.0720000000000001
"V4-PRI-TWO-STAGE-HBB-RESP-v1","V4-TARGET-RESPONDENT-WEIGHTED-v1",0.296978405300733,0.279737009112232,0.0172413961885012,0.220846861050592,0.356393842935731,0.288620351993161,0.13554698188514,0.0369082548663213,TRUE,199,199,0,"OK","P14-C002",18,20,435,0.17,"swmdk_like","medium","near_knot",10,29,-0.491753143466372,0.00459770114942515,0,0.069
"V4-SENS-TWO-STAGE-HBB-CLUSTER-v1","V4-TARGET-EQUAL-CLUSTER-v1",0.305098184256529,0.279737009112232,0.0253611751442968,0.228204400440702,0.381130254214848,0.304667327327775,0.152925853774145,0.0384314687267408,TRUE,199,199,0,"OK","P14-C002",18,20,435,0.17,"swmdk_like","medium","near_knot",10,29,-0.491753143466372,0.00459770114942515,0,0.069
"V4-CMP-ONE-STAGE-CLUSTER-BB-RESP-v1","V4-TARGET-RESPONDENT-WEIGHTED-v1",0.296978405300733,0.279737009112232,0.0172413961885012,0.251001624009885,0.342640385165332,0.296821004587609,0.0916387611554476,0.0227651596804975,TRUE,199,199,0,"OK","P14-C002",18,20,435,0.17,"swmdk_like","medium","near_knot",10,29,-0.491753143466372,0.00459770114942515,0,0.069
"V4-CMP-IID-RESP-BB-v1","WORKING-INDEPENDENCE-RESPONDENT",0.296978405300733,0.279737009112232,0.0172413961885012,0.26190318359591,0.346362232836182,0.304132708216046,0.0844590492402719,0.0218747994222132,TRUE,199,199,0,"OK","P14-C002",18,20,435,0.17,"swmdk_like","medium","near_knot",10,29,-0.491753143466372,0.00459770114942515,0,0.069
"V4-CMP-TWO-STAGE-FREQ-BOOT-RESP-v1","V4-TARGET-RESPONDENT-WEIGHTED-v1",0.296978405300733,0.279737009112232,0.0172413961885012,0.244345085743579,0.364890589707745,0.304617837725662,0.120545503964165,0.0322719753187659,TRUE,199,199,0,"OK","P14-C002",18,20,435,0.17,"swmdk_like","medium","near_knot",10,29,-0.491753143466372,0.00459770114942515,0,0.069
"V4-CMP-MOKKEN-TWOLEVEL-DELTA-v1","V4-TARGET-RESPONDENT-WEIGHTED-v1",0.296978405300725,0.279737009112232,0.017241396188493,0.236623040806961,0.357333769794489,0.296978405300725,0.120710728987527,0.0307941191623107,TRUE,,,0,"OK","P14-C002",18,20,435,0.17,"swmdk_like","medium","near_knot",10,29,-0.491753143466372,0.00459770114942515,0,0.069
"V4-PRI-TWO-STAGE-HBB-RESP-v1","V4-TARGET-RESPONDENT-WEIGHTED-v1",0.278145881844384,0.279737009112232,-0.0015911272678481,0.203256427273933,0.355615897541352,0.279436162407642,0.15235947026742,0.0369342136896428,TRUE,199,199,0,"OK","P14-C002",19,20,427,0.17,"swmdk_like","medium","near_knot",10,29,0.104695025593807,0.00234192037470726,0,0.0680000000000005
"V4-SENS-TWO-STAGE-HBB-CLUSTER-v1","V4-TARGET-EQUAL-CLUSTER-v1",0.275560055206421,0.279737009112232,-0.00417695390581119,0.201178754136503,0.347151988705261,0.274165371420882,0.145973234568758,0.0368277770303935,TRUE,199,199,0,"OK","P14-C002",19,20,427,0.17,"swmdk_like","medium","near_knot",10,29,0.104695025593807,0.00234192037470726,0,0.0680000000000005
"V4-CMP-ONE-STAGE-CLUSTER-BB-RESP-v1","V4-TARGET-RESPONDENT-WEIGHTED-v1",0.278145881844384,0.279737009112232,-0.0015911272678481,0.245800848911265,0.309500207128554,0.277650528019909,0.0636993582172894,0.0167809599063065,TRUE,199,199,0,"OK","P14-C002",19,20,427,0.17,"swmdk_like","medium","near_knot",10,29,0.104695025593807,0.00234192037470726,0,0.0680000000000005
"V4-CMP-IID-RESP-BB-v1","WORKING-INDEPENDENCE-RESPONDENT",0.278145881844384,0.279737009112232,-0.0015911272678481,0.234537445006347,0.324681687136449,0.279609566071398,0.0901442421301027,0.0236336226579519,TRUE,199,199,0,"OK","P14-C002",19,20,427,0.17,"swmdk_like","medium","near_knot",10,29,0.104695025593807,0.00234192037470726,0,0.0680000000000005
"V4-CMP-TWO-STAGE-FREQ-BOOT-RESP-v1","V4-TARGET-RESPONDENT-WEIGHTED-v1",0.278145881844384,0.279737009112232,-0.0015911272678481,0.21463739451032,0.335742677497842,0.275190036004081,0.121105282987522,0.0318380716790026,TRUE,199,199,0,"OK","P14-C002",19,20,427,0.17,"swmdk_like","medium","near_knot",10,29,0.104695025593807,0.00234192037470726,0,0.0680000000000005
"V4-CMP-MOKKEN-TWOLEVEL-DELTA-v1","V4-TARGET-RESPONDENT-WEIGHTED-v1",0.278145881844388,0.279737009112232,-0.00159112726784438,0.225044998156474,0.331246765532301,0.278145881844388,0.106201767375826,0.0270927854321642,TRUE,,,0,"OK","P14-C002",19,20,427,0.17,"swmdk_like","medium","near_knot",10,29,0.104695025593807,0.00234192037470726,0,0.0680000000000005
"V4-PRI-TWO-STAGE-HBB-RESP-v1","V4-TARGET-RESPONDENT-WEIGHTED-v1",0.290853682617848,0.279737009112232,0.0111166735056165,0.218539701943544,0.376272611965944,0.297406156954744,0.1577329100224,0.0401428215143757,TRUE,199,199,0,"OK","P14-C002",20,20,388,0.17,"swmdk_like","medium","near_knot",5,29,-0.109874262058387,0,2,0.0659999999999998
"V4-SENS-TWO-STAGE-HBB-CLUSTER-v1","V4-TARGET-EQUAL-CLUSTER-v1",0.313410212010108,0.279737009112232,0.0336732028978757,0.239717513503441,0.405567528751891,0.322642521127666,0.165850015248449,0.0404592432988446,TRUE,199,199,0,"OK","P14-C002",20,20,388,0.17,"swmdk_like","medium","near_knot",5,29,-0.109874262058387,0,2,0.0659999999999998
"V4-CMP-ONE-STAGE-CLUSTER-BB-RESP-v1","V4-TARGET-RESPONDENT-WEIGHTED-v1",0.290853682617848,0.279737009112232,0.0111166735056165,0.256759256869364,0.320625930097886,0.288692593483625,0.0638666732285215,0.0161908347082391,TRUE,199,199,0,"OK","P14-C002",20,20,388,0.17,"swmdk_like","medium","near_knot",5,29,-0.109874262058387,0,2,0.0659999999999998
"V4-CMP-IID-RESP-BB-v1","WORKING-INDEPENDENCE-RESPONDENT",0.290853682617848,0.279737009112232,0.0111166735056165,0.239935744279868,0.340083339154582,0.290009541717225,0.100147594874714,0.025763334096309,TRUE,199,199,0,"OK","P14-C002",20,20,388,0.17,"swmdk_like","medium","near_knot",5,29,-0.109874262058387,0,2,0.0659999999999998
"V4-CMP-TWO-STAGE-FREQ-BOOT-RESP-v1","V4-TARGET-RESPONDENT-WEIGHTED-v1",0.290853682617848,0.279737009112232,0.0111166735056165,0.231950999870573,0.348621417936027,0.2902862089033,0.116670418065454,0.02897144917526,TRUE,199,199,0,"OK","P14-C002",20,20,388,0.17,"swmdk_like","medium","near_knot",5,29,-0.109874262058387,0,2,0.0659999999999998
"V4-CMP-MOKKEN-TWOLEVEL-DELTA-v1","V4-TARGET-RESPONDENT-WEIGHTED-v1",0.290853682617847,0.279737009112232,0.0111166735056153,0.239634493490992,0.342072871744703,0.290853682617847,0.102438378253711,0.0261327195452906,TRUE,,,0,"OK","P14-C002",20,20,388,0.17,"swmdk_like","medium","near_knot",5,29,-0.109874262058387,0,2,0.0659999999999998
"V4-PRI-TWO-STAGE-HBB-RESP-v1","V4-TARGET-RESPONDENT-WEIGHTED-v1",0.287969380568644,0.279737009112232,0.0082323714564122,0.219157423495197,0.359764962401358,0.289461192948278,0.140607538906161,0.035597472979484,TRUE,199,199,0,"OK","P14-C002",21,20,420,0.17,"swmdk_like","medium","near_knot",5,28,-0.390613778731399,0.00476190476190474,0,0.069
"V4-SENS-TWO-STAGE-HBB-CLUSTER-v1","V4-TARGET-EQUAL-CLUSTER-v1",0.302200213610738,0.279737009112232,0.022463204498506,0.225229378041991,0.410794717539254,0.318012047790623,0.185565339497263,0.0460014726724093,TRUE,199,199,0,"OK","P14-C002",21,20,420,0.17,"swmdk_like","medium","near_knot",5,28,-0.390613778731399,0.00476190476190474,0,0.069
"V4-CMP-ONE-STAGE-CLUSTER-BB-RESP-v1","V4-TARGET-RESPONDENT-WEIGHTED-v1",0.287969380568644,0.279737009112232,0.0082323714564122,0.25531279426998,0.330234727825263,0.292773761047621,0.0749219335552826,0.0188245729002975,TRUE,199,199,0,"OK","P14-C002",21,20,420,0.17,"swmdk_like","medium","near_knot",5,28,-0.390613778731399,0.00476190476190474,0,0.069
"V4-CMP-IID-RESP-BB-v1","WORKING-INDEPENDENCE-RESPONDENT",0.287969380568644,0.279737009112232,0.0082323714564122,0.24537921104876,0.332926902436679,0.289153056742719,0.0875476913879193,0.0230454101039139,TRUE,199,199,0,"OK","P14-C002",21,20,420,0.17,"swmdk_like","medium","near_knot",5,28,-0.390613778731399,0.00476190476190474,0,0.069
"V4-CMP-TWO-STAGE-FREQ-BOOT-RESP-v1","V4-TARGET-RESPONDENT-WEIGHTED-v1",0.287969380568644,0.279737009112232,0.0082323714564122,0.229236385393795,0.345061224017261,0.287148804705528,0.115824838623466,0.0310471265383883,TRUE,199,199,0,"OK","P14-C002",21,20,420,0.17,"swmdk_like","medium","near_knot",5,28,-0.390613778731399,0.00476190476190474,0,0.069
"V4-CMP-MOKKEN-TWOLEVEL-DELTA-v1","V4-TARGET-RESPONDENT-WEIGHTED-v1",0.287969380568643,0.279737009112232,0.00823237145641087,0.23594892935045,0.339989831786836,0.287969380568643,0.104040902436386,0.0265415342468146,TRUE,,,0,"OK","P14-C002",21,20,420,0.17,"swmdk_like","medium","near_knot",5,28,-0.390613778731399,0.00476190476190474,0,0.069
"V4-PRI-TWO-STAGE-HBB-RESP-v1","V4-TARGET-RESPONDENT-WEIGHTED-v1",0.302956202208723,0.279737009112232,0.0232191930964912,0.217882775167794,0.372624209817674,0.295253492492734,0.15474143464988,0.0376356099842059,TRUE,199,199,0,"OK","P14-C002",22,20,427,0.17,"swmdk_like","medium","near_knot",8,29,0.373052992980362,0.00234192037470726,0,0.069
"V4-SENS-TWO-STAGE-HBB-CLUSTER-v1","V4-TARGET-EQUAL-CLUSTER-v1",0.308454550581988,0.279737009112232,0.0287175414697557,0.227932896785,0.378967791691224,0.303450344238112,0.151034894906223,0.038995708387053,TRUE,199,199,0,"OK","P14-C002",22,20,427,0.17,"swmdk_like","medium","near_knot",8,29,0.373052992980362,0.00234192037470726,0,0.069
"V4-CMP-ONE-STAGE-CLUSTER-BB-RESP-v1","V4-TARGET-RESPONDENT-WEIGHTED-v1",0.302956202208723,0.279737009112232,0.0232191930964912,0.250831724036567,0.346017716234033,0.2984247201353,0.0951859921974661,0.0238442297807913,TRUE,199,199,0,"OK","P14-C002",22,20,427,0.17,"swmdk_like","medium","near_knot",8,29,0.373052992980362,0.00234192037470726,0,0.069
"V4-CMP-IID-RESP-BB-v1","WORKING-INDEPENDENCE-RESPONDENT",0.302956202208723,0.279737009112232,0.0232191930964912,0.251448560394744,0.346959606399925,0.299204083397334,0.0955110460051804,0.0216531369416671,TRUE,199,199,0,"OK","P14-C002",22,20,427,0.17,"swmdk_like","medium","near_knot",8,29,0.373052992980362,0.00234192037470726,0,0.069
"V4-CMP-TWO-STAGE-FREQ-BOOT-RESP-v1","V4-TARGET-RESPONDENT-WEIGHTED-v1",0.302956202208723,0.279737009112232,0.0232191930964912,0.243203972426145,0.366116573717728,0.304660273071937,0.122912601291583,0.0312889234436734,TRUE,199,199,0,"OK","P14-C002",22,20,427,0.17,"swmdk_like","medium","near_knot",8,29,0.373052992980362,0.00234192037470726,0,0.069
"V4-CMP-MOKKEN-TWOLEVEL-DELTA-v1","V4-TARGET-RESPONDENT-WEIGHTED-v1",0.302956202208725,0.279737009112232,0.023219193096493,0.242290764307484,0.363621640109966,0.302956202208725,0.121330875802483,0.0309523227874403,TRUE,,,0,"OK","P14-C002",22,20,427,0.17,"swmdk_like","medium","near_knot",8,29,0.373052992980362,0.00234192037470726,0,0.069
"V4-PRI-TWO-STAGE-HBB-RESP-v1","V4-TARGET-RESPONDENT-WEIGHTED-v1",0.204463311037751,0.279737009112232,-0.075273698074481,0.117263440828992,0.295525618966157,0.206394529897574,0.178262178137165,0.0449073189322394,TRUE,199,199,0,"OK","P14-C002",23,20,394,0.17,"swmdk_like","medium","near_knot",5,28,-0.337968279491112,0.00507614213197971,0,0.0670000000000002
"V4-SENS-TWO-STAGE-HBB-CLUSTER-v1","V4-TARGET-EQUAL-CLUSTER-v1",0.190675001368019,0.279737009112232,-0.0890620077442126,0.115806874050407,0.27051967605965,0.193163275055028,0.154712802009243,0.0404743154476983,FALSE,199,199,0,"OK","P14-C002",23,20,394,0.17,"swmdk_like","medium","near_knot",5,28,-0.337968279491112,0.00507614213197971,0,0.0670000000000002
"V4-CMP-ONE-STAGE-CLUSTER-BB-RESP-v1","V4-TARGET-RESPONDENT-WEIGHTED-v1",0.204463311037751,0.279737009112232,-0.075273698074481,0.160444975147877,0.256585636281895,0.208515305714886,0.0961406611340181,0.0252320998690067,FALSE,199,199,0,"OK","P14-C002",23,20,394,0.17,"swmdk_like","medium","near_knot",5,28,-0.337968279491112,0.00507614213197971,0,0.0670000000000002
"V4-CMP-IID-RESP-BB-v1","WORKING-INDEPENDENCE-RESPONDENT",0.204463311037751,0.279737009112232,-0.075273698074481,0.159014220270311,0.255606718228354,0.207310469249332,0.096592497958043,0.023513629467588,FALSE,199,199,0,"OK","P14-C002",23,20,394,0.17,"swmdk_like","medium","near_knot",5,28,-0.337968279491112,0.00507614213197971,0,0.0670000000000002
"V4-CMP-TWO-STAGE-FREQ-BOOT-RESP-v1","V4-TARGET-RESPONDENT-WEIGHTED-v1",0.204463311037751,0.279737009112232,-0.075273698074481,0.139154161885278,0.262091104023342,0.20062263295431,0.122936942138064,0.0334213551963715,FALSE,199,199,0,"OK","P14-C002",23,20,394,0.17,"swmdk_like","medium","near_knot",5,28,-0.337968279491112,0.00507614213197971,0,0.0670000000000002
"V4-CMP-MOKKEN-TWOLEVEL-DELTA-v1","V4-TARGET-RESPONDENT-WEIGHTED-v1",0.20446331103776,0.279737009112232,-0.075273698074472,0.14741080180349,0.26151582027203,0.20446331103776,0.114105018468541,0.0291089579626429,FALSE,,,0,"OK","P14-C002",23,20,394,0.17,"swmdk_like","medium","near_knot",5,28,-0.337968279491112,0.00507614213197971,0,0.0670000000000002
"V4-PRI-TWO-STAGE-HBB-RESP-v1","V4-TARGET-RESPONDENT-WEIGHTED-v1",0.302050076731107,0.279737009112232,0.0223130676188751,0.242239867677371,0.370611707999057,0.306425787838214,0.128371840321686,0.0344416027698436,TRUE,199,199,0,"OK","P14-C002",24,20,497,0.17,"swmdk_like","medium","near_knot",8,29,-0.00680957648944339,0.00201207243460766,0,0.077
"V4-SENS-TWO-STAGE-HBB-CLUSTER-v1","V4-TARGET-EQUAL-CLUSTER-v1",0.307647780664674,0.279737009112232,0.0279107715524425,0.255053746590325,0.385942812083926,0.320498279337126,0.130889065493601,0.0326378042011675,TRUE,199,199,0,"OK","P14-C002",24,20,497,0.17,"swmdk_like","medium","near_knot",8,29,-0.00680957648944339,0.00201207243460766,0,0.077
"V4-CMP-ONE-STAGE-CLUSTER-BB-RESP-v1","V4-TARGET-RESPONDENT-WEIGHTED-v1",0.302050076731107,0.279737009112232,0.0223130676188751,0.262557282022622,0.333608678810819,0.29808298041672,0.0710513967881966,0.0178754921496029,TRUE,199,199,0,"OK","P14-C002",24,20,497,0.17,"swmdk_like","medium","near_knot",8,29,-0.00680957648944339,0.00201207243460766,0,0.077
"V4-CMP-IID-RESP-BB-v1","WORKING-INDEPENDENCE-RESPONDENT",0.302050076731107,0.279737009112232,0.0223130676188751,0.259258980925148,0.344771387688225,0.302015184306687,0.0855124067630774,0.020610162880555,TRUE,199,199,0,"OK","P14-C002",24,20,497,0.17,"swmdk_like","medium","near_knot",8,29,-0.00680957648944339,0.00201207243460766,0,0.077
"V4-CMP-TWO-STAGE-FREQ-BOOT-RESP-v1","V4-TARGET-RESPONDENT-WEIGHTED-v1",0.302050076731107,0.279737009112232,0.0223130676188751,0.249834668487513,0.354409973057592,0.302122320772553,0.104575304570078,0.0279113137315745,TRUE,199,199,0,"OK","P14-C002",24,20,497,0.17,"swmdk_like","medium","near_knot",8,29,-0.00680957648944339,0.00201207243460766,0,0.077
"V4-CMP-MOKKEN-TWOLEVEL-DELTA-v1","V4-TARGET-RESPONDENT-WEIGHTED-v1",0.302050076731108,0.279737009112232,0.0223130676188756,0.249345938528878,0.354754214933337,0.302050076731108,0.105408276404459,0.0268903605463942,TRUE,,,0,"OK","P14-C002",24,20,497,0.17,"swmdk_like","medium","near_knot",8,29,-0.00680957648944339,0.00201207243460766,0,0.077
"V4-PRI-TWO-STAGE-HBB-RESP-v1","V4-TARGET-RESPONDENT-WEIGHTED-v1",0.268918065380247,0.279737009112232,-0.0108189437319847,0.196789254037761,0.334234079069181,0.265511666553471,0.13744482503142,0.0358365140090207,TRUE,199,199,0,"OK","P14-C002",25,20,409,0.17,"swmdk_like","medium","near_knot",8,29,-0.170034137817154,0.00244498777506119,0,0.0670000000000002
"V4-SENS-TWO-STAGE-HBB-CLUSTER-v1","V4-TARGET-EQUAL-CLUSTER-v1",0.258315768931656,0.279737009112232,-0.0214212401805757,0.184800409219738,0.324919328654746,0.254859868937242,0.140118919435008,0.0371864566115769,TRUE,199,199,0,"OK","P14-C002",25,20,409,0.17,"swmdk_like","medium","near_knot",8,29,-0.170034137817154,0.00244498777506119,0,0.0670000000000002
"V4-CMP-ONE-STAGE-CLUSTER-BB-RESP-v1","V4-TARGET-RESPONDENT-WEIGHTED-v1",0.268918065380247,0.279737009112232,-0.0108189437319847,0.229380454778449,0.305815120659159,0.267597787718804,0.0764346658807101,0.0196827408326943,TRUE,199,199,0,"OK","P14-C002",25,20,409,0.17,"swmdk_like","medium","near_knot",8,29,-0.170034137817154,0.00244498777506119,0,0.0670000000000002
"V4-CMP-IID-RESP-BB-v1","WORKING-INDEPENDENCE-RESPONDENT",0.268918065380247,0.279737009112232,-0.0108189437319847,0.221812175670237,0.316336603181684,0.26907438942596,0.0945244275114474,0.0238457591763929,TRUE,199,199,0,"OK","P14-C002",25,20,409,0.17,"swmdk_like","medium","near_knot",8,29,-0.170034137817154,0.00244498777506119,0,0.0670000000000002
"V4-CMP-TWO-STAGE-FREQ-BOOT-RESP-v1","V4-TARGET-RESPONDENT-WEIGHTED-v1",0.268918065380247,0.279737009112232,-0.0108189437319847,0.203684566959384,0.33626283565955,0.269973701309467,0.132578268700166,0.032619005160024,TRUE,199,199,0,"OK","P14-C002",25,20,409,0.17,"swmdk_like","medium","near_knot",8,29,-0.170034137817154,0.00244498777506119,0,0.0670000000000002
"V4-CMP-MOKKEN-TWOLEVEL-DELTA-v1","V4-TARGET-RESPONDENT-WEIGHTED-v1",0.268918065380257,0.279737009112232,-0.0108189437319751,0.21258155210934,0.325254578651173,0.268918065380257,0.112673026541833,0.028743647187036,TRUE,,,0,"OK","P14-C002",25,20,409,0.17,"swmdk_like","medium","near_knot",8,29,-0.170034137817154,0.00244498777506119,0,0.0670000000000002
"V4-PRI-TWO-STAGE-HBB-RESP-v1","V4-TARGET-RESPONDENT-WEIGHTED-v1",0.256505253911671,0.279737009112232,-0.0232317552005611,0.178318500363952,0.323983432112256,0.251150966238104,0.145664931748304,0.0407131519685305,TRUE,199,199,0,"OK","P14-C002",26,20,419,0.17,"swmdk_like","medium","near_knot",5,29,-0.160625326150964,0.0047732696897374,0,0.0800000000000001
"V4-SENS-TWO-STAGE-HBB-CLUSTER-v1","V4-TARGET-EQUAL-CLUSTER-v1",0.258942073143753,0.279737009112232,-0.0207949359684795,0.175265817871273,0.35490237787259,0.265084097871931,0.179636560001317,0.0420137997201885,TRUE,199,199,0,"OK","P14-C002",26,20,419,0.17,"swmdk_like","medium","near_knot",5,29,-0.160625326150964,0.0047732696897374,0,0.0800000000000001
"V4-CMP-ONE-STAGE-CLUSTER-BB-RESP-v1","V4-TARGET-RESPONDENT-WEIGHTED-v1",0.256505253911671,0.279737009112232,-0.0232317552005611,0.211437255020291,0.304418489871781,0.257927872446036,0.0929812348514901,0.0243857580195263,TRUE,199,199,0,"OK","P14-C002",26,20,419,0.17,"swmdk_like","medium","near_knot",5,29,-0.160625326150964,0.0047732696897374,0,0.0800000000000001
"V4-CMP-IID-RESP-BB-v1","WORKING-INDEPENDENCE-RESPONDENT",0.256505253911671,0.279737009112232,-0.0232317552005611,0.215233894032312,0.30495841844851,0.260096156240411,0.0897245244161988,0.0243049967431457,TRUE,199,199,0,"OK","P14-C002",26,20,419,0.17,"swmdk_like","medium","near_knot",5,29,-0.160625326150964,0.0047732696897374,0,0.0800000000000001
"V4-CMP-TWO-STAGE-FREQ-BOOT-RESP-v1","V4-TARGET-RESPONDENT-WEIGHTED-v1",0.256505253911671,0.279737009112232,-0.0232317552005611,0.18277550775908,0.337997013552197,0.260386260655639,0.155221505793117,0.03606569235792,TRUE,199,199,0,"OK","P14-C002",26,20,419,0.17,"swmdk_like","medium","near_knot",5,29,-0.160625326150964,0.0047732696897374,0,0.0800000000000001
"V4-CMP-MOKKEN-TWOLEVEL-DELTA-v1","V4-TARGET-RESPONDENT-WEIGHTED-v1",0.25650525391166,0.279737009112232,-0.0232317552005723,0.196073053349491,0.316937454473828,0.25650525391166,0.120864401124337,0.0308333219583879,TRUE,,,0,"OK","P14-C002",26,20,419,0.17,"swmdk_like","medium","near_knot",5,29,-0.160625326150964,0.0047732696897374,0,0.0800000000000001
"V4-PRI-TWO-STAGE-HBB-RESP-v1","V4-TARGET-RESPONDENT-WEIGHTED-v1",0.234167617280518,0.279737009112232,-0.0455693918317144,0.165959800569616,0.301212738325763,0.233586269447689,0.135252937756148,0.0342458150192033,TRUE,199,199,0,"OK","P14-C002",27,20,420,0.17,"swmdk_like","medium","near_knot",5,29,0.209046649695309,0,1,0.0679999999999996
"V4-SENS-TWO-STAGE-HBB-CLUSTER-v1","V4-TARGET-EQUAL-CLUSTER-v1",0.245494321928304,0.279737009112232,-0.0342426871839277,0.18169266704416,0.304070270017677,0.242881468530919,0.122377602973517,0.0351611969317472,TRUE,199,199,0,"OK","P14-C002",27,20,420,0.17,"swmdk_like","medium","near_knot",5,29,0.209046649695309,0,1,0.0679999999999996
"V4-CMP-ONE-STAGE-CLUSTER-BB-RESP-v1","V4-TARGET-RESPONDENT-WEIGHTED-v1",0.234167617280518,0.279737009112232,-0.0455693918317144,0.196440970853482,0.265310405502476,0.230875688177979,0.0688694346489948,0.0192175584642039,FALSE,199,199,0,"OK","P14-C002",27,20,420,0.17,"swmdk_like","medium","near_knot",5,29,0.209046649695309,0,1,0.0679999999999996
"V4-CMP-IID-RESP-BB-v1","WORKING-INDEPENDENCE-RESPONDENT",0.234167617280518,0.279737009112232,-0.0455693918317144,0.193153720837465,0.282140158027533,0.237646939432499,0.0889864371900674,0.0235045916611803,TRUE,199,199,0,"OK","P14-C002",27,20,420,0.17,"swmdk_like","medium","near_knot",5,29,0.209046649695309,0,1,0.0679999999999996
"V4-CMP-TWO-STAGE-FREQ-BOOT-RESP-v1","V4-TARGET-RESPONDENT-WEIGHTED-v1",0.234167617280518,0.279737009112232,-0.0455693918317144,0.163073000782916,0.28703213544414,0.225052568113528,0.123959134661224,0.0322324308571384,TRUE,199,199,0,"OK","P14-C002",27,20,420,0.17,"swmdk_like","medium","near_knot",5,29,0.209046649695309,0,1,0.0679999999999996
"V4-CMP-MOKKEN-TWOLEVEL-DELTA-v1","V4-TARGET-RESPONDENT-WEIGHTED-v1",0.234167617280517,0.279737009112232,-0.0455693918317154,0.181618081053121,0.286717153507912,0.234167617280517,0.105099072454791,0.0268114805383667,TRUE,,,0,"OK","P14-C002",27,20,420,0.17,"swmdk_like","medium","near_knot",5,29,0.209046649695309,0,1,0.0679999999999996
"V4-PRI-TWO-STAGE-HBB-RESP-v1","V4-TARGET-RESPONDENT-WEIGHTED-v1",0.291798343314365,0.279737009112232,0.0120613342021326,0.214094625574018,0.377744984085533,0.295919804829776,0.163650358511515,0.0422758367416343,TRUE,199,199,0,"OK","P14-C002",28,20,412,0.17,"swmdk_like","medium","near_knot",8,28,0.037729854376212,0.00485436893203883,0,0.0659999999999998
"V4-SENS-TWO-STAGE-HBB-CLUSTER-v1","V4-TARGET-EQUAL-CLUSTER-v1",0.295763387206102,0.279737009112232,0.0160263780938696,0.214549577901922,0.382414032750903,0.298481805326413,0.16786445484898,0.0419847470702089,TRUE,199,199,0,"OK","P14-C002",28,20,412,0.17,"swmdk_like","medium","near_knot",8,28,0.037729854376212,0.00485436893203883,0,0.0659999999999998
"V4-CMP-ONE-STAGE-CLUSTER-BB-RESP-v1","V4-TARGET-RESPONDENT-WEIGHTED-v1",0.291798343314365,0.279737009112232,0.0120613342021326,0.2231810781421,0.348806594040392,0.285993836091246,0.125625515898292,0.0309285146830082,TRUE,199,199,0,"OK","P14-C002",28,20,412,0.17,"swmdk_like","medium","near_knot",8,28,0.037729854376212,0.00485436893203883,0,0.0659999999999998
"V4-CMP-IID-RESP-BB-v1","WORKING-INDEPENDENCE-RESPONDENT",0.291798343314365,0.279737009112232,0.0120613342021326,0.24399672700967,0.341772427007042,0.292884577008356,0.0977756999973719,0.0258692095385989,TRUE,199,199,0,"OK","P14-C002",28,20,412,0.17,"swmdk_like","medium","near_knot",8,28,0.037729854376212,0.00485436893203883,0,0.0659999999999998
"V4-CMP-TWO-STAGE-FREQ-BOOT-RESP-v1","V4-TARGET-RESPONDENT-WEIGHTED-v1",0.291798343314365,0.279737009112232,0.0120613342021326,0.220097630013493,0.369999130430894,0.295048380222193,0.149901500417401,0.0389156081280672,TRUE,199,199,0,"OK","P14-C002",28,20,412,0.17,"swmdk_like","medium","near_knot",8,28,0.037729854376212,0.00485436893203883,0,0.0659999999999998
"V4-CMP-MOKKEN-TWOLEVEL-DELTA-v1","V4-TARGET-RESPONDENT-WEIGHTED-v1",0.291798343314369,0.279737009112232,0.0120613342021366,0.220507467093777,0.363089219534961,0.291798343314369,0.142581752441184,0.0363735644036958,TRUE,,,0,"OK","P14-C002",28,20,412,0.17,"swmdk_like","medium","near_knot",8,28,0.037729854376212,0.00485436893203883,0,0.0659999999999998
"V4-PRI-TWO-STAGE-HBB-RESP-v1","V4-TARGET-RESPONDENT-WEIGHTED-v1",0.235464200228844,0.279737009112232,-0.0442728088833882,0.155209514128154,0.309234434818556,0.232221974473355,0.154024920690401,0.0381457235494712,TRUE,199,199,0,"OK","P14-C002",29,20,418,0.17,"swmdk_like","medium","near_knot",5,29,0.28046626065439,0.00239234449760767,0,0.0670000000000002
"V4-SENS-TWO-STAGE-HBB-CLUSTER-v1","V4-TARGET-EQUAL-CLUSTER-v1",0.228413777480334,0.279737009112232,-0.0513232316318981,0.153857114851699,0.304758858088632,0.229307986470166,0.150901743236933,0.0368436872157484,TRUE,199,199,0,"OK","P14-C002",29,20,418,0.17,"swmdk_like","medium","near_knot",5,29,0.28046626065439,0.00239234449760767,0,0.0670000000000002
"V4-CMP-ONE-STAGE-CLUSTER-BB-RESP-v1","V4-TARGET-RESPONDENT-WEIGHTED-v1",0.235464200228844,0.279737009112232,-0.0442728088833882,0.198864246866188,0.26488595685159,0.231875101858889,0.0660217099854013,0.0171693719339435,FALSE,199,199,0,"OK","P14-C002",29,20,418,0.17,"swmdk_like","medium","near_knot",5,29,0.28046626065439,0.00239234449760767,0,0.0670000000000002
"V4-CMP-IID-RESP-BB-v1","WORKING-INDEPENDENCE-RESPONDENT",0.235464200228844,0.279737009112232,-0.0442728088833882,0.18010091873917,0.293084172704534,0.236592545721852,0.112983253965365,0.0283024707117894,TRUE,199,199,0,"OK","P14-C002",29,20,418,0.17,"swmdk_like","medium","near_knot",5,29,0.28046626065439,0.00239234449760767,0,0.0670000000000002
"V4-CMP-TWO-STAGE-FREQ-BOOT-RESP-v1","V4-TARGET-RESPONDENT-WEIGHTED-v1",0.235464200228844,0.279737009112232,-0.0442728088833882,0.172933593171759,0.291040637253978,0.231987115212869,0.118107044082219,0.0299629915472387,TRUE,199,199,0,"OK","P14-C002",29,20,418,0.17,"swmdk_like","medium","near_knot",5,29,0.28046626065439,0.00239234449760767,0,0.0670000000000002
"V4-CMP-MOKKEN-TWOLEVEL-DELTA-v1","V4-TARGET-RESPONDENT-WEIGHTED-v1",0.235464200228856,0.279737009112232,-0.0442728088833758,0.185632281231807,0.285296119225905,0.235464200228856,0.0996638379940978,0.0254249156566737,TRUE,,,0,"OK","P14-C002",29,20,418,0.17,"swmdk_like","medium","near_knot",5,29,0.28046626065439,0.00239234449760767,0,0.0670000000000002
"V4-PRI-TWO-STAGE-HBB-RESP-v1","V4-TARGET-RESPONDENT-WEIGHTED-v1",0.285059993366068,0.279737009112232,0.00532298425383576,0.228155657778459,0.374672320137632,0.301413988958045,0.146516662359173,0.0376674321377063,TRUE,199,199,0,"OK","P14-C002",30,20,446,0.17,"swmdk_like","medium","near_knot",8,29,-0.00784278433498603,0,1,0.0720000000000001
"V4-SENS-TWO-STAGE-HBB-CLUSTER-v1","V4-TARGET-EQUAL-CLUSTER-v1",0.300984143581031,0.279737009112232,0.0212471344687987,0.21099317680855,0.388001950804493,0.299497563806522,0.177008773995943,0.0427254866702894,TRUE,199,199,0,"OK","P14-C002",30,20,446,0.17,"swmdk_like","medium","near_knot",8,29,-0.00784278433498603,0,1,0.0720000000000001
"V4-CMP-ONE-STAGE-CLUSTER-BB-RESP-v1","V4-TARGET-RESPONDENT-WEIGHTED-v1",0.285059993366068,0.279737009112232,0.00532298425383576,0.244527130646783,0.328644411801708,0.286585771224245,0.0841172811549248,0.0230498228240684,TRUE,199,199,0,"OK","P14-C002",30,20,446,0.17,"swmdk_like","medium","near_knot",8,29,-0.00784278433498603,0,1,0.0720000000000001
"V4-CMP-IID-RESP-BB-v1","WORKING-INDEPENDENCE-RESPONDENT",0.285059993366068,0.279737009112232,0.00532298425383576,0.234247820772544,0.330569862582619,0.282408841677581,0.0963220418100748,0.0234095925585584,TRUE,199,199,0,"OK","P14-C002",30,20,446,0.17,"swmdk_like","medium","near_knot",8,29,-0.00784278433498603,0,1,0.0720000000000001
"V4-CMP-TWO-STAGE-FREQ-BOOT-RESP-v1","V4-TARGET-RESPONDENT-WEIGHTED-v1",0.285059993366068,0.279737009112232,0.00532298425383576,0.204018896673235,0.346555940763415,0.275287418718325,0.14253704409018,0.0351712562877518,TRUE,199,199,0,"OK","P14-C002",30,20,446,0.17,"swmdk_like","medium","near_knot",8,29,-0.00784278433498603,0,1,0.0720000000000001
"V4-CMP-MOKKEN-TWOLEVEL-DELTA-v1","V4-TARGET-RESPONDENT-WEIGHTED-v1",0.285059993366067,0.279737009112232,0.00532298425383482,0.226333161821388,0.343786824910745,0.285059993366067,0.117453663089357,0.0299632197366422,TRUE,,,0,"OK","P14-C002",30,20,446,0.17,"swmdk_like","medium","near_knot",8,29,-0.00784278433498603,0,1,0.0720000000000001
"V4-PRI-TWO-STAGE-HBB-RESP-v1","V4-TARGET-RESPONDENT-WEIGHTED-v1",0.259525159250928,0.279737009112232,-0.0202118498613036,0.183933060400462,0.341615502805154,0.262774281602808,0.157682442404692,0.0359163015603096,TRUE,199,199,0,"OK","P14-C002",31,20,424,0.17,"swmdk_like","medium","near_knot",8,29,0.2044565239449,0.00235849056603771,0,0.0819999999999999
"V4-SENS-TWO-STAGE-HBB-CLUSTER-v1","V4-TARGET-EQUAL-CLUSTER-v1",0.253486824400714,0.279737009112232,-0.0262501847115182,0.192972462359226,0.321223392429084,0.257097927394155,0.128250930069858,0.0340983065790942,TRUE,199,199,0,"OK","P14-C002",31,20,424,0.17,"swmdk_like","medium","near_knot",8,29,0.2044565239449,0.00235849056603771,0,0.0819999999999999
"V4-CMP-ONE-STAGE-CLUSTER-BB-RESP-v1","V4-TARGET-RESPONDENT-WEIGHTED-v1",0.259525159250928,0.279737009112232,-0.0202118498613036,0.222113313212695,0.289054748994644,0.255584031103669,0.0669414357819493,0.0163911050116337,TRUE,199,199,0,"OK","P14-C002",31,20,424,0.17,"swmdk_like","medium","near_knot",8,29,0.2044565239449,0.00235849056603771,0,0.0819999999999999
"V4-CMP-IID-RESP-BB-v1","WORKING-INDEPENDENCE-RESPONDENT",0.259525159250928,0.279737009112232,-0.0202118498613036,0.207763262926536,0.306596023776479,0.257179643351508,0.0988327608499422,0.0231905782949571,TRUE,199,199,0,"OK","P14-C002",31,20,424,0.17,"swmdk_like","medium","near_knot",8,29,0.2044565239449,0.00235849056603771,0,0.0819999999999999
"V4-CMP-TWO-STAGE-FREQ-BOOT-RESP-v1","V4-TARGET-RESPONDENT-WEIGHTED-v1",0.259525159250928,0.279737009112232,-0.0202118498613036,0.196685128978457,0.317760700206107,0.257222914592282,0.12107557122765,0.0287214542708814,TRUE,199,199,0,"OK","P14-C002",31,20,424,0.17,"swmdk_like","medium","near_knot",8,29,0.2044565239449,0.00235849056603771,0,0.0819999999999999
"V4-CMP-MOKKEN-TWOLEVEL-DELTA-v1","V4-TARGET-RESPONDENT-WEIGHTED-v1",0.25952515925092,0.279737009112232,-0.020211849861312,0.209454217270653,0.309596101231187,0.25952515925092,0.100141883960534,0.0255468683992259,TRUE,,,0,"OK","P14-C002",31,20,424,0.17,"swmdk_like","medium","near_knot",8,29,0.2044565239449,0.00235849056603771,0,0.0819999999999999
"V4-PRI-TWO-STAGE-HBB-RESP-v1","V4-TARGET-RESPONDENT-WEIGHTED-v1",0.319887848870354,0.279737009112232,0.0401508397581221,0.250559792760629,0.398075189111706,0.324317490936168,0.147515396351077,0.0373739251386837,TRUE,199,199,0,"OK","P14-C002",32,20,411,0.17,"swmdk_like","medium","near_knot",10,29,0.145002520853338,0.0024330900243309,0,0.0680000000000005
"V4-SENS-TWO-STAGE-HBB-CLUSTER-v1","V4-TARGET-EQUAL-CLUSTER-v1",0.328393226310695,0.279737009112232,0.0486562171984634,0.237245762494046,0.419298067228098,0.328271914861072,0.182052304734052,0.0431782876473833,TRUE,199,199,0,"OK","P14-C002",32,20,411,0.17,"swmdk_like","medium","near_knot",10,29,0.145002520853338,0.0024330900243309,0,0.0680000000000005
"V4-CMP-ONE-STAGE-CLUSTER-BB-RESP-v1","V4-TARGET-RESPONDENT-WEIGHTED-v1",0.319887848870354,0.279737009112232,0.0401508397581221,0.281532076715113,0.369438770923296,0.325485423819204,0.0879066942081834,0.0226062842713205,FALSE,199,199,0,"OK","P14-C002",32,20,411,0.17,"swmdk_like","medium","near_knot",10,29,0.145002520853338,0.0024330900243309,0,0.0680000000000005
"V4-CMP-IID-RESP-BB-v1","WORKING-INDEPENDENCE-RESPONDENT",0.319887848870354,0.279737009112232,0.0401508397581221,0.281807801383304,0.373402162789473,0.327604982086388,0.0915943614061684,0.0224241477561586,FALSE,199,199,0,"OK","P14-C002",32,20,411,0.17,"swmdk_like","medium","near_knot",10,29,0.145002520853338,0.0024330900243309,0,0.0680000000000005
"V4-CMP-TWO-STAGE-FREQ-BOOT-RESP-v1","V4-TARGET-RESPONDENT-WEIGHTED-v1",0.319887848870354,0.279737009112232,0.0401508397581221,0.263606371952566,0.384481426706061,0.324043899329314,0.120875054753494,0.0292267922280323,TRUE,199,199,0,"OK","P14-C002",32,20,411,0.17,"swmdk_like","medium","near_knot",10,29,0.145002520853338,0.0024330900243309,0,0.0680000000000005
"V4-CMP-MOKKEN-TWOLEVEL-DELTA-v1","V4-TARGET-RESPONDENT-WEIGHTED-v1",0.319887848870355,0.279737009112232,0.0401508397581234,0.258473621263943,0.381302076476768,0.319887848870355,0.122828455212825,0.0313343653714251,TRUE,,,0,"OK","P14-C002",32,20,411,0.17,"swmdk_like","medium","near_knot",10,29,0.145002520853338,0.0024330900243309,0,0.0680000000000005
"V4-PRI-TWO-STAGE-HBB-RESP-v1","V4-TARGET-RESPONDENT-WEIGHTED-v1",0.275053932491006,0.279737009112232,-0.00468307662122647,0.202412579459155,0.363186124160276,0.282799351809715,0.160773544701121,0.0373513559927633,TRUE,199,199,0,"OK","P14-C002",33,20,429,0.17,"swmdk_like","medium","near_knot",5,29,-0.170817801077075,0.00233100233100231,0,0.069
"V4-SENS-TWO-STAGE-HBB-CLUSTER-v1","V4-TARGET-EQUAL-CLUSTER-v1",0.265278466336623,0.279737009112232,-0.0144585427756087,0.197132766036848,0.345527487497292,0.27133012676707,0.148394721460444,0.0400849318552138,TRUE,199,199,0,"OK","P14-C002",33,20,429,0.17,"swmdk_like","medium","near_knot",5,29,-0.170817801077075,0.00233100233100231,0,0.069
"V4-CMP-ONE-STAGE-CLUSTER-BB-RESP-v1","V4-TARGET-RESPONDENT-WEIGHTED-v1",0.275053932491006,0.279737009112232,-0.00468307662122647,0.232832731226641,0.312907853644415,0.272870292435528,0.0800751224177739,0.0199474755399136,TRUE,199,199,0,"OK","P14-C002",33,20,429,0.17,"swmdk_like","medium","near_knot",5,29,-0.170817801077075,0.00233100233100231,0,0.069
"V4-CMP-IID-RESP-BB-v1","WORKING-INDEPENDENCE-RESPONDENT",0.275053932491006,0.279737009112232,-0.00468307662122647,0.224101893789611,0.323776455683387,0.273939174736499,0.0996745618937762,0.0247536801481192,TRUE,199,199,0,"OK","P14-C002",33,20,429,0.17,"swmdk_like","medium","near_knot",5,29,-0.170817801077075,0.00233100233100231,0,0.069
"V4-CMP-TWO-STAGE-FREQ-BOOT-RESP-v1","V4-TARGET-RESPONDENT-WEIGHTED-v1",0.275053932491006,0.279737009112232,-0.00468307662122647,0.201807645695398,0.339481196419437,0.270644421057418,0.137673550724038,0.0344067563066307,TRUE,199,199,0,"OK","P14-C002",33,20,429,0.17,"swmdk_like","medium","near_knot",5,29,-0.170817801077075,0.00233100233100231,0,0.069
"V4-CMP-MOKKEN-TWOLEVEL-DELTA-v1","V4-TARGET-RESPONDENT-WEIGHTED-v1",0.275053932490998,0.279737009112232,-0.0046830766212338,0.21827751409126,0.331830350890737,0.275053932490998,0.113552836799477,0.0289680927035311,TRUE,,,0,"OK","P14-C002",33,20,429,0.17,"swmdk_like","medium","near_knot",5,29,-0.170817801077075,0.00233100233100231,0,0.069
"V4-PRI-TWO-STAGE-HBB-RESP-v1","V4-TARGET-RESPONDENT-WEIGHTED-v1",0.276233440685273,0.279737009112232,-0.00350356842695898,0.187596140061178,0.369242393647244,0.278419266854211,0.181646253586066,0.0447972624358971,TRUE,199,199,0,"OK","P14-C002",34,20,432,0.17,"swmdk_like","medium","near_knot",8,27,0.191078658883811,0.00231481481481483,0,0.069
"V4-SENS-TWO-STAGE-HBB-CLUSTER-v1","V4-TARGET-EQUAL-CLUSTER-v1",0.280795564722986,0.279737009112232,0.00105855561075446,0.185780056234451,0.373273546933687,0.279526801584069,0.187493490699236,0.0470962377742994,TRUE,199,199,0,"OK","P14-C002",34,20,432,0.17,"swmdk_like","medium","near_knot",8,27,0.191078658883811,0.00231481481481483,0,0.069
"V4-CMP-ONE-STAGE-CLUSTER-BB-RESP-v1","V4-TARGET-RESPONDENT-WEIGHTED-v1",0.276233440685273,0.279737009112232,-0.00350356842695898,0.211644737017464,0.332851179575906,0.272247958296685,0.121206442558441,0.0314169587517208,TRUE,199,199,0,"OK","P14-C002",34,20,432,0.17,"swmdk_like","medium","near_knot",8,27,0.191078658883811,0.00231481481481483,0,0.069
"V4-CMP-IID-RESP-BB-v1","WORKING-INDEPENDENCE-RESPONDENT",0.276233440685273,0.279737009112232,-0.00350356842695898,0.225194181537016,0.318184611526646,0.271689396531831,0.0929904299896296,0.0240853347139471,TRUE,199,199,0,"OK","P14-C002",34,20,432,0.17,"swmdk_like","medium","near_knot",8,27,0.191078658883811,0.00231481481481483,0,0.069
"V4-CMP-TWO-STAGE-FREQ-BOOT-RESP-v1","V4-TARGET-RESPONDENT-WEIGHTED-v1",0.276233440685273,0.279737009112232,-0.00350356842695898,0.197541555539841,0.349024443137102,0.273282999338471,0.151482887597261,0.0393747533104214,TRUE,199,199,0,"OK","P14-C002",34,20,432,0.17,"swmdk_like","medium","near_knot",8,27,0.191078658883811,0.00231481481481483,0,0.069
"V4-CMP-MOKKEN-TWOLEVEL-DELTA-v1","V4-TARGET-RESPONDENT-WEIGHTED-v1",0.27623344068528,0.279737009112232,-0.00350356842695154,0.204306912603358,0.348159968767203,0.27623344068528,0.143853056163845,0.0366978825372658,TRUE,,,0,"OK","P14-C002",34,20,432,0.17,"swmdk_like","medium","near_knot",8,27,0.191078658883811,0.00231481481481483,0,0.069
"V4-PRI-TWO-STAGE-HBB-RESP-v1","V4-TARGET-RESPONDENT-WEIGHTED-v1",0.298837538056115,0.279737009112232,0.0191005289438831,0.235467166846813,0.401289032846321,0.318378099846567,0.165821865999508,0.0381390277812879,TRUE,199,199,0,"OK","P14-C002",35,20,377,0.17,"swmdk_like","medium","near_knot",5,29,-0.197217221573717,0,1,0.0649999999999995
"V4-SENS-TWO-STAGE-HBB-CLUSTER-v1","V4-TARGET-EQUAL-CLUSTER-v1",0.313183236589905,0.279737009112232,0.033446227477673,0.224555357575794,0.402029050804712,0.313292204190253,0.177473693228918,0.0439268585654352,TRUE,199,199,0,"OK","P14-C002",35,20,377,0.17,"swmdk_like","medium","near_knot",5,29,-0.197217221573717,0,1,0.0649999999999995
"V4-CMP-ONE-STAGE-CLUSTER-BB-RESP-v1","V4-TARGET-RESPONDENT-WEIGHTED-v1",0.298837538056115,0.279737009112232,0.0191005289438831,0.256552934937295,0.348452523259052,0.302502729098174,0.0918995883217572,0.021319161362345,TRUE,199,199,0,"OK","P14-C002",35,20,377,0.17,"swmdk_like","medium","near_knot",5,29,-0.197217221573717,0,1,0.0649999999999995
"V4-CMP-IID-RESP-BB-v1","WORKING-INDEPENDENCE-RESPONDENT",0.298837538056115,0.279737009112232,0.0191005289438831,0.247629492463861,0.354069425711051,0.300849459087456,0.106439933247191,0.0254206874909633,TRUE,199,199,0,"OK","P14-C002",35,20,377,0.17,"swmdk_like","medium","near_knot",5,29,-0.197217221573717,0,1,0.0649999999999995
"V4-CMP-TWO-STAGE-FREQ-BOOT-RESP-v1","V4-TARGET-RESPONDENT-WEIGHTED-v1",0.298837538056115,0.279737009112232,0.0191005289438831,0.232682331143317,0.369730216879469,0.301206274011393,0.137047885736152,0.033880273574343,TRUE,199,199,0,"OK","P14-C002",35,20,377,0.17,"swmdk_like","medium","near_knot",5,29,-0.197217221573717,0,1,0.0649999999999995
"V4-CMP-MOKKEN-TWOLEVEL-DELTA-v1","V4-TARGET-RESPONDENT-WEIGHTED-v1",0.298837538056107,0.279737009112232,0.0191005289438755,0.242665094080156,0.355009982032059,0.298837538056107,0.112344887951902,0.0286599368248765,TRUE,,,0,"OK","P14-C002",35,20,377,0.17,"swmdk_like","medium","near_knot",5,29,-0.197217221573717,0,1,0.0649999999999995
"V4-PRI-TWO-STAGE-HBB-RESP-v1","V4-TARGET-RESPONDENT-WEIGHTED-v1",0.28647361961642,0.279737009112232,0.006736610504188,0.19583767419066,0.361005467768901,0.27842157097978,0.165167793578241,0.0409900923421979,TRUE,199,199,0,"OK","P14-C002",36,20,444,0.17,"swmdk_like","medium","near_knot",13,29,0.114797350656404,0.00225225225225223,0,0.085
"V4-SENS-TWO-STAGE-HBB-CLUSTER-v1","V4-TARGET-EQUAL-CLUSTER-v1",0.289358149895898,0.279737009112232,0.00962114078366605,0.198274826658671,0.384204009733903,0.291239418196287,0.185929183075231,0.0440750519212703,TRUE,199,199,0,"OK","P14-C002",36,20,444,0.17,"swmdk_like","medium","near_knot",13,29,0.114797350656404,0.00225225225225223,0,0.085
"V4-CMP-ONE-STAGE-CLUSTER-BB-RESP-v1","V4-TARGET-RESPONDENT-WEIGHTED-v1",0.28647361961642,0.279737009112232,0.006736610504188,0.233344227677385,0.338184119592589,0.285764173634987,0.104839891915204,0.0257829487519177,TRUE,199,199,0,"OK","P14-C002",36,20,444,0.17,"swmdk_like","medium","near_knot",13,29,0.114797350656404,0.00225225225225223,0,0.085
"V4-CMP-IID-RESP-BB-v1","WORKING-INDEPENDENCE-RESPONDENT",0.28647361961642,0.279737009112232,0.006736610504188,0.239536902949971,0.340543288793373,0.290040095871672,0.101006385843403,0.0251950669930769,TRUE,199,199,0,"OK","P14-C002",36,20,444,0.17,"swmdk_like","medium","near_knot",13,29,0.114797350656404,0.00225225225225223,0,0.085
"V4-CMP-TWO-STAGE-FREQ-BOOT-RESP-v1","V4-TARGET-RESPONDENT-WEIGHTED-v1",0.28647361961642,0.279737009112232,0.006736610504188,0.214217962448668,0.35353188101982,0.283874921734244,0.139313918571152,0.0363137357747886,TRUE,199,199,0,"OK","P14-C002",36,20,444,0.17,"swmdk_like","medium","near_knot",13,29,0.114797350656404,0.00225225225225223,0,0.085
"V4-CMP-MOKKEN-TWOLEVEL-DELTA-v1","V4-TARGET-RESPONDENT-WEIGHTED-v1",0.28647361961643,0.279737009112232,0.00673661050419772,0.218699044664537,0.354248194568322,0.28647361961643,0.135549149903785,0.0345795001778041,TRUE,,,0,"OK","P14-C002",36,20,444,0.17,"swmdk_like","medium","near_knot",13,29,0.114797350656404,0.00225225225225223,0,0.085
"V4-PRI-TWO-STAGE-HBB-RESP-v1","V4-TARGET-RESPONDENT-WEIGHTED-v1",0.223059801988367,0.279737009112232,-0.0566772071238655,0.158748260397139,0.312801097391624,0.235774678894382,0.154052836994485,0.0382891792802345,TRUE,199,199,0,"OK","P14-C002",37,20,480,0.17,"swmdk_like","medium","near_knot",15,29,-0.151206087839306,0.00208333333333333,0,0.0740000000000007
"V4-SENS-TWO-STAGE-HBB-CLUSTER-v1","V4-TARGET-EQUAL-CLUSTER-v1",0.227715930990338,0.279737009112232,-0.0520210781218936,0.153609877521859,0.309456082228486,0.231532979875172,0.155846204706627,0.0382338779347076,TRUE,199,199,0,"OK","P14-C002",37,20,480,0.17,"swmdk_like","medium","near_knot",15,29,-0.151206087839306,0.00208333333333333,0,0.0740000000000007
"V4-CMP-ONE-STAGE-CLUSTER-BB-RESP-v1","V4-TARGET-RESPONDENT-WEIGHTED-v1",0.223059801988367,0.279737009112232,-0.0566772071238655,0.171648086193633,0.272933628679236,0.222290857436434,0.101285542485603,0.0256506783354794,FALSE,199,199,0,"OK","P14-C002",37,20,480,0.17,"swmdk_like","medium","near_knot",15,29,-0.151206087839306,0.00208333333333333,0,0.0740000000000007
"V4-CMP-IID-RESP-BB-v1","WORKING-INDEPENDENCE-RESPONDENT",0.223059801988367,0.279737009112232,-0.0566772071238655,0.179804346335441,0.263092518245529,0.221448432290485,0.0832881719100878,0.0215000968255534,FALSE,199,199,0,"OK","P14-C002",37,20,480,0.17,"swmdk_like","medium","near_knot",15,29,-0.151206087839306,0.00208333333333333,0,0.0740000000000007
"V4-CMP-TWO-STAGE-FREQ-BOOT-RESP-v1","V4-TARGET-RESPONDENT-WEIGHTED-v1",0.223059801988367,0.279737009112232,-0.0566772071238655,0.143735573542752,0.284055459509368,0.21389551652606,0.140319885966616,0.0344786463409721,TRUE,199,199,0,"OK","P14-C002",37,20,480,0.17,"swmdk_like","medium","near_knot",15,29,-0.151206087839306,0.00208333333333333,0,0.0740000000000007
"V4-CMP-MOKKEN-TWOLEVEL-DELTA-v1","V4-TARGET-RESPONDENT-WEIGHTED-v1",0.223059801988368,0.279737009112232,-0.056677207123864,0.157518293414021,0.288601310562715,0.223059801988368,0.131083017148695,0.0334401596617746,TRUE,,,0,"OK","P14-C002",37,20,480,0.17,"swmdk_like","medium","near_knot",15,29,-0.151206087839306,0.00208333333333333,0,0.0740000000000007
"V4-PRI-TWO-STAGE-HBB-RESP-v1","V4-TARGET-RESPONDENT-WEIGHTED-v1",0.300428467140407,0.279737009112232,0.0206914580281749,0.215709015562526,0.429438111100051,0.322573563331289,0.213729095537525,0.0497877342508764,TRUE,199,199,0,"OK","P14-C002",38,20,392,0.17,"swmdk_like","medium","near_knot",5,27,0.00709773685899212,0.00255102040816324,0,0.0640000000000001
"V4-SENS-TWO-STAGE-HBB-CLUSTER-v1","V4-TARGET-EQUAL-CLUSTER-v1",0.307618394986803,0.279737009112232,0.0278813858745714,0.221186416053729,0.401122771894494,0.311154593974111,0.179936355840764,0.045141780558112,TRUE,199,199,0,"OK","P14-C002",38,20,392,0.17,"swmdk_like","medium","near_knot",5,27,0.00709773685899212,0.00255102040816324,0,0.0640000000000001
"V4-CMP-ONE-STAGE-CLUSTER-BB-RESP-v1","V4-TARGET-RESPONDENT-WEIGHTED-v1",0.300428467140407,0.279737009112232,0.0206914580281749,0.233264180540409,0.371836859278601,0.302550519909505,0.138572678738192,0.038522415622906,TRUE,199,199,0,"OK","P14-C002",38,20,392,0.17,"swmdk_like","medium","near_knot",5,27,0.00709773685899212,0.00255102040816324,0,0.0640000000000001
"V4-CMP-IID-RESP-BB-v1","WORKING-INDEPENDENCE-RESPONDENT",0.300428467140407,0.279737009112232,0.0206914580281749,0.257449281707172,0.352205498286471,0.304827389996821,0.0947562165792994,0.0257844842715834,TRUE,199,199,0,"OK","P14-C002",38,20,392,0.17,"swmdk_like","medium","near_knot",5,27,0.00709773685899212,0.00255102040816324,0,0.0640000000000001
"V4-CMP-TWO-STAGE-FREQ-BOOT-RESP-v1","V4-TARGET-RESPONDENT-WEIGHTED-v1",0.300428467140407,0.279737009112232,0.0206914580281749,0.230593177776101,0.381922118290235,0.306257648033168,0.151328940514134,0.039156678755015,TRUE,199,199,0,"OK","P14-C002",38,20,392,0.17,"swmdk_like","medium","near_knot",5,27,0.00709773685899212,0.00255102040816324,0,0.0640000000000001
"V4-CMP-MOKKEN-TWOLEVEL-DELTA-v1","V4-TARGET-RESPONDENT-WEIGHTED-v1",0.300428467140418,0.279737009112232,0.0206914580281863,0.229921643340412,0.370935290940424,0.300428467140418,0.141013647600012,0.0359735303077785,TRUE,,,0,"OK","P14-C002",38,20,392,0.17,"swmdk_like","medium","near_knot",5,27,0.00709773685899212,0.00255102040816324,0,0.0640000000000001
"V4-PRI-TWO-STAGE-HBB-RESP-v1","V4-TARGET-RESPONDENT-WEIGHTED-v1",0.257496362835475,0.279737009112232,-0.0222406462767573,0.179487656119632,0.333345353179933,0.256416504649782,0.1538576970603,0.0382004944712853,TRUE,199,199,0,"OK","P14-C002",39,20,409,0.17,"swmdk_like","medium","near_knot",5,29,-0.43128588875982,0,1,0.0679999999999996
"V4-SENS-TWO-STAGE-HBB-CLUSTER-v1","V4-TARGET-EQUAL-CLUSTER-v1",0.230191269069166,0.279737009112232,-0.0495457400430664,0.145842998728757,0.326055892200382,0.235949445464569,0.180212893471625,0.0442562595228352,TRUE,199,199,0,"OK","P14-C002",39,20,409,0.17,"swmdk_like","medium","near_knot",5,29,-0.43128588875982,0,1,0.0679999999999996
"V4-CMP-ONE-STAGE-CLUSTER-BB-RESP-v1","V4-TARGET-RESPONDENT-WEIGHTED-v1",0.257496362835475,0.279737009112232,-0.0222406462767573,0.212066715820195,0.303623700659778,0.257845208239986,0.0915569848395824,0.0251279002301317,TRUE,199,199,0,"OK","P14-C002",39,20,409,0.17,"swmdk_like","medium","near_knot",5,29,-0.43128588875982,0,1,0.0679999999999996
"V4-CMP-IID-RESP-BB-v1","WORKING-INDEPENDENCE-RESPONDENT",0.257496362835475,0.279737009112232,-0.0222406462767573,0.214092337467624,0.297634636801422,0.255863487134523,0.0835422993337975,0.0213207926672084,TRUE,199,199,0,"OK","P14-C002",39,20,409,0.17,"swmdk_like","medium","near_knot",5,29,-0.43128588875982,0,1,0.0679999999999996
"V4-CMP-TWO-STAGE-FREQ-BOOT-RESP-v1","V4-TARGET-RESPONDENT-WEIGHTED-v1",0.257496362835475,0.279737009112232,-0.0222406462767573,0.194043582581045,0.318658477396945,0.256351029988995,0.1246148948159,0.0308085969683571,TRUE,199,199,0,"OK","P14-C002",39,20,409,0.17,"swmdk_like","medium","near_knot",5,29,-0.43128588875982,0,1,0.0679999999999996
"V4-CMP-MOKKEN-TWOLEVEL-DELTA-v1","V4-TARGET-RESPONDENT-WEIGHTED-v1",0.257496362835484,0.279737009112232,-0.0222406462767484,0.204336017609858,0.31065670806111,0.257496362835484,0.106320690451252,0.0271231235088747,TRUE,,,0,"OK","P14-C002",39,20,409,0.17,"swmdk_like","medium","near_knot",5,29,-0.43128588875982,0,1,0.0679999999999996
"V4-PRI-TWO-STAGE-HBB-RESP-v1","V4-TARGET-RESPONDENT-WEIGHTED-v1",0.254054298305878,0.279737009112232,-0.0256827108063542,0.189359117418917,0.321792212752553,0.255575665085735,0.132433095333636,0.03271322685408,TRUE,199,199,0,"OK","P14-C002",40,20,456,0.17,"swmdk_like","medium","near_knot",5,29,0.168733784665211,0.00219298245614036,0,0.0720000000000001
"V4-SENS-TWO-STAGE-HBB-CLUSTER-v1","V4-TARGET-EQUAL-CLUSTER-v1",0.261665410862628,0.279737009112232,-0.0180715982496041,0.198707707644996,0.355707484940699,0.277207596292848,0.156999777295703,0.0402081603616045,TRUE,199,199,0,"OK","P14-C002",40,20,456,0.17,"swmdk_like","medium","near_knot",5,29,0.168733784665211,0.00219298245614036,0,0.0720000000000001
"V4-CMP-ONE-STAGE-CLUSTER-BB-RESP-v1","V4-TARGET-RESPONDENT-WEIGHTED-v1",0.254054298305878,0.279737009112232,-0.0256827108063542,0.202740119998252,0.294571272544618,0.248655696271435,0.0918311525463661,0.0214632809080969,TRUE,199,199,0,"OK","P14-C002",40,20,456,0.17,"swmdk_like","medium","near_knot",5,29,0.168733784665211,0.00219298245614036,0,0.0720000000000001
"V4-CMP-IID-RESP-BB-v1","WORKING-INDEPENDENCE-RESPONDENT",0.254054298305878,0.279737009112232,-0.0256827108063542,0.209891724643194,0.293550030079765,0.25172087736148,0.0836583054365705,0.0213815018305467,TRUE,199,199,0,"OK","P14-C002",40,20,456,0.17,"swmdk_like","medium","near_knot",5,29,0.168733784665211,0.00219298245614036,0,0.0720000000000001
"V4-CMP-TWO-STAGE-FREQ-BOOT-RESP-v1","V4-TARGET-RESPONDENT-WEIGHTED-v1",0.254054298305878,0.279737009112232,-0.0256827108063542,0.180521828380405,0.312268635926436,0.246395232153421,0.131746807546032,0.0328152457296857,TRUE,199,199,0,"OK","P14-C002",40,20,456,0.17,"swmdk_like","medium","near_knot",5,29,0.168733784665211,0.00219298245614036,0,0.0720000000000001
"V4-CMP-MOKKEN-TWOLEVEL-DELTA-v1","V4-TARGET-RESPONDENT-WEIGHTED-v1",0.254054298305892,0.279737009112232,-0.0256827108063402,0.200805263101621,0.307303333510163,0.254054298305892,0.106498070408542,0.0271683743294738,TRUE,,,0,"OK","P14-C002",40,20,456,0.17,"swmdk_like","medium","near_knot",5,29,0.168733784665211,0.00219298245614036,0,0.0720000000000001
"V4-PRI-TWO-STAGE-HBB-RESP-v1","V4-TARGET-RESPONDENT-WEIGHTED-v1",0.307040863491786,0.279737009112232,0.0273038543795538,0.220304724489903,0.40920736884541,0.314756046667657,0.188902644355507,0.0424722261716643,TRUE,199,199,0,"OK","P14-C002",41,20,436,0.17,"swmdk_like","medium","near_knot",13,28,-0.0177898859393911,0.00229357798165136,0,0.0700000000000003
"V4-SENS-TWO-STAGE-HBB-CLUSTER-v1","V4-TARGET-EQUAL-CLUSTER-v1",0.304468089534072,0.279737009112232,0.0247310804218398,0.21616625024651,0.392331182686045,0.304248716466278,0.176164932439535,0.0458826980295195,TRUE,199,199,0,"OK","P14-C002",41,20,436,0.17,"swmdk_like","medium","near_knot",13,28,-0.0177898859393911,0.00229357798165136,0,0.0700000000000003
"V4-CMP-ONE-STAGE-CLUSTER-BB-RESP-v1","V4-TARGET-RESPONDENT-WEIGHTED-v1",0.307040863491786,0.279737009112232,0.0273038543795538,0.250932580649242,0.352371272187551,0.301651926418397,0.101438691538309,0.0257949017927804,TRUE,199,199,0,"OK","P14-C002",41,20,436,0.17,"swmdk_like","medium","near_knot",13,28,-0.0177898859393911,0.00229357798165136,0,0.0700000000000003
"V4-CMP-IID-RESP-BB-v1","WORKING-INDEPENDENCE-RESPONDENT",0.307040863491786,0.279737009112232,0.0273038543795538,0.262105692027178,0.356508549787059,0.309307120907119,0.0944028577598811,0.0250937634147999,TRUE,199,199,0,"OK","P14-C002",41,20,436,0.17,"swmdk_like","medium","near_knot",13,28,-0.0177898859393911,0.00229357798165136,0,0.0700000000000003
"V4-CMP-TWO-STAGE-FREQ-BOOT-RESP-v1","V4-TARGET-RESPONDENT-WEIGHTED-v1",0.307040863491786,0.279737009112232,0.0273038543795538,0.221857834803398,0.384881260856725,0.303369547830061,0.163023426053328,0.0377988256908456,TRUE,199,199,0,"OK","P14-C002",41,20,436,0.17,"swmdk_like","medium","near_knot",13,28,-0.0177898859393911,0.00229357798165136,0,0.0700000000000003
"V4-CMP-MOKKEN-TWOLEVEL-DELTA-v1","V4-TARGET-RESPONDENT-WEIGHTED-v1",0.307040863491776,0.279737009112232,0.0273038543795442,0.237903303395613,0.37617842358794,0.307040863491776,0.138275120192327,0.0352749135399995,TRUE,,,0,"OK","P14-C002",41,20,436,0.17,"swmdk_like","medium","near_knot",13,28,-0.0177898859393911,0.00229357798165136,0,0.0700000000000003
"V4-PRI-TWO-STAGE-HBB-RESP-v1","V4-TARGET-RESPONDENT-WEIGHTED-v1",0.252737063170831,0.279737009112232,-0.0269999459414008,0.16437882723191,0.338978042389657,0.251678434810783,0.174599215157747,0.0437652621846351,TRUE,199,199,0,"OK","P14-C002",42,20,402,0.17,"swmdk_like","medium","near_knot",5,29,0.0707867934487567,0.00248756218905466,0,0.0679999999999996
"V4-SENS-TWO-STAGE-HBB-CLUSTER-v1","V4-TARGET-EQUAL-CLUSTER-v1",0.248684382581776,0.279737009112232,-0.0310526265304563,0.16797027441213,0.354981448449793,0.261475861430962,0.187011174037663,0.0431009538403679,TRUE,199,199,0,"OK","P14-C002",42,20,402,0.17,"swmdk_like","medium","near_knot",5,29,0.0707867934487567,0.00248756218905466,0,0.0679999999999996
"V4-CMP-ONE-STAGE-CLUSTER-BB-RESP-v1","V4-TARGET-RESPONDENT-WEIGHTED-v1",0.252737063170831,0.279737009112232,-0.0269999459414008,0.196772320775066,0.305429143036162,0.251100731905614,0.108656822261096,0.0283031893626657,TRUE,199,199,0,"OK","P14-C002",42,20,402,0.17,"swmdk_like","medium","near_knot",5,29,0.0707867934487567,0.00248756218905466,0,0.0679999999999996
"V4-CMP-IID-RESP-BB-v1","WORKING-INDEPENDENCE-RESPONDENT",0.252737063170831,0.279737009112232,-0.0269999459414008,0.210104730855023,0.300901266910678,0.255502998882851,0.0907965360556547,0.0230973883219337,TRUE,199,199,0,"OK","P14-C002",42,20,402,0.17,"swmdk_like","medium","near_knot",5,29,0.0707867934487567,0.00248756218905466,0,0.0679999999999996
"V4-CMP-TWO-STAGE-FREQ-BOOT-RESP-v1","V4-TARGET-RESPONDENT-WEIGHTED-v1",0.252737063170831,0.279737009112232,-0.0269999459414008,0.174226308258429,0.319051115825732,0.24663871204208,0.144824807567303,0.0375326017013927,TRUE,199,199,0,"OK","P14-C002",42,20,402,0.17,"swmdk_like","medium","near_knot",5,29,0.0707867934487567,0.00248756218905466,0,0.0679999999999996
"V4-CMP-MOKKEN-TWOLEVEL-DELTA-v1","V4-TARGET-RESPONDENT-WEIGHTED-v1",0.252737063170822,0.279737009112232,-0.02699994594141,0.18906816962924,0.316405956712404,0.252737063170822,0.127337787083165,0.0324847262724185,TRUE,,,0,"OK","P14-C002",42,20,402,0.17,"swmdk_like","medium","near_knot",5,29,0.0707867934487567,0.00248756218905466,0,0.0679999999999996
"V4-PRI-TWO-STAGE-HBB-RESP-v1","V4-TARGET-RESPONDENT-WEIGHTED-v1",0.255864097056716,0.279737009112232,-0.0238729120555156,0.189169959533502,0.324904543649172,0.257037251591337,0.13573458411567,0.0371299388715395,TRUE,199,199,0,"OK","P14-C002",43,20,449,0.17,"swmdk_like","medium","near_knot",5,29,-0.0164169140597751,0,1,0.0720000000000001
"V4-SENS-TWO-STAGE-HBB-CLUSTER-v1","V4-TARGET-EQUAL-CLUSTER-v1",0.277987017105363,0.279737009112232,-0.00174999200686898,0.196595407030165,0.3661244488766,0.281359927953382,0.169529041846435,0.0415753416931352,TRUE,199,199,0,"OK","P14-C002",43,20,449,0.17,"swmdk_like","medium","near_knot",5,29,-0.0164169140597751,0,1,0.0720000000000001
"V4-CMP-ONE-STAGE-CLUSTER-BB-RESP-v1","V4-TARGET-RESPONDENT-WEIGHTED-v1",0.255864097056716,0.279737009112232,-0.0238729120555156,0.21719120035879,0.293952198785396,0.255571699572093,0.0767609984266062,0.02083416568921,TRUE,199,199,0,"OK","P14-C002",43,20,449,0.17,"swmdk_like","medium","near_knot",5,29,-0.0164169140597751,0,1,0.0720000000000001
"V4-CMP-IID-RESP-BB-v1","WORKING-INDEPENDENCE-RESPONDENT",0.255864097056716,0.279737009112232,-0.0238729120555156,0.208340568620551,0.305086159629284,0.256713364124917,0.096745591008733,0.0243080411443478,TRUE,199,199,0,"OK","P14-C002",43,20,449,0.17,"swmdk_like","medium","near_knot",5,29,-0.0164169140597751,0,1,0.0720000000000001
"V4-CMP-TWO-STAGE-FREQ-BOOT-RESP-v1","V4-TARGET-RESPONDENT-WEIGHTED-v1",0.255864097056716,0.279737009112232,-0.0238729120555156,0.189754790895721,0.318445136908902,0.254099963902311,0.12869034601318,0.0314972749529147,TRUE,199,199,0,"OK","P14-C002",43,20,449,0.17,"swmdk_like","medium","near_knot",5,29,-0.0164169140597751,0,1,0.0720000000000001
"V4-CMP-MOKKEN-TWOLEVEL-DELTA-v1","V4-TARGET-RESPONDENT-WEIGHTED-v1",0.255864097056731,0.279737009112232,-0.0238729120555009,0.20363635460629,0.308091839507172,0.255864097056731,0.104455484900882,0.02664729702301,TRUE,,,0,"OK","P14-C002",43,20,449,0.17,"swmdk_like","medium","near_knot",5,29,-0.0164169140597751,0,1,0.0720000000000001
"V4-PRI-TWO-STAGE-HBB-RESP-v1","V4-TARGET-RESPONDENT-WEIGHTED-v1",0.248095343968513,0.279737009112232,-0.0316416651437189,0.173369082457688,0.339107536625511,0.256238309541599,0.165738454167823,0.0419821016577622,TRUE,199,199,0,"OK","P14-C002",44,20,442,0.17,"swmdk_like","medium","near_knot",8,29,0.0810886865084783,0.00452488687782804,0,0.069
"V4-SENS-TWO-STAGE-HBB-CLUSTER-v1","V4-TARGET-EQUAL-CLUSTER-v1",0.258913333345722,0.279737009112232,-0.02082367576651,0.169951561849172,0.350229857074454,0.260090709461813,0.180278295225282,0.046345484490111,TRUE,199,199,0,"OK","P14-C002",44,20,442,0.17,"swmdk_like","medium","near_knot",8,29,0.0810886865084783,0.00452488687782804,0,0.069
"V4-CMP-ONE-STAGE-CLUSTER-BB-RESP-v1","V4-TARGET-RESPONDENT-WEIGHTED-v1",0.248095343968513,0.279737009112232,-0.0316416651437189,0.192012860715258,0.311570218070719,0.251791539392988,0.119557357355461,0.0292525860101645,TRUE,199,199,0,"OK","P14-C002",44,20,442,0.17,"swmdk_like","medium","near_knot",8,29,0.0810886865084783,0.00452488687782804,0,0.069
"V4-CMP-IID-RESP-BB-v1","WORKING-INDEPENDENCE-RESPONDENT",0.248095343968513,0.279737009112232,-0.0316416651437189,0.187341923022868,0.291246917786038,0.239294420404453,0.10390499476317,0.024851035236811,TRUE,199,199,0,"OK","P14-C002",44,20,442,0.17,"swmdk_like","medium","near_knot",8,29,0.0810886865084783,0.00452488687782804,0,0.069
"V4-CMP-TWO-STAGE-FREQ-BOOT-RESP-v1","V4-TARGET-RESPONDENT-WEIGHTED-v1",0.248095343968513,0.279737009112232,-0.0316416651437189,0.165681946854778,0.332827734983865,0.249254840919322,0.167145788129087,0.0399530298215856,TRUE,199,199,0,"OK","P14-C002",44,20,442,0.17,"swmdk_like","medium","near_knot",8,29,0.0810886865084783,0.00452488687782804,0,0.069
"V4-CMP-MOKKEN-TWOLEVEL-DELTA-v1","V4-TARGET-RESPONDENT-WEIGHTED-v1",0.248095343968512,0.279737009112232,-0.0316416651437198,0.17762303446831,0.318567653468715,0.248095343968512,0.140944619000405,0.0359559206475624,TRUE,,,0,"OK","P14-C002",44,20,442,0.17,"swmdk_like","medium","near_knot",8,29,0.0810886865084783,0.00452488687782804,0,0.069
"V4-PRI-TWO-STAGE-HBB-RESP-v1","V4-TARGET-RESPONDENT-WEIGHTED-v1",0.32606173225609,0.279737009112232,0.046324723143858,0.244856145213997,0.39827976206871,0.321567953641354,0.153423616854713,0.0391883958550049,TRUE,199,199,0,"OK","P14-C002",45,20,416,0.17,"swmdk_like","medium","near_knot",8,29,-0.0499040468633282,0.00480769230769229,0,0.0670000000000002
"V4-SENS-TWO-STAGE-HBB-CLUSTER-v1","V4-TARGET-EQUAL-CLUSTER-v1",0.321949109158225,0.279737009112232,0.0422121000459935,0.243222173461406,0.410100421732215,0.32666129759681,0.166878248270808,0.0404021355239368,TRUE,199,199,0,"OK","P14-C002",45,20,416,0.17,"swmdk_like","medium","near_knot",8,29,-0.0499040468633282,0.00480769230769229,0,0.0670000000000002
"V4-CMP-ONE-STAGE-CLUSTER-BB-RESP-v1","V4-TARGET-RESPONDENT-WEIGHTED-v1",0.32606173225609,0.279737009112232,0.046324723143858,0.277662600252355,0.373800725848473,0.325731663050414,0.0961381255961182,0.0253385420538114,TRUE,199,199,0,"OK","P14-C002",45,20,416,0.17,"swmdk_like","medium","near_knot",8,29,-0.0499040468633282,0.00480769230769229,0,0.0670000000000002
"V4-CMP-IID-RESP-BB-v1","WORKING-INDEPENDENCE-RESPONDENT",0.32606173225609,0.279737009112232,0.046324723143858,0.280363644556389,0.375717055007423,0.328040349781906,0.0953534104510346,0.024407531982729,FALSE,199,199,0,"OK","P14-C002",45,20,416,0.17,"swmdk_like","medium","near_knot",8,29,-0.0499040468633282,0.00480769230769229,0,0.0670000000000002
"V4-CMP-TWO-STAGE-FREQ-BOOT-RESP-v1","V4-TARGET-RESPONDENT-WEIGHTED-v1",0.32606173225609,0.279737009112232,0.046324723143858,0.25277120447169,0.388193460405858,0.320482332438774,0.135422255934168,0.0333177904525428,TRUE,199,199,0,"OK","P14-C002",45,20,416,0.17,"swmdk_like","medium","near_knot",8,29,-0.0499040468633282,0.00480769230769229,0,0.0670000000000002
"V4-CMP-MOKKEN-TWOLEVEL-DELTA-v1","V4-TARGET-RESPONDENT-WEIGHTED-v1",0.326061732256093,0.279737009112232,0.0463247231438612,0.262966820929224,0.389156643582963,0.326061732256093,0.126189822653739,0.0321918728224367,TRUE,,,0,"OK","P14-C002",45,20,416,0.17,"swmdk_like","medium","near_knot",8,29,-0.0499040468633282,0.00480769230769229,0,0.0670000000000002
"V4-PRI-TWO-STAGE-HBB-RESP-v1","V4-TARGET-RESPONDENT-WEIGHTED-v1",0.273015255135929,0.279737009112232,-0.00672175397630342,0.202733764600973,0.352977319798785,0.277855542199879,0.150243555197812,0.0396064922344112,TRUE,199,199,0,"OK","P14-C002",46,20,432,0.17,"swmdk_like","medium","near_knot",8,28,-0.0643432648925098,0.00231481481481483,0,0.069
"V4-SENS-TWO-STAGE-HBB-CLUSTER-v1","V4-TARGET-EQUAL-CLUSTER-v1",0.284872024297809,0.279737009112232,0.00513501518557707,0.183366885462704,0.378222268825654,0.280794577144179,0.19485538336295,0.0479565675689295,TRUE,199,199,0,"OK","P14-C002",46,20,432,0.17,"swmdk_like","medium","near_knot",8,28,-0.0643432648925098,0.00231481481481483,0,0.069
"V4-CMP-ONE-STAGE-CLUSTER-BB-RESP-v1","V4-TARGET-RESPONDENT-WEIGHTED-v1",0.273015255135929,0.279737009112232,-0.00672175397630342,0.220633711714099,0.332524009516313,0.276578860615206,0.111890297802214,0.0288874228977493,TRUE,199,199,0,"OK","P14-C002",46,20,432,0.17,"swmdk_like","medium","near_knot",8,28,-0.0643432648925098,0.00231481481481483,0,0.069
"V4-CMP-IID-RESP-BB-v1","WORKING-INDEPENDENCE-RESPONDENT",0.273015255135929,0.279737009112232,-0.00672175397630342,0.224591700823454,0.322626344017996,0.273609022420725,0.0980346431945414,0.0248907215032109,TRUE,199,199,0,"OK","P14-C002",46,20,432,0.17,"swmdk_like","medium","near_knot",8,28,-0.0643432648925098,0.00231481481481483,0,0.069
"V4-CMP-TWO-STAGE-FREQ-BOOT-RESP-v1","V4-TARGET-RESPONDENT-WEIGHTED-v1",0.273015255135929,0.279737009112232,-0.00672175397630342,0.201420854058131,0.34162949845193,0.271525176255031,0.140208644393799,0.0386216833539365,TRUE,199,199,0,"OK","P14-C002",46,20,432,0.17,"swmdk_like","medium","near_knot",8,28,-0.0643432648925098,0.00231481481481483,0,0.069
"V4-CMP-MOKKEN-TWOLEVEL-DELTA-v1","V4-TARGET-RESPONDENT-WEIGHTED-v1",0.27301525513594,0.279737009112232,-0.00672175397629216,0.205677414818973,0.340353095452907,0.27301525513594,0.134675680633935,0.0343566722899602,TRUE,,,0,"OK","P14-C002",46,20,432,0.17,"swmdk_like","medium","near_knot",8,28,-0.0643432648925098,0.00231481481481483,0,0.069
"V4-PRI-TWO-STAGE-HBB-RESP-v1","V4-TARGET-RESPONDENT-WEIGHTED-v1",0.249289295779631,0.279737009112232,-0.0304477133326007,0.174002916231206,0.333723619043752,0.253863267637479,0.159720702812546,0.0389612487090388,TRUE,199,199,0,"OK","P14-C002",47,20,415,0.17,"swmdk_like","medium","near_knot",10,28,0.320918128551413,0,2,0.069
"V4-SENS-TWO-STAGE-HBB-CLUSTER-v1","V4-TARGET-EQUAL-CLUSTER-v1",0.258734298891483,0.279737009112232,-0.0210027102207495,0.159807532372196,0.343550177093405,0.2516788547328,0.183742644721209,0.0456173450650238,TRUE,199,199,0,"OK","P14-C002",47,20,415,0.17,"swmdk_like","medium","near_knot",10,28,0.320918128551413,0,2,0.069
"V4-CMP-ONE-STAGE-CLUSTER-BB-RESP-v1","V4-TARGET-RESPONDENT-WEIGHTED-v1",0.249289295779631,0.279737009112232,-0.0304477133326007,0.205233019200732,0.29697891593329,0.251105967567011,0.0917458967325581,0.0219957720725799,TRUE,199,199,0,"OK","P14-C002",47,20,415,0.17,"swmdk_like","medium","near_knot",10,28,0.320918128551413,0,2,0.069
"V4-CMP-IID-RESP-BB-v1","WORKING-INDEPENDENCE-RESPONDENT",0.249289295779631,0.279737009112232,-0.0304477133326007,0.204925479323878,0.30877787898505,0.256851679154464,0.103852399661172,0.0257108950903958,TRUE,199,199,0,"OK","P14-C002",47,20,415,0.17,"swmdk_like","medium","near_knot",10,28,0.320918128551413,0,2,0.069
"V4-CMP-TWO-STAGE-FREQ-BOOT-RESP-v1","V4-TARGET-RESPONDENT-WEIGHTED-v1",0.249289295779631,0.279737009112232,-0.0304477133326007,0.18277900581408,0.30671710300677,0.244748054410425,0.123938097192691,0.0326471547886551,TRUE,199,199,0,"OK","P14-C002",47,20,415,0.17,"swmdk_like","medium","near_knot",10,28,0.320918128551413,0,2,0.069
"V4-CMP-MOKKEN-TWOLEVEL-DELTA-v1","V4-TARGET-RESPONDENT-WEIGHTED-v1",0.249289295779636,0.279737009112232,-0.0304477133325955,0.18759956506885,0.310979026490423,0.249289295779636,0.123379461421572,0.0314749307627012,TRUE,,,0,"OK","P14-C002",47,20,415,0.17,"swmdk_like","medium","near_knot",10,28,0.320918128551413,0,2,0.069
"V4-PRI-TWO-STAGE-HBB-RESP-v1","V4-TARGET-RESPONDENT-WEIGHTED-v1",0.23833810551151,0.279737009112232,-0.041398903600722,0.154111573683902,0.329617714906758,0.24186464429533,0.175506141222856,0.0449205168882634,TRUE,199,199,0,"OK","P14-C002",48,20,420,0.17,"swmdk_like","medium","near_knot",8,29,0.378342871625586,0.00238095238095237,0,0.0700000000000003
"V4-SENS-TWO-STAGE-HBB-CLUSTER-v1","V4-TARGET-EQUAL-CLUSTER-v1",0.250479883966985,0.279737009112232,-0.0292571251452472,0.168775129995238,0.337735880253456,0.253255505124347,0.168960750258218,0.0413286597870354,TRUE,199,199,0,"OK","P14-C002",48,20,420,0.17,"swmdk_like","medium","near_knot",8,29,0.378342871625586,0.00238095238095237,0,0.0700000000000003
"V4-CMP-ONE-STAGE-CLUSTER-BB-RESP-v1","V4-TARGET-RESPONDENT-WEIGHTED-v1",0.23833810551151,0.279737009112232,-0.041398903600722,0.168562632342992,0.2951404260026,0.231851529172796,0.126577793659607,0.032677443454186,TRUE,199,199,0,"OK","P14-C002",48,20,420,0.17,"swmdk_like","medium","near_knot",8,29,0.378342871625586,0.00238095238095237,0,0.0700000000000003
"V4-CMP-IID-RESP-BB-v1","WORKING-INDEPENDENCE-RESPONDENT",0.23833810551151,0.279737009112232,-0.041398903600722,0.193210010957455,0.29077643430484,0.241993222631147,0.0975664233473849,0.0240827127275724,TRUE,199,199,0,"OK","P14-C002",48,20,420,0.17,"swmdk_like","medium","near_knot",8,29,0.378342871625586,0.00238095238095237,0,0.0700000000000003
"V4-CMP-TWO-STAGE-FREQ-BOOT-RESP-v1","V4-TARGET-RESPONDENT-WEIGHTED-v1",0.23833810551151,0.279737009112232,-0.041398903600722,0.156133043970982,0.322487516468441,0.239310280219711,0.166354472497459,0.0390123254175712,TRUE,199,199,0,"OK","P14-C002",48,20,420,0.17,"swmdk_like","medium","near_knot",8,29,0.378342871625586,0.00238095238095237,0,0.0700000000000003
"V4-CMP-MOKKEN-TWOLEVEL-DELTA-v1","V4-TARGET-RESPONDENT-WEIGHTED-v1",0.238338105511508,0.279737009112232,-0.041398903600724,0.171189752904621,0.305486458118395,0.238338105511508,0.134296705213773,0.0342599931103552,TRUE,,,0,"OK","P14-C002",48,20,420,0.17,"swmdk_like","medium","near_knot",8,29,0.378342871625586,0.00238095238095237,0,0.0700000000000003
"V4-PRI-TWO-STAGE-HBB-RESP-v1","V4-TARGET-RESPONDENT-WEIGHTED-v1",0.251857438092662,0.279737009112232,-0.02787957101957,0.170833618673122,0.325927507417546,0.248380563045334,0.155093888744424,0.0402234688973876,TRUE,199,199,0,"OK","P14-C002",49,20,410,0.17,"swmdk_like","medium","near_knot",8,29,0.288958904639415,0.0024390243902439,0,0.0659999999999998
"V4-SENS-TWO-STAGE-HBB-CLUSTER-v1","V4-TARGET-EQUAL-CLUSTER-v1",0.238791976379973,0.279737009112232,-0.0409450327322585,0.15745617345312,0.32000100956011,0.238728591506615,0.16254483610699,0.0440200437172177,TRUE,199,199,0,"OK","P14-C002",49,20,410,0.17,"swmdk_like","medium","near_knot",8,29,0.288958904639415,0.0024390243902439,0,0.0659999999999998
"V4-CMP-ONE-STAGE-CLUSTER-BB-RESP-v1","V4-TARGET-RESPONDENT-WEIGHTED-v1",0.251857438092662,0.279737009112232,-0.02787957101957,0.192323614580017,0.301910128855203,0.24711687171761,0.109586514275186,0.0273968917423086,TRUE,199,199,0,"OK","P14-C002",49,20,410,0.17,"swmdk_like","medium","near_knot",8,29,0.288958904639415,0.0024390243902439,0,0.0659999999999998
"V4-CMP-IID-RESP-BB-v1","WORKING-INDEPENDENCE-RESPONDENT",0.251857438092662,0.279737009112232,-0.02787957101957,0.202857241026117,0.303657516468409,0.253257378747263,0.100800275442292,0.0255798504694672,TRUE,199,199,0,"OK","P14-C002",49,20,410,0.17,"swmdk_like","medium","near_knot",8,29,0.288958904639415,0.0024390243902439,0,0.0659999999999998
"V4-CMP-TWO-STAGE-FREQ-BOOT-RESP-v1","V4-TARGET-RESPONDENT-WEIGHTED-v1",0.251857438092662,0.279737009112232,-0.02787957101957,0.184648248500639,0.329156886878097,0.256902567689368,0.144508638377458,0.0371178726943311,TRUE,199,199,0,"OK","P14-C002",49,20,410,0.17,"swmdk_like","medium","near_knot",8,29,0.288958904639415,0.0024390243902439,0,0.0659999999999998
"V4-CMP-MOKKEN-TWOLEVEL-DELTA-v1","V4-TARGET-RESPONDENT-WEIGHTED-v1",0.251857438092663,0.279737009112232,-0.0278795710195691,0.18655999931485,0.317154876870476,0.251857438092663,0.130594877555625,0.0333156319671538,TRUE,,,0,"OK","P14-C002",49,20,410,0.17,"swmdk_like","medium","near_knot",8,29,0.288958904639415,0.0024390243902439,0,0.0659999999999998
"V4-PRI-TWO-STAGE-HBB-RESP-v1","V4-TARGET-RESPONDENT-WEIGHTED-v1",0.245262480172257,0.279737009112232,-0.0344745289399754,0.165744568018894,0.325999908359129,0.245872238189011,0.160255340340235,0.0428596988134356,TRUE,199,199,0,"OK","P14-C002",50,20,419,0.17,"swmdk_like","medium","near_knot",5,29,0.257372292649648,0.00238663484486873,0,0.0679999999999996
"V4-SENS-TWO-STAGE-HBB-CLUSTER-v1","V4-TARGET-EQUAL-CLUSTER-v1",0.239469341948816,0.279737009112232,-0.0402676671634157,0.150941686442552,0.310413333612775,0.230677510027664,0.159471647170223,0.044051092928607,TRUE,199,199,0,"OK","P14-C002",50,20,419,0.17,"swmdk_like","medium","near_knot",5,29,0.257372292649648,0.00238663484486873,0,0.0679999999999996
"V4-CMP-ONE-STAGE-CLUSTER-BB-RESP-v1","V4-TARGET-RESPONDENT-WEIGHTED-v1",0.245262480172257,0.279737009112232,-0.0344745289399754,0.177774779509292,0.295855738465568,0.23681525898743,0.118080958956276,0.0306252410942843,TRUE,199,199,0,"OK","P14-C002",50,20,419,0.17,"swmdk_like","medium","near_knot",5,29,0.257372292649648,0.00238663484486873,0,0.0679999999999996
"V4-CMP-IID-RESP-BB-v1","WORKING-INDEPENDENCE-RESPONDENT",0.245262480172257,0.279737009112232,-0.0344745289399754,0.196535905378724,0.298727808182892,0.247631856780808,0.102191902804168,0.0249648279413453,TRUE,199,199,0,"OK","P14-C002",50,20,419,0.17,"swmdk_like","medium","near_knot",5,29,0.257372292649648,0.00238663484486873,0,0.0679999999999996
"V4-CMP-TWO-STAGE-FREQ-BOOT-RESP-v1","V4-TARGET-RESPONDENT-WEIGHTED-v1",0.245262480172257,0.279737009112232,-0.0344745289399754,0.169092728995341,0.323171018325834,0.246131873660587,0.154078289330493,0.0389345600069111,TRUE,199,199,0,"OK","P14-C002",50,20,419,0.17,"swmdk_like","medium","near_knot",5,29,0.257372292649648,0.00238663484486873,0,0.0679999999999996
"V4-CMP-MOKKEN-TWOLEVEL-DELTA-v1","V4-TARGET-RESPONDENT-WEIGHTED-v1",0.245262480172244,0.279737009112232,-0.0344745289399878,0.180216830233413,0.310308130111075,0.245262480172244,0.130091299877662,0.0331871659132019,TRUE,,,0,"OK","P14-C002",50,20,419,0.17,"swmdk_like","medium","near_knot",5,29,0.257372292649648,0.00238663484486873,0,0.0679999999999996
"V4-PRI-TWO-STAGE-HBB-RESP-v1","V4-TARGET-RESPONDENT-WEIGHTED-v1",0.253187276305605,0.279737009112232,-0.0265497328066271,0.179120722602663,0.345843066776099,0.262481894689381,0.166722344173436,0.0412996599370298,TRUE,199,199,0,"OK","P14-C002",51,20,437,0.17,"swmdk_like","medium","near_knot",5,29,-0.0261009116786504,0.00228832951945079,0,0.0700000000000003
"V4-SENS-TWO-STAGE-HBB-CLUSTER-v1","V4-TARGET-EQUAL-CLUSTER-v1",0.231809921855801,0.279737009112232,-0.0479270872564314,0.153204957637216,0.314430203208794,0.233817580423005,0.161225245571577,0.0421390312807466,TRUE,199,199,0,"OK","P14-C002",51,20,437,0.17,"swmdk_like","medium","near_knot",5,29,-0.0261009116786504,0.00228832951945079,0,0.0700000000000003
"V4-CMP-ONE-STAGE-CLUSTER-BB-RESP-v1","V4-TARGET-RESPONDENT-WEIGHTED-v1",0.253187276305605,0.279737009112232,-0.0265497328066271,0.186627525740718,0.31018125503369,0.248404390387204,0.123553729292972,0.0316675606061019,TRUE,199,199,0,"OK","P14-C002",51,20,437,0.17,"swmdk_like","medium","near_knot",5,29,-0.0261009116786504,0.00228832951945079,0,0.0700000000000003
"V4-CMP-IID-RESP-BB-v1","WORKING-INDEPENDENCE-RESPONDENT",0.253187276305605,0.279737009112232,-0.0265497328066271,0.211590202795218,0.301537728391449,0.256563965593333,0.0899475255962309,0.0238244078657851,TRUE,199,199,0,"OK","P14-C002",51,20,437,0.17,"swmdk_like","medium","near_knot",5,29,-0.0261009116786504,0.00228832951945079,0,0.0700000000000003
"V4-CMP-TWO-STAGE-FREQ-BOOT-RESP-v1","V4-TARGET-RESPONDENT-WEIGHTED-v1",0.253187276305605,0.279737009112232,-0.0265497328066271,0.168568625130001,0.329719769549262,0.249144197339631,0.16115114441926,0.042351738358391,TRUE,199,199,0,"OK","P14-C002",51,20,437,0.17,"swmdk_like","medium","near_knot",5,29,-0.0261009116786504,0.00228832951945079,0,0.0700000000000003
"V4-CMP-MOKKEN-TWOLEVEL-DELTA-v1","V4-TARGET-RESPONDENT-WEIGHTED-v1",0.253187276305607,0.279737009112232,-0.0265497328066249,0.190503191539466,0.315871361071748,0.253187276305607,0.125368169532282,0.0319822635826909,TRUE,,,0,"OK","P14-C002",51,20,437,0.17,"swmdk_like","medium","near_knot",5,29,-0.0261009116786504,0.00228832951945079,0,0.0700000000000003
"V4-PRI-TWO-STAGE-HBB-RESP-v1","V4-TARGET-RESPONDENT-WEIGHTED-v1",0.250240329751184,0.279737009112232,-0.0294966793610477,0.164395768563673,0.331097407080576,0.247746587822124,0.166701638516903,0.0389148798540543,TRUE,199,199,0,"OK","P14-C002",52,20,399,0.17,"swmdk_like","medium","near_knot",5,28,0.0415644934137433,0.00250626566416046,0,0.0660000000000007
"V4-SENS-TWO-STAGE-HBB-CLUSTER-v1","V4-TARGET-EQUAL-CLUSTER-v1",0.218154956041979,0.279737009112232,-0.0615820530702532,0.145818469884934,0.285931031302098,0.215874750593516,0.140112561417163,0.037795170427916,TRUE,199,199,0,"OK","P14-C002",52,20,399,0.17,"swmdk_like","medium","near_knot",5,28,0.0415644934137433,0.00250626566416046,0,0.0660000000000007
"V4-CMP-ONE-STAGE-CLUSTER-BB-RESP-v1","V4-TARGET-RESPONDENT-WEIGHTED-v1",0.250240329751184,0.279737009112232,-0.0294966793610477,0.210311774805873,0.2937628724972,0.252037323651536,0.0834510976913272,0.0200820869392989,TRUE,199,199,0,"OK","P14-C002",52,20,399,0.17,"swmdk_like","medium","near_knot",5,28,0.0415644934137433,0.00250626566416046,0,0.0660000000000007
"V4-CMP-IID-RESP-BB-v1","WORKING-INDEPENDENCE-RESPONDENT",0.250240329751184,0.279737009112232,-0.0294966793610477,0.203332806115188,0.29663261583815,0.249982710976669,0.0932998097229615,0.0248875113379064,TRUE,199,199,0,"OK","P14-C002",52,20,399,0.17,"swmdk_like","medium","near_knot",5,28,0.0415644934137433,0.00250626566416046,0,0.0660000000000007
"V4-CMP-TWO-STAGE-FREQ-BOOT-RESP-v1","V4-TARGET-RESPONDENT-WEIGHTED-v1",0.250240329751184,0.279737009112232,-0.0294966793610477,0.192115763988719,0.309111915550545,0.250613839769632,0.116996151561825,0.0297459126784334,TRUE,199,199,0,"OK","P14-C002",52,20,399,0.17,"swmdk_like","medium","near_knot",5,28,0.0415644934137433,0.00250626566416046,0,0.0660000000000007
"V4-CMP-MOKKEN-TWOLEVEL-DELTA-v1","V4-TARGET-RESPONDENT-WEIGHTED-v1",0.250240329751201,0.279737009112232,-0.0294966793610307,0.197816794526516,0.302663864975886,0.250240329751201,0.10484707044937,0.0267471931311979,TRUE,,,0,"OK","P14-C002",52,20,399,0.17,"swmdk_like","medium","near_knot",5,28,0.0415644934137433,0.00250626566416046,0,0.0660000000000007
"V4-PRI-TWO-STAGE-HBB-RESP-v1","V4-TARGET-RESPONDENT-WEIGHTED-v1",0.312044597214832,0.279737009112232,0.0323075881025998,0.237938142664279,0.38287977103679,0.310408956850534,0.144941628372511,0.0385098138301862,TRUE,199,199,0,"OK","P14-C002",53,20,451,0.17,"swmdk_like","medium","near_knot",8,29,0.0967414425459546,0.00221729490022171,0,0.0839999999999996
"V4-SENS-TWO-STAGE-HBB-CLUSTER-v1","V4-TARGET-EQUAL-CLUSTER-v1",0.319393343349298,0.279737009112232,0.039656334237066,0.246966308193096,0.403383397416863,0.32517485280498,0.156417089223767,0.0382911905648884,TRUE,199,199,0,"OK","P14-C002",53,20,451,0.17,"swmdk_like","medium","near_knot",8,29,0.0967414425459546,0.00221729490022171,0,0.0839999999999996
"V4-CMP-ONE-STAGE-CLUSTER-BB-RESP-v1","V4-TARGET-RESPONDENT-WEIGHTED-v1",0.312044597214832,0.279737009112232,0.0323075881025998,0.26620484888226,0.36089741046201,0.313551129672135,0.0946925615797506,0.024199740892986,TRUE,199,199,0,"OK","P14-C002",53,20,451,0.17,"swmdk_like","medium","near_knot",8,29,0.0967414425459546,0.00221729490022171,0,0.0839999999999996
"V4-CMP-IID-RESP-BB-v1","WORKING-INDEPENDENCE-RESPONDENT",0.312044597214832,0.279737009112232,0.0323075881025998,0.262139371743651,0.357994420684219,0.310066896213935,0.0958550489405677,0.0268216289473586,TRUE,199,199,0,"OK","P14-C002",53,20,451,0.17,"swmdk_like","medium","near_knot",8,29,0.0967414425459546,0.00221729490022171,0,0.0839999999999996
"V4-CMP-TWO-STAGE-FREQ-BOOT-RESP-v1","V4-TARGET-RESPONDENT-WEIGHTED-v1",0.312044597214832,0.279737009112232,0.0323075881025998,0.237243145126941,0.381921656026534,0.309582400576738,0.144678510899593,0.0358562884956916,TRUE,199,199,0,"OK","P14-C002",53,20,451,0.17,"swmdk_like","medium","near_knot",8,29,0.0967414425459546,0.00221729490022171,0,0.0839999999999996
"V4-CMP-MOKKEN-TWOLEVEL-DELTA-v1","V4-TARGET-RESPONDENT-WEIGHTED-v1",0.312044597214838,0.279737009112232,0.0323075881026058,0.251562161607601,0.372527032822075,0.312044597214838,0.120964871214474,0.0308589525543913,TRUE,,,0,"OK","P14-C002",53,20,451,0.17,"swmdk_like","medium","near_knot",8,29,0.0967414425459546,0.00221729490022171,0,0.0839999999999996
"V4-PRI-TWO-STAGE-HBB-RESP-v1","V4-TARGET-RESPONDENT-WEIGHTED-v1",0.234022648386964,0.279737009112232,-0.0457143607252676,0.172752749110877,0.318660300118246,0.245706524614562,0.145907551007369,0.0375510455164543,TRUE,199,199,0,"OK","P14-C002",54,20,406,0.17,"swmdk_like","medium","near_knot",5,29,0.364935690630329,0.00246305418719212,0,0.0670000000000002
"V4-SENS-TWO-STAGE-HBB-CLUSTER-v1","V4-TARGET-EQUAL-CLUSTER-v1",0.252507300928225,0.279737009112232,-0.027229708184007,0.176882770482731,0.354516659616346,0.265699715049539,0.177633889133615,0.0439150175082792,TRUE,199,199,0,"OK","P14-C002",54,20,406,0.17,"swmdk_like","medium","near_knot",5,29,0.364935690630329,0.00246305418719212,0,0.0670000000000002
"V4-CMP-ONE-STAGE-CLUSTER-BB-RESP-v1","V4-TARGET-RESPONDENT-WEIGHTED-v1",0.234022648386964,0.279737009112232,-0.0457143607252676,0.199973493477963,0.271564659543109,0.235769076510536,0.0715911660651465,0.0184719946290827,FALSE,199,199,0,"OK","P14-C002",54,20,406,0.17,"swmdk_like","medium","near_knot",5,29,0.364935690630329,0.00246305418719212,0,0.0670000000000002
"V4-CMP-IID-RESP-BB-v1","WORKING-INDEPENDENCE-RESPONDENT",0.234022648386964,0.279737009112232,-0.0457143607252676,0.182237493054108,0.280719747976855,0.231478620515482,0.0984822549227476,0.0243548548700371,TRUE,199,199,0,"OK","P14-C002",54,20,406,0.17,"swmdk_like","medium","near_knot",5,29,0.364935690630329,0.00246305418719212,0,0.0670000000000002
"V4-CMP-TWO-STAGE-FREQ-BOOT-RESP-v1","V4-TARGET-RESPONDENT-WEIGHTED-v1",0.234022648386964,0.279737009112232,-0.0457143607252676,0.180308345271152,0.28699886101345,0.233653603142301,0.106690515742297,0.0281597126130663,TRUE,199,199,0,"OK","P14-C002",54,20,406,0.17,"swmdk_like","medium","near_knot",5,29,0.364935690630329,0.00246305418719212,0,0.0670000000000002
"V4-CMP-MOKKEN-TWOLEVEL-DELTA-v1","V4-TARGET-RESPONDENT-WEIGHTED-v1",0.234022648386954,0.279737009112232,-0.0457143607252782,0.186145598885143,0.281899697888765,0.234022648386954,0.095754099003622,0.0244275149336718,TRUE,,,0,"OK","P14-C002",54,20,406,0.17,"swmdk_like","medium","near_knot",5,29,0.364935690630329,0.00246305418719212,0,0.0670000000000002
"V4-PRI-TWO-STAGE-HBB-RESP-v1","V4-TARGET-RESPONDENT-WEIGHTED-v1",0.293128364328508,0.279737009112232,0.013391355216276,0.214161244884493,0.367355357145532,0.290758301015012,0.153194112261039,0.0396613741941436,TRUE,199,199,0,"OK","P14-C002",55,20,456,0.17,"swmdk_like","medium","near_knot",5,29,0.140727415458149,0.00438596491228072,0,0.0719999999999992
"V4-SENS-TWO-STAGE-HBB-CLUSTER-v1","V4-TARGET-EQUAL-CLUSTER-v1",0.280902198675559,0.279737009112232,0.00116518956332712,0.210649655115893,0.368048493666377,0.289349074391135,0.157398838550484,0.0404223807414673,TRUE,199,199,0,"OK","P14-C002",55,20,456,0.17,"swmdk_like","medium","near_knot",5,29,0.140727415458149,0.00438596491228072,0,0.0719999999999992
"V4-CMP-ONE-STAGE-CLUSTER-BB-RESP-v1","V4-TARGET-RESPONDENT-WEIGHTED-v1",0.293128364328508,0.279737009112232,0.013391355216276,0.230784304806213,0.349302320466974,0.290043312636594,0.118518015660761,0.0304105990434024,TRUE,199,199,0,"OK","P14-C002",55,20,456,0.17,"swmdk_like","medium","near_knot",5,29,0.140727415458149,0.00438596491228072,0,0.0719999999999992
"V4-CMP-IID-RESP-BB-v1","WORKING-INDEPENDENCE-RESPONDENT",0.293128364328508,0.279737009112232,0.013391355216276,0.250282865744181,0.340138429639518,0.295210647691849,0.0898555638953368,0.022884478458053,TRUE,199,199,0,"OK","P14-C002",55,20,456,0.17,"swmdk_like","medium","near_knot",5,29,0.140727415458149,0.00438596491228072,0,0.0719999999999992
"V4-CMP-TWO-STAGE-FREQ-BOOT-RESP-v1","V4-TARGET-RESPONDENT-WEIGHTED-v1",0.293128364328508,0.279737009112232,0.013391355216276,0.22079506724596,0.356559781204503,0.288677424225231,0.135764713958543,0.0352315225481959,TRUE,199,199,0,"OK","P14-C002",55,20,456,0.17,"swmdk_like","medium","near_knot",5,29,0.140727415458149,0.00438596491228072,0,0.0719999999999992
"V4-CMP-MOKKEN-TWOLEVEL-DELTA-v1","V4-TARGET-RESPONDENT-WEIGHTED-v1",0.293128364328518,0.279737009112232,0.0133913552162855,0.230371783652857,0.355884945004178,0.293128364328518,0.125513161351321,0.0320192519712996,TRUE,,,0,"OK","P14-C002",55,20,456,0.17,"swmdk_like","medium","near_knot",5,29,0.140727415458149,0.00438596491228072,0,0.0719999999999992
"V4-PRI-TWO-STAGE-HBB-RESP-v1","V4-TARGET-RESPONDENT-WEIGHTED-v1",0.293095757929584,0.279737009112232,0.0133587488173521,0.204438243097594,0.379070507101858,0.291754375099726,0.174632264004264,0.0450174236958197,TRUE,199,199,0,"OK","P14-C002",56,20,418,0.17,"swmdk_like","medium","near_knot",10,29,-0.0869734442431881,0.00478468899521534,0,0.0690000000000008
"V4-SENS-TWO-STAGE-HBB-CLUSTER-v1","V4-TARGET-EQUAL-CLUSTER-v1",0.29236129246102,0.279737009112232,0.0126242833487876,0.217028376314282,0.376761183173133,0.296894779743707,0.15973280685885,0.0415387911087154,TRUE,199,199,0,"OK","P14-C002",56,20,418,0.17,"swmdk_like","medium","near_knot",10,29,-0.0869734442431881,0.00478468899521534,0,0.0690000000000008
"V4-CMP-ONE-STAGE-CLUSTER-BB-RESP-v1","V4-TARGET-RESPONDENT-WEIGHTED-v1",0.293095757929584,0.279737009112232,0.0133587488173521,0.24366619935059,0.349657827149602,0.296662013250096,0.105991627799012,0.0265722669513584,TRUE,199,199,0,"OK","P14-C002",56,20,418,0.17,"swmdk_like","medium","near_knot",10,29,-0.0869734442431881,0.00478468899521534,0,0.0690000000000008
"V4-CMP-IID-RESP-BB-v1","WORKING-INDEPENDENCE-RESPONDENT",0.293095757929584,0.279737009112232,0.0133587488173521,0.247086032776902,0.344705604609038,0.29589581869297,0.0976195718321355,0.0244422127879617,TRUE,199,199,0,"OK","P14-C002",56,20,418,0.17,"swmdk_like","medium","near_knot",10,29,-0.0869734442431881,0.00478468899521534,0,0.0690000000000008
"V4-CMP-TWO-STAGE-FREQ-BOOT-RESP-v1","V4-TARGET-RESPONDENT-WEIGHTED-v1",0.293095757929584,0.279737009112232,0.0133587488173521,0.220602300320832,0.358528355619333,0.289565327970083,0.137926055298501,0.0353376683320453,TRUE,199,199,0,"OK","P14-C002",56,20,418,0.17,"swmdk_like","medium","near_knot",10,29,-0.0869734442431881,0.00478468899521534,0,0.0690000000000008
"V4-CMP-MOKKEN-TWOLEVEL-DELTA-v1","V4-TARGET-RESPONDENT-WEIGHTED-v1",0.293095757929595,0.279737009112232,0.0133587488173627,0.225419620215071,0.360771895644118,0.293095757929595,0.135352275429048,0.0345292761746362,TRUE,,,0,"OK","P14-C002",56,20,418,0.17,"swmdk_like","medium","near_knot",10,29,-0.0869734442431881,0.00478468899521534,0,0.0690000000000008
"V4-PRI-TWO-STAGE-HBB-RESP-v1","V4-TARGET-RESPONDENT-WEIGHTED-v1",0.315425747999504,0.279737009112232,0.0356887388872725,0.232148721541713,0.391688031626668,0.31191837658419,0.159539310084955,0.042347781958596,TRUE,199,199,0,"OK","P14-C002",57,20,414,0.17,"swmdk_like","medium","near_knot",5,29,0.127135185727823,0,1,0.0809999999999995
"V4-SENS-TWO-STAGE-HBB-CLUSTER-v1","V4-TARGET-EQUAL-CLUSTER-v1",0.326493140374063,0.279737009112232,0.0467561312618308,0.234987325990575,0.416531582986705,0.32575945448864,0.18154425699613,0.0453739946003887,TRUE,199,199,0,"OK","P14-C002",57,20,414,0.17,"swmdk_like","medium","near_knot",5,29,0.127135185727823,0,1,0.0809999999999995
"V4-CMP-ONE-STAGE-CLUSTER-BB-RESP-v1","V4-TARGET-RESPONDENT-WEIGHTED-v1",0.315425747999504,0.279737009112232,0.0356887388872725,0.255911737999887,0.370708538697283,0.313310138348585,0.114796800697396,0.0277929880428299,TRUE,199,199,0,"OK","P14-C002",57,20,414,0.17,"swmdk_like","medium","near_knot",5,29,0.127135185727823,0,1,0.0809999999999995
"V4-CMP-IID-RESP-BB-v1","WORKING-INDEPENDENCE-RESPONDENT",0.315425747999504,0.279737009112232,0.0356887388872725,0.260954998270969,0.362061273951254,0.311508136111112,0.101106275680286,0.0241827727356199,TRUE,199,199,0,"OK","P14-C002",57,20,414,0.17,"swmdk_like","medium","near_knot",5,29,0.127135185727823,0,1,0.0809999999999995
"V4-CMP-TWO-STAGE-FREQ-BOOT-RESP-v1","V4-TARGET-RESPONDENT-WEIGHTED-v1",0.315425747999504,0.279737009112232,0.0356887388872725,0.242092106921505,0.388466317386663,0.315279212154084,0.146374210465159,0.0376076220610946,TRUE,199,199,0,"OK","P14-C002",57,20,414,0.17,"swmdk_like","medium","near_knot",5,29,0.127135185727823,0,1,0.0809999999999995
"V4-CMP-MOKKEN-TWOLEVEL-DELTA-v1","V4-TARGET-RESPONDENT-WEIGHTED-v1",0.315425747999509,0.279737009112232,0.0356887388872769,0.254477516525715,0.376373979473302,0.315425747999509,0.121896462947587,0.0310966078736882,TRUE,,,0,"OK","P14-C002",57,20,414,0.17,"swmdk_like","medium","near_knot",5,29,0.127135185727823,0,1,0.0809999999999995
"V4-PRI-TWO-STAGE-HBB-RESP-v1","V4-TARGET-RESPONDENT-WEIGHTED-v1",0.305409623606492,0.279737009112232,0.0256726144942602,0.240569999631963,0.392712982563338,0.316641491097651,0.152142982931375,0.0393626664356612,TRUE,199,199,0,"OK","P14-C002",58,20,432,0.17,"swmdk_like","medium","near_knot",5,29,0.221792624534123,0.00231481481481488,0,0.0679999999999996
"V4-SENS-TWO-STAGE-HBB-CLUSTER-v1","V4-TARGET-EQUAL-CLUSTER-v1",0.334682751353164,0.279737009112232,0.0549457422409318,0.24822939222059,0.452650954978245,0.350440173599417,0.204421562757655,0.0488805383626328,TRUE,199,199,0,"OK","P14-C002",58,20,432,0.17,"swmdk_like","medium","near_knot",5,29,0.221792624534123,0.00231481481481488,0,0.0679999999999996
"V4-CMP-ONE-STAGE-CLUSTER-BB-RESP-v1","V4-TARGET-RESPONDENT-WEIGHTED-v1",0.305409623606492,0.279737009112232,0.0256726144942602,0.263303877453074,0.346882331395521,0.305093104424298,0.0835784539424465,0.0222773122868503,TRUE,199,199,0,"OK","P14-C002",58,20,432,0.17,"swmdk_like","medium","near_knot",5,29,0.221792624534123,0.00231481481481488,0,0.0679999999999996
"V4-CMP-IID-RESP-BB-v1","WORKING-INDEPENDENCE-RESPONDENT",0.305409623606492,0.279737009112232,0.0256726144942602,0.256728483070208,0.353145729981779,0.304937106525993,0.0964172469115703,0.0241082904057187,TRUE,199,199,0,"OK","P14-C002",58,20,432,0.17,"swmdk_like","medium","near_knot",5,29,0.221792624534123,0.00231481481481488,0,0.0679999999999996
"V4-CMP-TWO-STAGE-FREQ-BOOT-RESP-v1","V4-TARGET-RESPONDENT-WEIGHTED-v1",0.305409623606492,0.279737009112232,0.0256726144942602,0.237450235198881,0.375204237915457,0.306327236557169,0.137754002716576,0.0333796614372168,TRUE,199,199,0,"OK","P14-C002",58,20,432,0.17,"swmdk_like","medium","near_knot",5,29,0.221792624534123,0.00231481481481488,0,0.0679999999999996
"V4-CMP-MOKKEN-TWOLEVEL-DELTA-v1","V4-TARGET-RESPONDENT-WEIGHTED-v1",0.305409623606501,0.279737009112232,0.0256726144942694,0.249153773785888,0.361665473427115,0.305409623606501,0.112511699641228,0.0287024916092095,TRUE,,,0,"OK","P14-C002",58,20,432,0.17,"swmdk_like","medium","near_knot",5,29,0.221792624534123,0.00231481481481488,0,0.0679999999999996
"V4-PRI-TWO-STAGE-HBB-RESP-v1","V4-TARGET-RESPONDENT-WEIGHTED-v1",0.274837694917,0.279737009112232,-0.0048993141952316,0.196884240463682,0.364374517280797,0.28062937887224,0.167490276817115,0.0392850077511889,TRUE,199,199,0,"OK","P14-C002",59,20,481,0.17,"swmdk_like","medium","near_knot",15,29,-0.358503376162539,0.00207900207900213,0,0.0740000000000016
"V4-SENS-TWO-STAGE-HBB-CLUSTER-v1","V4-TARGET-EQUAL-CLUSTER-v1",0.280595416574448,0.279737009112232,0.000858407462216437,0.212956212157443,0.354023548917191,0.283489880537317,0.141067336759748,0.0399783988255051,TRUE,199,199,0,"OK","P14-C002",59,20,481,0.17,"swmdk_like","medium","near_knot",15,29,-0.358503376162539,0.00207900207900213,0,0.0740000000000016
"V4-CMP-ONE-STAGE-CLUSTER-BB-RESP-v1","V4-TARGET-RESPONDENT-WEIGHTED-v1",0.274837694917,0.279737009112232,-0.0048993141952316,0.224554748021707,0.319126115159769,0.271840431590738,0.0945713671380619,0.0242037485904802,TRUE,199,199,0,"OK","P14-C002",59,20,481,0.17,"swmdk_like","medium","near_knot",15,29,-0.358503376162539,0.00207900207900213,0,0.0740000000000016
"V4-CMP-IID-RESP-BB-v1","WORKING-INDEPENDENCE-RESPONDENT",0.274837694917,0.279737009112232,-0.0048993141952316,0.233594753181198,0.314350851474268,0.273972802327733,0.0807560982930698,0.02101996957386,TRUE,199,199,0,"OK","P14-C002",59,20,481,0.17,"swmdk_like","medium","near_knot",15,29,-0.358503376162539,0.00207900207900213,0,0.0740000000000016
"V4-CMP-TWO-STAGE-FREQ-BOOT-RESP-v1","V4-TARGET-RESPONDENT-WEIGHTED-v1",0.274837694917,0.279737009112232,-0.0048993141952316,0.192723731672586,0.321420947594788,0.257072339633687,0.128697215922202,0.0310650474587209,TRUE,199,199,0,"OK","P14-C002",59,20,481,0.17,"swmdk_like","medium","near_knot",15,29,-0.358503376162539,0.00207900207900213,0,0.0740000000000016
"V4-CMP-MOKKEN-TWOLEVEL-DELTA-v1","V4-TARGET-RESPONDENT-WEIGHTED-v1",0.274837694917024,0.279737009112232,-0.00489931419520784,0.211129504448903,0.338545885385145,0.274837694917024,0.127416380936241,0.0325047760931541,TRUE,,,0,"OK","P14-C002",59,20,481,0.17,"swmdk_like","medium","near_knot",15,29,-0.358503376162539,0.00207900207900213,0,0.0740000000000016
"V4-PRI-TWO-STAGE-HBB-RESP-v1","V4-TARGET-RESPONDENT-WEIGHTED-v1",0.244302043273464,0.279737009112232,-0.0354349658387675,0.168468285210166,0.320126761771809,0.244297523490987,0.151658476561643,0.0395365233184454,TRUE,199,199,0,"OK","P14-C002",60,20,424,0.17,"swmdk_like","medium","near_knot",8,28,-0.215300497571197,0,1,0.0689999999999991
"V4-SENS-TWO-STAGE-HBB-CLUSTER-v1","V4-TARGET-EQUAL-CLUSTER-v1",0.243364372107732,0.279737009112232,-0.0363726370044996,0.168677391245356,0.329994223162548,0.249335807203952,0.161316831917193,0.0399862104017272,TRUE,199,199,0,"OK","P14-C002",60,20,424,0.17,"swmdk_like","medium","near_knot",8,28,-0.215300497571197,0,1,0.0689999999999991
"V4-CMP-ONE-STAGE-CLUSTER-BB-RESP-v1","V4-TARGET-RESPONDENT-WEIGHTED-v1",0.244302043273464,0.279737009112232,-0.0354349658387675,0.191954858424829,0.290904028235279,0.241429443330054,0.09894916981045,0.0259011349515823,TRUE,199,199,0,"OK","P14-C002",60,20,424,0.17,"swmdk_like","medium","near_knot",8,28,-0.215300497571197,0,1,0.0689999999999991
"V4-CMP-IID-RESP-BB-v1","WORKING-INDEPENDENCE-RESPONDENT",0.244302043273464,0.279737009112232,-0.0354349658387675,0.185533502623485,0.301439910507203,0.243486706565344,0.115906407883718,0.027864751223346,TRUE,199,199,0,"OK","P14-C002",60,20,424,0.17,"swmdk_like","medium","near_knot",8,28,-0.215300497571197,0,1,0.0689999999999991
"V4-CMP-TWO-STAGE-FREQ-BOOT-RESP-v1","V4-TARGET-RESPONDENT-WEIGHTED-v1",0.244302043273464,0.279737009112232,-0.0354349658387675,0.161584249713071,0.304577039601623,0.233080644657347,0.142992789888552,0.0349899590316581,TRUE,199,199,0,"OK","P14-C002",60,20,424,0.17,"swmdk_like","medium","near_knot",8,28,-0.215300497571197,0,1,0.0689999999999991
"V4-CMP-MOKKEN-TWOLEVEL-DELTA-v1","V4-TARGET-RESPONDENT-WEIGHTED-v1",0.244302043273455,0.279737009112232,-0.0354349658387774,0.181786611783918,0.306817474762991,0.244302043273455,0.125030862979073,0.0318962144114128,TRUE,,,0,"OK","P14-C002",60,20,424,0.17,"swmdk_like","medium","near_knot",8,28,-0.215300497571197,0,1,0.0689999999999991
