"method_id","target_id","point_estimate","truth","bias","lower","upper","center","interval_length","se_equivalent","cover","defined_draws","total_draws","invalid_fraction","status","cell_id","replication","G","N","latent_icc","size_mechanism","strength","regularity","minimum_cluster_size","maximum_cluster_size","size_effect_correlation","sample_minimum_internal_cdf_gap","sample_exact_knot_count","replication_elapsed_seconds"
"V4-PRI-TWO-STAGE-HBB-RESP-v1","V4-TARGET-RESPONDENT-WEIGHTED-v1",0.463621654679811,0.470076218787706,-0.00645456410789502,0.40270148232224,0.52364707178488,0.46317427705356,0.12094558946264,0.0315795971572855,TRUE,199,199,0,"OK","P14-C017",1,50,1000,0.17,"balanced","strong","near_knot",20,20,0,0,1,0.155999999999992
"V4-SENS-TWO-STAGE-HBB-CLUSTER-v1","V4-TARGET-EQUAL-CLUSTER-v1",0.463621654679811,0.470076218787706,-0.00645456410789502,0.398363119010978,0.51908719806898,0.458725158539979,0.120724079058002,0.0309901342791628,TRUE,199,199,0,"OK","P14-C017",1,50,1000,0.17,"balanced","strong","near_knot",20,20,0,0,1,0.155999999999992
"V4-CMP-ONE-STAGE-CLUSTER-BB-RESP-v1","V4-TARGET-RESPONDENT-WEIGHTED-v1",0.463621654679811,0.470076218787706,-0.00645456410789502,0.422096772335291,0.502447580366365,0.462272176350828,0.080350808031074,0.0196404194502939,TRUE,199,199,0,"OK","P14-C017",1,50,1000,0.17,"balanced","strong","near_knot",20,20,0,0,1,0.155999999999992
"V4-CMP-IID-RESP-BB-v1","WORKING-INDEPENDENCE-RESPONDENT",0.463621654679811,0.470076218787706,-0.00645456410789502,0.433528870138655,0.499225528741796,0.466377199440225,0.0656966586031415,0.0160338589703379,TRUE,199,199,0,"OK","P14-C017",1,50,1000,0.17,"balanced","strong","near_knot",20,20,0,0,1,0.155999999999992
"V4-CMP-TWO-STAGE-FREQ-BOOT-RESP-v1","V4-TARGET-RESPONDENT-WEIGHTED-v1",0.463621654679811,0.470076218787706,-0.00645456410789502,0.408759568438659,0.522099229753262,0.46542939909596,0.113339661314603,0.0258861613603116,TRUE,199,199,0,"OK","P14-C017",1,50,1000,0.17,"balanced","strong","near_knot",20,20,0,0,1,0.155999999999992
"V4-CMP-MOKKEN-TWOLEVEL-DELTA-v1","V4-TARGET-RESPONDENT-WEIGHTED-v1",0.463621654679804,0.470076218787706,-0.00645456410790224,0.41320710639509,0.514036202964517,0.463621654679804,0.100829096569427,0.0257221809596385,TRUE,,,0,"OK","P14-C017",1,50,1000,0.17,"balanced","strong","near_knot",20,20,0,0,1,0.155999999999992
"V4-PRI-TWO-STAGE-HBB-RESP-v1","V4-TARGET-RESPONDENT-WEIGHTED-v1",0.510652922469692,0.470076218787706,0.0405767036819857,0.460592141196047,0.564074066316325,0.512333103756186,0.103481925120278,0.0261326043462671,TRUE,199,199,0,"OK","P14-C017",2,50,1000,0.17,"balanced","strong","near_knot",20,20,0,0.001,0,0.155000000000001
"V4-SENS-TWO-STAGE-HBB-CLUSTER-v1","V4-TARGET-EQUAL-CLUSTER-v1",0.510652922469692,0.470076218787706,0.0405767036819857,0.463750057410507,0.56514523511789,0.514447646264199,0.101395177707384,0.0270206339037575,TRUE,199,199,0,"OK","P14-C017",2,50,1000,0.17,"balanced","strong","near_knot",20,20,0,0.001,0,0.155000000000001
"V4-CMP-ONE-STAGE-CLUSTER-BB-RESP-v1","V4-TARGET-RESPONDENT-WEIGHTED-v1",0.510652922469692,0.470076218787706,0.0405767036819857,0.482424898820332,0.539243422991633,0.510834160905982,0.0568185241713008,0.0153238091454317,FALSE,199,199,0,"OK","P14-C017",2,50,1000,0.17,"balanced","strong","near_knot",20,20,0,0.001,0,0.155000000000001
"V4-CMP-IID-RESP-BB-v1","WORKING-INDEPENDENCE-RESPONDENT",0.510652922469692,0.470076218787706,0.0405767036819857,0.470348376027287,0.538888478820617,0.504618427423952,0.0685401027933303,0.0153682027860504,FALSE,199,199,0,"OK","P14-C017",2,50,1000,0.17,"balanced","strong","near_knot",20,20,0,0.001,0,0.155000000000001
"V4-CMP-TWO-STAGE-FREQ-BOOT-RESP-v1","V4-TARGET-RESPONDENT-WEIGHTED-v1",0.510652922469692,0.470076218787706,0.0405767036819857,0.462634271731071,0.558810364311609,0.51072231802134,0.0961760925805379,0.025458126728704,TRUE,199,199,0,"OK","P14-C017",2,50,1000,0.17,"balanced","strong","near_knot",20,20,0,0.001,0,0.155000000000001
"V4-CMP-MOKKEN-TWOLEVEL-DELTA-v1","V4-TARGET-RESPONDENT-WEIGHTED-v1",0.510652922469689,0.470076218787706,0.0405767036819833,0.467755712568554,0.553550132370825,0.510652922469689,0.0857944198022713,0.0218867337560809,TRUE,,,0,"OK","P14-C017",2,50,1000,0.17,"balanced","strong","near_knot",20,20,0,0.001,0,0.155000000000001
"V4-PRI-TWO-STAGE-HBB-RESP-v1","V4-TARGET-RESPONDENT-WEIGHTED-v1",0.473821041230216,0.470076218787706,0.00374482244251007,0.420984746031449,0.532040012389707,0.476512379210578,0.111055266358258,0.0289112253454986,TRUE,199,199,0,"OK","P14-C017",3,50,1000,0.17,"balanced","strong","near_knot",20,20,0,0.001,0,0.150000000000006
"V4-SENS-TWO-STAGE-HBB-CLUSTER-v1","V4-TARGET-EQUAL-CLUSTER-v1",0.473821041230216,0.470076218787706,0.00374482244251007,0.411907920584023,0.52522979683009,0.468568858707057,0.113321876246067,0.029214915772448,TRUE,199,199,0,"OK","P14-C017",3,50,1000,0.17,"balanced","strong","near_knot",20,20,0,0.001,0,0.150000000000006
"V4-CMP-ONE-STAGE-CLUSTER-BB-RESP-v1","V4-TARGET-RESPONDENT-WEIGHTED-v1",0.473821041230216,0.470076218787706,0.00374482244251007,0.43548646066323,0.505557118934794,0.470521789799012,0.070070658271565,0.0184541343948276,TRUE,199,199,0,"OK","P14-C017",3,50,1000,0.17,"balanced","strong","near_knot",20,20,0,0.001,0,0.150000000000006
"V4-CMP-IID-RESP-BB-v1","WORKING-INDEPENDENCE-RESPONDENT",0.473821041230216,0.470076218787706,0.00374482244251007,0.442019060307807,0.51368615761863,0.477852608963219,0.071667097310823,0.0180813850149729,TRUE,199,199,0,"OK","P14-C017",3,50,1000,0.17,"balanced","strong","near_knot",20,20,0,0.001,0,0.150000000000006
"V4-CMP-TWO-STAGE-FREQ-BOOT-RESP-v1","V4-TARGET-RESPONDENT-WEIGHTED-v1",0.473821041230216,0.470076218787706,0.00374482244251007,0.423611955661167,0.531438035554885,0.477524995608026,0.107826079893718,0.0253885491641926,TRUE,199,199,0,"OK","P14-C017",3,50,1000,0.17,"balanced","strong","near_knot",20,20,0,0.001,0,0.150000000000006
"V4-CMP-MOKKEN-TWOLEVEL-DELTA-v1","V4-TARGET-RESPONDENT-WEIGHTED-v1",0.473821041230211,0.470076218787706,0.00374482244250496,0.425975767484866,0.521666314975556,0.473821041230211,0.0956905474906898,0.0244113025151188,TRUE,,,0,"OK","P14-C017",3,50,1000,0.17,"balanced","strong","near_knot",20,20,0,0.001,0,0.150000000000006
"V4-PRI-TWO-STAGE-HBB-RESP-v1","V4-TARGET-RESPONDENT-WEIGHTED-v1",0.47339604549295,0.470076218787706,0.00331982670524417,0.417253575090797,0.535220403011108,0.476236989050953,0.11796682792031,0.0274043231260736,TRUE,199,199,0,"OK","P14-C017",4,50,1000,0.17,"balanced","strong","near_knot",20,20,0,0.002,0,0.165000000000006
"V4-SENS-TWO-STAGE-HBB-CLUSTER-v1","V4-TARGET-EQUAL-CLUSTER-v1",0.47339604549295,0.470076218787706,0.00331982670524417,0.415703714042718,0.528231208723105,0.471967461382912,0.112527494680387,0.0287228884260007,TRUE,199,199,0,"OK","P14-C017",4,50,1000,0.17,"balanced","strong","near_knot",20,20,0,0.002,0,0.165000000000006
"V4-CMP-ONE-STAGE-CLUSTER-BB-RESP-v1","V4-TARGET-RESPONDENT-WEIGHTED-v1",0.47339604549295,0.470076218787706,0.00331982670524417,0.441582233104583,0.505517272278507,0.473549752691545,0.0639350391739235,0.016395257862504,TRUE,199,199,0,"OK","P14-C017",4,50,1000,0.17,"balanced","strong","near_knot",20,20,0,0.002,0,0.165000000000006
"V4-CMP-IID-RESP-BB-v1","WORKING-INDEPENDENCE-RESPONDENT",0.47339604549295,0.470076218787706,0.00331982670524417,0.44185366061226,0.509933078434976,0.475893369523618,0.0680794178227165,0.0175138939036347,TRUE,199,199,0,"OK","P14-C017",4,50,1000,0.17,"balanced","strong","near_knot",20,20,0,0.002,0,0.165000000000006
"V4-CMP-TWO-STAGE-FREQ-BOOT-RESP-v1","V4-TARGET-RESPONDENT-WEIGHTED-v1",0.47339604549295,0.470076218787706,0.00331982670524417,0.422320694849009,0.518573180209657,0.470446937529333,0.0962524853606474,0.0238732100849594,TRUE,199,199,0,"OK","P14-C017",4,50,1000,0.17,"balanced","strong","near_knot",20,20,0,0.002,0,0.165000000000006
"V4-CMP-MOKKEN-TWOLEVEL-DELTA-v1","V4-TARGET-RESPONDENT-WEIGHTED-v1",0.473396045492945,0.470076218787706,0.00331982670523934,0.427180225533705,0.519611865452186,0.473396045492945,0.0924316399184804,0.0235799332660114,TRUE,,,0,"OK","P14-C017",4,50,1000,0.17,"balanced","strong","near_knot",20,20,0,0.002,0,0.165000000000006
"V4-PRI-TWO-STAGE-HBB-RESP-v1","V4-TARGET-RESPONDENT-WEIGHTED-v1",0.468464080792999,0.470076218787706,-0.00161213799470711,0.411557432396928,0.516675146286035,0.464116289341482,0.105117713889107,0.0279705071674306,TRUE,199,199,0,"OK","P14-C017",5,50,1000,0.17,"balanced","strong","near_knot",20,20,0,0.004,0,0.163999999999987
"V4-SENS-TWO-STAGE-HBB-CLUSTER-v1","V4-TARGET-EQUAL-CLUSTER-v1",0.468464080792999,0.470076218787706,-0.00161213799470711,0.41980202170088,0.511553380461372,0.465677701081126,0.0917513587604917,0.0238920575510492,TRUE,199,199,0,"OK","P14-C017",5,50,1000,0.17,"balanced","strong","near_knot",20,20,0,0.004,0,0.163999999999987
"V4-CMP-ONE-STAGE-CLUSTER-BB-RESP-v1","V4-TARGET-RESPONDENT-WEIGHTED-v1",0.468464080792999,0.470076218787706,-0.00161213799470711,0.442145656564156,0.503706506106884,0.47292608133552,0.0615608495427277,0.0152891402988366,TRUE,199,199,0,"OK","P14-C017",5,50,1000,0.17,"balanced","strong","near_knot",20,20,0,0.004,0,0.163999999999987
"V4-CMP-IID-RESP-BB-v1","WORKING-INDEPENDENCE-RESPONDENT",0.468464080792999,0.470076218787706,-0.00161213799470711,0.439224640466361,0.497939007010275,0.468581823738318,0.0587143665439145,0.014927336433615,TRUE,199,199,0,"OK","P14-C017",5,50,1000,0.17,"balanced","strong","near_knot",20,20,0,0.004,0,0.163999999999987
"V4-CMP-TWO-STAGE-FREQ-BOOT-RESP-v1","V4-TARGET-RESPONDENT-WEIGHTED-v1",0.468464080792999,0.470076218787706,-0.00161213799470711,0.42356327395077,0.513461972243616,0.468512623097193,0.0898986982928463,0.0220761276845347,TRUE,199,199,0,"OK","P14-C017",5,50,1000,0.17,"balanced","strong","near_knot",20,20,0,0.004,0,0.163999999999987
"V4-CMP-MOKKEN-TWOLEVEL-DELTA-v1","V4-TARGET-RESPONDENT-WEIGHTED-v1",0.468464080792992,0.470076218787706,-0.00161213799471371,0.423232675709755,0.51369548587623,0.468464080792992,0.0904628101664742,0.0230776715490778,TRUE,,,0,"OK","P14-C017",5,50,1000,0.17,"balanced","strong","near_knot",20,20,0,0.004,0,0.163999999999987
"V4-PRI-TWO-STAGE-HBB-RESP-v1","V4-TARGET-RESPONDENT-WEIGHTED-v1",0.447755081346202,0.470076218787706,-0.0223211374415043,0.39370750845749,0.49731426691337,0.44551088768543,0.10360675845588,0.0262108603842082,TRUE,199,199,0,"OK","P14-C017",6,50,1000,0.17,"balanced","strong","near_knot",20,20,0,0,1,0.15100000000001
"V4-SENS-TWO-STAGE-HBB-CLUSTER-v1","V4-TARGET-EQUAL-CLUSTER-v1",0.447755081346202,0.470076218787706,-0.0223211374415043,0.403182950756463,0.499788603053629,0.451485776905046,0.0966056522971666,0.0259010027691213,TRUE,199,199,0,"OK","P14-C017",6,50,1000,0.17,"balanced","strong","near_knot",20,20,0,0,1,0.15100000000001
"V4-CMP-ONE-STAGE-CLUSTER-BB-RESP-v1","V4-TARGET-RESPONDENT-WEIGHTED-v1",0.447755081346202,0.470076218787706,-0.0223211374415043,0.416491603557754,0.484761314368725,0.45062645896324,0.068269710810971,0.0167644992974603,TRUE,199,199,0,"OK","P14-C017",6,50,1000,0.17,"balanced","strong","near_knot",20,20,0,0,1,0.15100000000001
"V4-CMP-IID-RESP-BB-v1","WORKING-INDEPENDENCE-RESPONDENT",0.447755081346202,0.470076218787706,-0.0223211374415043,0.411373322161004,0.47838902871482,0.444881175437912,0.0670157065538151,0.0169476770569856,TRUE,199,199,0,"OK","P14-C017",6,50,1000,0.17,"balanced","strong","near_knot",20,20,0,0,1,0.15100000000001
"V4-CMP-TWO-STAGE-FREQ-BOOT-RESP-v1","V4-TARGET-RESPONDENT-WEIGHTED-v1",0.447755081346202,0.470076218787706,-0.0223211374415043,0.401458851422592,0.497127499953932,0.449293175688262,0.0956686485313403,0.0243663271027475,TRUE,199,199,0,"OK","P14-C017",6,50,1000,0.17,"balanced","strong","near_knot",20,20,0,0,1,0.15100000000001
"V4-CMP-MOKKEN-TWOLEVEL-DELTA-v1","V4-TARGET-RESPONDENT-WEIGHTED-v1",0.447755081346196,0.470076218787706,-0.0223211374415099,0.401470698223856,0.494039464468536,0.447755081346196,0.0925687662446799,0.0236149151144742,TRUE,,,0,"OK","P14-C017",6,50,1000,0.17,"balanced","strong","near_knot",20,20,0,0,1,0.15100000000001
"V4-PRI-TWO-STAGE-HBB-RESP-v1","V4-TARGET-RESPONDENT-WEIGHTED-v1",0.471753301527793,0.470076218787706,0.0016770827400871,0.412515366801399,0.531268211949693,0.471891789375546,0.118752845148294,0.0309255611936425,TRUE,199,199,0,"OK","P14-C017",7,50,1000,0.17,"balanced","strong","near_knot",20,20,0,0.002,0,0.150999999999996
"V4-SENS-TWO-STAGE-HBB-CLUSTER-v1","V4-TARGET-EQUAL-CLUSTER-v1",0.471753301527793,0.470076218787706,0.0016770827400871,0.417411807429646,0.520171678329219,0.468791742879432,0.102759870899573,0.0278691762156669,TRUE,199,199,0,"OK","P14-C017",7,50,1000,0.17,"balanced","strong","near_knot",20,20,0,0.002,0,0.150999999999996
"V4-CMP-ONE-STAGE-CLUSTER-BB-RESP-v1","V4-TARGET-RESPONDENT-WEIGHTED-v1",0.471753301527793,0.470076218787706,0.0016770827400871,0.432875574434252,0.508654766065272,0.470765170249762,0.0757791916310201,0.0184987519579258,TRUE,199,199,0,"OK","P14-C017",7,50,1000,0.17,"balanced","strong","near_knot",20,20,0,0.002,0,0.150999999999996
"V4-CMP-IID-RESP-BB-v1","WORKING-INDEPENDENCE-RESPONDENT",0.471753301527793,0.470076218787706,0.0016770827400871,0.442620217909538,0.504296288661766,0.473458253285652,0.0616760707522276,0.015655517531194,TRUE,199,199,0,"OK","P14-C017",7,50,1000,0.17,"balanced","strong","near_knot",20,20,0,0.002,0,0.150999999999996
"V4-CMP-TWO-STAGE-FREQ-BOOT-RESP-v1","V4-TARGET-RESPONDENT-WEIGHTED-v1",0.471753301527793,0.470076218787706,0.0016770827400871,0.42170160483621,0.518785318051309,0.47024346144376,0.0970837132150989,0.0251162955448131,TRUE,199,199,0,"OK","P14-C017",7,50,1000,0.17,"balanced","strong","near_knot",20,20,0,0.002,0,0.150999999999996
"V4-CMP-MOKKEN-TWOLEVEL-DELTA-v1","V4-TARGET-RESPONDENT-WEIGHTED-v1",0.471753301527788,0.470076218787706,0.00167708274008194,0.423269610193192,0.520236992862384,0.471753301527788,0.0969673826691912,0.0247370317602919,TRUE,,,0,"OK","P14-C017",7,50,1000,0.17,"balanced","strong","near_knot",20,20,0,0.002,0,0.150999999999996
"V4-PRI-TWO-STAGE-HBB-RESP-v1","V4-TARGET-RESPONDENT-WEIGHTED-v1",0.429524017534733,0.470076218787706,-0.0405522012529728,0.379154858521904,0.4782906692838,0.428722763902852,0.0991358107618963,0.024912735714408,TRUE,199,199,0,"OK","P14-C017",8,50,1000,0.17,"balanced","strong","near_knot",20,20,0,0.002,0,0.153000000000006
"V4-SENS-TWO-STAGE-HBB-CLUSTER-v1","V4-TARGET-EQUAL-CLUSTER-v1",0.429524017534733,0.470076218787706,-0.0405522012529728,0.370387373265116,0.482210731462906,0.426299052364011,0.11182335819779,0.0273097827219681,TRUE,199,199,0,"OK","P14-C017",8,50,1000,0.17,"balanced","strong","near_knot",20,20,0,0.002,0,0.153000000000006
"V4-CMP-ONE-STAGE-CLUSTER-BB-RESP-v1","V4-TARGET-RESPONDENT-WEIGHTED-v1",0.429524017534733,0.470076218787706,-0.0405522012529728,0.392644118292258,0.461046607645288,0.426845362968773,0.0684024893530301,0.0164920434651983,FALSE,199,199,0,"OK","P14-C017",8,50,1000,0.17,"balanced","strong","near_knot",20,20,0,0.002,0,0.153000000000006
"V4-CMP-IID-RESP-BB-v1","WORKING-INDEPENDENCE-RESPONDENT",0.429524017534733,0.470076218787706,-0.0405522012529728,0.391340905726435,0.462051920918058,0.426696413322247,0.0707110151916229,0.0165870838337954,FALSE,199,199,0,"OK","P14-C017",8,50,1000,0.17,"balanced","strong","near_knot",20,20,0,0.002,0,0.153000000000006
"V4-CMP-TWO-STAGE-FREQ-BOOT-RESP-v1","V4-TARGET-RESPONDENT-WEIGHTED-v1",0.429524017534733,0.470076218787706,-0.0405522012529728,0.381144392361344,0.4689556728236,0.425050032592472,0.0878112804622552,0.023252772856493,FALSE,199,199,0,"OK","P14-C017",8,50,1000,0.17,"balanced","strong","near_knot",20,20,0,0.002,0,0.153000000000006
"V4-CMP-MOKKEN-TWOLEVEL-DELTA-v1","V4-TARGET-RESPONDENT-WEIGHTED-v1",0.429524017534727,0.470076218787706,-0.0405522012529786,0.382049155967366,0.476998879102089,0.429524017534727,0.0949497231347225,0.0242223132373028,TRUE,,,0,"OK","P14-C017",8,50,1000,0.17,"balanced","strong","near_knot",20,20,0,0.002,0,0.153000000000006
"V4-PRI-TWO-STAGE-HBB-RESP-v1","V4-TARGET-RESPONDENT-WEIGHTED-v1",0.465648253323559,0.470076218787706,-0.0044279654641472,0.408546398201775,0.513662141653422,0.461104269927598,0.105115743451646,0.0271621577683053,TRUE,199,199,0,"OK","P14-C017",9,50,1000,0.17,"balanced","strong","near_knot",20,20,0,0.001,0,0.163999999999987
"V4-SENS-TWO-STAGE-HBB-CLUSTER-v1","V4-TARGET-EQUAL-CLUSTER-v1",0.465648253323559,0.470076218787706,-0.0044279654641472,0.416263447573985,0.515052510362109,0.465657978968047,0.0987890627881244,0.0254951563512816,TRUE,199,199,0,"OK","P14-C017",9,50,1000,0.17,"balanced","strong","near_knot",20,20,0,0.001,0,0.163999999999987
"V4-CMP-ONE-STAGE-CLUSTER-BB-RESP-v1","V4-TARGET-RESPONDENT-WEIGHTED-v1",0.465648253323559,0.470076218787706,-0.0044279654641472,0.435828731681872,0.493261287276633,0.464545009479252,0.0574325555947605,0.0141946553476021,TRUE,199,199,0,"OK","P14-C017",9,50,1000,0.17,"balanced","strong","near_knot",20,20,0,0.001,0,0.163999999999987
"V4-CMP-IID-RESP-BB-v1","WORKING-INDEPENDENCE-RESPONDENT",0.465648253323559,0.470076218787706,-0.0044279654641472,0.43380268067909,0.49464827749407,0.46422547908658,0.0608455968149797,0.0154774929388379,TRUE,199,199,0,"OK","P14-C017",9,50,1000,0.17,"balanced","strong","near_knot",20,20,0,0.001,0,0.163999999999987
"V4-CMP-TWO-STAGE-FREQ-BOOT-RESP-v1","V4-TARGET-RESPONDENT-WEIGHTED-v1",0.465648253323559,0.470076218787706,-0.0044279654641472,0.422907407797913,0.499803132746743,0.461355270272328,0.0768957249488298,0.0208132924499476,TRUE,199,199,0,"OK","P14-C017",9,50,1000,0.17,"balanced","strong","near_knot",20,20,0,0.001,0,0.163999999999987
"V4-CMP-MOKKEN-TWOLEVEL-DELTA-v1","V4-TARGET-RESPONDENT-WEIGHTED-v1",0.465648253323553,0.470076218787706,-0.00442796546415281,0.424468733772697,0.506827772874409,0.465648253323553,0.0823590391017117,0.0210103450245386,TRUE,,,0,"OK","P14-C017",9,50,1000,0.17,"balanced","strong","near_knot",20,20,0,0.001,0,0.163999999999987
"V4-PRI-TWO-STAGE-HBB-RESP-v1","V4-TARGET-RESPONDENT-WEIGHTED-v1",0.443242018459988,0.470076218787706,-0.0268342003277179,0.396735194431145,0.498613159742898,0.447674177087022,0.101877965311753,0.0255598181117131,TRUE,199,199,0,"OK","P14-C017",10,50,1000,0.17,"balanced","strong","near_knot",20,20,0,0.001,0,0.15100000000001
"V4-SENS-TWO-STAGE-HBB-CLUSTER-v1","V4-TARGET-EQUAL-CLUSTER-v1",0.443242018459988,0.470076218787706,-0.0268342003277179,0.396146060878737,0.51304833899738,0.454597199938059,0.116902278118642,0.028932947334305,TRUE,199,199,0,"OK","P14-C017",10,50,1000,0.17,"balanced","strong","near_knot",20,20,0,0.001,0,0.15100000000001
"V4-CMP-ONE-STAGE-CLUSTER-BB-RESP-v1","V4-TARGET-RESPONDENT-WEIGHTED-v1",0.443242018459988,0.470076218787706,-0.0268342003277179,0.408953517252746,0.485489899779589,0.447221708516168,0.0765363825268429,0.0189228406620258,TRUE,199,199,0,"OK","P14-C017",10,50,1000,0.17,"balanced","strong","near_knot",20,20,0,0.001,0,0.15100000000001
"V4-CMP-IID-RESP-BB-v1","WORKING-INDEPENDENCE-RESPONDENT",0.443242018459988,0.470076218787706,-0.0268342003277179,0.406013195436125,0.474949107211604,0.440481151323865,0.0689359117754789,0.0163260620172898,TRUE,199,199,0,"OK","P14-C017",10,50,1000,0.17,"balanced","strong","near_knot",20,20,0,0.001,0,0.15100000000001
"V4-CMP-TWO-STAGE-FREQ-BOOT-RESP-v1","V4-TARGET-RESPONDENT-WEIGHTED-v1",0.443242018459988,0.470076218787706,-0.0268342003277179,0.399973357664777,0.490525831301518,0.445249594483148,0.0905524736367416,0.0243287394973466,TRUE,199,199,0,"OK","P14-C017",10,50,1000,0.17,"balanced","strong","near_knot",20,20,0,0.001,0,0.15100000000001
"V4-CMP-MOKKEN-TWOLEVEL-DELTA-v1","V4-TARGET-RESPONDENT-WEIGHTED-v1",0.443242018459981,0.470076218787706,-0.0268342003277249,0.395217204782896,0.491266832137067,0.443242018459981,0.0960496273541706,0.0245029062043481,TRUE,,,0,"OK","P14-C017",10,50,1000,0.17,"balanced","strong","near_knot",20,20,0,0.001,0,0.15100000000001
"V4-PRI-TWO-STAGE-HBB-RESP-v1","V4-TARGET-RESPONDENT-WEIGHTED-v1",0.479963578143596,0.470076218787706,0.00988735935588958,0.426702093599056,0.532090902402382,0.479396498000719,0.105388808803325,0.0252365392205985,TRUE,199,199,0,"OK","P14-C017",11,50,1000,0.17,"balanced","strong","near_knot",20,20,0,0,1,0.152000000000001
"V4-SENS-TWO-STAGE-HBB-CLUSTER-v1","V4-TARGET-EQUAL-CLUSTER-v1",0.479963578143596,0.470076218787706,0.00988735935588958,0.430594037828438,0.527741263854279,0.479167650841358,0.097147226025841,0.0265700282458835,TRUE,199,199,0,"OK","P14-C017",11,50,1000,0.17,"balanced","strong","near_knot",20,20,0,0,1,0.152000000000001
"V4-CMP-ONE-STAGE-CLUSTER-BB-RESP-v1","V4-TARGET-RESPONDENT-WEIGHTED-v1",0.479963578143596,0.470076218787706,0.00988735935588958,0.450003816673128,0.509854200727779,0.479929008700454,0.0598503840546514,0.0153515162219838,TRUE,199,199,0,"OK","P14-C017",11,50,1000,0.17,"balanced","strong","near_knot",20,20,0,0,1,0.152000000000001
"V4-CMP-IID-RESP-BB-v1","WORKING-INDEPENDENCE-RESPONDENT",0.479963578143596,0.470076218787706,0.00988735935588958,0.444899514907475,0.513111654335397,0.479005584621436,0.0682121394279216,0.0169413065134859,TRUE,199,199,0,"OK","P14-C017",11,50,1000,0.17,"balanced","strong","near_knot",20,20,0,0,1,0.152000000000001
"V4-CMP-TWO-STAGE-FREQ-BOOT-RESP-v1","V4-TARGET-RESPONDENT-WEIGHTED-v1",0.479963578143596,0.470076218787706,0.00988735935588958,0.437373981783027,0.530655461424308,0.484014721603668,0.093281479641281,0.02304263594439,TRUE,199,199,0,"OK","P14-C017",11,50,1000,0.17,"balanced","strong","near_knot",20,20,0,0,1,0.152000000000001
"V4-CMP-MOKKEN-TWOLEVEL-DELTA-v1","V4-TARGET-RESPONDENT-WEIGHTED-v1",0.479963578143592,0.470076218787706,0.00988735935588625,0.437098959952431,0.522828196334754,0.479963578143592,0.0857292363823237,0.0218701050270681,TRUE,,,0,"OK","P14-C017",11,50,1000,0.17,"balanced","strong","near_knot",20,20,0,0,1,0.152000000000001
"V4-PRI-TWO-STAGE-HBB-RESP-v1","V4-TARGET-RESPONDENT-WEIGHTED-v1",0.447374497943356,0.470076218787706,-0.0227017208443502,0.407481836236349,0.519079974679082,0.463280905457716,0.111598138442733,0.0291577073785922,TRUE,199,199,0,"OK","P14-C017",12,50,1000,0.17,"balanced","strong","near_knot",20,20,0,0,1,0.164000000000001
"V4-SENS-TWO-STAGE-HBB-CLUSTER-v1","V4-TARGET-EQUAL-CLUSTER-v1",0.447374497943356,0.470076218787706,-0.0227017208443502,0.391676951088105,0.499800526544853,0.445738738816479,0.108123575456748,0.0257115831745522,TRUE,199,199,0,"OK","P14-C017",12,50,1000,0.17,"balanced","strong","near_knot",20,20,0,0,1,0.164000000000001
"V4-CMP-ONE-STAGE-CLUSTER-BB-RESP-v1","V4-TARGET-RESPONDENT-WEIGHTED-v1",0.447374497943356,0.470076218787706,-0.0227017208443502,0.413397778792162,0.483627479560554,0.448512629176358,0.0702297007683916,0.0184055235981014,TRUE,199,199,0,"OK","P14-C017",12,50,1000,0.17,"balanced","strong","near_knot",20,20,0,0,1,0.164000000000001
"V4-CMP-IID-RESP-BB-v1","WORKING-INDEPENDENCE-RESPONDENT",0.447374497943356,0.470076218787706,-0.0227017208443502,0.419700284825673,0.480176117459036,0.449938201142355,0.0604758326333632,0.0174532374818445,TRUE,199,199,0,"OK","P14-C017",12,50,1000,0.17,"balanced","strong","near_knot",20,20,0,0,1,0.164000000000001
"V4-CMP-TWO-STAGE-FREQ-BOOT-RESP-v1","V4-TARGET-RESPONDENT-WEIGHTED-v1",0.447374497943356,0.470076218787706,-0.0227017208443502,0.393110787630537,0.500595515870368,0.446853151750453,0.107484728239831,0.025172953483524,TRUE,199,199,0,"OK","P14-C017",12,50,1000,0.17,"balanced","strong","near_knot",20,20,0,0,1,0.164000000000001
"V4-CMP-MOKKEN-TWOLEVEL-DELTA-v1","V4-TARGET-RESPONDENT-WEIGHTED-v1",0.447374497943348,0.470076218787706,-0.0227017208443578,0.399474667364425,0.495274328522272,0.447374497943348,0.0957996611578473,0.0244391381457779,TRUE,,,0,"OK","P14-C017",12,50,1000,0.17,"balanced","strong","near_knot",20,20,0,0,1,0.164000000000001
"V4-PRI-TWO-STAGE-HBB-RESP-v1","V4-TARGET-RESPONDENT-WEIGHTED-v1",0.429027651751084,0.470076218787706,-0.0410485670366216,0.36980215306524,0.487252479542345,0.428527316303792,0.117450326477105,0.0290906537680203,TRUE,199,199,0,"OK","P14-C017",13,50,1000,0.17,"balanced","strong","near_knot",20,20,0,0.001,0,0.152999999999992
"V4-SENS-TWO-STAGE-HBB-CLUSTER-v1","V4-TARGET-EQUAL-CLUSTER-v1",0.429027651751084,0.470076218787706,-0.0410485670366216,0.372602013949,0.487844265099977,0.430223139524488,0.115242251150977,0.0270923845940999,TRUE,199,199,0,"OK","P14-C017",13,50,1000,0.17,"balanced","strong","near_knot",20,20,0,0.001,0,0.152999999999992
"V4-CMP-ONE-STAGE-CLUSTER-BB-RESP-v1","V4-TARGET-RESPONDENT-WEIGHTED-v1",0.429027651751084,0.470076218787706,-0.0410485670366216,0.385548713195809,0.47009900309862,0.427823858147215,0.0845502899028114,0.0196089921460425,TRUE,199,199,0,"OK","P14-C017",13,50,1000,0.17,"balanced","strong","near_knot",20,20,0,0.001,0,0.152999999999992
"V4-CMP-IID-RESP-BB-v1","WORKING-INDEPENDENCE-RESPONDENT",0.429027651751084,0.470076218787706,-0.0410485670366216,0.396295123400816,0.463304395903711,0.429799759652264,0.0670092725028955,0.0176355627652857,FALSE,199,199,0,"OK","P14-C017",13,50,1000,0.17,"balanced","strong","near_knot",20,20,0,0.001,0,0.152999999999992
"V4-CMP-TWO-STAGE-FREQ-BOOT-RESP-v1","V4-TARGET-RESPONDENT-WEIGHTED-v1",0.429027651751084,0.470076218787706,-0.0410485670366216,0.380923981196508,0.467326764368038,0.424125372782273,0.0864027831715299,0.0217254664379853,FALSE,199,199,0,"OK","P14-C017",13,50,1000,0.17,"balanced","strong","near_knot",20,20,0,0.001,0,0.152999999999992
"V4-CMP-MOKKEN-TWOLEVEL-DELTA-v1","V4-TARGET-RESPONDENT-WEIGHTED-v1",0.429027651751076,0.470076218787706,-0.0410485670366297,0.381713778575845,0.476341524926308,0.429027651751076,0.0946277463504623,0.0241401747932293,TRUE,,,0,"OK","P14-C017",13,50,1000,0.17,"balanced","strong","near_knot",20,20,0,0.001,0,0.152999999999992
"V4-PRI-TWO-STAGE-HBB-RESP-v1","V4-TARGET-RESPONDENT-WEIGHTED-v1",0.467176965062486,0.470076218787706,-0.00289925372522054,0.414991829813809,0.515254448178943,0.465123138996376,0.100262618365134,0.0255322878690703,TRUE,199,199,0,"OK","P14-C017",14,50,1000,0.17,"balanced","strong","near_knot",20,20,0,0.001,0,0.150000000000006
"V4-SENS-TWO-STAGE-HBB-CLUSTER-v1","V4-TARGET-EQUAL-CLUSTER-v1",0.467176965062486,0.470076218787706,-0.00289925372522054,0.419871191331845,0.514098521706351,0.466984856519098,0.0942273303745065,0.0234100876804977,TRUE,199,199,0,"OK","P14-C017",14,50,1000,0.17,"balanced","strong","near_knot",20,20,0,0.001,0,0.150000000000006
"V4-CMP-ONE-STAGE-CLUSTER-BB-RESP-v1","V4-TARGET-RESPONDENT-WEIGHTED-v1",0.467176965062486,0.470076218787706,-0.00289925372522054,0.435718519438286,0.493380106094405,0.464549312766345,0.0576615866561193,0.0155505783810188,TRUE,199,199,0,"OK","P14-C017",14,50,1000,0.17,"balanced","strong","near_knot",20,20,0,0.001,0,0.150000000000006
"V4-CMP-IID-RESP-BB-v1","WORKING-INDEPENDENCE-RESPONDENT",0.467176965062486,0.470076218787706,-0.00289925372522054,0.43637795850616,0.499754179993638,0.468066069249899,0.0633762214874782,0.0165897742856398,TRUE,199,199,0,"OK","P14-C017",14,50,1000,0.17,"balanced","strong","near_knot",20,20,0,0.001,0,0.150000000000006
"V4-CMP-TWO-STAGE-FREQ-BOOT-RESP-v1","V4-TARGET-RESPONDENT-WEIGHTED-v1",0.467176965062486,0.470076218787706,-0.00289925372522054,0.417052020329939,0.509534180184912,0.463293100257426,0.0924821598549735,0.0235406760136659,TRUE,199,199,0,"OK","P14-C017",14,50,1000,0.17,"balanced","strong","near_knot",20,20,0,0.001,0,0.150000000000006
"V4-CMP-MOKKEN-TWOLEVEL-DELTA-v1","V4-TARGET-RESPONDENT-WEIGHTED-v1",0.467176965062483,0.470076218787706,-0.00289925372522337,0.424797709578206,0.50955622054676,0.467176965062483,0.084758510968554,0.0216224664425261,TRUE,,,0,"OK","P14-C017",14,50,1000,0.17,"balanced","strong","near_knot",20,20,0,0.001,0,0.150000000000006
"V4-PRI-TWO-STAGE-HBB-RESP-v1","V4-TARGET-RESPONDENT-WEIGHTED-v1",0.448037119503721,0.470076218787706,-0.0220390992839853,0.389554028966953,0.501263977205246,0.445409003086099,0.111709948238293,0.0290996746472014,TRUE,199,199,0,"OK","P14-C017",15,50,1000,0.17,"balanced","strong","near_knot",20,20,0,0.001,0,0.149999999999991
"V4-SENS-TWO-STAGE-HBB-CLUSTER-v1","V4-TARGET-EQUAL-CLUSTER-v1",0.448037119503721,0.470076218787706,-0.0220390992839853,0.390970319419691,0.496055552620376,0.443512936020033,0.105085233200685,0.0282212534296943,TRUE,199,199,0,"OK","P14-C017",15,50,1000,0.17,"balanced","strong","near_knot",20,20,0,0.001,0,0.149999999999991
"V4-CMP-ONE-STAGE-CLUSTER-BB-RESP-v1","V4-TARGET-RESPONDENT-WEIGHTED-v1",0.448037119503721,0.470076218787706,-0.0220390992839853,0.41050001337177,0.483242866568953,0.446871439970362,0.0727428531971828,0.0182454103867259,TRUE,199,199,0,"OK","P14-C017",15,50,1000,0.17,"balanced","strong","near_knot",20,20,0,0.001,0,0.149999999999991
"V4-CMP-IID-RESP-BB-v1","WORKING-INDEPENDENCE-RESPONDENT",0.448037119503721,0.470076218787706,-0.0220390992839853,0.420714924665892,0.480437921804402,0.450576423235147,0.0597229971385099,0.0155778017956265,TRUE,199,199,0,"OK","P14-C017",15,50,1000,0.17,"balanced","strong","near_knot",20,20,0,0.001,0,0.149999999999991
"V4-CMP-TWO-STAGE-FREQ-BOOT-RESP-v1","V4-TARGET-RESPONDENT-WEIGHTED-v1",0.448037119503721,0.470076218787706,-0.0220390992839853,0.403944020658033,0.499381178506834,0.451662599582434,0.0954371578488019,0.0226583393980012,TRUE,199,199,0,"OK","P14-C017",15,50,1000,0.17,"balanced","strong","near_knot",20,20,0,0.001,0,0.149999999999991
"V4-CMP-MOKKEN-TWOLEVEL-DELTA-v1","V4-TARGET-RESPONDENT-WEIGHTED-v1",0.448037119503714,0.470076218787706,-0.0220390992839922,0.400358425641972,0.495715813365456,0.448037119503714,0.0953573877234841,0.0243263112168517,TRUE,,,0,"OK","P14-C017",15,50,1000,0.17,"balanced","strong","near_knot",20,20,0,0.001,0,0.149999999999991
"V4-PRI-TWO-STAGE-HBB-RESP-v1","V4-TARGET-RESPONDENT-WEIGHTED-v1",0.479315810890964,0.470076218787706,0.00923959210325814,0.430149956519746,0.53877934613896,0.484464651329353,0.108629389619215,0.0263044540554346,TRUE,199,199,0,"OK","P14-C017",16,50,1000,0.17,"balanced","strong","near_knot",20,20,0,0,1,0.153000000000006
"V4-SENS-TWO-STAGE-HBB-CLUSTER-v1","V4-TARGET-EQUAL-CLUSTER-v1",0.479315810890964,0.470076218787706,0.00923959210325814,0.417418591054199,0.53868204759602,0.47805031932511,0.121263456541822,0.0313738642413557,TRUE,199,199,0,"OK","P14-C017",16,50,1000,0.17,"balanced","strong","near_knot",20,20,0,0,1,0.153000000000006
"V4-CMP-ONE-STAGE-CLUSTER-BB-RESP-v1","V4-TARGET-RESPONDENT-WEIGHTED-v1",0.479315810890964,0.470076218787706,0.00923959210325814,0.44066850907196,0.512337774637793,0.476503141854877,0.0716692655658336,0.0172753594100699,TRUE,199,199,0,"OK","P14-C017",16,50,1000,0.17,"balanced","strong","near_knot",20,20,0,0,1,0.153000000000006
"V4-CMP-IID-RESP-BB-v1","WORKING-INDEPENDENCE-RESPONDENT",0.479315810890964,0.470076218787706,0.00923959210325814,0.446403123711823,0.511208440809535,0.478805782260679,0.0648053170977115,0.0157585041663079,TRUE,199,199,0,"OK","P14-C017",16,50,1000,0.17,"balanced","strong","near_knot",20,20,0,0,1,0.153000000000006
"V4-CMP-TWO-STAGE-FREQ-BOOT-RESP-v1","V4-TARGET-RESPONDENT-WEIGHTED-v1",0.479315810890964,0.470076218787706,0.00923959210325814,0.429081662856986,0.52536175617378,0.477221709515383,0.0962800933167936,0.023967744769973,TRUE,199,199,0,"OK","P14-C017",16,50,1000,0.17,"balanced","strong","near_knot",20,20,0,0,1,0.153000000000006
"V4-CMP-MOKKEN-TWOLEVEL-DELTA-v1","V4-TARGET-RESPONDENT-WEIGHTED-v1",0.47931581089096,0.470076218787706,0.00923959210325398,0.43280683291507,0.52582478886685,0.47931581089096,0.0930179559517808,0.0237295064311117,TRUE,,,0,"OK","P14-C017",16,50,1000,0.17,"balanced","strong","near_knot",20,20,0,0,1,0.153000000000006
"V4-PRI-TWO-STAGE-HBB-RESP-v1","V4-TARGET-RESPONDENT-WEIGHTED-v1",0.476583771121153,0.470076218787706,0.00650755233344669,0.419119601920103,0.535544753127281,0.477332177523692,0.116425151207178,0.0280585932480983,TRUE,199,199,0,"OK","P14-C017",17,50,1000,0.17,"balanced","strong","near_knot",20,20,0,0.002,0,0.164000000000001
"V4-SENS-TWO-STAGE-HBB-CLUSTER-v1","V4-TARGET-EQUAL-CLUSTER-v1",0.476583771121153,0.470076218787706,0.00650755233344669,0.42380800013834,0.525607166860687,0.474707583499513,0.101799166722347,0.0269459635657395,TRUE,199,199,0,"OK","P14-C017",17,50,1000,0.17,"balanced","strong","near_knot",20,20,0,0.002,0,0.164000000000001
"V4-CMP-ONE-STAGE-CLUSTER-BB-RESP-v1","V4-TARGET-RESPONDENT-WEIGHTED-v1",0.476583771121153,0.470076218787706,0.00650755233344669,0.447354982516065,0.505156257463093,0.476255619989579,0.0578012749470275,0.0140490182223622,TRUE,199,199,0,"OK","P14-C017",17,50,1000,0.17,"balanced","strong","near_knot",20,20,0,0.002,0,0.164000000000001
"V4-CMP-IID-RESP-BB-v1","WORKING-INDEPENDENCE-RESPONDENT",0.476583771121153,0.470076218787706,0.00650755233344669,0.444330714282686,0.508233777479077,0.476282245880882,0.0639030631963908,0.0159398591582518,TRUE,199,199,0,"OK","P14-C017",17,50,1000,0.17,"balanced","strong","near_knot",20,20,0,0.002,0,0.164000000000001
"V4-CMP-TWO-STAGE-FREQ-BOOT-RESP-v1","V4-TARGET-RESPONDENT-WEIGHTED-v1",0.476583771121153,0.470076218787706,0.00650755233344669,0.435012649312113,0.515508513941577,0.475260581626845,0.080495864629464,0.0214099634858157,TRUE,199,199,0,"OK","P14-C017",17,50,1000,0.17,"balanced","strong","near_knot",20,20,0,0.002,0,0.164000000000001
"V4-CMP-MOKKEN-TWOLEVEL-DELTA-v1","V4-TARGET-RESPONDENT-WEIGHTED-v1",0.476583771121149,0.470076218787706,0.00650755233344247,0.434101312265038,0.51906622997726,0.476583771121149,0.0849649177122219,0.0216751221916358,TRUE,,,0,"OK","P14-C017",17,50,1000,0.17,"balanced","strong","near_knot",20,20,0,0.002,0,0.164000000000001
"V4-PRI-TWO-STAGE-HBB-RESP-v1","V4-TARGET-RESPONDENT-WEIGHTED-v1",0.485482836811515,0.470076218787706,0.0154066180238089,0.438851402573536,0.533619119110041,0.486235260841789,0.0947677165365052,0.0253669203690747,TRUE,199,199,0,"OK","P14-C017",18,50,1000,0.17,"balanced","strong","near_knot",20,20,0,0.005,0,0.150999999999996
"V4-SENS-TWO-STAGE-HBB-CLUSTER-v1","V4-TARGET-EQUAL-CLUSTER-v1",0.485482836811515,0.470076218787706,0.0154066180238089,0.426324110350274,0.539564037053199,0.482944073701737,0.113239926702925,0.0276538915799935,TRUE,199,199,0,"OK","P14-C017",18,50,1000,0.17,"balanced","strong","near_knot",20,20,0,0.005,0,0.150999999999996
"V4-CMP-ONE-STAGE-CLUSTER-BB-RESP-v1","V4-TARGET-RESPONDENT-WEIGHTED-v1",0.485482836811515,0.470076218787706,0.0154066180238089,0.44855706469271,0.526268380352801,0.487412722522755,0.0777113156600903,0.0185538634152702,TRUE,199,199,0,"OK","P14-C017",18,50,1000,0.17,"balanced","strong","near_knot",20,20,0,0.005,0,0.150999999999996
"V4-CMP-IID-RESP-BB-v1","WORKING-INDEPENDENCE-RESPONDENT",0.485482836811515,0.470076218787706,0.0154066180238089,0.453075927352685,0.520556781819588,0.486816354586137,0.0674808544669025,0.0164472281265248,TRUE,199,199,0,"OK","P14-C017",18,50,1000,0.17,"balanced","strong","near_knot",20,20,0,0.005,0,0.150999999999996
"V4-CMP-TWO-STAGE-FREQ-BOOT-RESP-v1","V4-TARGET-RESPONDENT-WEIGHTED-v1",0.485482836811515,0.470076218787706,0.0154066180238089,0.440550662538609,0.533329044295324,0.486939853416966,0.0927783817567153,0.0248564632662369,TRUE,199,199,0,"OK","P14-C017",18,50,1000,0.17,"balanced","strong","near_knot",20,20,0,0.005,0,0.150999999999996
"V4-CMP-MOKKEN-TWOLEVEL-DELTA-v1","V4-TARGET-RESPONDENT-WEIGHTED-v1",0.485482836811507,0.470076218787706,0.0154066180238013,0.437828937412486,0.533136736210529,0.485482836811507,0.0953077987980436,0.0243136607483146,TRUE,,,0,"OK","P14-C017",18,50,1000,0.17,"balanced","strong","near_knot",20,20,0,0.005,0,0.150999999999996
"V4-PRI-TWO-STAGE-HBB-RESP-v1","V4-TARGET-RESPONDENT-WEIGHTED-v1",0.483611387578176,0.470076218787706,0.0135351687904697,0.434562449367319,0.536825886736364,0.485694168051841,0.102263437369045,0.0255272816776252,TRUE,199,199,0,"OK","P14-C017",19,50,1000,0.17,"balanced","strong","near_knot",20,20,0,0,1,0.164000000000001
"V4-SENS-TWO-STAGE-HBB-CLUSTER-v1","V4-TARGET-EQUAL-CLUSTER-v1",0.483611387578176,0.470076218787706,0.0135351687904697,0.430542306253169,0.53582465141114,0.483183478832154,0.105282345157972,0.027585041859933,TRUE,199,199,0,"OK","P14-C017",19,50,1000,0.17,"balanced","strong","near_knot",20,20,0,0,1,0.164000000000001
"V4-CMP-ONE-STAGE-CLUSTER-BB-RESP-v1","V4-TARGET-RESPONDENT-WEIGHTED-v1",0.483611387578176,0.470076218787706,0.0135351687904697,0.447985853612694,0.513026553779165,0.480506203695929,0.0650407001664705,0.0171645687427723,TRUE,199,199,0,"OK","P14-C017",19,50,1000,0.17,"balanced","strong","near_knot",20,20,0,0,1,0.164000000000001
"V4-CMP-IID-RESP-BB-v1","WORKING-INDEPENDENCE-RESPONDENT",0.483611387578176,0.470076218787706,0.0135351687904697,0.450230943543364,0.512338947051416,0.48128494529739,0.0621080035080527,0.0156704814842599,TRUE,199,199,0,"OK","P14-C017",19,50,1000,0.17,"balanced","strong","near_knot",20,20,0,0,1,0.164000000000001
"V4-CMP-TWO-STAGE-FREQ-BOOT-RESP-v1","V4-TARGET-RESPONDENT-WEIGHTED-v1",0.483611387578176,0.470076218787706,0.0135351687904697,0.438779671681536,0.522106209061097,0.480442940371317,0.0833265373795602,0.0215427172526011,TRUE,199,199,0,"OK","P14-C017",19,50,1000,0.17,"balanced","strong","near_knot",20,20,0,0,1,0.164000000000001
"V4-CMP-MOKKEN-TWOLEVEL-DELTA-v1","V4-TARGET-RESPONDENT-WEIGHTED-v1",0.483611387578172,0.470076218787706,0.0135351687904662,0.437801963058332,0.529420812098013,0.483611387578172,0.0916188490396804,0.0233725848439967,TRUE,,,0,"OK","P14-C017",19,50,1000,0.17,"balanced","strong","near_knot",20,20,0,0,1,0.164000000000001
"V4-PRI-TWO-STAGE-HBB-RESP-v1","V4-TARGET-RESPONDENT-WEIGHTED-v1",0.445672650654097,0.470076218787706,-0.0244035681336087,0.385158590203941,0.504011027323555,0.444584808763748,0.118852437119614,0.0282732946909723,TRUE,199,199,0,"OK","P14-C017",20,50,1000,0.17,"balanced","strong","near_knot",20,20,0,0.003,0,0.164000000000001
"V4-SENS-TWO-STAGE-HBB-CLUSTER-v1","V4-TARGET-EQUAL-CLUSTER-v1",0.445672650654097,0.470076218787706,-0.0244035681336087,0.392075117408328,0.499043136562595,0.445559126985462,0.106968019154267,0.0270748074698704,TRUE,199,199,0,"OK","P14-C017",20,50,1000,0.17,"balanced","strong","near_knot",20,20,0,0.003,0,0.164000000000001
"V4-CMP-ONE-STAGE-CLUSTER-BB-RESP-v1","V4-TARGET-RESPONDENT-WEIGHTED-v1",0.445672650654097,0.470076218787706,-0.0244035681336087,0.405390683501719,0.475363589493997,0.440377136497858,0.0699729059922773,0.0178119173821887,TRUE,199,199,0,"OK","P14-C017",20,50,1000,0.17,"balanced","strong","near_knot",20,20,0,0.003,0,0.164000000000001
"V4-CMP-IID-RESP-BB-v1","WORKING-INDEPENDENCE-RESPONDENT",0.445672650654097,0.470076218787706,-0.0244035681336087,0.415233317373261,0.475927669122897,0.445580493248079,0.0606943517496357,0.0167147575262283,TRUE,199,199,0,"OK","P14-C017",20,50,1000,0.17,"balanced","strong","near_knot",20,20,0,0.003,0,0.164000000000001
"V4-CMP-TWO-STAGE-FREQ-BOOT-RESP-v1","V4-TARGET-RESPONDENT-WEIGHTED-v1",0.445672650654097,0.470076218787706,-0.0244035681336087,0.398242557242989,0.488778024933227,0.443510291088108,0.0905354676902388,0.0227041488493467,TRUE,199,199,0,"OK","P14-C017",20,50,1000,0.17,"balanced","strong","near_knot",20,20,0,0.003,0,0.164000000000001
"V4-CMP-MOKKEN-TWOLEVEL-DELTA-v1","V4-TARGET-RESPONDENT-WEIGHTED-v1",0.445672650654092,0.470076218787706,-0.0244035681336141,0.399067718262266,0.492277583045918,0.445672650654092,0.0932098647836521,0.0237784636653734,TRUE,,,0,"OK","P14-C017",20,50,1000,0.17,"balanced","strong","near_knot",20,20,0,0.003,0,0.164000000000001
"V4-PRI-TWO-STAGE-HBB-RESP-v1","V4-TARGET-RESPONDENT-WEIGHTED-v1",0.477493225264155,0.470076218787706,0.0074170064764485,0.424535905547732,0.54064202012569,0.482588962836711,0.116106114577958,0.0291402414926778,TRUE,199,199,0,"OK","P14-C017",21,50,1000,0.17,"balanced","strong","near_knot",20,20,0,0.002,0,0.149000000000001
"V4-SENS-TWO-STAGE-HBB-CLUSTER-v1","V4-TARGET-EQUAL-CLUSTER-v1",0.477493225264155,0.470076218787706,0.0074170064764485,0.421245522790226,0.536444965198037,0.478845243994131,0.115199442407812,0.0279083402970544,TRUE,199,199,0,"OK","P14-C017",21,50,1000,0.17,"balanced","strong","near_knot",20,20,0,0.002,0,0.149000000000001
"V4-CMP-ONE-STAGE-CLUSTER-BB-RESP-v1","V4-TARGET-RESPONDENT-WEIGHTED-v1",0.477493225264155,0.470076218787706,0.0074170064764485,0.436804544795008,0.508513716129602,0.472659130462305,0.0717091713345942,0.0181561758934652,TRUE,199,199,0,"OK","P14-C017",21,50,1000,0.17,"balanced","strong","near_knot",20,20,0,0.002,0,0.149000000000001
"V4-CMP-IID-RESP-BB-v1","WORKING-INDEPENDENCE-RESPONDENT",0.477493225264155,0.470076218787706,0.0074170064764485,0.440688007586823,0.512486998643925,0.476587503115374,0.0717989910571016,0.0172400958309273,TRUE,199,199,0,"OK","P14-C017",21,50,1000,0.17,"balanced","strong","near_knot",20,20,0,0.002,0,0.149000000000001
"V4-CMP-TWO-STAGE-FREQ-BOOT-RESP-v1","V4-TARGET-RESPONDENT-WEIGHTED-v1",0.477493225264155,0.470076218787706,0.0074170064764485,0.432501741257683,0.530512320749903,0.481507031003793,0.09801057949222,0.0249128883033737,TRUE,199,199,0,"OK","P14-C017",21,50,1000,0.17,"balanced","strong","near_knot",20,20,0,0.002,0,0.149000000000001
"V4-CMP-MOKKEN-TWOLEVEL-DELTA-v1","V4-TARGET-RESPONDENT-WEIGHTED-v1",0.47749322526415,0.470076218787706,0.00741700647644372,0.431381357005343,0.523605093522956,0.47749322526415,0.0922237365176131,0.0235268957095799,TRUE,,,0,"OK","P14-C017",21,50,1000,0.17,"balanced","strong","near_knot",20,20,0,0.002,0,0.149000000000001
"V4-PRI-TWO-STAGE-HBB-RESP-v1","V4-TARGET-RESPONDENT-WEIGHTED-v1",0.493528120188668,0.470076218787706,0.0234519014009615,0.446242999640851,0.551364978252708,0.49880398894678,0.105121978611856,0.0276963058162569,TRUE,199,199,0,"OK","P14-C017",22,50,1000,0.17,"balanced","strong","near_knot",20,20,0,0.002,0,0.150999999999996
"V4-SENS-TWO-STAGE-HBB-CLUSTER-v1","V4-TARGET-EQUAL-CLUSTER-v1",0.493528120188668,0.470076218787706,0.0234519014009615,0.42597559583912,0.552171328673992,0.489073462256556,0.126195732834872,0.030532266781652,TRUE,199,199,0,"OK","P14-C017",22,50,1000,0.17,"balanced","strong","near_knot",20,20,0,0.002,0,0.150999999999996
"V4-CMP-ONE-STAGE-CLUSTER-BB-RESP-v1","V4-TARGET-RESPONDENT-WEIGHTED-v1",0.493528120188668,0.470076218787706,0.0234519014009615,0.454988502267293,0.529104046659395,0.492046274463344,0.0741155443921023,0.0192252743018097,TRUE,199,199,0,"OK","P14-C017",22,50,1000,0.17,"balanced","strong","near_knot",20,20,0,0.002,0,0.150999999999996
"V4-CMP-IID-RESP-BB-v1","WORKING-INDEPENDENCE-RESPONDENT",0.493528120188668,0.470076218787706,0.0234519014009615,0.466373449483725,0.522668344965076,0.494520897224401,0.0562948954813508,0.0150341581892177,TRUE,199,199,0,"OK","P14-C017",22,50,1000,0.17,"balanced","strong","near_knot",20,20,0,0.002,0,0.150999999999996
"V4-CMP-TWO-STAGE-FREQ-BOOT-RESP-v1","V4-TARGET-RESPONDENT-WEIGHTED-v1",0.493528120188668,0.470076218787706,0.0234519014009615,0.45158260165539,0.539806719057776,0.495694660356583,0.0882241174023853,0.0233473070730172,TRUE,199,199,0,"OK","P14-C017",22,50,1000,0.17,"balanced","strong","near_knot",20,20,0,0.002,0,0.150999999999996
"V4-CMP-MOKKEN-TWOLEVEL-DELTA-v1","V4-TARGET-RESPONDENT-WEIGHTED-v1",0.493528120188663,0.470076218787706,0.0234519014009569,0.44520338188371,0.541852858493616,0.493528120188663,0.096649476609906,0.0246559317855493,TRUE,,,0,"OK","P14-C017",22,50,1000,0.17,"balanced","strong","near_knot",20,20,0,0.002,0,0.150999999999996
"V4-PRI-TWO-STAGE-HBB-RESP-v1","V4-TARGET-RESPONDENT-WEIGHTED-v1",0.504183955225067,0.470076218787706,0.0341077364373613,0.447886199190017,0.556236834901771,0.502061517045894,0.108350635711755,0.0256062927048928,TRUE,199,199,0,"OK","P14-C017",23,50,1000,0.17,"balanced","strong","near_knot",20,20,0,0.00900000000000001,0,0.150000000000006
"V4-SENS-TWO-STAGE-HBB-CLUSTER-v1","V4-TARGET-EQUAL-CLUSTER-v1",0.504183955225067,0.470076218787706,0.0341077364373613,0.457324241687045,0.553305632824858,0.505314937255952,0.0959813911378121,0.0241460850495607,TRUE,199,199,0,"OK","P14-C017",23,50,1000,0.17,"balanced","strong","near_knot",20,20,0,0.00900000000000001,0,0.150000000000006
"V4-CMP-ONE-STAGE-CLUSTER-BB-RESP-v1","V4-TARGET-RESPONDENT-WEIGHTED-v1",0.504183955225067,0.470076218787706,0.0341077364373613,0.469268762275117,0.535918606241393,0.502593684258255,0.0666498439662763,0.0159354671088833,TRUE,199,199,0,"OK","P14-C017",23,50,1000,0.17,"balanced","strong","near_knot",20,20,0,0.00900000000000001,0,0.150000000000006
"V4-CMP-IID-RESP-BB-v1","WORKING-INDEPENDENCE-RESPONDENT",0.504183955225067,0.470076218787706,0.0341077364373613,0.471524805587022,0.541474416955219,0.50649961127112,0.0699496113681972,0.0166222570085765,FALSE,199,199,0,"OK","P14-C017",23,50,1000,0.17,"balanced","strong","near_knot",20,20,0,0.00900000000000001,0,0.150000000000006
"V4-CMP-TWO-STAGE-FREQ-BOOT-RESP-v1","V4-TARGET-RESPONDENT-WEIGHTED-v1",0.504183955225067,0.470076218787706,0.0341077364373613,0.458001782594765,0.541183024139796,0.49959240336728,0.0831812415450315,0.0209233818747107,TRUE,199,199,0,"OK","P14-C017",23,50,1000,0.17,"balanced","strong","near_knot",20,20,0,0.00900000000000001,0,0.150000000000006
"V4-CMP-MOKKEN-TWOLEVEL-DELTA-v1","V4-TARGET-RESPONDENT-WEIGHTED-v1",0.504183955225064,0.470076218787706,0.0341077364373581,0.461942107594457,0.546425802855672,0.504183955225064,0.0844836952612149,0.0215523591064967,TRUE,,,0,"OK","P14-C017",23,50,1000,0.17,"balanced","strong","near_knot",20,20,0,0.00900000000000001,0,0.150000000000006
"V4-PRI-TWO-STAGE-HBB-RESP-v1","V4-TARGET-RESPONDENT-WEIGHTED-v1",0.487134662137009,0.470076218787706,0.0170584433493033,0.435763870540229,0.535683618106164,0.485723744323196,0.099919747565935,0.0260227091563193,TRUE,199,199,0,"OK","P14-C017",24,50,1000,0.17,"balanced","strong","near_knot",20,20,0,0.001,0,0.152000000000001
"V4-SENS-TWO-STAGE-HBB-CLUSTER-v1","V4-TARGET-EQUAL-CLUSTER-v1",0.487134662137009,0.470076218787706,0.0170584433493033,0.433530578900977,0.542356258381339,0.487943418641158,0.108825679480361,0.0282517185931879,TRUE,199,199,0,"OK","P14-C017",24,50,1000,0.17,"balanced","strong","near_knot",20,20,0,0.001,0,0.152000000000001
"V4-CMP-ONE-STAGE-CLUSTER-BB-RESP-v1","V4-TARGET-RESPONDENT-WEIGHTED-v1",0.487134662137009,0.470076218787706,0.0170584433493033,0.450949191286151,0.517623263515929,0.48428622740104,0.0666740722297778,0.0181880278088979,TRUE,199,199,0,"OK","P14-C017",24,50,1000,0.17,"balanced","strong","near_knot",20,20,0,0.001,0,0.152000000000001
"V4-CMP-IID-RESP-BB-v1","WORKING-INDEPENDENCE-RESPONDENT",0.487134662137009,0.470076218787706,0.0170584433493033,0.458016679804975,0.519029792831173,0.488523236318074,0.0610131130261983,0.0155883200921187,TRUE,199,199,0,"OK","P14-C017",24,50,1000,0.17,"balanced","strong","near_knot",20,20,0,0.001,0,0.152000000000001
"V4-CMP-TWO-STAGE-FREQ-BOOT-RESP-v1","V4-TARGET-RESPONDENT-WEIGHTED-v1",0.487134662137009,0.470076218787706,0.0170584433493033,0.435078280685567,0.534321785575692,0.48470003313063,0.099243504890125,0.0230532513032205,TRUE,199,199,0,"OK","P14-C017",24,50,1000,0.17,"balanced","strong","near_knot",20,20,0,0.001,0,0.152000000000001
"V4-CMP-MOKKEN-TWOLEVEL-DELTA-v1","V4-TARGET-RESPONDENT-WEIGHTED-v1",0.487134662137007,0.470076218787706,0.0170584433493004,0.441963416375129,0.532305907898884,0.487134662137007,0.0903424915237558,0.0230469774537608,TRUE,,,0,"OK","P14-C017",24,50,1000,0.17,"balanced","strong","near_knot",20,20,0,0.001,0,0.152000000000001
"V4-PRI-TWO-STAGE-HBB-RESP-v1","V4-TARGET-RESPONDENT-WEIGHTED-v1",0.479721477895788,0.470076218787706,0.00964525910808234,0.423413834218137,0.532289599342781,0.477851716780459,0.108875765124644,0.0270785884549375,TRUE,199,199,0,"OK","P14-C017",25,50,1000,0.17,"balanced","strong","near_knot",20,20,0,0.004,0,0.162999999999997
"V4-SENS-TWO-STAGE-HBB-CLUSTER-v1","V4-TARGET-EQUAL-CLUSTER-v1",0.479721477895788,0.470076218787706,0.00964525910808234,0.418347607593178,0.525788669737918,0.472068138665548,0.10744106214474,0.0289170948735881,TRUE,199,199,0,"OK","P14-C017",25,50,1000,0.17,"balanced","strong","near_knot",20,20,0,0.004,0,0.162999999999997
"V4-CMP-ONE-STAGE-CLUSTER-BB-RESP-v1","V4-TARGET-RESPONDENT-WEIGHTED-v1",0.479721477895788,0.470076218787706,0.00964525910808234,0.442441871312727,0.515232638863835,0.478837255088281,0.0727907675511078,0.0193159648213429,TRUE,199,199,0,"OK","P14-C017",25,50,1000,0.17,"balanced","strong","near_knot",20,20,0,0.004,0,0.162999999999997
"V4-CMP-IID-RESP-BB-v1","WORKING-INDEPENDENCE-RESPONDENT",0.479721477895788,0.470076218787706,0.00964525910808234,0.442661748911109,0.512636406279406,0.477649077595257,0.0699746573682973,0.0173205844664098,TRUE,199,199,0,"OK","P14-C017",25,50,1000,0.17,"balanced","strong","near_knot",20,20,0,0.004,0,0.162999999999997
"V4-CMP-TWO-STAGE-FREQ-BOOT-RESP-v1","V4-TARGET-RESPONDENT-WEIGHTED-v1",0.479721477895788,0.470076218787706,0.00964525910808234,0.42460713849885,0.529226850375321,0.476916994437086,0.104619711876471,0.0263872524251157,TRUE,199,199,0,"OK","P14-C017",25,50,1000,0.17,"balanced","strong","near_knot",20,20,0,0.004,0,0.162999999999997
"V4-CMP-MOKKEN-TWOLEVEL-DELTA-v1","V4-TARGET-RESPONDENT-WEIGHTED-v1",0.479721477895782,0.470076218787706,0.00964525910807623,0.430037445224876,0.529405510566689,0.479721477895782,0.0993680653418134,0.0253494620629808,TRUE,,,0,"OK","P14-C017",25,50,1000,0.17,"balanced","strong","near_knot",20,20,0,0.004,0,0.162999999999997
"V4-PRI-TWO-STAGE-HBB-RESP-v1","V4-TARGET-RESPONDENT-WEIGHTED-v1",0.493057218612855,0.470076218787706,0.0229809998251485,0.445888643925981,0.547544154271946,0.496716399098964,0.101655510345964,0.0262215940631658,TRUE,199,199,0,"OK","P14-C017",26,50,1000,0.17,"balanced","strong","near_knot",20,20,0,0,1,0.149000000000001
"V4-SENS-TWO-STAGE-HBB-CLUSTER-v1","V4-TARGET-EQUAL-CLUSTER-v1",0.493057218612855,0.470076218787706,0.0229809998251485,0.450212561290923,0.543373026188142,0.496792793739533,0.0931604648972187,0.0261785725466218,TRUE,199,199,0,"OK","P14-C017",26,50,1000,0.17,"balanced","strong","near_knot",20,20,0,0,1,0.149000000000001
"V4-CMP-ONE-STAGE-CLUSTER-BB-RESP-v1","V4-TARGET-RESPONDENT-WEIGHTED-v1",0.493057218612855,0.470076218787706,0.0229809998251485,0.457914985054098,0.525976186431596,0.491945585742847,0.0680612013774983,0.0165260990424168,TRUE,199,199,0,"OK","P14-C017",26,50,1000,0.17,"balanced","strong","near_knot",20,20,0,0,1,0.149000000000001
"V4-CMP-IID-RESP-BB-v1","WORKING-INDEPENDENCE-RESPONDENT",0.493057218612855,0.470076218787706,0.0229809998251485,0.463119496039404,0.521283906213093,0.492201701126248,0.0581644101736888,0.0155074338796567,TRUE,199,199,0,"OK","P14-C017",26,50,1000,0.17,"balanced","strong","near_knot",20,20,0,0,1,0.149000000000001
"V4-CMP-TWO-STAGE-FREQ-BOOT-RESP-v1","V4-TARGET-RESPONDENT-WEIGHTED-v1",0.493057218612855,0.470076218787706,0.0229809998251485,0.443959124198143,0.535820218451361,0.489889671324752,0.0918610942532174,0.0241828866657307,TRUE,199,199,0,"OK","P14-C017",26,50,1000,0.17,"balanced","strong","near_knot",20,20,0,0,1,0.149000000000001
"V4-CMP-MOKKEN-TWOLEVEL-DELTA-v1","V4-TARGET-RESPONDENT-WEIGHTED-v1",0.493057218612851,0.470076218787706,0.0229809998251452,0.44865249177956,0.537461945446142,0.493057218612851,0.0888094536665822,0.0226558891814084,TRUE,,,0,"OK","P14-C017",26,50,1000,0.17,"balanced","strong","near_knot",20,20,0,0,1,0.149000000000001
"V4-PRI-TWO-STAGE-HBB-RESP-v1","V4-TARGET-RESPONDENT-WEIGHTED-v1",0.458289920133401,0.470076218787706,-0.0117862986543053,0.40535238619584,0.515787229217867,0.460569807706853,0.110434843022027,0.0256762535756521,TRUE,199,199,0,"OK","P14-C017",27,50,1000,0.17,"balanced","strong","near_knot",20,20,0,0.001,0,0.149999999999991
"V4-SENS-TWO-STAGE-HBB-CLUSTER-v1","V4-TARGET-EQUAL-CLUSTER-v1",0.458289920133401,0.470076218787706,-0.0117862986543053,0.404444602951209,0.508167743173585,0.456306173062397,0.103723140222376,0.0259830277122285,TRUE,199,199,0,"OK","P14-C017",27,50,1000,0.17,"balanced","strong","near_knot",20,20,0,0.001,0,0.149999999999991
"V4-CMP-ONE-STAGE-CLUSTER-BB-RESP-v1","V4-TARGET-RESPONDENT-WEIGHTED-v1",0.458289920133401,0.470076218787706,-0.0117862986543053,0.431208522322393,0.486536577288513,0.458872549805453,0.0553280549661204,0.014540004698505,TRUE,199,199,0,"OK","P14-C017",27,50,1000,0.17,"balanced","strong","near_knot",20,20,0,0.001,0,0.149999999999991
"V4-CMP-IID-RESP-BB-v1","WORKING-INDEPENDENCE-RESPONDENT",0.458289920133401,0.470076218787706,-0.0117862986543053,0.43020642117479,0.493319436364856,0.461762928769823,0.0631130151900665,0.0162695541517486,TRUE,199,199,0,"OK","P14-C017",27,50,1000,0.17,"balanced","strong","near_knot",20,20,0,0.001,0,0.149999999999991
"V4-CMP-TWO-STAGE-FREQ-BOOT-RESP-v1","V4-TARGET-RESPONDENT-WEIGHTED-v1",0.458289920133401,0.470076218787706,-0.0117862986543053,0.414983510299832,0.50107079094493,0.458027150622381,0.0860872806450974,0.0219245622679811,TRUE,199,199,0,"OK","P14-C017",27,50,1000,0.17,"balanced","strong","near_knot",20,20,0,0.001,0,0.149999999999991
"V4-CMP-MOKKEN-TWOLEVEL-DELTA-v1","V4-TARGET-RESPONDENT-WEIGHTED-v1",0.458289920133394,0.470076218787706,-0.0117862986543117,0.41712345195262,0.499456388314169,0.458289920133394,0.0823329363615485,0.0210036860398916,TRUE,,,0,"OK","P14-C017",27,50,1000,0.17,"balanced","strong","near_knot",20,20,0,0.001,0,0.149999999999991
"V4-PRI-TWO-STAGE-HBB-RESP-v1","V4-TARGET-RESPONDENT-WEIGHTED-v1",0.477462798033712,0.470076218787706,0.00738657924600561,0.425573549558678,0.546149899983916,0.485861724771297,0.120576350425238,0.0307591951579614,TRUE,199,199,0,"OK","P14-C017",28,50,1000,0.17,"balanced","strong","near_knot",20,20,0,0.002,0,0.165000000000006
"V4-SENS-TWO-STAGE-HBB-CLUSTER-v1","V4-TARGET-EQUAL-CLUSTER-v1",0.477462798033712,0.470076218787706,0.00738657924600561,0.423638893627449,0.539221533682944,0.481430213655196,0.115582640055495,0.0301362503883065,TRUE,199,199,0,"OK","P14-C017",28,50,1000,0.17,"balanced","strong","near_knot",20,20,0,0.002,0,0.165000000000006
"V4-CMP-ONE-STAGE-CLUSTER-BB-RESP-v1","V4-TARGET-RESPONDENT-WEIGHTED-v1",0.477462798033712,0.470076218787706,0.00738657924600561,0.446003401916416,0.51761353572964,0.481808468823028,0.0716101338132235,0.0180683312017277,TRUE,199,199,0,"OK","P14-C017",28,50,1000,0.17,"balanced","strong","near_knot",20,20,0,0.002,0,0.165000000000006
"V4-CMP-IID-RESP-BB-v1","WORKING-INDEPENDENCE-RESPONDENT",0.477462798033712,0.470076218787706,0.00738657924600561,0.441212587221584,0.501683226298084,0.471447906759834,0.0604706390765005,0.0153155394668392,TRUE,199,199,0,"OK","P14-C017",28,50,1000,0.17,"balanced","strong","near_knot",20,20,0,0.002,0,0.165000000000006
"V4-CMP-TWO-STAGE-FREQ-BOOT-RESP-v1","V4-TARGET-RESPONDENT-WEIGHTED-v1",0.477462798033712,0.470076218787706,0.00738657924600561,0.424648498446868,0.519987962520773,0.47231823048382,0.0953394640739049,0.0242789604604843,TRUE,199,199,0,"OK","P14-C017",28,50,1000,0.17,"balanced","strong","near_knot",20,20,0,0.002,0,0.165000000000006
"V4-CMP-MOKKEN-TWOLEVEL-DELTA-v1","V4-TARGET-RESPONDENT-WEIGHTED-v1",0.477462798033705,0.470076218787706,0.00738657924599928,0.428089710510561,0.526835885556849,0.477462798033705,0.0987461750462879,0.0251908136642268,TRUE,,,0,"OK","P14-C017",28,50,1000,0.17,"balanced","strong","near_knot",20,20,0,0.002,0,0.165000000000006
"V4-PRI-TWO-STAGE-HBB-RESP-v1","V4-TARGET-RESPONDENT-WEIGHTED-v1",0.500306068080529,0.470076218787706,0.0302298492928228,0.454110958767297,0.549033168749607,0.501572063758452,0.0949222099823098,0.0247508717005794,TRUE,199,199,0,"OK","P14-C017",29,50,1000,0.17,"balanced","strong","near_knot",20,20,0,0.001,0,0.161000000000001
"V4-SENS-TWO-STAGE-HBB-CLUSTER-v1","V4-TARGET-EQUAL-CLUSTER-v1",0.500306068080529,0.470076218787706,0.0302298492928228,0.44199128161054,0.549262746187871,0.495627013899205,0.10727146457733,0.0261531282705589,TRUE,199,199,0,"OK","P14-C017",29,50,1000,0.17,"balanced","strong","near_knot",20,20,0,0.001,0,0.161000000000001
"V4-CMP-ONE-STAGE-CLUSTER-BB-RESP-v1","V4-TARGET-RESPONDENT-WEIGHTED-v1",0.500306068080529,0.470076218787706,0.0302298492928228,0.470551269807122,0.529909792015676,0.500230530911399,0.0593585222085546,0.0149690924286898,FALSE,199,199,0,"OK","P14-C017",29,50,1000,0.17,"balanced","strong","near_knot",20,20,0,0.001,0,0.161000000000001
"V4-CMP-IID-RESP-BB-v1","WORKING-INDEPENDENCE-RESPONDENT",0.500306068080529,0.470076218787706,0.0302298492928228,0.475783520623882,0.529126238506872,0.502454879565377,0.0533427178829899,0.0142210835589275,FALSE,199,199,0,"OK","P14-C017",29,50,1000,0.17,"balanced","strong","near_knot",20,20,0,0.001,0,0.161000000000001
"V4-CMP-TWO-STAGE-FREQ-BOOT-RESP-v1","V4-TARGET-RESPONDENT-WEIGHTED-v1",0.500306068080529,0.470076218787706,0.0302298492928228,0.461060538281348,0.537582947317584,0.499321742799466,0.0765224090362355,0.0201850581459458,TRUE,199,199,0,"OK","P14-C017",29,50,1000,0.17,"balanced","strong","near_knot",20,20,0,0.001,0,0.161000000000001
"V4-CMP-MOKKEN-TWOLEVEL-DELTA-v1","V4-TARGET-RESPONDENT-WEIGHTED-v1",0.500306068080524,0.470076218787706,0.0302298492928179,0.4587367820993,0.541875354061748,0.500306068080524,0.0831385719624476,0.0212092091023697,TRUE,,,0,"OK","P14-C017",29,50,1000,0.17,"balanced","strong","near_knot",20,20,0,0.001,0,0.161000000000001
"V4-PRI-TWO-STAGE-HBB-RESP-v1","V4-TARGET-RESPONDENT-WEIGHTED-v1",0.458840394613913,0.470076218787706,-0.0112358241737931,0.411255531079375,0.51223675290375,0.461746141991563,0.100981221824375,0.0252903851362913,TRUE,199,199,0,"OK","P14-C017",30,50,1000,0.17,"balanced","strong","near_knot",20,20,0,0,1,0.161999999999992
"V4-SENS-TWO-STAGE-HBB-CLUSTER-v1","V4-TARGET-EQUAL-CLUSTER-v1",0.458840394613913,0.470076218787706,-0.0112358241737931,0.39769481979,0.509850264010964,0.453772541900482,0.112155444220964,0.0266531363988415,TRUE,199,199,0,"OK","P14-C017",30,50,1000,0.17,"balanced","strong","near_knot",20,20,0,0,1,0.161999999999992
"V4-CMP-ONE-STAGE-CLUSTER-BB-RESP-v1","V4-TARGET-RESPONDENT-WEIGHTED-v1",0.458840394613913,0.470076218787706,-0.0112358241737931,0.421707787372406,0.485945800704402,0.453826794038404,0.0642380133319958,0.0159954582117162,TRUE,199,199,0,"OK","P14-C017",30,50,1000,0.17,"balanced","strong","near_knot",20,20,0,0,1,0.161999999999992
"V4-CMP-IID-RESP-BB-v1","WORKING-INDEPENDENCE-RESPONDENT",0.458840394613913,0.470076218787706,-0.0112358241737931,0.42559239715358,0.491515881530156,0.458554139341868,0.0659234843765762,0.0171379011277162,TRUE,199,199,0,"OK","P14-C017",30,50,1000,0.17,"balanced","strong","near_knot",20,20,0,0,1,0.161999999999992
"V4-CMP-TWO-STAGE-FREQ-BOOT-RESP-v1","V4-TARGET-RESPONDENT-WEIGHTED-v1",0.458840394613913,0.470076218787706,-0.0112358241737931,0.415907545241507,0.498682509516961,0.457295027379234,0.0827749642754538,0.0209086302842171,TRUE,199,199,0,"OK","P14-C017",30,50,1000,0.17,"balanced","strong","near_knot",20,20,0,0,1,0.161999999999992
"V4-CMP-MOKKEN-TWOLEVEL-DELTA-v1","V4-TARGET-RESPONDENT-WEIGHTED-v1",0.458840394613903,0.470076218787706,-0.0112358241738028,0.415095996774105,0.502584792453702,0.458840394613903,0.0874887956795973,0.022318980442931,TRUE,,,0,"OK","P14-C017",30,50,1000,0.17,"balanced","strong","near_knot",20,20,0,0,1,0.161999999999992
"V4-PRI-TWO-STAGE-HBB-RESP-v1","V4-TARGET-RESPONDENT-WEIGHTED-v1",0.495291455007531,0.470076218787706,0.0252152362198247,0.455394307597588,0.545497191360699,0.500445749479144,0.0901028837631116,0.0248314664012527,TRUE,199,199,0,"OK","P14-C017",31,50,1000,0.17,"balanced","strong","near_knot",20,20,0,0.006,0,0.14800000000001
"V4-SENS-TWO-STAGE-HBB-CLUSTER-v1","V4-TARGET-EQUAL-CLUSTER-v1",0.495291455007531,0.470076218787706,0.0252152362198247,0.44491071944243,0.541965647047537,0.493438183244983,0.0970549276051069,0.0249421512389578,TRUE,199,199,0,"OK","P14-C017",31,50,1000,0.17,"balanced","strong","near_knot",20,20,0,0.006,0,0.14800000000001
"V4-CMP-ONE-STAGE-CLUSTER-BB-RESP-v1","V4-TARGET-RESPONDENT-WEIGHTED-v1",0.495291455007531,0.470076218787706,0.0252152362198247,0.466271954857905,0.525279092181817,0.495775523519861,0.0590071373239129,0.0163213786608746,TRUE,199,199,0,"OK","P14-C017",31,50,1000,0.17,"balanced","strong","near_knot",20,20,0,0.006,0,0.14800000000001
"V4-CMP-IID-RESP-BB-v1","WORKING-INDEPENDENCE-RESPONDENT",0.495291455007531,0.470076218787706,0.0252152362198247,0.462726763192845,0.524790350926727,0.493758557059786,0.0620635877338821,0.0150621605791682,TRUE,199,199,0,"OK","P14-C017",31,50,1000,0.17,"balanced","strong","near_knot",20,20,0,0.006,0,0.14800000000001
"V4-CMP-TWO-STAGE-FREQ-BOOT-RESP-v1","V4-TARGET-RESPONDENT-WEIGHTED-v1",0.495291455007531,0.470076218787706,0.0252152362198247,0.451129775352177,0.546041486570626,0.498585630961402,0.0949117112184485,0.0235613578913672,TRUE,199,199,0,"OK","P14-C017",31,50,1000,0.17,"balanced","strong","near_knot",20,20,0,0.006,0,0.14800000000001
"V4-CMP-MOKKEN-TWOLEVEL-DELTA-v1","V4-TARGET-RESPONDENT-WEIGHTED-v1",0.495291455007527,0.470076218787706,0.0252152362198211,0.451528469532216,0.539054440482838,0.495291455007527,0.0875259709506215,0.0223284641047017,TRUE,,,0,"OK","P14-C017",31,50,1000,0.17,"balanced","strong","near_knot",20,20,0,0.006,0,0.14800000000001
"V4-PRI-TWO-STAGE-HBB-RESP-v1","V4-TARGET-RESPONDENT-WEIGHTED-v1",0.4601194317512,0.470076218787706,-0.00995678703650565,0.404092708340226,0.51055464603436,0.457323677187293,0.106461937694134,0.0264998078879881,TRUE,199,199,0,"OK","P14-C017",32,50,1000,0.17,"balanced","strong","near_knot",20,20,0,0.002,0,0.162999999999997
"V4-SENS-TWO-STAGE-HBB-CLUSTER-v1","V4-TARGET-EQUAL-CLUSTER-v1",0.4601194317512,0.470076218787706,-0.00995678703650565,0.411570667197994,0.504868323874788,0.458219495536391,0.0932976566767941,0.024026981830675,TRUE,199,199,0,"OK","P14-C017",32,50,1000,0.17,"balanced","strong","near_knot",20,20,0,0.002,0,0.162999999999997
"V4-CMP-ONE-STAGE-CLUSTER-BB-RESP-v1","V4-TARGET-RESPONDENT-WEIGHTED-v1",0.4601194317512,0.470076218787706,-0.00995678703650565,0.427660837229283,0.489985060006745,0.458822948618014,0.0623242227774619,0.0152530033249963,TRUE,199,199,0,"OK","P14-C017",32,50,1000,0.17,"balanced","strong","near_knot",20,20,0,0.002,0,0.162999999999997
"V4-CMP-IID-RESP-BB-v1","WORKING-INDEPENDENCE-RESPONDENT",0.4601194317512,0.470076218787706,-0.00995678703650565,0.429118239898255,0.497002401654809,0.463060320776532,0.0678841617565534,0.0166846102376146,TRUE,199,199,0,"OK","P14-C017",32,50,1000,0.17,"balanced","strong","near_knot",20,20,0,0.002,0,0.162999999999997
"V4-CMP-TWO-STAGE-FREQ-BOOT-RESP-v1","V4-TARGET-RESPONDENT-WEIGHTED-v1",0.4601194317512,0.470076218787706,-0.00995678703650565,0.410438244329439,0.511871496913064,0.461154870621251,0.101433252583625,0.0235166879940176,TRUE,199,199,0,"OK","P14-C017",32,50,1000,0.17,"balanced","strong","near_knot",20,20,0,0.002,0,0.162999999999997
"V4-CMP-MOKKEN-TWOLEVEL-DELTA-v1","V4-TARGET-RESPONDENT-WEIGHTED-v1",0.460119431751193,0.470076218787706,-0.00995678703651359,0.417065734186078,0.503173129316307,0.460119431751193,0.0861073951302289,0.0219665758680856,TRUE,,,0,"OK","P14-C017",32,50,1000,0.17,"balanced","strong","near_knot",20,20,0,0.002,0,0.162999999999997
"V4-PRI-TWO-STAGE-HBB-RESP-v1","V4-TARGET-RESPONDENT-WEIGHTED-v1",0.441729685218689,0.470076218787706,-0.0283465335690171,0.382003703589092,0.494811387659375,0.438407545624233,0.112807684070282,0.0296958999428956,TRUE,199,199,0,"OK","P14-C017",33,50,1000,0.17,"balanced","strong","near_knot",20,20,0,0,1,0.161000000000001
"V4-SENS-TWO-STAGE-HBB-CLUSTER-v1","V4-TARGET-EQUAL-CLUSTER-v1",0.441729685218689,0.470076218787706,-0.0283465335690171,0.386018891641644,0.501869472045616,0.44394418184363,0.115850580403972,0.0289475706120322,TRUE,199,199,0,"OK","P14-C017",33,50,1000,0.17,"balanced","strong","near_knot",20,20,0,0,1,0.161000000000001
"V4-CMP-ONE-STAGE-CLUSTER-BB-RESP-v1","V4-TARGET-RESPONDENT-WEIGHTED-v1",0.441729685218689,0.470076218787706,-0.0283465335690171,0.395469935337665,0.475218029412488,0.435343982375077,0.0797480940748226,0.020715229655461,TRUE,199,199,0,"OK","P14-C017",33,50,1000,0.17,"balanced","strong","near_knot",20,20,0,0,1,0.161000000000001
"V4-CMP-IID-RESP-BB-v1","WORKING-INDEPENDENCE-RESPONDENT",0.441729685218689,0.470076218787706,-0.0283465335690171,0.405714665048792,0.473882520964613,0.439798593006703,0.0681678559158212,0.0170618776241341,TRUE,199,199,0,"OK","P14-C017",33,50,1000,0.17,"balanced","strong","near_knot",20,20,0,0,1,0.161000000000001
"V4-CMP-TWO-STAGE-FREQ-BOOT-RESP-v1","V4-TARGET-RESPONDENT-WEIGHTED-v1",0.441729685218689,0.470076218787706,-0.0283465335690171,0.385369828645517,0.489893006996862,0.43763141782119,0.104523178351345,0.0267712684840551,TRUE,199,199,0,"OK","P14-C017",33,50,1000,0.17,"balanced","strong","near_knot",20,20,0,0,1,0.161000000000001
"V4-CMP-MOKKEN-TWOLEVEL-DELTA-v1","V4-TARGET-RESPONDENT-WEIGHTED-v1",0.441729685218681,0.470076218787706,-0.0283465335690248,0.389884307771401,0.493575062665962,0.441729685218681,0.103690754894561,0.0264522092529405,TRUE,,,0,"OK","P14-C017",33,50,1000,0.17,"balanced","strong","near_knot",20,20,0,0,1,0.161000000000001
"V4-PRI-TWO-STAGE-HBB-RESP-v1","V4-TARGET-RESPONDENT-WEIGHTED-v1",0.468341236050799,0.470076218787706,-0.00173498273690686,0.414877536816206,0.517924666922474,0.46640110186934,0.103047130106268,0.0258118583027297,TRUE,199,199,0,"OK","P14-C017",34,50,1000,0.17,"balanced","strong","near_knot",20,20,0,0.00700000000000001,0,0.161999999999992
"V4-SENS-TWO-STAGE-HBB-CLUSTER-v1","V4-TARGET-EQUAL-CLUSTER-v1",0.468341236050799,0.470076218787706,-0.00173498273690686,0.417147851488693,0.515415829389375,0.466281840439034,0.098267977900682,0.0246458974305098,TRUE,199,199,0,"OK","P14-C017",34,50,1000,0.17,"balanced","strong","near_knot",20,20,0,0.00700000000000001,0,0.161999999999992
"V4-CMP-ONE-STAGE-CLUSTER-BB-RESP-v1","V4-TARGET-RESPONDENT-WEIGHTED-v1",0.468341236050799,0.470076218787706,-0.00173498273690686,0.43884958355284,0.499362551061723,0.469106067307281,0.0605129675088829,0.0154493789966523,TRUE,199,199,0,"OK","P14-C017",34,50,1000,0.17,"balanced","strong","near_knot",20,20,0,0.00700000000000001,0,0.161999999999992
"V4-CMP-IID-RESP-BB-v1","WORKING-INDEPENDENCE-RESPONDENT",0.468341236050799,0.470076218787706,-0.00173498273690686,0.436994741942463,0.50265209047203,0.469823416207247,0.0656573485295667,0.016777022638032,TRUE,199,199,0,"OK","P14-C017",34,50,1000,0.17,"balanced","strong","near_knot",20,20,0,0.00700000000000001,0,0.161999999999992
"V4-CMP-TWO-STAGE-FREQ-BOOT-RESP-v1","V4-TARGET-RESPONDENT-WEIGHTED-v1",0.468341236050799,0.470076218787706,-0.00173498273690686,0.419339341996196,0.508621775762858,0.463980558879527,0.0892824337666616,0.021908629579771,TRUE,199,199,0,"OK","P14-C017",34,50,1000,0.17,"balanced","strong","near_knot",20,20,0,0.00700000000000001,0,0.161999999999992
"V4-CMP-MOKKEN-TWOLEVEL-DELTA-v1","V4-TARGET-RESPONDENT-WEIGHTED-v1",0.468341236050794,0.470076218787706,-0.00173498273691186,0.423762047313036,0.512920424788552,0.468341236050794,0.0891583774755156,0.022744901992788,TRUE,,,0,"OK","P14-C017",34,50,1000,0.17,"balanced","strong","near_knot",20,20,0,0.00700000000000001,0,0.161999999999992
"V4-PRI-TWO-STAGE-HBB-RESP-v1","V4-TARGET-RESPONDENT-WEIGHTED-v1",0.492054119507582,0.470076218787706,0.0219779007198762,0.442291529329158,0.566028569948871,0.504160049639015,0.123737040619713,0.0303523417755339,TRUE,199,199,0,"OK","P14-C017",35,50,1000,0.17,"balanced","strong","near_knot",20,20,0,0,1,0.173000000000002
"V4-SENS-TWO-STAGE-HBB-CLUSTER-v1","V4-TARGET-EQUAL-CLUSTER-v1",0.492054119507582,0.470076218787706,0.0219779007198762,0.42782389537101,0.546643686360421,0.487233790865716,0.11881979098941,0.0297101585750655,TRUE,199,199,0,"OK","P14-C017",35,50,1000,0.17,"balanced","strong","near_knot",20,20,0,0,1,0.173000000000002
"V4-CMP-ONE-STAGE-CLUSTER-BB-RESP-v1","V4-TARGET-RESPONDENT-WEIGHTED-v1",0.492054119507582,0.470076218787706,0.0219779007198762,0.453325051123166,0.527386861296217,0.490355956209692,0.0740618101730502,0.0192467923354864,TRUE,199,199,0,"OK","P14-C017",35,50,1000,0.17,"balanced","strong","near_knot",20,20,0,0,1,0.173000000000002
"V4-CMP-IID-RESP-BB-v1","WORKING-INDEPENDENCE-RESPONDENT",0.492054119507582,0.470076218787706,0.0219779007198762,0.464652418611329,0.520591777056272,0.4926220978338,0.0559393584449423,0.0149568061360988,TRUE,199,199,0,"OK","P14-C017",35,50,1000,0.17,"balanced","strong","near_knot",20,20,0,0,1,0.173000000000002
"V4-CMP-TWO-STAGE-FREQ-BOOT-RESP-v1","V4-TARGET-RESPONDENT-WEIGHTED-v1",0.492054119507582,0.470076218787706,0.0219779007198762,0.441055594591568,0.53988449916067,0.490470046876119,0.0988289045691019,0.027024753080887,TRUE,199,199,0,"OK","P14-C017",35,50,1000,0.17,"balanced","strong","near_knot",20,20,0,0,1,0.173000000000002
"V4-CMP-MOKKEN-TWOLEVEL-DELTA-v1","V4-TARGET-RESPONDENT-WEIGHTED-v1",0.49205411950758,0.470076218787706,0.0219779007198743,0.441422004578016,0.542686234437145,0.49205411950758,0.101264229859129,0.0258331863896195,TRUE,,,0,"OK","P14-C017",35,50,1000,0.17,"balanced","strong","near_knot",20,20,0,0,1,0.173000000000002
"V4-PRI-TWO-STAGE-HBB-RESP-v1","V4-TARGET-RESPONDENT-WEIGHTED-v1",0.462861041242133,0.470076218787706,-0.0072151775455736,0.414146086628375,0.520451514507584,0.46729880056798,0.106305427879209,0.0279275760924082,TRUE,199,199,0,"OK","P14-C017",36,50,1000,0.17,"balanced","strong","near_knot",20,20,0,0.002,0,0.159999999999997
"V4-SENS-TWO-STAGE-HBB-CLUSTER-v1","V4-TARGET-EQUAL-CLUSTER-v1",0.462861041242133,0.470076218787706,-0.0072151775455736,0.401283366740487,0.51726805904192,0.459275712891203,0.115984692301433,0.0284780201941064,TRUE,199,199,0,"OK","P14-C017",36,50,1000,0.17,"balanced","strong","near_knot",20,20,0,0.002,0,0.159999999999997
"V4-CMP-ONE-STAGE-CLUSTER-BB-RESP-v1","V4-TARGET-RESPONDENT-WEIGHTED-v1",0.462861041242133,0.470076218787706,-0.0072151775455736,0.42355469676218,0.496875469727837,0.460215083245009,0.0733207729656572,0.0187750303124683,TRUE,199,199,0,"OK","P14-C017",36,50,1000,0.17,"balanced","strong","near_knot",20,20,0,0.002,0,0.159999999999997
"V4-CMP-IID-RESP-BB-v1","WORKING-INDEPENDENCE-RESPONDENT",0.462861041242133,0.470076218787706,-0.0072151775455736,0.429354347718894,0.496049690073633,0.462702018896264,0.0666953423547397,0.0165376558328714,TRUE,199,199,0,"OK","P14-C017",36,50,1000,0.17,"balanced","strong","near_knot",20,20,0,0.002,0,0.159999999999997
"V4-CMP-TWO-STAGE-FREQ-BOOT-RESP-v1","V4-TARGET-RESPONDENT-WEIGHTED-v1",0.462861041242133,0.470076218787706,-0.0072151775455736,0.419084995370881,0.505217769557395,0.462151382464138,0.086132774186513,0.0220699203594656,TRUE,199,199,0,"OK","P14-C017",36,50,1000,0.17,"balanced","strong","near_knot",20,20,0,0.002,0,0.159999999999997
"V4-CMP-MOKKEN-TWOLEVEL-DELTA-v1","V4-TARGET-RESPONDENT-WEIGHTED-v1",0.462861041242127,0.470076218787706,-0.00721517754557877,0.414775342555053,0.510946739929201,0.462861041242127,0.0961713973741476,0.0245339705557692,TRUE,,,0,"OK","P14-C017",36,50,1000,0.17,"balanced","strong","near_knot",20,20,0,0.002,0,0.159999999999997
"V4-PRI-TWO-STAGE-HBB-RESP-v1","V4-TARGET-RESPONDENT-WEIGHTED-v1",0.486036165183919,0.470076218787706,0.015959946396213,0.440859396460951,0.535255471963015,0.488057434211983,0.0943960755020646,0.0249873767417086,TRUE,199,199,0,"OK","P14-C017",37,50,1000,0.17,"balanced","strong","near_knot",20,20,0,0,1,0.152000000000001
"V4-SENS-TWO-STAGE-HBB-CLUSTER-v1","V4-TARGET-EQUAL-CLUSTER-v1",0.486036165183919,0.470076218787706,0.015959946396213,0.438717188389787,0.532176889690916,0.485447039040351,0.0934597013011289,0.0255283460215315,TRUE,199,199,0,"OK","P14-C017",37,50,1000,0.17,"balanced","strong","near_knot",20,20,0,0,1,0.152000000000001
"V4-CMP-ONE-STAGE-CLUSTER-BB-RESP-v1","V4-TARGET-RESPONDENT-WEIGHTED-v1",0.486036165183919,0.470076218787706,0.015959946396213,0.452034468364747,0.513614369896584,0.482824419130665,0.0615799015318366,0.0159333672283247,TRUE,199,199,0,"OK","P14-C017",37,50,1000,0.17,"balanced","strong","near_knot",20,20,0,0,1,0.152000000000001
"V4-CMP-IID-RESP-BB-v1","WORKING-INDEPENDENCE-RESPONDENT",0.486036165183919,0.470076218787706,0.015959946396213,0.454070007264027,0.513681116142133,0.48387556170308,0.0596111088781065,0.0164767682700221,TRUE,199,199,0,"OK","P14-C017",37,50,1000,0.17,"balanced","strong","near_knot",20,20,0,0,1,0.152000000000001
"V4-CMP-TWO-STAGE-FREQ-BOOT-RESP-v1","V4-TARGET-RESPONDENT-WEIGHTED-v1",0.486036165183919,0.470076218787706,0.015959946396213,0.443325172010834,0.526350963824842,0.484838067917838,0.0830257918140087,0.0230169205528461,TRUE,199,199,0,"OK","P14-C017",37,50,1000,0.17,"balanced","strong","near_knot",20,20,0,0,1,0.152000000000001
"V4-CMP-MOKKEN-TWOLEVEL-DELTA-v1","V4-TARGET-RESPONDENT-WEIGHTED-v1",0.486036165183913,0.470076218787706,0.0159599463962073,0.44114530414645,0.530927026221377,0.486036165183913,0.0897817220749275,0.0229039213942486,TRUE,,,0,"OK","P14-C017",37,50,1000,0.17,"balanced","strong","near_knot",20,20,0,0,1,0.152000000000001
"V4-PRI-TWO-STAGE-HBB-RESP-v1","V4-TARGET-RESPONDENT-WEIGHTED-v1",0.452016097092871,0.470076218787706,-0.0180601216948351,0.395957303057205,0.503923055014206,0.449940179035705,0.107965751957001,0.0257582206542116,TRUE,199,199,0,"OK","P14-C017",38,50,1000,0.17,"balanced","strong","near_knot",20,20,0,0.001,0,0.14800000000001
"V4-SENS-TWO-STAGE-HBB-CLUSTER-v1","V4-TARGET-EQUAL-CLUSTER-v1",0.452016097092871,0.470076218787706,-0.0180601216948351,0.392308952715715,0.496409679514742,0.444359316115229,0.104100726799026,0.0250598917554543,TRUE,199,199,0,"OK","P14-C017",38,50,1000,0.17,"balanced","strong","near_knot",20,20,0,0.001,0,0.14800000000001
"V4-CMP-ONE-STAGE-CLUSTER-BB-RESP-v1","V4-TARGET-RESPONDENT-WEIGHTED-v1",0.452016097092871,0.470076218787706,-0.0180601216948351,0.424902305934287,0.480597789340431,0.452750047637359,0.0556954834061438,0.0138362991640677,TRUE,199,199,0,"OK","P14-C017",38,50,1000,0.17,"balanced","strong","near_knot",20,20,0,0.001,0,0.14800000000001
"V4-CMP-IID-RESP-BB-v1","WORKING-INDEPENDENCE-RESPONDENT",0.452016097092871,0.470076218787706,-0.0180601216948351,0.423242189798625,0.481720614808452,0.452481402303538,0.0584784250098269,0.0154008178194898,TRUE,199,199,0,"OK","P14-C017",38,50,1000,0.17,"balanced","strong","near_knot",20,20,0,0.001,0,0.14800000000001
"V4-CMP-TWO-STAGE-FREQ-BOOT-RESP-v1","V4-TARGET-RESPONDENT-WEIGHTED-v1",0.452016097092871,0.470076218787706,-0.0180601216948351,0.411780861239583,0.496343744629513,0.454062302934548,0.0845628833899299,0.0210299173517371,TRUE,199,199,0,"OK","P14-C017",38,50,1000,0.17,"balanced","strong","near_knot",20,20,0,0.001,0,0.14800000000001
"V4-CMP-MOKKEN-TWOLEVEL-DELTA-v1","V4-TARGET-RESPONDENT-WEIGHTED-v1",0.452016097092864,0.470076218787706,-0.0180601216948422,0.41077134185915,0.493260852326578,0.452016097092864,0.0824895104674283,0.0210436291478045,TRUE,,,0,"OK","P14-C017",38,50,1000,0.17,"balanced","strong","near_knot",20,20,0,0.001,0,0.14800000000001
"V4-PRI-TWO-STAGE-HBB-RESP-v1","V4-TARGET-RESPONDENT-WEIGHTED-v1",0.487784801625986,0.470076218787706,0.0177085828382799,0.421327592068221,0.540504192711213,0.480915892389717,0.119176600642992,0.0293136517867093,TRUE,199,199,0,"OK","P14-C017",39,50,1000,0.17,"balanced","strong","near_knot",20,20,0,0.003,0,0.147999999999996
"V4-SENS-TWO-STAGE-HBB-CLUSTER-v1","V4-TARGET-EQUAL-CLUSTER-v1",0.487784801625986,0.470076218787706,0.0177085828382799,0.429305141043378,0.537840718928885,0.483572929986131,0.108535577885507,0.0272519483309335,TRUE,199,199,0,"OK","P14-C017",39,50,1000,0.17,"balanced","strong","near_knot",20,20,0,0.003,0,0.147999999999996
"V4-CMP-ONE-STAGE-CLUSTER-BB-RESP-v1","V4-TARGET-RESPONDENT-WEIGHTED-v1",0.487784801625986,0.470076218787706,0.0177085828382799,0.452100399183142,0.533118125953516,0.492609262568329,0.0810177267703742,0.0214352209788858,TRUE,199,199,0,"OK","P14-C017",39,50,1000,0.17,"balanced","strong","near_knot",20,20,0,0.003,0,0.147999999999996
"V4-CMP-IID-RESP-BB-v1","WORKING-INDEPENDENCE-RESPONDENT",0.487784801625986,0.470076218787706,0.0177085828382799,0.456229222928333,0.515781354511266,0.4860052887198,0.0595521315829338,0.0165711479819607,TRUE,199,199,0,"OK","P14-C017",39,50,1000,0.17,"balanced","strong","near_knot",20,20,0,0.003,0,0.147999999999996
"V4-CMP-TWO-STAGE-FREQ-BOOT-RESP-v1","V4-TARGET-RESPONDENT-WEIGHTED-v1",0.487784801625986,0.470076218787706,0.0177085828382799,0.435551450014015,0.54384379103362,0.489697620523817,0.108292341019604,0.0263433573593552,TRUE,199,199,0,"OK","P14-C017",39,50,1000,0.17,"balanced","strong","near_knot",20,20,0,0.003,0,0.147999999999996
"V4-CMP-MOKKEN-TWOLEVEL-DELTA-v1","V4-TARGET-RESPONDENT-WEIGHTED-v1",0.487784801625981,0.470076218787706,0.0177085828382746,0.438544622107457,0.537024981144504,0.487784801625981,0.0984803590370468,0.0251230022117364,TRUE,,,0,"OK","P14-C017",39,50,1000,0.17,"balanced","strong","near_knot",20,20,0,0.003,0,0.147999999999996
"V4-PRI-TWO-STAGE-HBB-RESP-v1","V4-TARGET-RESPONDENT-WEIGHTED-v1",0.481343096559445,0.470076218787706,0.0112668777717388,0.429096087134824,0.531467543219083,0.480281815176953,0.102371456084259,0.0252940714302222,TRUE,199,199,0,"OK","P14-C017",40,50,1000,0.17,"balanced","strong","near_knot",20,20,0,0.005,0,0.164000000000001
"V4-SENS-TWO-STAGE-HBB-CLUSTER-v1","V4-TARGET-EQUAL-CLUSTER-v1",0.481343096559445,0.470076218787706,0.0112668777717388,0.425544256356458,0.534211006416377,0.479877631386417,0.108666750059919,0.0272062818017672,TRUE,199,199,0,"OK","P14-C017",40,50,1000,0.17,"balanced","strong","near_knot",20,20,0,0.005,0,0.164000000000001
"V4-CMP-ONE-STAGE-CLUSTER-BB-RESP-v1","V4-TARGET-RESPONDENT-WEIGHTED-v1",0.481343096559445,0.470076218787706,0.0112668777717388,0.45207523994732,0.512941454978848,0.482508347463084,0.0608662150315276,0.0154987323023211,TRUE,199,199,0,"OK","P14-C017",40,50,1000,0.17,"balanced","strong","near_knot",20,20,0,0.005,0,0.164000000000001
"V4-CMP-IID-RESP-BB-v1","WORKING-INDEPENDENCE-RESPONDENT",0.481343096559445,0.470076218787706,0.0112668777717388,0.456919015806851,0.513974657547952,0.485446836677402,0.0570556417411008,0.0151535850466122,TRUE,199,199,0,"OK","P14-C017",40,50,1000,0.17,"balanced","strong","near_knot",20,20,0,0.005,0,0.164000000000001
"V4-CMP-TWO-STAGE-FREQ-BOOT-RESP-v1","V4-TARGET-RESPONDENT-WEIGHTED-v1",0.481343096559445,0.470076218787706,0.0112668777717388,0.429139489845976,0.524310379705306,0.476724934775641,0.0951708898593303,0.0224506021904812,TRUE,199,199,0,"OK","P14-C017",40,50,1000,0.17,"balanced","strong","near_knot",20,20,0,0.005,0,0.164000000000001
"V4-CMP-MOKKEN-TWOLEVEL-DELTA-v1","V4-TARGET-RESPONDENT-WEIGHTED-v1",0.48134309655944,0.470076218787706,0.0112668777717339,0.438937782002998,0.523748411115882,0.48134309655944,0.0848106291128834,0.0216357621318195,TRUE,,,0,"OK","P14-C017",40,50,1000,0.17,"balanced","strong","near_knot",20,20,0,0.005,0,0.164000000000001
"V4-PRI-TWO-STAGE-HBB-RESP-v1","V4-TARGET-RESPONDENT-WEIGHTED-v1",0.518172556292634,0.470076218787706,0.0480963375049281,0.461463264395388,0.572038268582958,0.516750766489173,0.11057500418757,0.0276423755887532,TRUE,199,199,0,"OK","P14-C017",41,50,1000,0.17,"balanced","strong","near_knot",20,20,0,0.004,0,0.159999999999997
"V4-SENS-TWO-STAGE-HBB-CLUSTER-v1","V4-TARGET-EQUAL-CLUSTER-v1",0.518172556292634,0.470076218787706,0.0480963375049281,0.480575771047557,0.562891197018576,0.521733484033067,0.0823154259710188,0.023216314732352,FALSE,199,199,0,"OK","P14-C017",41,50,1000,0.17,"balanced","strong","near_knot",20,20,0,0.004,0,0.159999999999997
"V4-CMP-ONE-STAGE-CLUSTER-BB-RESP-v1","V4-TARGET-RESPONDENT-WEIGHTED-v1",0.518172556292634,0.470076218787706,0.0480963375049281,0.490526033679096,0.545315852523167,0.517920943101131,0.0547898188440707,0.0142927257613366,FALSE,199,199,0,"OK","P14-C017",41,50,1000,0.17,"balanced","strong","near_knot",20,20,0,0.004,0,0.159999999999997
"V4-CMP-IID-RESP-BB-v1","WORKING-INDEPENDENCE-RESPONDENT",0.518172556292634,0.470076218787706,0.0480963375049281,0.486704051388555,0.553004599653808,0.519854325521182,0.0663005482652528,0.0162747104255502,FALSE,199,199,0,"OK","P14-C017",41,50,1000,0.17,"balanced","strong","near_knot",20,20,0,0.004,0,0.159999999999997
"V4-CMP-TWO-STAGE-FREQ-BOOT-RESP-v1","V4-TARGET-RESPONDENT-WEIGHTED-v1",0.518172556292634,0.470076218787706,0.0480963375049281,0.476733119198967,0.55330327320361,0.515018196201289,0.0765701540046423,0.0204801426311734,FALSE,199,199,0,"OK","P14-C017",41,50,1000,0.17,"balanced","strong","near_knot",20,20,0,0.004,0,0.159999999999997
"V4-CMP-MOKKEN-TWOLEVEL-DELTA-v1","V4-TARGET-RESPONDENT-WEIGHTED-v1",0.51817255629263,0.470076218787706,0.0480963375049244,0.477465710589279,0.558879401995982,0.51817255629263,0.0814136914067032,0.0207691804668055,FALSE,,,0,"OK","P14-C017",41,50,1000,0.17,"balanced","strong","near_knot",20,20,0,0.004,0,0.159999999999997
"V4-PRI-TWO-STAGE-HBB-RESP-v1","V4-TARGET-RESPONDENT-WEIGHTED-v1",0.457097976233251,0.470076218787706,-0.0129782425544555,0.406970823394414,0.515331972008846,0.46115139770163,0.108361148614432,0.0263731961347412,TRUE,199,199,0,"OK","P14-C017",42,50,1000,0.17,"balanced","strong","near_knot",20,20,0,0.005,0,0.161000000000001
"V4-SENS-TWO-STAGE-HBB-CLUSTER-v1","V4-TARGET-EQUAL-CLUSTER-v1",0.457097976233251,0.470076218787706,-0.0129782425544555,0.397027183879644,0.51529347597791,0.456160329928777,0.118266292098266,0.0300457766886784,TRUE,199,199,0,"OK","P14-C017",42,50,1000,0.17,"balanced","strong","near_knot",20,20,0,0.005,0,0.161000000000001
"V4-CMP-ONE-STAGE-CLUSTER-BB-RESP-v1","V4-TARGET-RESPONDENT-WEIGHTED-v1",0.457097976233251,0.470076218787706,-0.0129782425544555,0.420505719057965,0.497106828033102,0.458806273545533,0.0766011089751367,0.0193883830286461,TRUE,199,199,0,"OK","P14-C017",42,50,1000,0.17,"balanced","strong","near_knot",20,20,0,0.005,0,0.161000000000001
"V4-CMP-IID-RESP-BB-v1","WORKING-INDEPENDENCE-RESPONDENT",0.457097976233251,0.470076218787706,-0.0129782425544555,0.429912284017001,0.487571947716835,0.458742115866918,0.0576596636998346,0.0154345180275052,TRUE,199,199,0,"OK","P14-C017",42,50,1000,0.17,"balanced","strong","near_knot",20,20,0,0.005,0,0.161000000000001
"V4-CMP-TWO-STAGE-FREQ-BOOT-RESP-v1","V4-TARGET-RESPONDENT-WEIGHTED-v1",0.457097976233251,0.470076218787706,-0.0129782425544555,0.405270132270605,0.505442918236845,0.455356525253725,0.10017278596624,0.025437546518862,TRUE,199,199,0,"OK","P14-C017",42,50,1000,0.17,"balanced","strong","near_knot",20,20,0,0.005,0,0.161000000000001
"V4-CMP-MOKKEN-TWOLEVEL-DELTA-v1","V4-TARGET-RESPONDENT-WEIGHTED-v1",0.457097976233244,0.470076218787706,-0.0129782425544621,0.40818676293094,0.506009189535549,0.457097976233244,0.097822426604609,0.0249551592213479,TRUE,,,0,"OK","P14-C017",42,50,1000,0.17,"balanced","strong","near_knot",20,20,0,0.005,0,0.161000000000001
"V4-PRI-TWO-STAGE-HBB-RESP-v1","V4-TARGET-RESPONDENT-WEIGHTED-v1",0.473165674572979,0.470076218787706,0.0030894557852732,0.424361802245199,0.517017636998302,0.47068971962175,0.0926558347531032,0.0246260782568194,TRUE,199,199,0,"OK","P14-C017",43,50,1000,0.17,"balanced","strong","near_knot",20,20,0,0.002,0,0.159999999999997
"V4-SENS-TWO-STAGE-HBB-CLUSTER-v1","V4-TARGET-EQUAL-CLUSTER-v1",0.473165674572979,0.470076218787706,0.0030894557852732,0.408241176226058,0.513790101792456,0.461015639009257,0.105548925566398,0.0264424489844896,TRUE,199,199,0,"OK","P14-C017",43,50,1000,0.17,"balanced","strong","near_knot",20,20,0,0.002,0,0.159999999999997
"V4-CMP-ONE-STAGE-CLUSTER-BB-RESP-v1","V4-TARGET-RESPONDENT-WEIGHTED-v1",0.473165674572979,0.470076218787706,0.0030894557852732,0.443746860164187,0.513720218287844,0.478733539226016,0.0699733581236565,0.0184025050440513,TRUE,199,199,0,"OK","P14-C017",43,50,1000,0.17,"balanced","strong","near_knot",20,20,0,0.002,0,0.159999999999997
"V4-CMP-IID-RESP-BB-v1","WORKING-INDEPENDENCE-RESPONDENT",0.473165674572979,0.470076218787706,0.0030894557852732,0.440557222300847,0.504716142790447,0.472636682545647,0.0641589204896006,0.0160557112255745,TRUE,199,199,0,"OK","P14-C017",43,50,1000,0.17,"balanced","strong","near_knot",20,20,0,0.002,0,0.159999999999997
"V4-CMP-TWO-STAGE-FREQ-BOOT-RESP-v1","V4-TARGET-RESPONDENT-WEIGHTED-v1",0.473165674572979,0.470076218787706,0.0030894557852732,0.428596364238656,0.518304110852675,0.473450237545665,0.089707746614019,0.0227444883346551,TRUE,199,199,0,"OK","P14-C017",43,50,1000,0.17,"balanced","strong","near_knot",20,20,0,0.002,0,0.159999999999997
"V4-CMP-MOKKEN-TWOLEVEL-DELTA-v1","V4-TARGET-RESPONDENT-WEIGHTED-v1",0.473165674572975,0.470076218787706,0.00308945578526898,0.425706254903189,0.520625094242761,0.473165674572975,0.0949188393395717,0.0242144345733594,TRUE,,,0,"OK","P14-C017",43,50,1000,0.17,"balanced","strong","near_knot",20,20,0,0.002,0,0.159999999999997
"V4-PRI-TWO-STAGE-HBB-RESP-v1","V4-TARGET-RESPONDENT-WEIGHTED-v1",0.465265585217187,0.470076218787706,-0.00481063357051875,0.416931633684519,0.521919317278886,0.469425475481703,0.104987683594367,0.0254645625767177,TRUE,199,199,0,"OK","P14-C017",44,50,1000,0.17,"balanced","strong","near_knot",20,20,0,0.001,0,0.149000000000001
"V4-SENS-TWO-STAGE-HBB-CLUSTER-v1","V4-TARGET-EQUAL-CLUSTER-v1",0.465265585217187,0.470076218787706,-0.00481063357051875,0.417705182933874,0.515074686426179,0.466389934680027,0.097369503492305,0.0252409039968054,TRUE,199,199,0,"OK","P14-C017",44,50,1000,0.17,"balanced","strong","near_knot",20,20,0,0.001,0,0.149000000000001
"V4-CMP-ONE-STAGE-CLUSTER-BB-RESP-v1","V4-TARGET-RESPONDENT-WEIGHTED-v1",0.465265585217187,0.470076218787706,-0.00481063357051875,0.436380116076617,0.495425626689509,0.465902871383063,0.059045510612892,0.0152582771696498,TRUE,199,199,0,"OK","P14-C017",44,50,1000,0.17,"balanced","strong","near_knot",20,20,0,0.001,0,0.149000000000001
"V4-CMP-IID-RESP-BB-v1","WORKING-INDEPENDENCE-RESPONDENT",0.465265585217187,0.470076218787706,-0.00481063357051875,0.434875198028201,0.502318299363414,0.468596748695808,0.0674431013352131,0.0163213045719033,TRUE,199,199,0,"OK","P14-C017",44,50,1000,0.17,"balanced","strong","near_knot",20,20,0,0.001,0,0.149000000000001
"V4-CMP-TWO-STAGE-FREQ-BOOT-RESP-v1","V4-TARGET-RESPONDENT-WEIGHTED-v1",0.465265585217187,0.470076218787706,-0.00481063357051875,0.428304723152224,0.512902998790379,0.470603860971301,0.0845982756381547,0.0219124830878636,TRUE,199,199,0,"OK","P14-C017",44,50,1000,0.17,"balanced","strong","near_knot",20,20,0,0.001,0,0.149000000000001
"V4-CMP-MOKKEN-TWOLEVEL-DELTA-v1","V4-TARGET-RESPONDENT-WEIGHTED-v1",0.465265585217179,0.470076218787706,-0.00481063357052747,0.422762241771947,0.50776892866241,0.465265585217179,0.0850066868904629,0.0216857777900474,TRUE,,,0,"OK","P14-C017",44,50,1000,0.17,"balanced","strong","near_knot",20,20,0,0.001,0,0.149000000000001
"V4-PRI-TWO-STAGE-HBB-RESP-v1","V4-TARGET-RESPONDENT-WEIGHTED-v1",0.472127719319712,0.470076218787706,0.00205150053200542,0.40502970652374,0.524179934365385,0.464604820444562,0.119150227841644,0.0321968614805716,TRUE,199,199,0,"OK","P14-C017",45,50,1000,0.17,"balanced","strong","near_knot",20,20,0,0,1,0.149000000000001
"V4-SENS-TWO-STAGE-HBB-CLUSTER-v1","V4-TARGET-EQUAL-CLUSTER-v1",0.472127719319712,0.470076218787706,0.00205150053200542,0.408904717912533,0.538268581921811,0.473586649917172,0.129363864009278,0.0322615177979126,TRUE,199,199,0,"OK","P14-C017",45,50,1000,0.17,"balanced","strong","near_knot",20,20,0,0,1,0.149000000000001
"V4-CMP-ONE-STAGE-CLUSTER-BB-RESP-v1","V4-TARGET-RESPONDENT-WEIGHTED-v1",0.472127719319712,0.470076218787706,0.00205150053200542,0.423461874023328,0.514949674932091,0.46920577447771,0.0914878009087625,0.0233815227291995,TRUE,199,199,0,"OK","P14-C017",45,50,1000,0.17,"balanced","strong","near_knot",20,20,0,0,1,0.149000000000001
"V4-CMP-IID-RESP-BB-v1","WORKING-INDEPENDENCE-RESPONDENT",0.472127719319712,0.470076218787706,0.00205150053200542,0.440468407584578,0.506198826769793,0.473333617177186,0.0657304191852149,0.0165325566760866,TRUE,199,199,0,"OK","P14-C017",45,50,1000,0.17,"balanced","strong","near_knot",20,20,0,0,1,0.149000000000001
"V4-CMP-TWO-STAGE-FREQ-BOOT-RESP-v1","V4-TARGET-RESPONDENT-WEIGHTED-v1",0.472127719319712,0.470076218787706,0.00205150053200542,0.416512976414288,0.523022621857275,0.469767799135781,0.106509645442986,0.0276336368217953,TRUE,199,199,0,"OK","P14-C017",45,50,1000,0.17,"balanced","strong","near_knot",20,20,0,0,1,0.149000000000001
"V4-CMP-MOKKEN-TWOLEVEL-DELTA-v1","V4-TARGET-RESPONDENT-WEIGHTED-v1",0.472127719319707,0.470076218787706,0.0020515005320012,0.418880975962483,0.525374462676932,0.472127719319707,0.106493486714449,0.0271672049982693,TRUE,,,0,"OK","P14-C017",45,50,1000,0.17,"balanced","strong","near_knot",20,20,0,0,1,0.149000000000001
"V4-PRI-TWO-STAGE-HBB-RESP-v1","V4-TARGET-RESPONDENT-WEIGHTED-v1",0.472530198479229,0.470076218787706,0.00245397969152267,0.412065175688196,0.522140645175078,0.467102910431637,0.110075469486882,0.0284300072284416,TRUE,199,199,0,"OK","P14-C017",46,50,1000,0.17,"balanced","strong","near_knot",20,20,0,0,1,0.150000000000006
"V4-SENS-TWO-STAGE-HBB-CLUSTER-v1","V4-TARGET-EQUAL-CLUSTER-v1",0.472530198479229,0.470076218787706,0.00245397969152267,0.418718316682485,0.531109204007432,0.474913760344959,0.112390887324947,0.0287022150011934,TRUE,199,199,0,"OK","P14-C017",46,50,1000,0.17,"balanced","strong","near_knot",20,20,0,0,1,0.150000000000006
"V4-CMP-ONE-STAGE-CLUSTER-BB-RESP-v1","V4-TARGET-RESPONDENT-WEIGHTED-v1",0.472530198479229,0.470076218787706,0.00245397969152267,0.436885913159016,0.509246627678129,0.473066270418573,0.0723607145191134,0.0184030699350171,TRUE,199,199,0,"OK","P14-C017",46,50,1000,0.17,"balanced","strong","near_knot",20,20,0,0,1,0.150000000000006
"V4-CMP-IID-RESP-BB-v1","WORKING-INDEPENDENCE-RESPONDENT",0.472530198479229,0.470076218787706,0.00245397969152267,0.442823081838878,0.503382071121012,0.473102576479945,0.0605589892821343,0.0164626199727104,TRUE,199,199,0,"OK","P14-C017",46,50,1000,0.17,"balanced","strong","near_knot",20,20,0,0,1,0.150000000000006
"V4-CMP-TWO-STAGE-FREQ-BOOT-RESP-v1","V4-TARGET-RESPONDENT-WEIGHTED-v1",0.472530198479229,0.470076218787706,0.00245397969152267,0.429079474270672,0.519015690188895,0.474047582229783,0.0899362159182231,0.0240732733924835,TRUE,199,199,0,"OK","P14-C017",46,50,1000,0.17,"balanced","strong","near_knot",20,20,0,0,1,0.150000000000006
"V4-CMP-MOKKEN-TWOLEVEL-DELTA-v1","V4-TARGET-RESPONDENT-WEIGHTED-v1",0.472530198479223,0.470076218787706,0.00245397969151651,0.424978731834038,0.520081665124407,0.472530198479223,0.0951029332903683,0.0242613981788768,TRUE,,,0,"OK","P14-C017",46,50,1000,0.17,"balanced","strong","near_knot",20,20,0,0,1,0.150000000000006
"V4-PRI-TWO-STAGE-HBB-RESP-v1","V4-TARGET-RESPONDENT-WEIGHTED-v1",0.446982659524622,0.470076218787706,-0.0230935592630841,0.392124152261238,0.499544821619927,0.445834486940583,0.107420669358688,0.0277429227075,TRUE,199,199,0,"OK","P14-C017",47,50,1000,0.17,"balanced","strong","near_knot",20,20,0,0.012,0,0.150999999999996
"V4-SENS-TWO-STAGE-HBB-CLUSTER-v1","V4-TARGET-EQUAL-CLUSTER-v1",0.446982659524622,0.470076218787706,-0.0230935592630841,0.392655480510632,0.4977542157278,0.445204848119216,0.105098735217168,0.02613441201978,TRUE,199,199,0,"OK","P14-C017",47,50,1000,0.17,"balanced","strong","near_knot",20,20,0,0.012,0,0.150999999999996
"V4-CMP-ONE-STAGE-CLUSTER-BB-RESP-v1","V4-TARGET-RESPONDENT-WEIGHTED-v1",0.446982659524622,0.470076218787706,-0.0230935592630841,0.416007064949156,0.480746114122312,0.448376589535734,0.0647390491731555,0.0161605751302621,TRUE,199,199,0,"OK","P14-C017",47,50,1000,0.17,"balanced","strong","near_knot",20,20,0,0.012,0,0.150999999999996
"V4-CMP-IID-RESP-BB-v1","WORKING-INDEPENDENCE-RESPONDENT",0.446982659524622,0.470076218787706,-0.0230935592630841,0.415754087584621,0.478471344338531,0.447112715961576,0.0627172567539104,0.0169159169818631,TRUE,199,199,0,"OK","P14-C017",47,50,1000,0.17,"balanced","strong","near_knot",20,20,0,0.012,0,0.150999999999996
"V4-CMP-TWO-STAGE-FREQ-BOOT-RESP-v1","V4-TARGET-RESPONDENT-WEIGHTED-v1",0.446982659524622,0.470076218787706,-0.0230935592630841,0.404262775974548,0.48838907944161,0.446325927708079,0.0841263034670623,0.0214670880332453,TRUE,199,199,0,"OK","P14-C017",47,50,1000,0.17,"balanced","strong","near_knot",20,20,0,0.012,0,0.150999999999996
"V4-CMP-MOKKEN-TWOLEVEL-DELTA-v1","V4-TARGET-RESPONDENT-WEIGHTED-v1",0.446982659524616,0.470076218787706,-0.0230935592630903,0.404599691719491,0.489365627329741,0.446982659524616,0.0847659356102495,0.021624360518579,TRUE,,,0,"OK","P14-C017",47,50,1000,0.17,"balanced","strong","near_knot",20,20,0,0.012,0,0.150999999999996
"V4-PRI-TWO-STAGE-HBB-RESP-v1","V4-TARGET-RESPONDENT-WEIGHTED-v1",0.441618844900107,0.470076218787706,-0.0284573738875993,0.376992438067869,0.501143982264206,0.439068210166038,0.124151544196337,0.0307193005157445,TRUE,199,199,0,"OK","P14-C017",48,50,1000,0.17,"balanced","strong","near_knot",20,20,0,0.001,0,0.150000000000006
"V4-SENS-TWO-STAGE-HBB-CLUSTER-v1","V4-TARGET-EQUAL-CLUSTER-v1",0.441618844900107,0.470076218787706,-0.0284573738875993,0.387144244962176,0.503209208246364,0.44517672660427,0.116064963284188,0.0302802168345998,TRUE,199,199,0,"OK","P14-C017",48,50,1000,0.17,"balanced","strong","near_knot",20,20,0,0.001,0,0.150000000000006
"V4-CMP-ONE-STAGE-CLUSTER-BB-RESP-v1","V4-TARGET-RESPONDENT-WEIGHTED-v1",0.441618844900107,0.470076218787706,-0.0284573738875993,0.40181478453211,0.472777280533838,0.437296032532974,0.0709624960017277,0.0168601464049913,TRUE,199,199,0,"OK","P14-C017",48,50,1000,0.17,"balanced","strong","near_knot",20,20,0,0.001,0,0.150000000000006
"V4-CMP-IID-RESP-BB-v1","WORKING-INDEPENDENCE-RESPONDENT",0.441618844900107,0.470076218787706,-0.0284573738875993,0.413828326830757,0.4838242310709,0.448826278950829,0.0699959042401426,0.0173451488550158,TRUE,199,199,0,"OK","P14-C017",48,50,1000,0.17,"balanced","strong","near_knot",20,20,0,0.001,0,0.150000000000006
"V4-CMP-TWO-STAGE-FREQ-BOOT-RESP-v1","V4-TARGET-RESPONDENT-WEIGHTED-v1",0.441618844900107,0.470076218787706,-0.0284573738875993,0.390494642572897,0.490002829402742,0.44024873598782,0.0995081868298449,0.0244583428012499,TRUE,199,199,0,"OK","P14-C017",48,50,1000,0.17,"balanced","strong","near_knot",20,20,0,0.001,0,0.150000000000006
"V4-CMP-MOKKEN-TWOLEVEL-DELTA-v1","V4-TARGET-RESPONDENT-WEIGHTED-v1",0.441618844900098,0.470076218787706,-0.0284573738876078,0.394580701357865,0.488656988442332,0.441618844900098,0.0940762870844671,0.0239994938240011,TRUE,,,0,"OK","P14-C017",48,50,1000,0.17,"balanced","strong","near_knot",20,20,0,0.001,0,0.150000000000006
"V4-PRI-TWO-STAGE-HBB-RESP-v1","V4-TARGET-RESPONDENT-WEIGHTED-v1",0.458297854901687,0.470076218787706,-0.0117783638860194,0.390332817874024,0.515811363100654,0.453072090487339,0.12547854522663,0.0318221053557288,TRUE,199,199,0,"OK","P14-C017",49,50,1000,0.17,"balanced","strong","near_knot",20,20,0,0.002,0,0.149999999999991
"V4-SENS-TWO-STAGE-HBB-CLUSTER-v1","V4-TARGET-EQUAL-CLUSTER-v1",0.458297854901687,0.470076218787706,-0.0117783638860194,0.390322538353031,0.514275306400852,0.452298922376942,0.123952768047821,0.0300748129792429,TRUE,199,199,0,"OK","P14-C017",49,50,1000,0.17,"balanced","strong","near_knot",20,20,0,0.002,0,0.149999999999991
"V4-CMP-ONE-STAGE-CLUSTER-BB-RESP-v1","V4-TARGET-RESPONDENT-WEIGHTED-v1",0.458297854901687,0.470076218787706,-0.0117783638860194,0.419187583325471,0.504317991239565,0.461752787282518,0.085130407914094,0.0210509429361861,TRUE,199,199,0,"OK","P14-C017",49,50,1000,0.17,"balanced","strong","near_knot",20,20,0,0.002,0,0.149999999999991
"V4-CMP-IID-RESP-BB-v1","WORKING-INDEPENDENCE-RESPONDENT",0.458297854901687,0.470076218787706,-0.0117783638860194,0.426314694172515,0.492053049078176,0.459183871625346,0.0657383549056604,0.0161852566308153,TRUE,199,199,0,"OK","P14-C017",49,50,1000,0.17,"balanced","strong","near_knot",20,20,0,0.002,0,0.149999999999991
"V4-CMP-TWO-STAGE-FREQ-BOOT-RESP-v1","V4-TARGET-RESPONDENT-WEIGHTED-v1",0.458297854901687,0.470076218787706,-0.0117783638860194,0.407154384640223,0.501879533557164,0.454516959098694,0.0947251489169406,0.0272616750072378,TRUE,199,199,0,"OK","P14-C017",49,50,1000,0.17,"balanced","strong","near_knot",20,20,0,0.002,0,0.149999999999991
"V4-CMP-MOKKEN-TWOLEVEL-DELTA-v1","V4-TARGET-RESPONDENT-WEIGHTED-v1",0.458297854901683,0.470076218787706,-0.0117783638860229,0.406539010225347,0.510056699578019,0.458297854901683,0.103517689352673,0.0264080590687398,TRUE,,,0,"OK","P14-C017",49,50,1000,0.17,"balanced","strong","near_knot",20,20,0,0.002,0,0.149999999999991
"V4-PRI-TWO-STAGE-HBB-RESP-v1","V4-TARGET-RESPONDENT-WEIGHTED-v1",0.499679419326408,0.470076218787706,0.0296032005387023,0.445867570556781,0.557260399665053,0.501563985110917,0.111392829108272,0.0274111072862454,TRUE,199,199,0,"OK","P14-C017",50,50,1000,0.17,"balanced","strong","near_knot",20,20,0,0.001,0,0.165000000000006
"V4-SENS-TWO-STAGE-HBB-CLUSTER-v1","V4-TARGET-EQUAL-CLUSTER-v1",0.499679419326408,0.470076218787706,0.0296032005387023,0.44699656346372,0.56158328746624,0.50428992546498,0.11458672400252,0.0280350633543022,TRUE,199,199,0,"OK","P14-C017",50,50,1000,0.17,"balanced","strong","near_knot",20,20,0,0.001,0,0.165000000000006
"V4-CMP-ONE-STAGE-CLUSTER-BB-RESP-v1","V4-TARGET-RESPONDENT-WEIGHTED-v1",0.499679419326408,0.470076218787706,0.0296032005387023,0.465048699542655,0.530338250399107,0.497693474970881,0.0652895508564513,0.0172607262055004,TRUE,199,199,0,"OK","P14-C017",50,50,1000,0.17,"balanced","strong","near_knot",20,20,0,0.001,0,0.165000000000006
"V4-CMP-IID-RESP-BB-v1","WORKING-INDEPENDENCE-RESPONDENT",0.499679419326408,0.470076218787706,0.0296032005387023,0.464502955662095,0.534260689688687,0.499381822675391,0.0697577340265927,0.0173113461530991,TRUE,199,199,0,"OK","P14-C017",50,50,1000,0.17,"balanced","strong","near_knot",20,20,0,0.001,0,0.165000000000006
"V4-CMP-TWO-STAGE-FREQ-BOOT-RESP-v1","V4-TARGET-RESPONDENT-WEIGHTED-v1",0.499679419326408,0.470076218787706,0.0296032005387023,0.448418938647524,0.546149094652043,0.497284016649784,0.0977301560045196,0.0237554631563387,TRUE,199,199,0,"OK","P14-C017",50,50,1000,0.17,"balanced","strong","near_knot",20,20,0,0.001,0,0.165000000000006
"V4-CMP-MOKKEN-TWOLEVEL-DELTA-v1","V4-TARGET-RESPONDENT-WEIGHTED-v1",0.499679419326404,0.470076218787706,0.0296032005386976,0.453732243164338,0.54562659548847,0.499679419326404,0.0918943523241318,0.0234428675855737,TRUE,,,0,"OK","P14-C017",50,50,1000,0.17,"balanced","strong","near_knot",20,20,0,0.001,0,0.165000000000006
"V4-PRI-TWO-STAGE-HBB-RESP-v1","V4-TARGET-RESPONDENT-WEIGHTED-v1",0.480098994110071,0.470076218787706,0.0100227753223647,0.431558496530566,0.526494985744237,0.479026741137401,0.0949364892136711,0.0245362860642873,TRUE,199,199,0,"OK","P14-C017",51,50,1000,0.17,"balanced","strong","near_knot",20,20,0,0.001,0,0.150999999999996
"V4-SENS-TWO-STAGE-HBB-CLUSTER-v1","V4-TARGET-EQUAL-CLUSTER-v1",0.480098994110071,0.470076218787706,0.0100227753223647,0.421755614613324,0.537265770524185,0.479510692568755,0.115510155910862,0.0292039499594545,TRUE,199,199,0,"OK","P14-C017",51,50,1000,0.17,"balanced","strong","near_knot",20,20,0,0.001,0,0.150999999999996
"V4-CMP-ONE-STAGE-CLUSTER-BB-RESP-v1","V4-TARGET-RESPONDENT-WEIGHTED-v1",0.480098994110071,0.470076218787706,0.0100227753223647,0.447261963428608,0.513249046449057,0.480255504938833,0.0659870830204488,0.0159453112134048,TRUE,199,199,0,"OK","P14-C017",51,50,1000,0.17,"balanced","strong","near_knot",20,20,0,0.001,0,0.150999999999996
"V4-CMP-IID-RESP-BB-v1","WORKING-INDEPENDENCE-RESPONDENT",0.480098994110071,0.470076218787706,0.0100227753223647,0.452071649118453,0.50977668906073,0.480924169089591,0.0577050399422764,0.0144027497406555,TRUE,199,199,0,"OK","P14-C017",51,50,1000,0.17,"balanced","strong","near_knot",20,20,0,0.001,0,0.150999999999996
"V4-CMP-TWO-STAGE-FREQ-BOOT-RESP-v1","V4-TARGET-RESPONDENT-WEIGHTED-v1",0.480098994110071,0.470076218787706,0.0100227753223647,0.437837213726423,0.527732683542858,0.482784948634641,0.0898954698164356,0.022611734796979,TRUE,199,199,0,"OK","P14-C017",51,50,1000,0.17,"balanced","strong","near_knot",20,20,0,0.001,0,0.150999999999996
"V4-CMP-MOKKEN-TWOLEVEL-DELTA-v1","V4-TARGET-RESPONDENT-WEIGHTED-v1",0.480098994110065,0.470076218787706,0.010022775322359,0.435299958671058,0.524898029549072,0.480098994110065,0.0895980708780132,0.0228570707382256,TRUE,,,0,"OK","P14-C017",51,50,1000,0.17,"balanced","strong","near_knot",20,20,0,0.001,0,0.150999999999996
"V4-PRI-TWO-STAGE-HBB-RESP-v1","V4-TARGET-RESPONDENT-WEIGHTED-v1",0.488769226660232,0.470076218787706,0.0186930078725262,0.42689050699021,0.536133324945944,0.481511915968077,0.109242817955734,0.0279142938173615,TRUE,199,199,0,"OK","P14-C017",52,50,1000,0.17,"balanced","strong","near_knot",20,20,0,0.002,0,0.174000000000007
"V4-SENS-TWO-STAGE-HBB-CLUSTER-v1","V4-TARGET-EQUAL-CLUSTER-v1",0.488769226660232,0.470076218787706,0.0186930078725262,0.43572260047979,0.540318854131586,0.488020727305688,0.104596253651796,0.026170695347434,TRUE,199,199,0,"OK","P14-C017",52,50,1000,0.17,"balanced","strong","near_knot",20,20,0,0.002,0,0.174000000000007
"V4-CMP-ONE-STAGE-CLUSTER-BB-RESP-v1","V4-TARGET-RESPONDENT-WEIGHTED-v1",0.488769226660232,0.470076218787706,0.0186930078725262,0.452900910797677,0.529583859710679,0.491242385254178,0.0766829489130025,0.0186239165434155,TRUE,199,199,0,"OK","P14-C017",52,50,1000,0.17,"balanced","strong","near_knot",20,20,0,0.002,0,0.174000000000007
"V4-CMP-IID-RESP-BB-v1","WORKING-INDEPENDENCE-RESPONDENT",0.488769226660232,0.470076218787706,0.0186930078725262,0.457411357550499,0.517476897730969,0.487444127640734,0.0600655401804694,0.0157585631176291,TRUE,199,199,0,"OK","P14-C017",52,50,1000,0.17,"balanced","strong","near_knot",20,20,0,0.002,0,0.174000000000007
"V4-CMP-TWO-STAGE-FREQ-BOOT-RESP-v1","V4-TARGET-RESPONDENT-WEIGHTED-v1",0.488769226660232,0.470076218787706,0.0186930078725262,0.439609008695008,0.53770991467837,0.488659461686689,0.0981009059833619,0.0251468482994676,TRUE,199,199,0,"OK","P14-C017",52,50,1000,0.17,"balanced","strong","near_knot",20,20,0,0.002,0,0.174000000000007
"V4-CMP-MOKKEN-TWOLEVEL-DELTA-v1","V4-TARGET-RESPONDENT-WEIGHTED-v1",0.488769226660226,0.470076218787706,0.0186930078725204,0.440104640920269,0.537433812400184,0.488769226660226,0.097329171479914,0.0248293265201897,TRUE,,,0,"OK","P14-C017",52,50,1000,0.17,"balanced","strong","near_knot",20,20,0,0.002,0,0.174000000000007
"V4-PRI-TWO-STAGE-HBB-RESP-v1","V4-TARGET-RESPONDENT-WEIGHTED-v1",0.461782542223827,0.470076218787706,-0.00829367656387947,0.41298093892744,0.519791471403507,0.466386205165473,0.106810532476067,0.0261310021862688,TRUE,199,199,0,"OK","P14-C017",53,50,1000,0.17,"balanced","strong","near_knot",20,20,0,0.001,0,0.155999999999992
"V4-SENS-TWO-STAGE-HBB-CLUSTER-v1","V4-TARGET-EQUAL-CLUSTER-v1",0.461782542223827,0.470076218787706,-0.00829367656387947,0.415697548101613,0.512720859476986,0.4642092037893,0.0970233113753736,0.0265459430719054,TRUE,199,199,0,"OK","P14-C017",53,50,1000,0.17,"balanced","strong","near_knot",20,20,0,0.001,0,0.155999999999992
"V4-CMP-ONE-STAGE-CLUSTER-BB-RESP-v1","V4-TARGET-RESPONDENT-WEIGHTED-v1",0.461782542223827,0.470076218787706,-0.00829367656387947,0.418512790381247,0.498238798142706,0.458375794261977,0.0797260077614591,0.0186177262510451,TRUE,199,199,0,"OK","P14-C017",53,50,1000,0.17,"balanced","strong","near_knot",20,20,0,0.001,0,0.155999999999992
"V4-CMP-IID-RESP-BB-v1","WORKING-INDEPENDENCE-RESPONDENT",0.461782542223827,0.470076218787706,-0.00829367656387947,0.426809038784113,0.495565747832738,0.461187393308426,0.0687567090486251,0.0173102610393385,TRUE,199,199,0,"OK","P14-C017",53,50,1000,0.17,"balanced","strong","near_knot",20,20,0,0.001,0,0.155999999999992
"V4-CMP-TWO-STAGE-FREQ-BOOT-RESP-v1","V4-TARGET-RESPONDENT-WEIGHTED-v1",0.461782542223827,0.470076218787706,-0.00829367656387947,0.407374224322611,0.505223906766394,0.456299065544502,0.0978496824437828,0.0253779396343604,TRUE,199,199,0,"OK","P14-C017",53,50,1000,0.17,"balanced","strong","near_knot",20,20,0,0.001,0,0.155999999999992
"V4-CMP-MOKKEN-TWOLEVEL-DELTA-v1","V4-TARGET-RESPONDENT-WEIGHTED-v1",0.461782542223822,0.470076218787706,-0.00829367656388447,0.414364410006075,0.509200674441568,0.461782542223822,0.0948362644354934,0.0241933691597269,TRUE,,,0,"OK","P14-C017",53,50,1000,0.17,"balanced","strong","near_knot",20,20,0,0.001,0,0.155999999999992
"V4-PRI-TWO-STAGE-HBB-RESP-v1","V4-TARGET-RESPONDENT-WEIGHTED-v1",0.447789007750272,0.470076218787706,-0.0222872110374338,0.397783412540707,0.508201093453219,0.452992252996963,0.110417680912513,0.027973795837616,TRUE,199,199,0,"OK","P14-C017",54,50,1000,0.17,"balanced","strong","near_knot",20,20,0,0,1,0.167000000000002
"V4-SENS-TWO-STAGE-HBB-CLUSTER-v1","V4-TARGET-EQUAL-CLUSTER-v1",0.447789007750272,0.470076218787706,-0.0222872110374338,0.398694631388606,0.499780036155646,0.449237333772126,0.10108540476704,0.0263262671912084,TRUE,199,199,0,"OK","P14-C017",54,50,1000,0.17,"balanced","strong","near_knot",20,20,0,0,1,0.167000000000002
"V4-CMP-ONE-STAGE-CLUSTER-BB-RESP-v1","V4-TARGET-RESPONDENT-WEIGHTED-v1",0.447789007750272,0.470076218787706,-0.0222872110374338,0.41029081074465,0.476334051396038,0.443312431070344,0.0660432406513883,0.0159151005434146,TRUE,199,199,0,"OK","P14-C017",54,50,1000,0.17,"balanced","strong","near_knot",20,20,0,0,1,0.167000000000002
"V4-CMP-IID-RESP-BB-v1","WORKING-INDEPENDENCE-RESPONDENT",0.447789007750272,0.470076218787706,-0.0222872110374338,0.417740422857798,0.480803726649784,0.449272074753791,0.0630633037919858,0.0155019359981118,TRUE,199,199,0,"OK","P14-C017",54,50,1000,0.17,"balanced","strong","near_knot",20,20,0,0,1,0.167000000000002
"V4-CMP-TWO-STAGE-FREQ-BOOT-RESP-v1","V4-TARGET-RESPONDENT-WEIGHTED-v1",0.447789007750272,0.470076218787706,-0.0222872110374338,0.397106219045507,0.492008757342926,0.444557488194217,0.0949025382974191,0.0229483378009343,TRUE,199,199,0,"OK","P14-C017",54,50,1000,0.17,"balanced","strong","near_knot",20,20,0,0,1,0.167000000000002
"V4-CMP-MOKKEN-TWOLEVEL-DELTA-v1","V4-TARGET-RESPONDENT-WEIGHTED-v1",0.447789007750266,0.470076218787706,-0.0222872110374402,0.403878898384832,0.4916991171157,0.447789007750266,0.0878202187308674,0.0224035286932776,TRUE,,,0,"OK","P14-C017",54,50,1000,0.17,"balanced","strong","near_knot",20,20,0,0,1,0.167000000000002
"V4-PRI-TWO-STAGE-HBB-RESP-v1","V4-TARGET-RESPONDENT-WEIGHTED-v1",0.446286422144394,0.470076218787706,-0.0237897966433123,0.390595168462519,0.499494455445301,0.44504481195391,0.108899286982782,0.0265900175117642,TRUE,199,199,0,"OK","P14-C017",55,50,1000,0.17,"balanced","strong","near_knot",20,20,0,0.005,0,0.147999999999996
"V4-SENS-TWO-STAGE-HBB-CLUSTER-v1","V4-TARGET-EQUAL-CLUSTER-v1",0.446286422144394,0.470076218787706,-0.0237897966433123,0.397386746376793,0.497579436161681,0.447483091269237,0.100192689784887,0.0272498544964972,TRUE,199,199,0,"OK","P14-C017",55,50,1000,0.17,"balanced","strong","near_knot",20,20,0,0.005,0,0.147999999999996
"V4-CMP-ONE-STAGE-CLUSTER-BB-RESP-v1","V4-TARGET-RESPONDENT-WEIGHTED-v1",0.446286422144394,0.470076218787706,-0.0237897966433123,0.412015644162152,0.474900975737226,0.443458309949689,0.0628853315750739,0.0154694690021088,TRUE,199,199,0,"OK","P14-C017",55,50,1000,0.17,"balanced","strong","near_knot",20,20,0,0.005,0,0.147999999999996
"V4-CMP-IID-RESP-BB-v1","WORKING-INDEPENDENCE-RESPONDENT",0.446286422144394,0.470076218787706,-0.0237897966433123,0.416568638808544,0.472799119059255,0.4446838789339,0.0562304802507104,0.0150154962368929,TRUE,199,199,0,"OK","P14-C017",55,50,1000,0.17,"balanced","strong","near_knot",20,20,0,0.005,0,0.147999999999996
"V4-CMP-TWO-STAGE-FREQ-BOOT-RESP-v1","V4-TARGET-RESPONDENT-WEIGHTED-v1",0.446286422144394,0.470076218787706,-0.0237897966433123,0.400941795761376,0.48155919077737,0.441250493269373,0.0806173950159933,0.0222456758772265,TRUE,199,199,0,"OK","P14-C017",55,50,1000,0.17,"balanced","strong","near_knot",20,20,0,0.005,0,0.147999999999996
"V4-CMP-MOKKEN-TWOLEVEL-DELTA-v1","V4-TARGET-RESPONDENT-WEIGHTED-v1",0.446286422144386,0.470076218787706,-0.0237897966433204,0.400561847989465,0.492010996299307,0.446286422144386,0.091449148309842,0.0233292930459899,TRUE,,,0,"OK","P14-C017",55,50,1000,0.17,"balanced","strong","near_knot",20,20,0,0.005,0,0.147999999999996
"V4-PRI-TWO-STAGE-HBB-RESP-v1","V4-TARGET-RESPONDENT-WEIGHTED-v1",0.456493152566775,0.470076218787706,-0.0135830662209314,0.400116919672004,0.517057613919388,0.458587266795696,0.116940694247384,0.0290471068188562,TRUE,199,199,0,"OK","P14-C017",56,50,1000,0.17,"balanced","strong","near_knot",20,20,0,0.001,0,0.150000000000006
"V4-SENS-TWO-STAGE-HBB-CLUSTER-v1","V4-TARGET-EQUAL-CLUSTER-v1",0.456493152566775,0.470076218787706,-0.0135830662209314,0.392416808625412,0.515910647518,0.454163728071706,0.123493838892588,0.03064396427703,TRUE,199,199,0,"OK","P14-C017",56,50,1000,0.17,"balanced","strong","near_knot",20,20,0,0.001,0,0.150000000000006
"V4-CMP-ONE-STAGE-CLUSTER-BB-RESP-v1","V4-TARGET-RESPONDENT-WEIGHTED-v1",0.456493152566775,0.470076218787706,-0.0135830662209314,0.42389095345271,0.491348505338579,0.457619729395645,0.0674575518858695,0.0175228166897512,TRUE,199,199,0,"OK","P14-C017",56,50,1000,0.17,"balanced","strong","near_knot",20,20,0,0.001,0,0.150000000000006
"V4-CMP-IID-RESP-BB-v1","WORKING-INDEPENDENCE-RESPONDENT",0.456493152566775,0.470076218787706,-0.0135830662209314,0.425187662590326,0.486673454734118,0.455930558662222,0.0614857921437914,0.0155586206739555,TRUE,199,199,0,"OK","P14-C017",56,50,1000,0.17,"balanced","strong","near_knot",20,20,0,0.001,0,0.150000000000006
"V4-CMP-TWO-STAGE-FREQ-BOOT-RESP-v1","V4-TARGET-RESPONDENT-WEIGHTED-v1",0.456493152566775,0.470076218787706,-0.0135830662209314,0.409581510806477,0.499758041437412,0.454669776121945,0.0901765306309358,0.0233448209878472,TRUE,199,199,0,"OK","P14-C017",56,50,1000,0.17,"balanced","strong","near_knot",20,20,0,0.001,0,0.150000000000006
"V4-CMP-MOKKEN-TWOLEVEL-DELTA-v1","V4-TARGET-RESPONDENT-WEIGHTED-v1",0.456493152566771,0.470076218787706,-0.0135830662209355,0.409368301903355,0.503618003230186,0.456493152566771,0.0942497013268302,0.0240437329640391,TRUE,,,0,"OK","P14-C017",56,50,1000,0.17,"balanced","strong","near_knot",20,20,0,0.001,0,0.150000000000006
"V4-PRI-TWO-STAGE-HBB-RESP-v1","V4-TARGET-RESPONDENT-WEIGHTED-v1",0.454329107819965,0.470076218787706,-0.0157471109677406,0.405323109603823,0.502089090108906,0.453706099856364,0.0967659805050826,0.0252312088156753,TRUE,199,199,0,"OK","P14-C017",57,50,1000,0.17,"balanced","strong","near_knot",20,20,0,0,1,0.176000000000002
"V4-SENS-TWO-STAGE-HBB-CLUSTER-v1","V4-TARGET-EQUAL-CLUSTER-v1",0.454329107819965,0.470076218787706,-0.0157471109677406,0.40870242334401,0.509208064837809,0.45895524409091,0.100505641493799,0.0247799859624628,TRUE,199,199,0,"OK","P14-C017",57,50,1000,0.17,"balanced","strong","near_knot",20,20,0,0,1,0.176000000000002
"V4-CMP-ONE-STAGE-CLUSTER-BB-RESP-v1","V4-TARGET-RESPONDENT-WEIGHTED-v1",0.454329107819965,0.470076218787706,-0.0157471109677406,0.424375602072462,0.480731247863695,0.452553424968079,0.0563556457912329,0.0135589469486962,TRUE,199,199,0,"OK","P14-C017",57,50,1000,0.17,"balanced","strong","near_knot",20,20,0,0,1,0.176000000000002
"V4-CMP-IID-RESP-BB-v1","WORKING-INDEPENDENCE-RESPONDENT",0.454329107819965,0.470076218787706,-0.0157471109677406,0.426060589741074,0.482640184505828,0.454350387123451,0.0565795947647535,0.0150851068024494,TRUE,199,199,0,"OK","P14-C017",57,50,1000,0.17,"balanced","strong","near_knot",20,20,0,0,1,0.176000000000002
"V4-CMP-TWO-STAGE-FREQ-BOOT-RESP-v1","V4-TARGET-RESPONDENT-WEIGHTED-v1",0.454329107819965,0.470076218787706,-0.0157471109677406,0.413037067416055,0.501162066992367,0.457099567204211,0.0881249995763124,0.0213698330860644,TRUE,199,199,0,"OK","P14-C017",57,50,1000,0.17,"balanced","strong","near_knot",20,20,0,0,1,0.176000000000002
"V4-CMP-MOKKEN-TWOLEVEL-DELTA-v1","V4-TARGET-RESPONDENT-WEIGHTED-v1",0.454329107819957,0.470076218787706,-0.0157471109677491,0.41207744947149,0.496580766168424,0.454329107819957,0.0845033166969343,0.0215573646667709,TRUE,,,0,"OK","P14-C017",57,50,1000,0.17,"balanced","strong","near_knot",20,20,0,0,1,0.176000000000002
"V4-PRI-TWO-STAGE-HBB-RESP-v1","V4-TARGET-RESPONDENT-WEIGHTED-v1",0.453186085672851,0.470076218787706,-0.0168901331148547,0.398518785338944,0.507063058455452,0.452790921897198,0.108544273116509,0.0264907930275872,TRUE,199,199,0,"OK","P14-C017",58,50,1000,0.17,"balanced","strong","near_knot",20,20,0,0.002,0,0.161999999999992
"V4-SENS-TWO-STAGE-HBB-CLUSTER-v1","V4-TARGET-EQUAL-CLUSTER-v1",0.453186085672851,0.470076218787706,-0.0168901331148547,0.404534685346608,0.516616754952044,0.460575720149326,0.112082069605437,0.0276447016861967,TRUE,199,199,0,"OK","P14-C017",58,50,1000,0.17,"balanced","strong","near_knot",20,20,0,0.002,0,0.161999999999992
"V4-CMP-ONE-STAGE-CLUSTER-BB-RESP-v1","V4-TARGET-RESPONDENT-WEIGHTED-v1",0.453186085672851,0.470076218787706,-0.0168901331148547,0.419688134761648,0.486204675340835,0.452946405051241,0.0665165405791873,0.0171074492694469,TRUE,199,199,0,"OK","P14-C017",58,50,1000,0.17,"balanced","strong","near_knot",20,20,0,0.002,0,0.161999999999992
"V4-CMP-IID-RESP-BB-v1","WORKING-INDEPENDENCE-RESPONDENT",0.453186085672851,0.470076218787706,-0.0168901331148547,0.41824201498401,0.483965312829913,0.451103663906961,0.0657232978459036,0.0182313729634841,TRUE,199,199,0,"OK","P14-C017",58,50,1000,0.17,"balanced","strong","near_knot",20,20,0,0.002,0,0.161999999999992
"V4-CMP-TWO-STAGE-FREQ-BOOT-RESP-v1","V4-TARGET-RESPONDENT-WEIGHTED-v1",0.453186085672851,0.470076218787706,-0.0168901331148547,0.401504799675316,0.491571714432128,0.446538257053722,0.0900669147568127,0.0229226617901979,TRUE,199,199,0,"OK","P14-C017",58,50,1000,0.17,"balanced","strong","near_knot",20,20,0,0.002,0,0.161999999999992
"V4-CMP-MOKKEN-TWOLEVEL-DELTA-v1","V4-TARGET-RESPONDENT-WEIGHTED-v1",0.453186085672845,0.470076218787706,-0.0168901331148608,0.408703892416928,0.497668278928763,0.453186085672845,0.0889643865118354,0.0226954135926923,TRUE,,,0,"OK","P14-C017",58,50,1000,0.17,"balanced","strong","near_knot",20,20,0,0.002,0,0.161999999999992
"V4-PRI-TWO-STAGE-HBB-RESP-v1","V4-TARGET-RESPONDENT-WEIGHTED-v1",0.512832229350242,0.470076218787706,0.0427560105625356,0.460268091630702,0.56597857520049,0.513123333415596,0.105710483569787,0.0260489336289489,TRUE,199,199,0,"OK","P14-C017",59,50,1000,0.17,"balanced","strong","near_knot",20,20,0,0.005,0,0.156000000000006
"V4-SENS-TWO-STAGE-HBB-CLUSTER-v1","V4-TARGET-EQUAL-CLUSTER-v1",0.512832229350242,0.470076218787706,0.0427560105625356,0.466497489449592,0.56389059714312,0.515194043296356,0.0973931076935279,0.025626814001311,TRUE,199,199,0,"OK","P14-C017",59,50,1000,0.17,"balanced","strong","near_knot",20,20,0,0.005,0,0.156000000000006
"V4-CMP-ONE-STAGE-CLUSTER-BB-RESP-v1","V4-TARGET-RESPONDENT-WEIGHTED-v1",0.512832229350242,0.470076218787706,0.0427560105625356,0.489963507972204,0.540867602987169,0.515415555479686,0.0509040950149652,0.0127048792181419,FALSE,199,199,0,"OK","P14-C017",59,50,1000,0.17,"balanced","strong","near_knot",20,20,0,0.005,0,0.156000000000006
"V4-CMP-IID-RESP-BB-v1","WORKING-INDEPENDENCE-RESPONDENT",0.512832229350242,0.470076218787706,0.0427560105625356,0.480516483860082,0.543903252088469,0.512209867974276,0.0633867682283874,0.0151994323768656,FALSE,199,199,0,"OK","P14-C017",59,50,1000,0.17,"balanced","strong","near_knot",20,20,0,0.005,0,0.156000000000006
"V4-CMP-TWO-STAGE-FREQ-BOOT-RESP-v1","V4-TARGET-RESPONDENT-WEIGHTED-v1",0.512832229350242,0.470076218787706,0.0427560105625356,0.476717776857066,0.550749824032586,0.513733800444826,0.07403204717552,0.0202097775993495,FALSE,199,199,0,"OK","P14-C017",59,50,1000,0.17,"balanced","strong","near_knot",20,20,0,0.005,0,0.156000000000006
"V4-CMP-MOKKEN-TWOLEVEL-DELTA-v1","V4-TARGET-RESPONDENT-WEIGHTED-v1",0.512832229350239,0.470076218787706,0.0427560105625326,0.471259112091515,0.554405346608963,0.512832229350239,0.0831462345174478,0.0212111638717075,FALSE,,,0,"OK","P14-C017",59,50,1000,0.17,"balanced","strong","near_knot",20,20,0,0.005,0,0.156000000000006
"V4-PRI-TWO-STAGE-HBB-RESP-v1","V4-TARGET-RESPONDENT-WEIGHTED-v1",0.480408460092037,0.470076218787706,0.0103322413043305,0.422752456056034,0.539582207857875,0.481167331956955,0.116829751801841,0.0302125275439627,TRUE,199,199,0,"OK","P14-C017",60,50,1000,0.17,"balanced","strong","near_knot",20,20,0,0.003,0,0.171999999999997
"V4-SENS-TWO-STAGE-HBB-CLUSTER-v1","V4-TARGET-EQUAL-CLUSTER-v1",0.480408460092037,0.470076218787706,0.0103322413043305,0.41689180053835,0.535215671638068,0.476053736088209,0.118323871099718,0.031134490489584,TRUE,199,199,0,"OK","P14-C017",60,50,1000,0.17,"balanced","strong","near_knot",20,20,0,0.003,0,0.171999999999997
"V4-CMP-ONE-STAGE-CLUSTER-BB-RESP-v1","V4-TARGET-RESPONDENT-WEIGHTED-v1",0.480408460092037,0.470076218787706,0.0103322413043305,0.435466295683209,0.527122347586091,0.48129432163465,0.0916560519028826,0.0218737817603248,TRUE,199,199,0,"OK","P14-C017",60,50,1000,0.17,"balanced","strong","near_knot",20,20,0,0.003,0,0.171999999999997
"V4-CMP-IID-RESP-BB-v1","WORKING-INDEPENDENCE-RESPONDENT",0.480408460092037,0.470076218787706,0.0103322413043305,0.452467356140887,0.515369904481653,0.48391863031127,0.0629025483407658,0.0155094162706671,TRUE,199,199,0,"OK","P14-C017",60,50,1000,0.17,"balanced","strong","near_knot",20,20,0,0.003,0,0.171999999999997
"V4-CMP-TWO-STAGE-FREQ-BOOT-RESP-v1","V4-TARGET-RESPONDENT-WEIGHTED-v1",0.480408460092037,0.470076218787706,0.0103322413043305,0.426208113181305,0.526717319878305,0.476462716529805,0.100509206697001,0.0267743367620582,TRUE,199,199,0,"OK","P14-C017",60,50,1000,0.17,"balanced","strong","near_knot",20,20,0,0.003,0,0.171999999999997
"V4-CMP-MOKKEN-TWOLEVEL-DELTA-v1","V4-TARGET-RESPONDENT-WEIGHTED-v1",0.480408460092031,0.470076218787706,0.010332241304325,0.427093133814065,0.533723786369997,0.480408460092031,0.106630652555932,0.027202196927347,TRUE,,,0,"OK","P14-C017",60,50,1000,0.17,"balanced","strong","near_knot",20,20,0,0.003,0,0.171999999999997
