"method_id","target_id","point_estimate","truth","bias","lower","upper","center","interval_length","se_equivalent","cover","defined_draws","total_draws","invalid_fraction","status","cell_id","replication","G","N","latent_icc","size_mechanism","strength","regularity","minimum_cluster_size","maximum_cluster_size","size_effect_correlation","sample_minimum_internal_cdf_gap","sample_exact_knot_count","replication_elapsed_seconds"
"V4-PRI-TWO-STAGE-HBB-RESP-v1","V4-TARGET-RESPONDENT-WEIGHTED-v1",0.310165623580086,0.279306686563125,0.0308589370169611,0.242758512078802,0.385320888612249,0.314039700345526,0.142562376533447,0.0370725125675959,TRUE,199,199,0,"OK","P14-C007",1,30,454,0.05,"informative","medium","near_knot",9,25,0.994773064953526,0.00881057268722452,0,0.0800000000000018
"V4-SENS-TWO-STAGE-HBB-CLUSTER-v1","V4-TARGET-EQUAL-CLUSTER-v1",0.313938282995366,0.279737009119098,0.0342012738762681,0.233840102856876,0.397777924979466,0.315809013918171,0.163937822122591,0.0422080580439842,TRUE,199,199,0,"OK","P14-C007",1,30,454,0.05,"informative","medium","near_knot",9,25,0.994773064953526,0.00881057268722452,0,0.0800000000000018
"V4-CMP-ONE-STAGE-CLUSTER-BB-RESP-v1","V4-TARGET-RESPONDENT-WEIGHTED-v1",0.310165623580086,0.279306686563125,0.0308589370169611,0.267266606256692,0.352080660443753,0.309673633350223,0.0848140541870605,0.0212396870883968,TRUE,199,199,0,"OK","P14-C007",1,30,454,0.05,"informative","medium","near_knot",9,25,0.994773064953526,0.00881057268722452,0,0.0800000000000018
"V4-CMP-IID-RESP-BB-v1","WORKING-INDEPENDENCE-RESPONDENT",0.310165623580086,0.279306686563125,0.0308589370169611,0.262713633572804,0.356155217885059,0.309434425728931,0.093441584312255,0.0226293709256171,TRUE,199,199,0,"OK","P14-C007",1,30,454,0.05,"informative","medium","near_knot",9,25,0.994773064953526,0.00881057268722452,0,0.0800000000000018
"V4-CMP-TWO-STAGE-FREQ-BOOT-RESP-v1","V4-TARGET-RESPONDENT-WEIGHTED-v1",0.310165623580086,0.279306686563125,0.0308589370169611,0.235146344942676,0.369538437890394,0.302342391416535,0.134392092947718,0.0360039933841883,TRUE,199,199,0,"OK","P14-C007",1,30,454,0.05,"informative","medium","near_knot",9,25,0.994773064953526,0.00881057268722452,0,0.0800000000000018
"V4-CMP-MOKKEN-TWOLEVEL-DELTA-v1","V4-TARGET-RESPONDENT-WEIGHTED-v1",0.310165623580073,0.279306686563125,0.0308589370169482,0.250715186945669,0.369616060214478,0.310165623580073,0.118900873268809,0.0303324127909197,TRUE,,,0,"OK","P14-C007",1,30,454,0.05,"informative","medium","near_knot",9,25,0.994773064953526,0.00881057268722452,0,0.0800000000000018
"V4-PRI-TWO-STAGE-HBB-RESP-v1","V4-TARGET-RESPONDENT-WEIGHTED-v1",0.28522519675833,0.279306686563125,0.00591851019520512,0.214207167600803,0.360210826463883,0.287208997032343,0.14600365886308,0.0373201328562621,TRUE,199,199,0,"OK","P14-C007",2,30,508,0.05,"informative","medium","near_knot",9,23,0.996501460489194,0.00196850393700787,0,0.0969999999999978
"V4-SENS-TWO-STAGE-HBB-CLUSTER-v1","V4-TARGET-EQUAL-CLUSTER-v1",0.283302960923874,0.279737009119098,0.00356595180477598,0.212186639572659,0.348260153543519,0.280223396558089,0.13607351397086,0.034496047793318,TRUE,199,199,0,"OK","P14-C007",2,30,508,0.05,"informative","medium","near_knot",9,23,0.996501460489194,0.00196850393700787,0,0.0969999999999978
"V4-CMP-ONE-STAGE-CLUSTER-BB-RESP-v1","V4-TARGET-RESPONDENT-WEIGHTED-v1",0.28522519675833,0.279306686563125,0.00591851019520512,0.241677315284701,0.333444595023961,0.287560955154331,0.0917672797392592,0.0250103373625753,TRUE,199,199,0,"OK","P14-C007",2,30,508,0.05,"informative","medium","near_knot",9,23,0.996501460489194,0.00196850393700787,0,0.0969999999999978
"V4-CMP-IID-RESP-BB-v1","WORKING-INDEPENDENCE-RESPONDENT",0.28522519675833,0.279306686563125,0.00591851019520512,0.243520681810416,0.323297371842728,0.283409026826572,0.0797766900323114,0.0205343696194647,TRUE,199,199,0,"OK","P14-C007",2,30,508,0.05,"informative","medium","near_knot",9,23,0.996501460489194,0.00196850393700787,0,0.0969999999999978
"V4-CMP-TWO-STAGE-FREQ-BOOT-RESP-v1","V4-TARGET-RESPONDENT-WEIGHTED-v1",0.28522519675833,0.279306686563125,0.00591851019520512,0.22297772030644,0.353903708925202,0.288440714615821,0.130925988618762,0.0314092714642984,TRUE,199,199,0,"OK","P14-C007",2,30,508,0.05,"informative","medium","near_knot",9,23,0.996501460489194,0.00196850393700787,0,0.0969999999999978
"V4-CMP-MOKKEN-TWOLEVEL-DELTA-v1","V4-TARGET-RESPONDENT-WEIGHTED-v1",0.285225196758328,0.279306686563125,0.00591851019520273,0.227265802752861,0.343184590763794,0.285225196758328,0.115918788010933,0.0295716627767871,TRUE,,,0,"OK","P14-C007",2,30,508,0.05,"informative","medium","near_knot",9,23,0.996501460489194,0.00196850393700787,0,0.0969999999999978
"V4-PRI-TWO-STAGE-HBB-RESP-v1","V4-TARGET-RESPONDENT-WEIGHTED-v1",0.278955988858341,0.279306686563125,-0.000350697704784186,0.212438513546825,0.345781312562444,0.279109913054634,0.133342799015619,0.0334412498495091,TRUE,199,199,0,"OK","P14-C007",3,30,505,0.05,"informative","medium","near_knot",9,24,0.996053842231665,0,1,0.0850000000000009
"V4-SENS-TWO-STAGE-HBB-CLUSTER-v1","V4-TARGET-EQUAL-CLUSTER-v1",0.286373966195399,0.279737009119098,0.00663695707630124,0.213822764751776,0.379734923017126,0.296778843884451,0.165912158265351,0.0390717903608175,TRUE,199,199,0,"OK","P14-C007",3,30,505,0.05,"informative","medium","near_knot",9,24,0.996053842231665,0,1,0.0850000000000009
"V4-CMP-ONE-STAGE-CLUSTER-BB-RESP-v1","V4-TARGET-RESPONDENT-WEIGHTED-v1",0.278955988858341,0.279306686563125,-0.000350697704784186,0.240299131256124,0.315734531493412,0.278016831374768,0.0754354002372885,0.020148118334634,TRUE,199,199,0,"OK","P14-C007",3,30,505,0.05,"informative","medium","near_knot",9,24,0.996053842231665,0,1,0.0850000000000009
"V4-CMP-IID-RESP-BB-v1","WORKING-INDEPENDENCE-RESPONDENT",0.278955988858341,0.279306686563125,-0.000350697704784186,0.240700264000747,0.326383636119812,0.28354195006028,0.085683372119065,0.0228974327015807,TRUE,199,199,0,"OK","P14-C007",3,30,505,0.05,"informative","medium","near_knot",9,24,0.996053842231665,0,1,0.0850000000000009
"V4-CMP-TWO-STAGE-FREQ-BOOT-RESP-v1","V4-TARGET-RESPONDENT-WEIGHTED-v1",0.278955988858341,0.279306686563125,-0.000350697704784186,0.221491520881652,0.348735923313156,0.285113722097404,0.127244402431504,0.0319408834824467,TRUE,199,199,0,"OK","P14-C007",3,30,505,0.05,"informative","medium","near_knot",9,24,0.996053842231665,0,1,0.0850000000000009
"V4-CMP-MOKKEN-TWOLEVEL-DELTA-v1","V4-TARGET-RESPONDENT-WEIGHTED-v1",0.278955988858342,0.279306686563125,-0.000350697704783243,0.223365090331614,0.33454688738507,0.278955988858342,0.111181797053455,0.0283632245108694,TRUE,,,0,"OK","P14-C007",3,30,505,0.05,"informative","medium","near_knot",9,24,0.996053842231665,0,1,0.0850000000000009
"V4-PRI-TWO-STAGE-HBB-RESP-v1","V4-TARGET-RESPONDENT-WEIGHTED-v1",0.215977575560888,0.279306686563125,-0.0633291110022367,0.136970003643039,0.284929412388337,0.210949708015688,0.147959408745298,0.0363281975298258,TRUE,199,199,0,"OK","P14-C007",4,30,535,0.05,"informative","medium","near_knot",7,27,0.989888159490161,0.00373831775700939,0,0.0899999999999999
"V4-SENS-TWO-STAGE-HBB-CLUSTER-v1","V4-TARGET-EQUAL-CLUSTER-v1",0.207564438056894,0.279737009119098,-0.0721725710622044,0.13872080449145,0.281413646718376,0.210067225604913,0.142692842226926,0.036330608627157,TRUE,199,199,0,"OK","P14-C007",4,30,535,0.05,"informative","medium","near_knot",7,27,0.989888159490161,0.00373831775700939,0,0.0899999999999999
"V4-CMP-ONE-STAGE-CLUSTER-BB-RESP-v1","V4-TARGET-RESPONDENT-WEIGHTED-v1",0.215977575560888,0.279306686563125,-0.0633291110022367,0.170885504862776,0.260340556578716,0.215613030720746,0.0894550517159399,0.0227752459620995,FALSE,199,199,0,"OK","P14-C007",4,30,535,0.05,"informative","medium","near_knot",7,27,0.989888159490161,0.00373831775700939,0,0.0899999999999999
"V4-CMP-IID-RESP-BB-v1","WORKING-INDEPENDENCE-RESPONDENT",0.215977575560888,0.279306686563125,-0.0633291110022367,0.17977623976477,0.25823200670647,0.21900412323562,0.0784557669417001,0.0192285535442592,FALSE,199,199,0,"OK","P14-C007",4,30,535,0.05,"informative","medium","near_knot",7,27,0.989888159490161,0.00373831775700939,0,0.0899999999999999
"V4-CMP-TWO-STAGE-FREQ-BOOT-RESP-v1","V4-TARGET-RESPONDENT-WEIGHTED-v1",0.215977575560888,0.279306686563125,-0.0633291110022367,0.155721282592432,0.280552713733527,0.218136998162979,0.124831431141095,0.0316645387799672,TRUE,199,199,0,"OK","P14-C007",4,30,535,0.05,"informative","medium","near_knot",7,27,0.989888159490161,0.00373831775700939,0,0.0899999999999999
"V4-CMP-MOKKEN-TWOLEVEL-DELTA-v1","V4-TARGET-RESPONDENT-WEIGHTED-v1",0.215977575560875,0.279306686563125,-0.0633291110022501,0.159446134829788,0.272509016291962,0.215977575560875,0.113062881462174,0.0288431018003392,FALSE,,,0,"OK","P14-C007",4,30,535,0.05,"informative","medium","near_knot",7,27,0.989888159490161,0.00373831775700939,0,0.0899999999999999
"V4-PRI-TWO-STAGE-HBB-RESP-v1","V4-TARGET-RESPONDENT-WEIGHTED-v1",0.284560866984552,0.279306686563125,0.00525418042142706,0.21461029693701,0.358344763875685,0.286477530406347,0.143734466938675,0.0361448528361108,TRUE,199,199,0,"OK","P14-C007",5,30,486,0.05,"informative","medium","near_knot",8,27,0.993574646709142,0.00205761316872427,0,0.0829999999999984
"V4-SENS-TWO-STAGE-HBB-CLUSTER-v1","V4-TARGET-EQUAL-CLUSTER-v1",0.279183189352316,0.279737009119098,-0.000553819766782371,0.197748104699305,0.358728477577582,0.278238291138443,0.160980372878277,0.0394960277618926,TRUE,199,199,0,"OK","P14-C007",5,30,486,0.05,"informative","medium","near_knot",8,27,0.993574646709142,0.00205761316872427,0,0.0829999999999984
"V4-CMP-ONE-STAGE-CLUSTER-BB-RESP-v1","V4-TARGET-RESPONDENT-WEIGHTED-v1",0.284560866984552,0.279306686563125,0.00525418042142706,0.236588916930333,0.328799426057472,0.282694171493903,0.0922105091271387,0.0212959670889756,TRUE,199,199,0,"OK","P14-C007",5,30,486,0.05,"informative","medium","near_knot",8,27,0.993574646709142,0.00205761316872427,0,0.0829999999999984
"V4-CMP-IID-RESP-BB-v1","WORKING-INDEPENDENCE-RESPONDENT",0.284560866984552,0.279306686563125,0.00525418042142706,0.237972580838362,0.333517886459367,0.285745233648864,0.0955453056210055,0.0229772125489096,TRUE,199,199,0,"OK","P14-C007",5,30,486,0.05,"informative","medium","near_knot",8,27,0.993574646709142,0.00205761316872427,0,0.0829999999999984
"V4-CMP-TWO-STAGE-FREQ-BOOT-RESP-v1","V4-TARGET-RESPONDENT-WEIGHTED-v1",0.284560866984552,0.279306686563125,0.00525418042142706,0.228700531966568,0.347813869013434,0.288257200490001,0.119113337046867,0.0295342848705656,TRUE,199,199,0,"OK","P14-C007",5,30,486,0.05,"informative","medium","near_knot",8,27,0.993574646709142,0.00205761316872427,0,0.0829999999999984
"V4-CMP-MOKKEN-TWOLEVEL-DELTA-v1","V4-TARGET-RESPONDENT-WEIGHTED-v1",0.28456086698454,0.279306686563125,0.00525418042141534,0.228311300865081,0.340810433104,0.28456086698454,0.112499132238918,0.0286992855803211,TRUE,,,0,"OK","P14-C007",5,30,486,0.05,"informative","medium","near_knot",8,27,0.993574646709142,0.00205761316872427,0,0.0829999999999984
"V4-PRI-TWO-STAGE-HBB-RESP-v1","V4-TARGET-RESPONDENT-WEIGHTED-v1",0.299777621866919,0.279306686563125,0.0204709353037933,0.217002065003533,0.369213551756799,0.293107808380166,0.152211486753266,0.0374361755456663,TRUE,199,199,0,"OK","P14-C007",6,30,519,0.05,"informative","medium","near_knot",8,26,0.9945708913141,0.0019267822736031,0,0.103000000000002
"V4-SENS-TWO-STAGE-HBB-CLUSTER-v1","V4-TARGET-EQUAL-CLUSTER-v1",0.307965308285711,0.279737009119098,0.0282282991666131,0.23934390780814,0.368813445761916,0.304078676785028,0.129469537953776,0.0319722243637412,TRUE,199,199,0,"OK","P14-C007",6,30,519,0.05,"informative","medium","near_knot",8,26,0.9945708913141,0.0019267822736031,0,0.103000000000002
"V4-CMP-ONE-STAGE-CLUSTER-BB-RESP-v1","V4-TARGET-RESPONDENT-WEIGHTED-v1",0.299777621866919,0.279306686563125,0.0204709353037933,0.259784581099224,0.34640675656949,0.303095668834357,0.0866221754702655,0.0217642399179757,TRUE,199,199,0,"OK","P14-C007",6,30,519,0.05,"informative","medium","near_knot",8,26,0.9945708913141,0.0019267822736031,0,0.103000000000002
"V4-CMP-IID-RESP-BB-v1","WORKING-INDEPENDENCE-RESPONDENT",0.299777621866919,0.279306686563125,0.0204709353037933,0.259972375998431,0.340727580595226,0.300349978296828,0.0807552045967956,0.0211385840690219,TRUE,199,199,0,"OK","P14-C007",6,30,519,0.05,"informative","medium","near_knot",8,26,0.9945708913141,0.0019267822736031,0,0.103000000000002
"V4-CMP-TWO-STAGE-FREQ-BOOT-RESP-v1","V4-TARGET-RESPONDENT-WEIGHTED-v1",0.299777621866919,0.279306686563125,0.0204709353037933,0.234762856584944,0.358957903571445,0.296860380078195,0.124195046986501,0.0297697772420767,TRUE,199,199,0,"OK","P14-C007",6,30,519,0.05,"informative","medium","near_knot",8,26,0.9945708913141,0.0019267822736031,0,0.103000000000002
"V4-CMP-MOKKEN-TWOLEVEL-DELTA-v1","V4-TARGET-RESPONDENT-WEIGHTED-v1",0.29977762186691,0.279306686563125,0.0204709353037849,0.246963348013209,0.352591895720611,0.29977762186691,0.105628547707402,0.0269465532378622,TRUE,,,0,"OK","P14-C007",6,30,519,0.05,"informative","medium","near_knot",8,26,0.9945708913141,0.0019267822736031,0,0.103000000000002
"V4-PRI-TWO-STAGE-HBB-RESP-v1","V4-TARGET-RESPONDENT-WEIGHTED-v1",0.278289995166765,0.279306686563125,-0.00101669139636068,0.2104900385856,0.365240047727025,0.287865043156313,0.154750009141425,0.036129991932915,TRUE,199,199,0,"OK","P14-C007",7,30,537,0.05,"informative","medium","near_knot",7,25,0.993205502047906,0.00558659217877078,0,0.0889999999999986
"V4-SENS-TWO-STAGE-HBB-CLUSTER-v1","V4-TARGET-EQUAL-CLUSTER-v1",0.283492856949675,0.279737009119098,0.00375584783057709,0.218805424845204,0.357557447240891,0.288181436043048,0.138752022395688,0.0333048138887226,TRUE,199,199,0,"OK","P14-C007",7,30,537,0.05,"informative","medium","near_knot",7,25,0.993205502047906,0.00558659217877078,0,0.0889999999999986
"V4-CMP-ONE-STAGE-CLUSTER-BB-RESP-v1","V4-TARGET-RESPONDENT-WEIGHTED-v1",0.278289995166765,0.279306686563125,-0.00101669139636068,0.243459816103066,0.313862925588086,0.278661370845576,0.0704031094850199,0.0180160662737916,TRUE,199,199,0,"OK","P14-C007",7,30,537,0.05,"informative","medium","near_knot",7,25,0.993205502047906,0.00558659217877078,0,0.0889999999999986
"V4-CMP-IID-RESP-BB-v1","WORKING-INDEPENDENCE-RESPONDENT",0.278289995166765,0.279306686563125,-0.00101669139636068,0.23833295570572,0.313705324143532,0.276019139924626,0.0753723684378125,0.0199233517317803,TRUE,199,199,0,"OK","P14-C007",7,30,537,0.05,"informative","medium","near_knot",7,25,0.993205502047906,0.00558659217877078,0,0.0889999999999986
"V4-CMP-TWO-STAGE-FREQ-BOOT-RESP-v1","V4-TARGET-RESPONDENT-WEIGHTED-v1",0.278289995166765,0.279306686563125,-0.00101669139636068,0.224229209591654,0.330225421480112,0.277227315535883,0.105996211888458,0.0276214863996192,TRUE,199,199,0,"OK","P14-C007",7,30,537,0.05,"informative","medium","near_knot",7,25,0.993205502047906,0.00558659217877078,0,0.0889999999999986
"V4-CMP-MOKKEN-TWOLEVEL-DELTA-v1","V4-TARGET-RESPONDENT-WEIGHTED-v1",0.278289995166747,0.279306686563125,-0.00101669139637806,0.228792316652437,0.327787673681057,0.278289995166747,0.0989953570286201,0.0252543816645313,TRUE,,,0,"OK","P14-C007",7,30,537,0.05,"informative","medium","near_knot",7,25,0.993205502047906,0.00558659217877078,0,0.0889999999999986
"V4-PRI-TWO-STAGE-HBB-RESP-v1","V4-TARGET-RESPONDENT-WEIGHTED-v1",0.282079872725462,0.279306686563125,0.00277318616233724,0.223274701730247,0.357383574312277,0.290329138021262,0.13410887258203,0.0340568580648452,TRUE,199,199,0,"OK","P14-C007",8,30,506,0.05,"informative","medium","near_knot",7,26,0.988485919163545,0.00592885375494068,0,0.0840000000000032
"V4-SENS-TWO-STAGE-HBB-CLUSTER-v1","V4-TARGET-EQUAL-CLUSTER-v1",0.299059932088023,0.279737009119098,0.0193229229689249,0.22825004580706,0.365458915013257,0.296854480410159,0.137208869206196,0.0368235988914255,TRUE,199,199,0,"OK","P14-C007",8,30,506,0.05,"informative","medium","near_knot",7,26,0.988485919163545,0.00592885375494068,0,0.0840000000000032
"V4-CMP-ONE-STAGE-CLUSTER-BB-RESP-v1","V4-TARGET-RESPONDENT-WEIGHTED-v1",0.282079872725462,0.279306686563125,0.00277318616233724,0.24281384646027,0.322775302060441,0.282794574260356,0.0799614556001709,0.0203775336430255,TRUE,199,199,0,"OK","P14-C007",8,30,506,0.05,"informative","medium","near_knot",7,26,0.988485919163545,0.00592885375494068,0,0.0840000000000032
"V4-CMP-IID-RESP-BB-v1","WORKING-INDEPENDENCE-RESPONDENT",0.282079872725462,0.279306686563125,0.00277318616233724,0.23808012915296,0.325652965947845,0.281866547550403,0.0875728367948853,0.0219394677196428,TRUE,199,199,0,"OK","P14-C007",8,30,506,0.05,"informative","medium","near_knot",7,26,0.988485919163545,0.00592885375494068,0,0.0840000000000032
"V4-CMP-TWO-STAGE-FREQ-BOOT-RESP-v1","V4-TARGET-RESPONDENT-WEIGHTED-v1",0.282079872725462,0.279306686563125,0.00277318616233724,0.225898961025328,0.346745338809767,0.286322149917548,0.120846377784439,0.0317709355466552,TRUE,199,199,0,"OK","P14-C007",8,30,506,0.05,"informative","medium","near_knot",7,26,0.988485919163545,0.00592885375494068,0,0.0840000000000032
"V4-CMP-MOKKEN-TWOLEVEL-DELTA-v1","V4-TARGET-RESPONDENT-WEIGHTED-v1",0.282079872725457,0.279306686563125,0.00277318616233169,0.223962401662681,0.340197343788232,0.282079872725457,0.116234942125551,0.0296523158186573,TRUE,,,0,"OK","P14-C007",8,30,506,0.05,"informative","medium","near_knot",7,26,0.988485919163545,0.00592885375494068,0,0.0840000000000032
"V4-PRI-TWO-STAGE-HBB-RESP-v1","V4-TARGET-RESPONDENT-WEIGHTED-v1",0.259636807619284,0.279306686563125,-0.0196698789438411,0.206833780466089,0.319813701351124,0.263323740908606,0.112979920885035,0.0330702384913826,TRUE,199,199,0,"OK","P14-C007",9,30,535,0.05,"informative","medium","near_knot",9,26,0.99462459413548,0.00186915887850464,0,0.0859999999999985
"V4-SENS-TWO-STAGE-HBB-CLUSTER-v1","V4-TARGET-EQUAL-CLUSTER-v1",0.269839983072653,0.279737009119098,-0.00989702604644466,0.20025507514835,0.349496994114648,0.274876034631499,0.149241918966299,0.0382289056783202,TRUE,199,199,0,"OK","P14-C007",9,30,535,0.05,"informative","medium","near_knot",9,26,0.99462459413548,0.00186915887850464,0,0.0859999999999985
"V4-CMP-ONE-STAGE-CLUSTER-BB-RESP-v1","V4-TARGET-RESPONDENT-WEIGHTED-v1",0.259636807619284,0.279306686563125,-0.0196698789438411,0.216001297514326,0.302037044093705,0.259019170804015,0.086035746579379,0.0218323210702075,TRUE,199,199,0,"OK","P14-C007",9,30,535,0.05,"informative","medium","near_knot",9,26,0.99462459413548,0.00186915887850464,0,0.0859999999999985
"V4-CMP-IID-RESP-BB-v1","WORKING-INDEPENDENCE-RESPONDENT",0.259636807619284,0.279306686563125,-0.0196698789438411,0.218317855856628,0.299636793679058,0.258977324767843,0.0813189378224307,0.0207379661498001,TRUE,199,199,0,"OK","P14-C007",9,30,535,0.05,"informative","medium","near_knot",9,26,0.99462459413548,0.00186915887850464,0,0.0859999999999985
"V4-CMP-TWO-STAGE-FREQ-BOOT-RESP-v1","V4-TARGET-RESPONDENT-WEIGHTED-v1",0.259636807619284,0.279306686563125,-0.0196698789438411,0.19303989658107,0.318065739518614,0.255552818049842,0.125025842937544,0.0305265311633557,TRUE,199,199,0,"OK","P14-C007",9,30,535,0.05,"informative","medium","near_knot",9,26,0.99462459413548,0.00186915887850464,0,0.0859999999999985
"V4-CMP-MOKKEN-TWOLEVEL-DELTA-v1","V4-TARGET-RESPONDENT-WEIGHTED-v1",0.259636807619272,0.279306686563125,-0.0196698789438527,0.204854748388594,0.314418866849951,0.259636807619272,0.109564118461358,0.0279505438175358,TRUE,,,0,"OK","P14-C007",9,30,535,0.05,"informative","medium","near_knot",9,26,0.99462459413548,0.00186915887850464,0,0.0859999999999985
"V4-PRI-TWO-STAGE-HBB-RESP-v1","V4-TARGET-RESPONDENT-WEIGHTED-v1",0.278542495077314,0.279306686563125,-0.000764191485811194,0.213903724224036,0.367329887653749,0.290616805938892,0.153426163429713,0.0373867644969995,TRUE,199,199,0,"OK","P14-C007",10,30,509,0.05,"informative","medium","near_knot",7,27,0.991609184147119,0.00196463654223972,0,0.097999999999999
"V4-SENS-TWO-STAGE-HBB-CLUSTER-v1","V4-TARGET-EQUAL-CLUSTER-v1",0.287135990685917,0.279737009119098,0.00739898156681934,0.226766038539474,0.377460318091869,0.302113178315671,0.150694279552395,0.0371355550518991,TRUE,199,199,0,"OK","P14-C007",10,30,509,0.05,"informative","medium","near_knot",7,27,0.991609184147119,0.00196463654223972,0,0.097999999999999
"V4-CMP-ONE-STAGE-CLUSTER-BB-RESP-v1","V4-TARGET-RESPONDENT-WEIGHTED-v1",0.278542495077314,0.279306686563125,-0.000764191485811194,0.238004515252598,0.316083315055067,0.277043915153832,0.0780787998024693,0.0202650978285269,TRUE,199,199,0,"OK","P14-C007",10,30,509,0.05,"informative","medium","near_knot",7,27,0.991609184147119,0.00196463654223972,0,0.097999999999999
"V4-CMP-IID-RESP-BB-v1","WORKING-INDEPENDENCE-RESPONDENT",0.278542495077314,0.279306686563125,-0.000764191485811194,0.238166234966102,0.318785029974034,0.278475632470068,0.0806187950079325,0.0214787402179647,TRUE,199,199,0,"OK","P14-C007",10,30,509,0.05,"informative","medium","near_knot",7,27,0.991609184147119,0.00196463654223972,0,0.097999999999999
"V4-CMP-TWO-STAGE-FREQ-BOOT-RESP-v1","V4-TARGET-RESPONDENT-WEIGHTED-v1",0.278542495077314,0.279306686563125,-0.000764191485811194,0.20951751009658,0.341849761231332,0.275683635663956,0.132332251134752,0.0320656110669483,TRUE,199,199,0,"OK","P14-C007",10,30,509,0.05,"informative","medium","near_knot",7,27,0.991609184147119,0.00196463654223972,0,0.097999999999999
"V4-CMP-MOKKEN-TWOLEVEL-DELTA-v1","V4-TARGET-RESPONDENT-WEIGHTED-v1",0.278542495077324,0.279306686563125,-0.000764191485800758,0.222170338164429,0.33491465199022,0.278542495077324,0.112744313825791,0.0287618330528274,TRUE,,,0,"OK","P14-C007",10,30,509,0.05,"informative","medium","near_knot",7,27,0.991609184147119,0.00196463654223972,0,0.097999999999999
"V4-PRI-TWO-STAGE-HBB-RESP-v1","V4-TARGET-RESPONDENT-WEIGHTED-v1",0.289581054536659,0.279306686563125,0.0102743679735334,0.232691971889918,0.352927218206581,0.29280959504825,0.120235246316662,0.0330178204660443,TRUE,199,199,0,"OK","P14-C007",11,30,497,0.05,"informative","medium","near_knot",9,26,0.995347348969379,0.00402414486921532,0,0.0839999999999996
"V4-SENS-TWO-STAGE-HBB-CLUSTER-v1","V4-TARGET-EQUAL-CLUSTER-v1",0.306781366268137,0.279737009119098,0.0270443571490391,0.242944534896365,0.374651391209672,0.308797963053019,0.131706856313307,0.0340788940219451,TRUE,199,199,0,"OK","P14-C007",11,30,497,0.05,"informative","medium","near_knot",9,26,0.995347348969379,0.00402414486921532,0,0.0839999999999996
"V4-CMP-ONE-STAGE-CLUSTER-BB-RESP-v1","V4-TARGET-RESPONDENT-WEIGHTED-v1",0.289581054536659,0.279306686563125,0.0102743679735334,0.251854637888397,0.332332602745412,0.292093620316904,0.080477964857015,0.0213184767375313,TRUE,199,199,0,"OK","P14-C007",11,30,497,0.05,"informative","medium","near_knot",9,26,0.995347348969379,0.00402414486921532,0,0.0839999999999996
"V4-CMP-IID-RESP-BB-v1","WORKING-INDEPENDENCE-RESPONDENT",0.289581054536659,0.279306686563125,0.0102743679735334,0.250405207927464,0.331893574775417,0.29114939135144,0.0814883668479531,0.0215282993490928,TRUE,199,199,0,"OK","P14-C007",11,30,497,0.05,"informative","medium","near_knot",9,26,0.995347348969379,0.00402414486921532,0,0.0839999999999996
"V4-CMP-TWO-STAGE-FREQ-BOOT-RESP-v1","V4-TARGET-RESPONDENT-WEIGHTED-v1",0.289581054536659,0.279306686563125,0.0102743679735334,0.235476266409928,0.359106681968042,0.297291474188985,0.123630415558114,0.0291192332462833,TRUE,199,199,0,"OK","P14-C007",11,30,497,0.05,"informative","medium","near_knot",9,26,0.995347348969379,0.00402414486921532,0,0.0839999999999996
"V4-CMP-MOKKEN-TWOLEVEL-DELTA-v1","V4-TARGET-RESPONDENT-WEIGHTED-v1",0.289581054536658,0.279306686563125,0.0102743679735332,0.232698287752203,0.346463821321114,0.289581054536658,0.113765533568911,0.029022353080536,TRUE,,,0,"OK","P14-C007",11,30,497,0.05,"informative","medium","near_knot",9,26,0.995347348969379,0.00402414486921532,0,0.0839999999999996
"V4-PRI-TWO-STAGE-HBB-RESP-v1","V4-TARGET-RESPONDENT-WEIGHTED-v1",0.277067032908606,0.279306686563125,-0.00223965365451906,0.220758023353805,0.367411752785209,0.294084888069507,0.146653729431404,0.0369423494087277,TRUE,199,199,0,"OK","P14-C007",12,30,434,0.05,"informative","medium","near_knot",7,23,0.985070365792338,0.00460829493087545,0,0.0760000000000005
"V4-SENS-TWO-STAGE-HBB-CLUSTER-v1","V4-TARGET-EQUAL-CLUSTER-v1",0.269556364279334,0.279737009119098,-0.0101806448397641,0.180736896564785,0.351789256563126,0.266263076563956,0.171052359998341,0.0394825100699556,TRUE,199,199,0,"OK","P14-C007",12,30,434,0.05,"informative","medium","near_knot",7,23,0.985070365792338,0.00460829493087545,0,0.0760000000000005
"V4-CMP-ONE-STAGE-CLUSTER-BB-RESP-v1","V4-TARGET-RESPONDENT-WEIGHTED-v1",0.277067032908606,0.279306686563125,-0.00223965365451906,0.231374367937353,0.317604988522013,0.274489678229683,0.0862306205846598,0.0234376300186178,TRUE,199,199,0,"OK","P14-C007",12,30,434,0.05,"informative","medium","near_knot",7,23,0.985070365792338,0.00460829493087545,0,0.0760000000000005
"V4-CMP-IID-RESP-BB-v1","WORKING-INDEPENDENCE-RESPONDENT",0.277067032908606,0.279306686563125,-0.00223965365451906,0.234059405276275,0.3203599004243,0.277209652850287,0.0863004951480257,0.0231184466299309,TRUE,199,199,0,"OK","P14-C007",12,30,434,0.05,"informative","medium","near_knot",7,23,0.985070365792338,0.00460829493087545,0,0.0760000000000005
"V4-CMP-TWO-STAGE-FREQ-BOOT-RESP-v1","V4-TARGET-RESPONDENT-WEIGHTED-v1",0.277067032908606,0.279306686563125,-0.00223965365451906,0.218996143565262,0.3371604320258,0.278078287795531,0.118164288460538,0.0306292060009816,TRUE,199,199,0,"OK","P14-C007",12,30,434,0.05,"informative","medium","near_knot",7,23,0.985070365792338,0.00460829493087545,0,0.0760000000000005
"V4-CMP-MOKKEN-TWOLEVEL-DELTA-v1","V4-TARGET-RESPONDENT-WEIGHTED-v1",0.277067032908598,0.279306686563125,-0.00223965365452761,0.216230022630842,0.337904043186353,0.277067032908598,0.121674020555511,0.0310398613227744,TRUE,,,0,"OK","P14-C007",12,30,434,0.05,"informative","medium","near_knot",7,23,0.985070365792338,0.00460829493087545,0,0.0760000000000005
"V4-PRI-TWO-STAGE-HBB-RESP-v1","V4-TARGET-RESPONDENT-WEIGHTED-v1",0.243542546501241,0.279306686563125,-0.0357641400618844,0.185492323000829,0.319244223803601,0.252368273402215,0.133751900802772,0.0327542267536113,TRUE,199,199,0,"OK","P14-C007",13,30,528,0.05,"informative","medium","near_knot",8,27,0.994437079141059,0.00189393939393939,0,0.0860000000000021
"V4-SENS-TWO-STAGE-HBB-CLUSTER-v1","V4-TARGET-EQUAL-CLUSTER-v1",0.255085798453927,0.279737009119098,-0.0246512106651713,0.187787833947885,0.337452741659738,0.262620287803811,0.149664907711853,0.0371168960905494,TRUE,199,199,0,"OK","P14-C007",13,30,528,0.05,"informative","medium","near_knot",8,27,0.994437079141059,0.00189393939393939,0,0.0860000000000021
"V4-CMP-ONE-STAGE-CLUSTER-BB-RESP-v1","V4-TARGET-RESPONDENT-WEIGHTED-v1",0.243542546501241,0.279306686563125,-0.0357641400618844,0.203132126205482,0.287531287731473,0.245331706968478,0.084399161525991,0.0228778401565455,TRUE,199,199,0,"OK","P14-C007",13,30,528,0.05,"informative","medium","near_knot",8,27,0.994437079141059,0.00189393939393939,0,0.0860000000000021
"V4-CMP-IID-RESP-BB-v1","WORKING-INDEPENDENCE-RESPONDENT",0.243542546501241,0.279306686563125,-0.0357641400618844,0.204165369911904,0.286854721336254,0.245510045624079,0.08268935142435,0.0213450608206985,TRUE,199,199,0,"OK","P14-C007",13,30,528,0.05,"informative","medium","near_knot",8,27,0.994437079141059,0.00189393939393939,0,0.0860000000000021
"V4-CMP-TWO-STAGE-FREQ-BOOT-RESP-v1","V4-TARGET-RESPONDENT-WEIGHTED-v1",0.243542546501241,0.279306686563125,-0.0357641400618844,0.189857327959222,0.304677188622026,0.247267258290624,0.114819860662804,0.0308826601448879,TRUE,199,199,0,"OK","P14-C007",13,30,528,0.05,"informative","medium","near_knot",8,27,0.994437079141059,0.00189393939393939,0,0.0860000000000021
"V4-CMP-MOKKEN-TWOLEVEL-DELTA-v1","V4-TARGET-RESPONDENT-WEIGHTED-v1",0.243542546501231,0.279306686563125,-0.0357641400618943,0.188380708344187,0.298704384658275,0.243542546501231,0.110323676314088,0.0281443121364238,TRUE,,,0,"OK","P14-C007",13,30,528,0.05,"informative","medium","near_knot",8,27,0.994437079141059,0.00189393939393939,0,0.0860000000000021
"V4-PRI-TWO-STAGE-HBB-RESP-v1","V4-TARGET-RESPONDENT-WEIGHTED-v1",0.306936315267437,0.279306686563125,0.0276296287043116,0.233237778017075,0.379217248049164,0.306227513033119,0.145979470032089,0.0381668752942849,TRUE,199,199,0,"OK","P14-C007",14,30,498,0.05,"informative","medium","near_knot",7,27,0.995224958413052,0.00401606425702805,0,0.113
"V4-SENS-TWO-STAGE-HBB-CLUSTER-v1","V4-TARGET-EQUAL-CLUSTER-v1",0.296992283575716,0.279737009119098,0.0172552744566176,0.226839609558212,0.36669638667624,0.296767998117226,0.139856777118028,0.0365936648920418,TRUE,199,199,0,"OK","P14-C007",14,30,498,0.05,"informative","medium","near_knot",7,27,0.995224958413052,0.00401606425702805,0,0.113
"V4-CMP-ONE-STAGE-CLUSTER-BB-RESP-v1","V4-TARGET-RESPONDENT-WEIGHTED-v1",0.306936315267437,0.279306686563125,0.0276296287043116,0.262682829076441,0.355351406966689,0.309017118021565,0.0926685778902478,0.0229413497807644,TRUE,199,199,0,"OK","P14-C007",14,30,498,0.05,"informative","medium","near_knot",7,27,0.995224958413052,0.00401606425702805,0,0.113
"V4-CMP-IID-RESP-BB-v1","WORKING-INDEPENDENCE-RESPONDENT",0.306936315267437,0.279306686563125,0.0276296287043116,0.26185217425492,0.345473167123479,0.3036626706892,0.0836209928685593,0.0216878709557404,TRUE,199,199,0,"OK","P14-C007",14,30,498,0.05,"informative","medium","near_knot",7,27,0.995224958413052,0.00401606425702805,0,0.113
"V4-CMP-TWO-STAGE-FREQ-BOOT-RESP-v1","V4-TARGET-RESPONDENT-WEIGHTED-v1",0.306936315267437,0.279306686563125,0.0276296287043116,0.243961164349434,0.368664908994055,0.306313036671745,0.124703744644622,0.032972529856965,TRUE,199,199,0,"OK","P14-C007",14,30,498,0.05,"informative","medium","near_knot",7,27,0.995224958413052,0.00401606425702805,0,0.113
"V4-CMP-MOKKEN-TWOLEVEL-DELTA-v1","V4-TARGET-RESPONDENT-WEIGHTED-v1",0.306936315267424,0.279306686563125,0.0276296287042987,0.251816829235256,0.362055801299592,0.306936315267424,0.110238972064336,0.0281227035123827,TRUE,,,0,"OK","P14-C007",14,30,498,0.05,"informative","medium","near_knot",7,27,0.995224958413052,0.00401606425702805,0,0.113
"V4-PRI-TWO-STAGE-HBB-RESP-v1","V4-TARGET-RESPONDENT-WEIGHTED-v1",0.280487930326324,0.279306686563125,0.00118124376319878,0.214110198263088,0.359894677173098,0.287002437718093,0.14578447891001,0.0357690844332264,TRUE,199,199,0,"OK","P14-C007",15,30,506,0.05,"informative","medium","near_knot",9,27,0.994588332800325,0.00197628458498023,0,0.097999999999999
"V4-SENS-TWO-STAGE-HBB-CLUSTER-v1","V4-TARGET-EQUAL-CLUSTER-v1",0.262104403499937,0.279737009119098,-0.0176326056191607,0.189029549451359,0.339832349637936,0.264430949544647,0.150802800186576,0.0375383628331297,TRUE,199,199,0,"OK","P14-C007",15,30,506,0.05,"informative","medium","near_knot",9,27,0.994588332800325,0.00197628458498023,0,0.097999999999999
"V4-CMP-ONE-STAGE-CLUSTER-BB-RESP-v1","V4-TARGET-RESPONDENT-WEIGHTED-v1",0.280487930326324,0.279306686563125,0.00118124376319878,0.236724458335979,0.323409063361452,0.280066760848715,0.0866846050254733,0.0222091891299888,TRUE,199,199,0,"OK","P14-C007",15,30,506,0.05,"informative","medium","near_knot",9,27,0.994588332800325,0.00197628458498023,0,0.097999999999999
"V4-CMP-IID-RESP-BB-v1","WORKING-INDEPENDENCE-RESPONDENT",0.280487930326324,0.279306686563125,0.00118124376319878,0.236787511417089,0.335771420514683,0.286279465965886,0.0989839090975934,0.0226278386574096,TRUE,199,199,0,"OK","P14-C007",15,30,506,0.05,"informative","medium","near_knot",9,27,0.994588332800325,0.00197628458498023,0,0.097999999999999
"V4-CMP-TWO-STAGE-FREQ-BOOT-RESP-v1","V4-TARGET-RESPONDENT-WEIGHTED-v1",0.280487930326324,0.279306686563125,0.00118124376319878,0.216204714193659,0.344538167695546,0.280371440944602,0.128333453501887,0.0330901227567838,TRUE,199,199,0,"OK","P14-C007",15,30,506,0.05,"informative","medium","near_knot",9,27,0.994588332800325,0.00197628458498023,0,0.097999999999999
"V4-CMP-MOKKEN-TWOLEVEL-DELTA-v1","V4-TARGET-RESPONDENT-WEIGHTED-v1",0.280487930326318,0.279306686563125,0.00118124376319262,0.223585007819918,0.337390852832718,0.280487930326318,0.1138058450128,0.029032636801106,TRUE,,,0,"OK","P14-C007",15,30,506,0.05,"informative","medium","near_knot",9,27,0.994588332800325,0.00197628458498023,0,0.097999999999999
"V4-PRI-TWO-STAGE-HBB-RESP-v1","V4-TARGET-RESPONDENT-WEIGHTED-v1",0.288031363672384,0.279306686563125,0.00872467710925839,0.217048055003617,0.364994926214332,0.291021490608974,0.147946871210715,0.0376297161536768,TRUE,199,199,0,"OK","P14-C007",16,30,515,0.05,"informative","medium","near_knot",9,25,0.994752938318862,0.00194174757281551,0,0.088000000000001
"V4-SENS-TWO-STAGE-HBB-CLUSTER-v1","V4-TARGET-EQUAL-CLUSTER-v1",0.284524217574841,0.279737009119098,0.00478720845574249,0.209546920033532,0.365066088173151,0.287306504103342,0.155519168139618,0.0371268287668315,TRUE,199,199,0,"OK","P14-C007",16,30,515,0.05,"informative","medium","near_knot",9,25,0.994752938318862,0.00194174757281551,0,0.088000000000001
"V4-CMP-ONE-STAGE-CLUSTER-BB-RESP-v1","V4-TARGET-RESPONDENT-WEIGHTED-v1",0.288031363672384,0.279306686563125,0.00872467710925839,0.246579423182418,0.335108066365663,0.29084374477404,0.088528643183245,0.0234462228181202,TRUE,199,199,0,"OK","P14-C007",16,30,515,0.05,"informative","medium","near_knot",9,25,0.994752938318862,0.00194174757281551,0,0.088000000000001
"V4-CMP-IID-RESP-BB-v1","WORKING-INDEPENDENCE-RESPONDENT",0.288031363672384,0.279306686563125,0.00872467710925839,0.245928233203603,0.32864576625429,0.287286999728946,0.0827175330506876,0.0204632311354919,TRUE,199,199,0,"OK","P14-C007",16,30,515,0.05,"informative","medium","near_knot",9,25,0.994752938318862,0.00194174757281551,0,0.088000000000001
"V4-CMP-TWO-STAGE-FREQ-BOOT-RESP-v1","V4-TARGET-RESPONDENT-WEIGHTED-v1",0.288031363672384,0.279306686563125,0.00872467710925839,0.223972221948191,0.360760423913007,0.292366322930599,0.136788201964816,0.0341668590443382,TRUE,199,199,0,"OK","P14-C007",16,30,515,0.05,"informative","medium","near_knot",9,25,0.994752938318862,0.00194174757281551,0,0.088000000000001
"V4-CMP-MOKKEN-TWOLEVEL-DELTA-v1","V4-TARGET-RESPONDENT-WEIGHTED-v1",0.288031363672393,0.279306686563125,0.00872467710926794,0.227304009260911,0.348758718083875,0.288031363672393,0.121454708822964,0.0309839134241708,TRUE,,,0,"OK","P14-C007",16,30,515,0.05,"informative","medium","near_knot",9,25,0.994752938318862,0.00194174757281551,0,0.088000000000001
"V4-PRI-TWO-STAGE-HBB-RESP-v1","V4-TARGET-RESPONDENT-WEIGHTED-v1",0.226686604076384,0.279306686563125,-0.0526200824867413,0.149184650000918,0.296286023538988,0.222735336769953,0.14710137353807,0.0395559415708164,TRUE,199,199,0,"OK","P14-C007",17,30,546,0.05,"informative","medium","near_knot",10,26,0.99532759909717,0.00549450549450547,0,0.102999999999998
"V4-SENS-TWO-STAGE-HBB-CLUSTER-v1","V4-TARGET-EQUAL-CLUSTER-v1",0.226363414129183,0.279737009119098,-0.0533735949899151,0.162277518795603,0.299579557329378,0.23092853806249,0.137302038533776,0.0342846108246548,TRUE,199,199,0,"OK","P14-C007",17,30,546,0.05,"informative","medium","near_knot",10,26,0.99532759909717,0.00549450549450547,0,0.102999999999998
"V4-CMP-ONE-STAGE-CLUSTER-BB-RESP-v1","V4-TARGET-RESPONDENT-WEIGHTED-v1",0.226686604076384,0.279306686563125,-0.0526200824867413,0.17548951422041,0.273664689849457,0.224577102034934,0.0981751756290467,0.0248850261696573,FALSE,199,199,0,"OK","P14-C007",17,30,546,0.05,"informative","medium","near_knot",10,26,0.99532759909717,0.00549450549450547,0,0.102999999999998
"V4-CMP-IID-RESP-BB-v1","WORKING-INDEPENDENCE-RESPONDENT",0.226686604076384,0.279306686563125,-0.0526200824867413,0.190523247261588,0.268612324635384,0.229567785948486,0.0780890773737964,0.0203398103469094,FALSE,199,199,0,"OK","P14-C007",17,30,546,0.05,"informative","medium","near_knot",10,26,0.99532759909717,0.00549450549450547,0,0.102999999999998
"V4-CMP-TWO-STAGE-FREQ-BOOT-RESP-v1","V4-TARGET-RESPONDENT-WEIGHTED-v1",0.226686604076384,0.279306686563125,-0.0526200824867413,0.154494592799217,0.293617124988934,0.224055858894075,0.139122532189717,0.0345332747302445,TRUE,199,199,0,"OK","P14-C007",17,30,546,0.05,"informative","medium","near_knot",10,26,0.99532759909717,0.00549450549450547,0,0.102999999999998
"V4-CMP-MOKKEN-TWOLEVEL-DELTA-v1","V4-TARGET-RESPONDENT-WEIGHTED-v1",0.22668660407638,0.279306686563125,-0.0526200824867453,0.166633974740993,0.286739233411767,0.22668660407638,0.120105258670774,0.0306396596106228,TRUE,,,0,"OK","P14-C007",17,30,546,0.05,"informative","medium","near_knot",10,26,0.99532759909717,0.00549450549450547,0,0.102999999999998
"V4-PRI-TWO-STAGE-HBB-RESP-v1","V4-TARGET-RESPONDENT-WEIGHTED-v1",0.278949322315394,0.279306686563125,-0.000357364247731307,0.21813006121989,0.357483937236985,0.287806999228438,0.139353876017095,0.0336903007799877,TRUE,199,199,0,"OK","P14-C007",18,30,555,0.05,"informative","medium","near_knot",9,25,0.994613629133822,0,1,0.104000000000003
"V4-SENS-TWO-STAGE-HBB-CLUSTER-v1","V4-TARGET-EQUAL-CLUSTER-v1",0.279746553740044,0.279737009119098,9.5446209455452e-06,0.22077992290962,0.342503494667572,0.281641708788596,0.121723571757953,0.0291048537386584,TRUE,199,199,0,"OK","P14-C007",18,30,555,0.05,"informative","medium","near_knot",9,25,0.994613629133822,0,1,0.104000000000003
"V4-CMP-ONE-STAGE-CLUSTER-BB-RESP-v1","V4-TARGET-RESPONDENT-WEIGHTED-v1",0.278949322315394,0.279306686563125,-0.000357364247731307,0.236921445433653,0.321680771828932,0.279301108631293,0.0847593263952784,0.0211400793333185,TRUE,199,199,0,"OK","P14-C007",18,30,555,0.05,"informative","medium","near_knot",9,25,0.994613629133822,0,1,0.104000000000003
"V4-CMP-IID-RESP-BB-v1","WORKING-INDEPENDENCE-RESPONDENT",0.278949322315394,0.279306686563125,-0.000357364247731307,0.23791205380677,0.319015710591885,0.278463882199328,0.0811036567851146,0.0209968032715861,TRUE,199,199,0,"OK","P14-C007",18,30,555,0.05,"informative","medium","near_knot",9,25,0.994613629133822,0,1,0.104000000000003
"V4-CMP-TWO-STAGE-FREQ-BOOT-RESP-v1","V4-TARGET-RESPONDENT-WEIGHTED-v1",0.278949322315394,0.279306686563125,-0.000357364247731307,0.216956735053522,0.341565671354002,0.279261203203762,0.12460893630048,0.0302375167224194,TRUE,199,199,0,"OK","P14-C007",18,30,555,0.05,"informative","medium","near_knot",9,25,0.994613629133822,0,1,0.104000000000003
"V4-CMP-MOKKEN-TWOLEVEL-DELTA-v1","V4-TARGET-RESPONDENT-WEIGHTED-v1",0.278949322315401,0.279306686563125,-0.000357364247723813,0.224392614583191,0.333506030047612,0.278949322315401,0.109113415464421,0.0278355664504791,TRUE,,,0,"OK","P14-C007",18,30,555,0.05,"informative","medium","near_knot",9,25,0.994613629133822,0,1,0.104000000000003
"V4-PRI-TWO-STAGE-HBB-RESP-v1","V4-TARGET-RESPONDENT-WEIGHTED-v1",0.277424395040613,0.279306686563125,-0.00188229152251213,0.20738475841032,0.3482402193759,0.27781248889311,0.14085546096558,0.038359557776823,TRUE,199,199,0,"OK","P14-C007",19,30,497,0.05,"informative","medium","near_knot",7,27,0.993294846590994,0.00201207243460766,0,0.0859999999999985
"V4-SENS-TWO-STAGE-HBB-CLUSTER-v1","V4-TARGET-EQUAL-CLUSTER-v1",0.277658708879183,0.279737009119098,-0.00207830023991507,0.208325216007632,0.362440205778532,0.285382710893082,0.1541149897709,0.0385493957552689,TRUE,199,199,0,"OK","P14-C007",19,30,497,0.05,"informative","medium","near_knot",7,27,0.993294846590994,0.00201207243460766,0,0.0859999999999985
"V4-CMP-ONE-STAGE-CLUSTER-BB-RESP-v1","V4-TARGET-RESPONDENT-WEIGHTED-v1",0.277424395040613,0.279306686563125,-0.00188229152251213,0.23881617932146,0.319255353061513,0.279035766191486,0.080439173740053,0.0217936663769353,TRUE,199,199,0,"OK","P14-C007",19,30,497,0.05,"informative","medium","near_knot",7,27,0.993294846590994,0.00201207243460766,0,0.0859999999999985
"V4-CMP-IID-RESP-BB-v1","WORKING-INDEPENDENCE-RESPONDENT",0.277424395040613,0.279306686563125,-0.00188229152251213,0.234246518467715,0.31516233717582,0.274704427821767,0.0809158187081055,0.0207333969228698,TRUE,199,199,0,"OK","P14-C007",19,30,497,0.05,"informative","medium","near_knot",7,27,0.993294846590994,0.00201207243460766,0,0.0859999999999985
"V4-CMP-TWO-STAGE-FREQ-BOOT-RESP-v1","V4-TARGET-RESPONDENT-WEIGHTED-v1",0.277424395040613,0.279306686563125,-0.00188229152251213,0.216582780936735,0.342142650259537,0.279362715598136,0.125559869322802,0.0325585076331272,TRUE,199,199,0,"OK","P14-C007",19,30,497,0.05,"informative","medium","near_knot",7,27,0.993294846590994,0.00201207243460766,0,0.0859999999999985
"V4-CMP-MOKKEN-TWOLEVEL-DELTA-v1","V4-TARGET-RESPONDENT-WEIGHTED-v1",0.277424395040613,0.279306686563125,-0.00188229152251185,0.21964589658513,0.335202893496096,0.277424395040613,0.115556996910966,0.0294793674328878,TRUE,,,0,"OK","P14-C007",19,30,497,0.05,"informative","medium","near_knot",7,27,0.993294846590994,0.00201207243460766,0,0.0859999999999985
"V4-PRI-TWO-STAGE-HBB-RESP-v1","V4-TARGET-RESPONDENT-WEIGHTED-v1",0.290286002633244,0.279306686563125,0.0109793160701193,0.219202241710783,0.356135409601008,0.287668825655896,0.136933167890225,0.0350226964500068,TRUE,199,199,0,"OK","P14-C007",20,30,502,0.05,"informative","medium","near_knot",8,25,0.995532058281953,0.00199203187250996,0,0.0850000000000009
"V4-SENS-TWO-STAGE-HBB-CLUSTER-v1","V4-TARGET-EQUAL-CLUSTER-v1",0.28738169319853,0.279737009119098,0.00764468407943164,0.223937971584616,0.355824363785059,0.289881167684838,0.131886392200443,0.036491568433122,TRUE,199,199,0,"OK","P14-C007",20,30,502,0.05,"informative","medium","near_knot",8,25,0.995532058281953,0.00199203187250996,0,0.0850000000000009
"V4-CMP-ONE-STAGE-CLUSTER-BB-RESP-v1","V4-TARGET-RESPONDENT-WEIGHTED-v1",0.290286002633244,0.279306686563125,0.0109793160701193,0.249356816046536,0.328228558390281,0.288792687218408,0.0788717423437455,0.0203083962960228,TRUE,199,199,0,"OK","P14-C007",20,30,502,0.05,"informative","medium","near_knot",8,25,0.995532058281953,0.00199203187250996,0,0.0850000000000009
"V4-CMP-IID-RESP-BB-v1","WORKING-INDEPENDENCE-RESPONDENT",0.290286002633244,0.279306686563125,0.0109793160701193,0.249033765073195,0.341132225670426,0.29508299537181,0.0920984605972311,0.0216391790396404,TRUE,199,199,0,"OK","P14-C007",20,30,502,0.05,"informative","medium","near_knot",8,25,0.995532058281953,0.00199203187250996,0,0.0850000000000009
"V4-CMP-TWO-STAGE-FREQ-BOOT-RESP-v1","V4-TARGET-RESPONDENT-WEIGHTED-v1",0.290286002633244,0.279306686563125,0.0109793160701193,0.236500864580268,0.348699316651442,0.292600090615855,0.112198452071174,0.0302481961240312,TRUE,199,199,0,"OK","P14-C007",20,30,502,0.05,"informative","medium","near_knot",8,25,0.995532058281953,0.00199203187250996,0,0.0850000000000009
"V4-CMP-MOKKEN-TWOLEVEL-DELTA-v1","V4-TARGET-RESPONDENT-WEIGHTED-v1",0.290286002633243,0.279306686563125,0.0109793160701177,0.234292218411389,0.346279786855097,0.290286002633243,0.111987568443708,0.0285687822141252,TRUE,,,0,"OK","P14-C007",20,30,502,0.05,"informative","medium","near_knot",8,25,0.995532058281953,0.00199203187250996,0,0.0850000000000009
"V4-PRI-TWO-STAGE-HBB-RESP-v1","V4-TARGET-RESPONDENT-WEIGHTED-v1",0.264047289151799,0.279306686563125,-0.0152593974113266,0.194978176233385,0.329257847982404,0.262118012107894,0.134279671749019,0.0354570524843226,TRUE,199,199,0,"OK","P14-C007",21,30,526,0.05,"informative","medium","near_knot",8,27,0.989710713959079,0,1,0.0899999999999999
"V4-SENS-TWO-STAGE-HBB-CLUSTER-v1","V4-TARGET-EQUAL-CLUSTER-v1",0.271677717979305,0.279737009119098,-0.00805929113979292,0.188716928112641,0.351288208458478,0.27000256828556,0.162571280345837,0.0419320001950662,TRUE,199,199,0,"OK","P14-C007",21,30,526,0.05,"informative","medium","near_knot",8,27,0.989710713959079,0,1,0.0899999999999999
"V4-CMP-ONE-STAGE-CLUSTER-BB-RESP-v1","V4-TARGET-RESPONDENT-WEIGHTED-v1",0.264047289151799,0.279306686563125,-0.0152593974113266,0.213071122719659,0.314668137241597,0.263869629980628,0.101597014521938,0.0252240124372016,TRUE,199,199,0,"OK","P14-C007",21,30,526,0.05,"informative","medium","near_knot",8,27,0.989710713959079,0,1,0.0899999999999999
"V4-CMP-IID-RESP-BB-v1","WORKING-INDEPENDENCE-RESPONDENT",0.264047289151799,0.279306686563125,-0.0152593974113266,0.218382063491772,0.301639805745319,0.260010934618545,0.0832577422535476,0.0225766851672473,TRUE,199,199,0,"OK","P14-C007",21,30,526,0.05,"informative","medium","near_knot",8,27,0.989710713959079,0,1,0.0899999999999999
"V4-CMP-TWO-STAGE-FREQ-BOOT-RESP-v1","V4-TARGET-RESPONDENT-WEIGHTED-v1",0.264047289151799,0.279306686563125,-0.0152593974113266,0.201567977861146,0.33282163084397,0.267194804352558,0.131253652982823,0.0336846698113492,TRUE,199,199,0,"OK","P14-C007",21,30,526,0.05,"informative","medium","near_knot",8,27,0.989710713959079,0,1,0.0899999999999999
"V4-CMP-MOKKEN-TWOLEVEL-DELTA-v1","V4-TARGET-RESPONDENT-WEIGHTED-v1",0.264047289151818,0.279306686563125,-0.0152593974113074,0.205300572719143,0.322794005584493,0.264047289151818,0.11749343286535,0.0299733652740874,TRUE,,,0,"OK","P14-C007",21,30,526,0.05,"informative","medium","near_knot",8,27,0.989710713959079,0,1,0.0899999999999999
"V4-PRI-TWO-STAGE-HBB-RESP-v1","V4-TARGET-RESPONDENT-WEIGHTED-v1",0.304528204022066,0.279306686563125,0.0252215174589407,0.224258913778515,0.389829043751217,0.307043978764866,0.165570129972702,0.0407463999409726,TRUE,199,199,0,"OK","P14-C007",22,30,490,0.05,"informative","medium","near_knot",9,26,0.996199042631792,0.00204081632653058,0,0.0859999999999985
"V4-SENS-TWO-STAGE-HBB-CLUSTER-v1","V4-TARGET-EQUAL-CLUSTER-v1",0.311987878552115,0.279737009119098,0.0322508694330171,0.230405527891117,0.386930758056241,0.308668142973679,0.156525230165124,0.0417885386932617,TRUE,199,199,0,"OK","P14-C007",22,30,490,0.05,"informative","medium","near_knot",9,26,0.996199042631792,0.00204081632653058,0,0.0859999999999985
"V4-CMP-ONE-STAGE-CLUSTER-BB-RESP-v1","V4-TARGET-RESPONDENT-WEIGHTED-v1",0.304528204022066,0.279306686563125,0.0252215174589407,0.243193169348593,0.357817187597688,0.30050517847314,0.114624018249095,0.0292949821690875,TRUE,199,199,0,"OK","P14-C007",22,30,490,0.05,"informative","medium","near_knot",9,26,0.996199042631792,0.00204081632653058,0,0.0859999999999985
"V4-CMP-IID-RESP-BB-v1","WORKING-INDEPENDENCE-RESPONDENT",0.304528204022066,0.279306686563125,0.0252215174589407,0.258784591956491,0.346280010210584,0.302532301083538,0.0874954182540927,0.0224485642300137,TRUE,199,199,0,"OK","P14-C007",22,30,490,0.05,"informative","medium","near_knot",9,26,0.996199042631792,0.00204081632653058,0,0.0859999999999985
"V4-CMP-TWO-STAGE-FREQ-BOOT-RESP-v1","V4-TARGET-RESPONDENT-WEIGHTED-v1",0.304528204022066,0.279306686563125,0.0252215174589407,0.239718148814913,0.367509806100975,0.303613977457944,0.127791657286063,0.0329901193017652,TRUE,199,199,0,"OK","P14-C007",22,30,490,0.05,"informative","medium","near_knot",9,26,0.996199042631792,0.00204081632653058,0,0.0859999999999985
"V4-CMP-MOKKEN-TWOLEVEL-DELTA-v1","V4-TARGET-RESPONDENT-WEIGHTED-v1",0.304528204022053,0.279306686563125,0.0252215174589278,0.24076025677966,0.368296151264446,0.304528204022053,0.127535894484785,0.0325352648035301,TRUE,,,0,"OK","P14-C007",22,30,490,0.05,"informative","medium","near_knot",9,26,0.996199042631792,0.00204081632653058,0,0.0859999999999985
"V4-PRI-TWO-STAGE-HBB-RESP-v1","V4-TARGET-RESPONDENT-WEIGHTED-v1",0.304855970850428,0.279306686563125,0.0255492842873032,0.244073430661448,0.378013510987344,0.311043470824396,0.133940080325896,0.0354480620701739,TRUE,199,199,0,"OK","P14-C007",23,30,551,0.05,"informative","medium","near_knot",9,26,0.990336097399248,0,1,0.0910000000000011
"V4-SENS-TWO-STAGE-HBB-CLUSTER-v1","V4-TARGET-EQUAL-CLUSTER-v1",0.305218053727213,0.279737009119098,0.0254810446081148,0.234594901499553,0.379515545725113,0.307055223612333,0.14492064422556,0.0385519567279874,TRUE,199,199,0,"OK","P14-C007",23,30,551,0.05,"informative","medium","near_knot",9,26,0.990336097399248,0,1,0.0910000000000011
"V4-CMP-ONE-STAGE-CLUSTER-BB-RESP-v1","V4-TARGET-RESPONDENT-WEIGHTED-v1",0.304855970850428,0.279306686563125,0.0255492842873032,0.257112653928592,0.349599211277378,0.303355932602985,0.0924865573487856,0.0218516577246994,TRUE,199,199,0,"OK","P14-C007",23,30,551,0.05,"informative","medium","near_knot",9,26,0.990336097399248,0,1,0.0910000000000011
"V4-CMP-IID-RESP-BB-v1","WORKING-INDEPENDENCE-RESPONDENT",0.304855970850428,0.279306686563125,0.0255492842873032,0.269637730496131,0.351382811162133,0.310510270829132,0.081745080666002,0.0205558054809247,TRUE,199,199,0,"OK","P14-C007",23,30,551,0.05,"informative","medium","near_knot",9,26,0.990336097399248,0,1,0.0910000000000011
"V4-CMP-TWO-STAGE-FREQ-BOOT-RESP-v1","V4-TARGET-RESPONDENT-WEIGHTED-v1",0.304855970850428,0.279306686563125,0.0255492842873032,0.248753166222743,0.366700715027363,0.307726940625053,0.11794754880462,0.0298191642065132,TRUE,199,199,0,"OK","P14-C007",23,30,551,0.05,"informative","medium","near_knot",9,26,0.990336097399248,0,1,0.0910000000000011
"V4-CMP-MOKKEN-TWOLEVEL-DELTA-v1","V4-TARGET-RESPONDENT-WEIGHTED-v1",0.304855970850425,0.279306686563125,0.0255492842873002,0.248010473519566,0.361701468181284,0.304855970850425,0.113690994661718,0.0290033377037788,TRUE,,,0,"OK","P14-C007",23,30,551,0.05,"informative","medium","near_knot",9,26,0.990336097399248,0,1,0.0910000000000011
"V4-PRI-TWO-STAGE-HBB-RESP-v1","V4-TARGET-RESPONDENT-WEIGHTED-v1",0.251354563333398,0.279306686563125,-0.0279521232297277,0.180932906544485,0.316181457996617,0.248557182270551,0.135248551452132,0.0369191128941106,TRUE,199,199,0,"OK","P14-C007",24,30,512,0.05,"informative","medium","near_knot",8,26,0.996005737452573,0.00390625,0,0.0889999999999986
"V4-SENS-TWO-STAGE-HBB-CLUSTER-v1","V4-TARGET-EQUAL-CLUSTER-v1",0.250968688401369,0.279737009119098,-0.0287683207177287,0.176364202865365,0.323884900944413,0.250124551904889,0.147520698079048,0.0367261256714204,TRUE,199,199,0,"OK","P14-C007",24,30,512,0.05,"informative","medium","near_knot",8,26,0.996005737452573,0.00390625,0,0.0889999999999986
"V4-CMP-ONE-STAGE-CLUSTER-BB-RESP-v1","V4-TARGET-RESPONDENT-WEIGHTED-v1",0.251354563333398,0.279306686563125,-0.0279521232297277,0.196858416827891,0.291225701582607,0.244042059205249,0.0943672847547162,0.0245070865265574,TRUE,199,199,0,"OK","P14-C007",24,30,512,0.05,"informative","medium","near_knot",8,26,0.996005737452573,0.00390625,0,0.0889999999999986
"V4-CMP-IID-RESP-BB-v1","WORKING-INDEPENDENCE-RESPONDENT",0.251354563333398,0.279306686563125,-0.0279521232297277,0.212091949216228,0.298582096851849,0.255337023034039,0.0864901476356206,0.0223314917102575,TRUE,199,199,0,"OK","P14-C007",24,30,512,0.05,"informative","medium","near_knot",8,26,0.996005737452573,0.00390625,0,0.0889999999999986
"V4-CMP-TWO-STAGE-FREQ-BOOT-RESP-v1","V4-TARGET-RESPONDENT-WEIGHTED-v1",0.251354563333398,0.279306686563125,-0.0279521232297277,0.18894729009034,0.316930437185877,0.252938863638109,0.127983147095537,0.033568343337866,TRUE,199,199,0,"OK","P14-C007",24,30,512,0.05,"informative","medium","near_knot",8,26,0.996005737452573,0.00390625,0,0.0889999999999986
"V4-CMP-MOKKEN-TWOLEVEL-DELTA-v1","V4-TARGET-RESPONDENT-WEIGHTED-v1",0.251354563333399,0.279306686563125,-0.0279521232297266,0.195166308022189,0.307542818644608,0.251354563333399,0.112376510622419,0.0286680039808972,TRUE,,,0,"OK","P14-C007",24,30,512,0.05,"informative","medium","near_knot",8,26,0.996005737452573,0.00390625,0,0.0889999999999986
"V4-PRI-TWO-STAGE-HBB-RESP-v1","V4-TARGET-RESPONDENT-WEIGHTED-v1",0.260345571416844,0.279306686563125,-0.0189611151462811,0.20855036858801,0.331505516083746,0.270027942335878,0.122955147495736,0.0335798134265629,TRUE,199,199,0,"OK","P14-C007",25,30,509,0.05,"informative","medium","near_knot",7,26,0.992981953966656,0.00196463654223972,0,0.0869999999999997
"V4-SENS-TWO-STAGE-HBB-CLUSTER-v1","V4-TARGET-EQUAL-CLUSTER-v1",0.274622121833092,0.279737009119098,-0.00511488728600579,0.193498988612364,0.362210753648862,0.277854871130613,0.168711765036498,0.0396291277858867,TRUE,199,199,0,"OK","P14-C007",25,30,509,0.05,"informative","medium","near_knot",7,26,0.992981953966656,0.00196463654223972,0,0.0869999999999997
"V4-CMP-ONE-STAGE-CLUSTER-BB-RESP-v1","V4-TARGET-RESPONDENT-WEIGHTED-v1",0.260345571416844,0.279306686563125,-0.0189611151462811,0.221043943887081,0.299300215177629,0.260172079532355,0.0782562712905478,0.0195371310713846,TRUE,199,199,0,"OK","P14-C007",25,30,509,0.05,"informative","medium","near_knot",7,26,0.992981953966656,0.00196463654223972,0,0.0869999999999997
"V4-CMP-IID-RESP-BB-v1","WORKING-INDEPENDENCE-RESPONDENT",0.260345571416844,0.279306686563125,-0.0189611151462811,0.217573128030503,0.304513817394922,0.261043472712712,0.0869406893644188,0.0217843898478509,TRUE,199,199,0,"OK","P14-C007",25,30,509,0.05,"informative","medium","near_knot",7,26,0.992981953966656,0.00196463654223972,0,0.0869999999999997
"V4-CMP-TWO-STAGE-FREQ-BOOT-RESP-v1","V4-TARGET-RESPONDENT-WEIGHTED-v1",0.260345571416844,0.279306686563125,-0.0189611151462811,0.206327303210038,0.3141983443749,0.260262823792469,0.107871041164862,0.0276291503151704,TRUE,199,199,0,"OK","P14-C007",25,30,509,0.05,"informative","medium","near_knot",7,26,0.992981953966656,0.00196463654223972,0,0.0869999999999997
"V4-CMP-MOKKEN-TWOLEVEL-DELTA-v1","V4-TARGET-RESPONDENT-WEIGHTED-v1",0.260345571416854,0.279306686563125,-0.0189611151462716,0.20929998926784,0.311391153565868,0.260345571416854,0.102091164298028,0.0260441429289798,TRUE,,,0,"OK","P14-C007",25,30,509,0.05,"informative","medium","near_knot",7,26,0.992981953966656,0.00196463654223972,0,0.0869999999999997
"V4-PRI-TWO-STAGE-HBB-RESP-v1","V4-TARGET-RESPONDENT-WEIGHTED-v1",0.290766130539748,0.279306686563125,0.0114594439766231,0.232054161503225,0.362464473772374,0.2972593176378,0.130410312269149,0.0342668356800341,TRUE,199,199,0,"OK","P14-C007",26,30,529,0.05,"informative","medium","near_knot",8,27,0.990389877241511,0.00189035916824193,0,0.102
"V4-SENS-TWO-STAGE-HBB-CLUSTER-v1","V4-TARGET-EQUAL-CLUSTER-v1",0.281456508622643,0.279737009119098,0.00171949950354461,0.214496492695171,0.365908154261883,0.290202323478527,0.151411661566712,0.0373829656454782,TRUE,199,199,0,"OK","P14-C007",26,30,529,0.05,"informative","medium","near_knot",8,27,0.990389877241511,0.00189035916824193,0,0.102
"V4-CMP-ONE-STAGE-CLUSTER-BB-RESP-v1","V4-TARGET-RESPONDENT-WEIGHTED-v1",0.290766130539748,0.279306686563125,0.0114594439766231,0.256225486316162,0.332885872900211,0.294555679608186,0.076660386584049,0.0188985686273236,TRUE,199,199,0,"OK","P14-C007",26,30,529,0.05,"informative","medium","near_knot",8,27,0.990389877241511,0.00189035916824193,0,0.102
"V4-CMP-IID-RESP-BB-v1","WORKING-INDEPENDENCE-RESPONDENT",0.290766130539748,0.279306686563125,0.0114594439766231,0.241134220980799,0.335719311112792,0.288426766046795,0.0945850901319928,0.023589108121577,TRUE,199,199,0,"OK","P14-C007",26,30,529,0.05,"informative","medium","near_knot",8,27,0.990389877241511,0.00189035916824193,0,0.102
"V4-CMP-TWO-STAGE-FREQ-BOOT-RESP-v1","V4-TARGET-RESPONDENT-WEIGHTED-v1",0.290766130539748,0.279306686563125,0.0114594439766231,0.244980847582525,0.343207639916935,0.29409424374973,0.0982267923344105,0.0258776258195418,TRUE,199,199,0,"OK","P14-C007",26,30,529,0.05,"informative","medium","near_knot",8,27,0.990389877241511,0.00189035916824193,0,0.102
"V4-CMP-MOKKEN-TWOLEVEL-DELTA-v1","V4-TARGET-RESPONDENT-WEIGHTED-v1",0.290766130539741,0.279306686563125,0.0114594439766154,0.23435074921506,0.347181511864422,0.290766130539741,0.112830762649362,0.0287838867293881,TRUE,,,0,"OK","P14-C007",26,30,529,0.05,"informative","medium","near_knot",8,27,0.990389877241511,0.00189035916824193,0,0.102
"V4-PRI-TWO-STAGE-HBB-RESP-v1","V4-TARGET-RESPONDENT-WEIGHTED-v1",0.292523217367773,0.279306686563125,0.0132165308046476,0.237788679919588,0.358782504118659,0.298285592019124,0.120993824199071,0.0306081526715484,TRUE,199,199,0,"OK","P14-C007",27,30,547,0.05,"informative","medium","near_knot",9,26,0.995350087006299,0.00182815356489952,0,0.0890000000000022
"V4-SENS-TWO-STAGE-HBB-CLUSTER-v1","V4-TARGET-EQUAL-CLUSTER-v1",0.293907332658637,0.279737009119098,0.0141703235395384,0.233035747502694,0.363743380611435,0.298389564057065,0.130707633108742,0.0328970477879584,TRUE,199,199,0,"OK","P14-C007",27,30,547,0.05,"informative","medium","near_knot",9,26,0.995350087006299,0.00182815356489952,0,0.0890000000000022
"V4-CMP-ONE-STAGE-CLUSTER-BB-RESP-v1","V4-TARGET-RESPONDENT-WEIGHTED-v1",0.292523217367773,0.279306686563125,0.0132165308046476,0.25333145291225,0.331375287287223,0.292353370099736,0.0780438343749733,0.0179000481102258,TRUE,199,199,0,"OK","P14-C007",27,30,547,0.05,"informative","medium","near_knot",9,26,0.995350087006299,0.00182815356489952,0,0.0890000000000022
"V4-CMP-IID-RESP-BB-v1","WORKING-INDEPENDENCE-RESPONDENT",0.292523217367773,0.279306686563125,0.0132165308046476,0.257550876222486,0.327408638294001,0.292479757258244,0.0698577620715158,0.0197568637943859,TRUE,199,199,0,"OK","P14-C007",27,30,547,0.05,"informative","medium","near_knot",9,26,0.995350087006299,0.00182815356489952,0,0.0890000000000022
"V4-CMP-TWO-STAGE-FREQ-BOOT-RESP-v1","V4-TARGET-RESPONDENT-WEIGHTED-v1",0.292523217367773,0.279306686563125,0.0132165308046476,0.245533924617691,0.346369598974169,0.29595176179593,0.100835674356478,0.0261150301322026,TRUE,199,199,0,"OK","P14-C007",27,30,547,0.05,"informative","medium","near_knot",9,26,0.995350087006299,0.00182815356489952,0,0.0890000000000022
"V4-CMP-MOKKEN-TWOLEVEL-DELTA-v1","V4-TARGET-RESPONDENT-WEIGHTED-v1",0.292523217367784,0.279306686563125,0.013216530804659,0.241874109063113,0.343172325672456,0.292523217367784,0.101298216609343,0.0258418566382776,TRUE,,,0,"OK","P14-C007",27,30,547,0.05,"informative","medium","near_knot",9,26,0.995350087006299,0.00182815356489952,0,0.0890000000000022
"V4-PRI-TWO-STAGE-HBB-RESP-v1","V4-TARGET-RESPONDENT-WEIGHTED-v1",0.283033357175879,0.279306686563125,0.00372667061275428,0.213771706886652,0.352169092392219,0.282970399639436,0.138397385505567,0.0348900192532386,TRUE,199,199,0,"OK","P14-C007",28,30,542,0.05,"informative","medium","near_knot",11,25,0.995417714842338,0,1,0.103999999999999
"V4-SENS-TWO-STAGE-HBB-CLUSTER-v1","V4-TARGET-EQUAL-CLUSTER-v1",0.277404693027846,0.279737009119098,-0.0023323160912519,0.216520574773566,0.336715925274761,0.276618250024164,0.120195350501195,0.0322967176173637,TRUE,199,199,0,"OK","P14-C007",28,30,542,0.05,"informative","medium","near_knot",11,25,0.995417714842338,0,1,0.103999999999999
"V4-CMP-ONE-STAGE-CLUSTER-BB-RESP-v1","V4-TARGET-RESPONDENT-WEIGHTED-v1",0.283033357175879,0.279306686563125,0.00372667061275428,0.243999529277767,0.321663732205964,0.282831630741866,0.0776642029281975,0.0202781420455223,TRUE,199,199,0,"OK","P14-C007",28,30,542,0.05,"informative","medium","near_knot",11,25,0.995417714842338,0,1,0.103999999999999
"V4-CMP-IID-RESP-BB-v1","WORKING-INDEPENDENCE-RESPONDENT",0.283033357175879,0.279306686563125,0.00372667061275428,0.24402611827658,0.325609260341886,0.284817689309233,0.0815831420653054,0.020715313848377,TRUE,199,199,0,"OK","P14-C007",28,30,542,0.05,"informative","medium","near_knot",11,25,0.995417714842338,0,1,0.103999999999999
"V4-CMP-TWO-STAGE-FREQ-BOOT-RESP-v1","V4-TARGET-RESPONDENT-WEIGHTED-v1",0.283033357175879,0.279306686563125,0.00372667061275428,0.22390912141258,0.346601592284786,0.285255356848683,0.122692470872206,0.0297770199791273,TRUE,199,199,0,"OK","P14-C007",28,30,542,0.05,"informative","medium","near_knot",11,25,0.995417714842338,0,1,0.103999999999999
"V4-CMP-MOKKEN-TWOLEVEL-DELTA-v1","V4-TARGET-RESPONDENT-WEIGHTED-v1",0.283033357175895,0.279306686563125,0.0037266706127701,0.228061971121521,0.33800474323027,0.283033357175895,0.109942772108749,0.0280471409107422,TRUE,,,0,"OK","P14-C007",28,30,542,0.05,"informative","medium","near_knot",11,25,0.995417714842338,0,1,0.103999999999999
"V4-PRI-TWO-STAGE-HBB-RESP-v1","V4-TARGET-RESPONDENT-WEIGHTED-v1",0.272981921741424,0.279306686563125,-0.00632476482170069,0.201866934071319,0.354191488963875,0.278029211517597,0.152324554892556,0.0369393255807607,TRUE,199,199,0,"OK","P14-C007",29,30,535,0.05,"informative","medium","near_knot",7,27,0.992742672058858,0.0018691588785047,0,0.0889999999999986
"V4-SENS-TWO-STAGE-HBB-CLUSTER-v1","V4-TARGET-EQUAL-CLUSTER-v1",0.272860115808353,0.279737009119098,-0.00687689331074554,0.207477005740603,0.340803563085233,0.274140284412918,0.13332655734463,0.0355705306251137,TRUE,199,199,0,"OK","P14-C007",29,30,535,0.05,"informative","medium","near_knot",7,27,0.992742672058858,0.0018691588785047,0,0.0889999999999986
"V4-CMP-ONE-STAGE-CLUSTER-BB-RESP-v1","V4-TARGET-RESPONDENT-WEIGHTED-v1",0.272981921741424,0.279306686563125,-0.00632476482170069,0.235164932925271,0.320521947663212,0.277843440294241,0.0853570147379413,0.0203232278365213,TRUE,199,199,0,"OK","P14-C007",29,30,535,0.05,"informative","medium","near_knot",7,27,0.992742672058858,0.0018691588785047,0,0.0889999999999986
"V4-CMP-IID-RESP-BB-v1","WORKING-INDEPENDENCE-RESPONDENT",0.272981921741424,0.279306686563125,-0.00632476482170069,0.231928430167867,0.319809986545366,0.275869208356616,0.0878815563774995,0.0227216287842124,TRUE,199,199,0,"OK","P14-C007",29,30,535,0.05,"informative","medium","near_knot",7,27,0.992742672058858,0.0018691588785047,0,0.0889999999999986
"V4-CMP-TWO-STAGE-FREQ-BOOT-RESP-v1","V4-TARGET-RESPONDENT-WEIGHTED-v1",0.272981921741424,0.279306686563125,-0.00632476482170069,0.207265974910424,0.331882490424564,0.269574232667494,0.124616515514139,0.0305563552552644,TRUE,199,199,0,"OK","P14-C007",29,30,535,0.05,"informative","medium","near_knot",7,27,0.992742672058858,0.0018691588785047,0,0.0889999999999986
"V4-CMP-MOKKEN-TWOLEVEL-DELTA-v1","V4-TARGET-RESPONDENT-WEIGHTED-v1",0.272981921741411,0.279306686563125,-0.00632476482171429,0.221964527216963,0.323999316265859,0.272981921741411,0.102034789048896,0.0260297612236075,TRUE,,,0,"OK","P14-C007",29,30,535,0.05,"informative","medium","near_knot",7,27,0.992742672058858,0.0018691588785047,0,0.0889999999999986
"V4-PRI-TWO-STAGE-HBB-RESP-v1","V4-TARGET-RESPONDENT-WEIGHTED-v1",0.268136758408877,0.279306686563125,-0.0111699281542477,0.212068883074562,0.341373159427975,0.276721021251268,0.129304276353413,0.0339242979820183,TRUE,199,199,0,"OK","P14-C007",30,30,524,0.05,"informative","medium","near_knot",9,27,0.99217397250603,0.00190839694656486,0,0.0850000000000009
"V4-SENS-TWO-STAGE-HBB-CLUSTER-v1","V4-TARGET-EQUAL-CLUSTER-v1",0.275196361263329,0.279737009119098,-0.00454064785576913,0.21051000935061,0.343287432375964,0.276898720863287,0.132777423025354,0.0328138536331928,TRUE,199,199,0,"OK","P14-C007",30,30,524,0.05,"informative","medium","near_knot",9,27,0.99217397250603,0.00190839694656486,0,0.0850000000000009
"V4-CMP-ONE-STAGE-CLUSTER-BB-RESP-v1","V4-TARGET-RESPONDENT-WEIGHTED-v1",0.268136758408877,0.279306686563125,-0.0111699281542477,0.226238111801652,0.311526264339149,0.2688821880704,0.0852881525374968,0.0223362137259211,TRUE,199,199,0,"OK","P14-C007",30,30,524,0.05,"informative","medium","near_knot",9,27,0.99217397250603,0.00190839694656486,0,0.0850000000000009
"V4-CMP-IID-RESP-BB-v1","WORKING-INDEPENDENCE-RESPONDENT",0.268136758408877,0.279306686563125,-0.0111699281542477,0.227792853264454,0.31460844349146,0.271200648377957,0.0868155902270064,0.0207612406100063,TRUE,199,199,0,"OK","P14-C007",30,30,524,0.05,"informative","medium","near_knot",9,27,0.99217397250603,0.00190839694656486,0,0.0850000000000009
"V4-CMP-TWO-STAGE-FREQ-BOOT-RESP-v1","V4-TARGET-RESPONDENT-WEIGHTED-v1",0.268136758408877,0.279306686563125,-0.0111699281542477,0.219876759363437,0.323595483358836,0.271736121361137,0.103718723995399,0.0273371933709549,TRUE,199,199,0,"OK","P14-C007",30,30,524,0.05,"informative","medium","near_knot",9,27,0.99217397250603,0.00190839694656486,0,0.0850000000000009
"V4-CMP-MOKKEN-TWOLEVEL-DELTA-v1","V4-TARGET-RESPONDENT-WEIGHTED-v1",0.268136758408893,0.279306686563125,-0.0111699281542319,0.213742285452902,0.322531231364884,0.268136758408893,0.108788945911982,0.0277527920844708,TRUE,,,0,"OK","P14-C007",30,30,524,0.05,"informative","medium","near_knot",9,27,0.99217397250603,0.00190839694656486,0,0.0850000000000009
"V4-PRI-TWO-STAGE-HBB-RESP-v1","V4-TARGET-RESPONDENT-WEIGHTED-v1",0.292822488372237,0.279306686563125,0.0135158018091116,0.234348462478561,0.368511014853926,0.301429738666243,0.134162552375364,0.0344524607918218,TRUE,199,199,0,"OK","P14-C007",31,30,508,0.05,"informative","medium","near_knot",6,23,0.983875706395644,0.00196850393700787,0,0.0960000000000001
"V4-SENS-TWO-STAGE-HBB-CLUSTER-v1","V4-TARGET-EQUAL-CLUSTER-v1",0.293422370789459,0.279737009119098,0.0136853616703612,0.226719518058478,0.362666224647577,0.294692871353028,0.135946706589099,0.0356493563174279,TRUE,199,199,0,"OK","P14-C007",31,30,508,0.05,"informative","medium","near_knot",6,23,0.983875706395644,0.00196850393700787,0,0.0960000000000001
"V4-CMP-ONE-STAGE-CLUSTER-BB-RESP-v1","V4-TARGET-RESPONDENT-WEIGHTED-v1",0.292822488372237,0.279306686563125,0.0135158018091116,0.25886603908854,0.333222004657524,0.296044021873032,0.074355965568984,0.0200685556225336,TRUE,199,199,0,"OK","P14-C007",31,30,508,0.05,"informative","medium","near_knot",6,23,0.983875706395644,0.00196850393700787,0,0.0960000000000001
"V4-CMP-IID-RESP-BB-v1","WORKING-INDEPENDENCE-RESPONDENT",0.292822488372237,0.279306686563125,0.0135158018091116,0.249714447929595,0.329790750529914,0.289752599229754,0.0800763026003187,0.0206357372907858,TRUE,199,199,0,"OK","P14-C007",31,30,508,0.05,"informative","medium","near_knot",6,23,0.983875706395644,0.00196850393700787,0,0.0960000000000001
"V4-CMP-TWO-STAGE-FREQ-BOOT-RESP-v1","V4-TARGET-RESPONDENT-WEIGHTED-v1",0.292822488372237,0.279306686563125,0.0135158018091116,0.236892601372702,0.355459947521137,0.296176274446919,0.118567346148435,0.03003523863864,TRUE,199,199,0,"OK","P14-C007",31,30,508,0.05,"informative","medium","near_knot",6,23,0.983875706395644,0.00196850393700787,0,0.0960000000000001
"V4-CMP-MOKKEN-TWOLEVEL-DELTA-v1","V4-TARGET-RESPONDENT-WEIGHTED-v1",0.292822488372235,0.279306686563125,0.0135158018091095,0.239762728249759,0.34588224849471,0.292822488372235,0.106119520244951,0.0270718036356811,TRUE,,,0,"OK","P14-C007",31,30,508,0.05,"informative","medium","near_knot",6,23,0.983875706395644,0.00196850393700787,0,0.0960000000000001
"V4-PRI-TWO-STAGE-HBB-RESP-v1","V4-TARGET-RESPONDENT-WEIGHTED-v1",0.277095194297291,0.279306686563125,-0.0022114922658345,0.203256014870969,0.355736944172236,0.279496479521602,0.152480929301268,0.0364381870147102,TRUE,199,199,0,"OK","P14-C007",32,30,508,0.05,"informative","medium","near_knot",6,27,0.987475918487368,0.00393700787401574,0,0.0850000000000009
"V4-SENS-TWO-STAGE-HBB-CLUSTER-v1","V4-TARGET-EQUAL-CLUSTER-v1",0.294016866189056,0.279737009119098,0.0142798570699578,0.217689696841269,0.375477226839774,0.296583461840521,0.157787529998505,0.037935883874865,TRUE,199,199,0,"OK","P14-C007",32,30,508,0.05,"informative","medium","near_knot",6,27,0.987475918487368,0.00393700787401574,0,0.0850000000000009
"V4-CMP-ONE-STAGE-CLUSTER-BB-RESP-v1","V4-TARGET-RESPONDENT-WEIGHTED-v1",0.277095194297291,0.279306686563125,-0.0022114922658345,0.230994012350599,0.322988127446689,0.276991069898644,0.0919941150960897,0.0256288272553328,TRUE,199,199,0,"OK","P14-C007",32,30,508,0.05,"informative","medium","near_knot",6,27,0.987475918487368,0.00393700787401574,0,0.0850000000000009
"V4-CMP-IID-RESP-BB-v1","WORKING-INDEPENDENCE-RESPONDENT",0.277095194297291,0.279306686563125,-0.0022114922658345,0.232971946744821,0.31492801876559,0.273949982755205,0.0819560720207682,0.0209059921967046,TRUE,199,199,0,"OK","P14-C007",32,30,508,0.05,"informative","medium","near_knot",6,27,0.987475918487368,0.00393700787401574,0,0.0850000000000009
"V4-CMP-TWO-STAGE-FREQ-BOOT-RESP-v1","V4-TARGET-RESPONDENT-WEIGHTED-v1",0.277095194297291,0.279306686563125,-0.0022114922658345,0.223939247353648,0.336143880126837,0.280041563740243,0.112204632773189,0.0305693308064743,TRUE,199,199,0,"OK","P14-C007",32,30,508,0.05,"informative","medium","near_knot",6,27,0.987475918487368,0.00393700787401574,0,0.0850000000000009
"V4-CMP-MOKKEN-TWOLEVEL-DELTA-v1","V4-TARGET-RESPONDENT-WEIGHTED-v1",0.277095194297287,0.279306686563125,-0.00221149226583783,0.217030658140985,0.33715973045359,0.277095194297287,0.120129072312605,0.030645734630883,TRUE,,,0,"OK","P14-C007",32,30,508,0.05,"informative","medium","near_knot",6,27,0.987475918487368,0.00393700787401574,0,0.0850000000000009
"V4-PRI-TWO-STAGE-HBB-RESP-v1","V4-TARGET-RESPONDENT-WEIGHTED-v1",0.237705442965,0.279306686563125,-0.0416012435981248,0.175635812508816,0.317827587955686,0.246731700232251,0.14219177544687,0.0354245556232837,TRUE,199,199,0,"OK","P14-C007",33,30,493,0.05,"informative","medium","near_knot",8,25,0.996381623217237,0.00202839756592293,0,0.0829999999999984
"V4-SENS-TWO-STAGE-HBB-CLUSTER-v1","V4-TARGET-EQUAL-CLUSTER-v1",0.232587930815759,0.279737009119098,-0.0471490783033388,0.160281670848541,0.311365169063725,0.235823419956133,0.151083498215184,0.0391416592526209,TRUE,199,199,0,"OK","P14-C007",33,30,493,0.05,"informative","medium","near_knot",8,25,0.996381623217237,0.00202839756592293,0,0.0829999999999984
"V4-CMP-ONE-STAGE-CLUSTER-BB-RESP-v1","V4-TARGET-RESPONDENT-WEIGHTED-v1",0.237705442965,0.279306686563125,-0.0416012435981248,0.193146410408288,0.282970482378801,0.238058446393544,0.0898240719705133,0.023149297205264,TRUE,199,199,0,"OK","P14-C007",33,30,493,0.05,"informative","medium","near_knot",8,25,0.996381623217237,0.00202839756592293,0,0.0829999999999984
"V4-CMP-IID-RESP-BB-v1","WORKING-INDEPENDENCE-RESPONDENT",0.237705442965,0.279306686563125,-0.0416012435981248,0.199109733774251,0.282433335367772,0.240771534571011,0.0833236015935207,0.0213654540018397,TRUE,199,199,0,"OK","P14-C007",33,30,493,0.05,"informative","medium","near_knot",8,25,0.996381623217237,0.00202839756592293,0,0.0829999999999984
"V4-CMP-TWO-STAGE-FREQ-BOOT-RESP-v1","V4-TARGET-RESPONDENT-WEIGHTED-v1",0.237705442965,0.279306686563125,-0.0416012435981248,0.172940933351931,0.306346606544412,0.239643769948172,0.133405673192481,0.0338713011774135,TRUE,199,199,0,"OK","P14-C007",33,30,493,0.05,"informative","medium","near_knot",8,25,0.996381623217237,0.00202839756592293,0,0.0829999999999984
"V4-CMP-MOKKEN-TWOLEVEL-DELTA-v1","V4-TARGET-RESPONDENT-WEIGHTED-v1",0.237705442965015,0.279306686563125,-0.0416012435981099,0.181390286740316,0.294020599189714,0.237705442965015,0.112630312449398,0.0287327505346556,TRUE,,,0,"OK","P14-C007",33,30,493,0.05,"informative","medium","near_knot",8,25,0.996381623217237,0.00202839756592293,0,0.0829999999999984
"V4-PRI-TWO-STAGE-HBB-RESP-v1","V4-TARGET-RESPONDENT-WEIGHTED-v1",0.29244081088748,0.279306686563125,0.0131341243243552,0.210641248941255,0.362680573247593,0.286660911094424,0.152039324306338,0.0361238432005074,TRUE,199,199,0,"OK","P14-C007",34,30,517,0.05,"informative","medium","near_knot",8,26,0.993118859422389,0,1,0.0850000000000009
"V4-SENS-TWO-STAGE-HBB-CLUSTER-v1","V4-TARGET-EQUAL-CLUSTER-v1",0.277275548516619,0.279737009119098,-0.00246146060247909,0.203664188702653,0.35051480319423,0.277089495948442,0.146850614491577,0.0375427964578053,TRUE,199,199,0,"OK","P14-C007",34,30,517,0.05,"informative","medium","near_knot",8,26,0.993118859422389,0,1,0.0850000000000009
"V4-CMP-ONE-STAGE-CLUSTER-BB-RESP-v1","V4-TARGET-RESPONDENT-WEIGHTED-v1",0.29244081088748,0.279306686563125,0.0131341243243552,0.249509918874954,0.330341781401315,0.289925850138135,0.0808318625263612,0.021244993506567,TRUE,199,199,0,"OK","P14-C007",34,30,517,0.05,"informative","medium","near_knot",8,26,0.993118859422389,0,1,0.0850000000000009
"V4-CMP-IID-RESP-BB-v1","WORKING-INDEPENDENCE-RESPONDENT",0.29244081088748,0.279306686563125,0.0131341243243552,0.251289207139486,0.342324486342076,0.296806846740781,0.0910352792025901,0.0217393811872219,TRUE,199,199,0,"OK","P14-C007",34,30,517,0.05,"informative","medium","near_knot",8,26,0.993118859422389,0,1,0.0850000000000009
"V4-CMP-TWO-STAGE-FREQ-BOOT-RESP-v1","V4-TARGET-RESPONDENT-WEIGHTED-v1",0.29244081088748,0.279306686563125,0.0131341243243552,0.22056130078595,0.348693284286447,0.284627292536198,0.128131983500497,0.030612313598942,TRUE,199,199,0,"OK","P14-C007",34,30,517,0.05,"informative","medium","near_knot",8,26,0.993118859422389,0,1,0.0850000000000009
"V4-CMP-MOKKEN-TWOLEVEL-DELTA-v1","V4-TARGET-RESPONDENT-WEIGHTED-v1",0.292440810887466,0.279306686563125,0.0131341243243405,0.236653194379898,0.348228427395034,0.292440810887466,0.111575233015136,0.0284635926719132,TRUE,,,0,"OK","P14-C007",34,30,517,0.05,"informative","medium","near_knot",8,26,0.993118859422389,0,1,0.0850000000000009
"V4-PRI-TWO-STAGE-HBB-RESP-v1","V4-TARGET-RESPONDENT-WEIGHTED-v1",0.280794005821531,0.279306686563125,0.00148731925840612,0.22015410368038,0.368555839350148,0.294354971515264,0.148401735669768,0.0369162580896967,TRUE,199,199,0,"OK","P14-C007",35,30,515,0.05,"informative","medium","near_knot",8,25,0.996202938453585,0.00194174757281551,0,0.0970000000000013
"V4-SENS-TWO-STAGE-HBB-CLUSTER-v1","V4-TARGET-EQUAL-CLUSTER-v1",0.286620312243744,0.279737009119098,0.00688330312464591,0.214458009040873,0.361819819712037,0.288138914376455,0.147361810671164,0.0386238618930092,TRUE,199,199,0,"OK","P14-C007",35,30,515,0.05,"informative","medium","near_knot",8,25,0.996202938453585,0.00194174757281551,0,0.0970000000000013
"V4-CMP-ONE-STAGE-CLUSTER-BB-RESP-v1","V4-TARGET-RESPONDENT-WEIGHTED-v1",0.280794005821531,0.279306686563125,0.00148731925840612,0.238615771260888,0.334263644666421,0.286439707963655,0.0956478734055337,0.0241120287133995,TRUE,199,199,0,"OK","P14-C007",35,30,515,0.05,"informative","medium","near_knot",8,25,0.996202938453585,0.00194174757281551,0,0.0970000000000013
"V4-CMP-IID-RESP-BB-v1","WORKING-INDEPENDENCE-RESPONDENT",0.280794005821531,0.279306686563125,0.00148731925840612,0.234470928276849,0.320298864661612,0.27738489646923,0.0858279363847628,0.021250915151636,TRUE,199,199,0,"OK","P14-C007",35,30,515,0.05,"informative","medium","near_knot",8,25,0.996202938453585,0.00194174757281551,0,0.0970000000000013
"V4-CMP-TWO-STAGE-FREQ-BOOT-RESP-v1","V4-TARGET-RESPONDENT-WEIGHTED-v1",0.280794005821531,0.279306686563125,0.00148731925840612,0.224421481726666,0.338842027383651,0.281631754555158,0.114420545656986,0.0292051578899753,TRUE,199,199,0,"OK","P14-C007",35,30,515,0.05,"informative","medium","near_knot",8,25,0.996202938453585,0.00194174757281551,0,0.0970000000000013
"V4-CMP-MOKKEN-TWOLEVEL-DELTA-v1","V4-TARGET-RESPONDENT-WEIGHTED-v1",0.280794005821542,0.279306686563125,0.00148731925841672,0.22214717214743,0.339440839495654,0.280794005821542,0.117293667348223,0.0299224037465537,TRUE,,,0,"OK","P14-C007",35,30,515,0.05,"informative","medium","near_knot",8,25,0.996202938453585,0.00194174757281551,0,0.0970000000000013
"V4-PRI-TWO-STAGE-HBB-RESP-v1","V4-TARGET-RESPONDENT-WEIGHTED-v1",0.288567850294405,0.279306686563125,0.00926116373128028,0.215385003927994,0.358914945126732,0.287149974527363,0.143529941198739,0.0345140246821249,TRUE,199,199,0,"OK","P14-C007",36,30,517,0.05,"informative","medium","near_knot",8,27,0.99329454348265,0.0019342359767891,0,0.0829999999999984
"V4-SENS-TWO-STAGE-HBB-CLUSTER-v1","V4-TARGET-EQUAL-CLUSTER-v1",0.282907366075325,0.279737009119098,0.00317035695622708,0.215670669879269,0.357021960714116,0.286346315296692,0.141351290834847,0.0344657724279173,TRUE,199,199,0,"OK","P14-C007",36,30,517,0.05,"informative","medium","near_knot",8,27,0.99329454348265,0.0019342359767891,0,0.0829999999999984
"V4-CMP-ONE-STAGE-CLUSTER-BB-RESP-v1","V4-TARGET-RESPONDENT-WEIGHTED-v1",0.288567850294405,0.279306686563125,0.00926116373128028,0.234627360397599,0.331416988242048,0.283022174319824,0.0967896278444492,0.0241042340852118,TRUE,199,199,0,"OK","P14-C007",36,30,517,0.05,"informative","medium","near_knot",8,27,0.99329454348265,0.0019342359767891,0,0.0829999999999984
"V4-CMP-IID-RESP-BB-v1","WORKING-INDEPENDENCE-RESPONDENT",0.288567850294405,0.279306686563125,0.00926116373128028,0.242083040720164,0.334946720595207,0.288514880657685,0.0928636798750425,0.0230972768606696,TRUE,199,199,0,"OK","P14-C007",36,30,517,0.05,"informative","medium","near_knot",8,27,0.99329454348265,0.0019342359767891,0,0.0829999999999984
"V4-CMP-TWO-STAGE-FREQ-BOOT-RESP-v1","V4-TARGET-RESPONDENT-WEIGHTED-v1",0.288567850294405,0.279306686563125,0.00926116373128028,0.225873696299177,0.354116072715491,0.289994884507334,0.128242376416314,0.0313971908303802,TRUE,199,199,0,"OK","P14-C007",36,30,517,0.05,"informative","medium","near_knot",8,27,0.99329454348265,0.0019342359767891,0,0.0829999999999984
"V4-CMP-MOKKEN-TWOLEVEL-DELTA-v1","V4-TARGET-RESPONDENT-WEIGHTED-v1",0.288567850294392,0.279306686563125,0.00926116373126651,0.232076407720884,0.345059292867899,0.288567850294392,0.112982885147015,0.0288226942020899,TRUE,,,0,"OK","P14-C007",36,30,517,0.05,"informative","medium","near_knot",8,27,0.99329454348265,0.0019342359767891,0,0.0829999999999984
"V4-PRI-TWO-STAGE-HBB-RESP-v1","V4-TARGET-RESPONDENT-WEIGHTED-v1",0.238310953343577,0.279306686563125,-0.0409957332195478,0.172396628374476,0.30775740448843,0.240077016431453,0.135360776113954,0.0338684942082631,TRUE,199,199,0,"OK","P14-C007",37,30,534,0.05,"informative","medium","near_knot",10,25,0.996694999908119,0.00187265917602997,0,0.0869999999999997
"V4-SENS-TWO-STAGE-HBB-CLUSTER-v1","V4-TARGET-EQUAL-CLUSTER-v1",0.252129615876352,0.279737009119098,-0.027607393242746,0.18077850696438,0.336400127088402,0.258589317026391,0.155621620124022,0.0354215778945314,TRUE,199,199,0,"OK","P14-C007",37,30,534,0.05,"informative","medium","near_knot",10,25,0.996694999908119,0.00187265917602997,0,0.0869999999999997
"V4-CMP-ONE-STAGE-CLUSTER-BB-RESP-v1","V4-TARGET-RESPONDENT-WEIGHTED-v1",0.238310953343577,0.279306686563125,-0.0409957332195478,0.182893413071904,0.277495994615864,0.230194703843884,0.0946025815439603,0.0235556105163139,FALSE,199,199,0,"OK","P14-C007",37,30,534,0.05,"informative","medium","near_knot",10,25,0.996694999908119,0.00187265917602997,0,0.0869999999999997
"V4-CMP-IID-RESP-BB-v1","WORKING-INDEPENDENCE-RESPONDENT",0.238310953343577,0.279306686563125,-0.0409957332195478,0.19317395203023,0.279214376871299,0.236194164450764,0.0860404248410685,0.0215701726689253,FALSE,199,199,0,"OK","P14-C007",37,30,534,0.05,"informative","medium","near_knot",10,25,0.996694999908119,0.00187265917602997,0,0.0869999999999997
"V4-CMP-TWO-STAGE-FREQ-BOOT-RESP-v1","V4-TARGET-RESPONDENT-WEIGHTED-v1",0.238310953343577,0.279306686563125,-0.0409957332195478,0.186093092940538,0.296573566959437,0.241333329949987,0.110480474018899,0.0305646195145305,TRUE,199,199,0,"OK","P14-C007",37,30,534,0.05,"informative","medium","near_knot",10,25,0.996694999908119,0.00187265917602997,0,0.0869999999999997
"V4-CMP-MOKKEN-TWOLEVEL-DELTA-v1","V4-TARGET-RESPONDENT-WEIGHTED-v1",0.238310953343571,0.279306686563125,-0.040995733219554,0.181014577157022,0.295607329530121,0.238310953343571,0.114592752373099,0.0292333821633949,TRUE,,,0,"OK","P14-C007",37,30,534,0.05,"informative","medium","near_knot",10,25,0.996694999908119,0.00187265917602997,0,0.0869999999999997
"V4-PRI-TWO-STAGE-HBB-RESP-v1","V4-TARGET-RESPONDENT-WEIGHTED-v1",0.286336466047621,0.279306686563125,0.00702977948449568,0.23021230477729,0.351665726564528,0.290939015670909,0.121453421787238,0.0310022841468764,TRUE,199,199,0,"OK","P14-C007",38,30,553,0.05,"informative","medium","near_knot",6,26,0.990983685405441,0,1,0.100999999999999
"V4-SENS-TWO-STAGE-HBB-CLUSTER-v1","V4-TARGET-EQUAL-CLUSTER-v1",0.285552819058885,0.279737009119098,0.00581580993978698,0.23089114633467,0.350709108682543,0.290800127508607,0.119817962347872,0.0319990291106095,TRUE,199,199,0,"OK","P14-C007",38,30,553,0.05,"informative","medium","near_knot",6,26,0.990983685405441,0,1,0.100999999999999
"V4-CMP-ONE-STAGE-CLUSTER-BB-RESP-v1","V4-TARGET-RESPONDENT-WEIGHTED-v1",0.286336466047621,0.279306686563125,0.00702977948449568,0.251429040436237,0.326424976684111,0.288927008560174,0.0749959362478737,0.0167571885937669,TRUE,199,199,0,"OK","P14-C007",38,30,553,0.05,"informative","medium","near_knot",6,26,0.990983685405441,0,1,0.100999999999999
"V4-CMP-IID-RESP-BB-v1","WORKING-INDEPENDENCE-RESPONDENT",0.286336466047621,0.279306686563125,0.00702977948449568,0.243615223387798,0.327800830132477,0.285708026760138,0.084185606744679,0.0212776609856721,TRUE,199,199,0,"OK","P14-C007",38,30,553,0.05,"informative","medium","near_knot",6,26,0.990983685405441,0,1,0.100999999999999
"V4-CMP-TWO-STAGE-FREQ-BOOT-RESP-v1","V4-TARGET-RESPONDENT-WEIGHTED-v1",0.286336466047621,0.279306686563125,0.00702977948449568,0.236780999997695,0.338194833378835,0.287487916688265,0.101413833381139,0.0265135616594669,TRUE,199,199,0,"OK","P14-C007",38,30,553,0.05,"informative","medium","near_knot",6,26,0.990983685405441,0,1,0.100999999999999
"V4-CMP-MOKKEN-TWOLEVEL-DELTA-v1","V4-TARGET-RESPONDENT-WEIGHTED-v1",0.286336466047608,0.279306686563125,0.0070297794844828,0.236255960313837,0.336416971781379,0.286336466047608,0.100161011467542,0.0255517479549623,TRUE,,,0,"OK","P14-C007",38,30,553,0.05,"informative","medium","near_knot",6,26,0.990983685405441,0,1,0.100999999999999
"V4-PRI-TWO-STAGE-HBB-RESP-v1","V4-TARGET-RESPONDENT-WEIGHTED-v1",0.276765343075296,0.279306686563125,-0.0025413434878292,0.215187383376513,0.336055437092674,0.275621410234593,0.120868053716161,0.0302248313718404,TRUE,199,199,0,"OK","P14-C007",39,30,512,0.05,"informative","medium","near_knot",10,24,0.996729808000901,0,1,0.0860000000000021
"V4-SENS-TWO-STAGE-HBB-CLUSTER-v1","V4-TARGET-EQUAL-CLUSTER-v1",0.273143001612525,0.279737009119098,-0.00659400750657352,0.207662811916007,0.335392226220028,0.271527519068018,0.127729414304021,0.0344740323436248,TRUE,199,199,0,"OK","P14-C007",39,30,512,0.05,"informative","medium","near_knot",10,24,0.996729808000901,0,1,0.0860000000000021
"V4-CMP-ONE-STAGE-CLUSTER-BB-RESP-v1","V4-TARGET-RESPONDENT-WEIGHTED-v1",0.276765343075296,0.279306686563125,-0.0025413434878292,0.245251067106423,0.314157122225373,0.279704094665898,0.0689060551189497,0.0174164770442552,TRUE,199,199,0,"OK","P14-C007",39,30,512,0.05,"informative","medium","near_knot",10,24,0.996729808000901,0,1,0.0860000000000021
"V4-CMP-IID-RESP-BB-v1","WORKING-INDEPENDENCE-RESPONDENT",0.276765343075296,0.279306686563125,-0.0025413434878292,0.236912043460043,0.324336538519093,0.280624290989568,0.0874244950590508,0.0231792021191463,TRUE,199,199,0,"OK","P14-C007",39,30,512,0.05,"informative","medium","near_knot",10,24,0.996729808000901,0,1,0.0860000000000021
"V4-CMP-TWO-STAGE-FREQ-BOOT-RESP-v1","V4-TARGET-RESPONDENT-WEIGHTED-v1",0.276765343075296,0.279306686563125,-0.0025413434878292,0.218507935766484,0.339330020326736,0.27891897804661,0.120822084560252,0.0300714494823958,TRUE,199,199,0,"OK","P14-C007",39,30,512,0.05,"informative","medium","near_knot",10,24,0.996729808000901,0,1,0.0860000000000021
"V4-CMP-MOKKEN-TWOLEVEL-DELTA-v1","V4-TARGET-RESPONDENT-WEIGHTED-v1",0.276765343075296,0.279306686563125,-0.00254134348782886,0.22245016476069,0.331080521389903,0.276765343075296,0.108630356629213,0.0277123348913743,TRUE,,,0,"OK","P14-C007",39,30,512,0.05,"informative","medium","near_knot",10,24,0.996729808000901,0,1,0.0860000000000021
"V4-PRI-TWO-STAGE-HBB-RESP-v1","V4-TARGET-RESPONDENT-WEIGHTED-v1",0.318646840133325,0.279306686563125,0.0393401535702,0.261741037369958,0.390851421248899,0.326296229309429,0.129110383878941,0.0344106459182321,TRUE,199,199,0,"OK","P14-C007",40,30,509,0.05,"informative","medium","near_knot",9,26,0.99527100451881,0.00196463654223966,0,0.0969999999999978
"V4-SENS-TWO-STAGE-HBB-CLUSTER-v1","V4-TARGET-EQUAL-CLUSTER-v1",0.32722745022618,0.279737009119098,0.0474904411070815,0.263681096235345,0.40245533227888,0.333068214257112,0.138774236043535,0.034985913318903,TRUE,199,199,0,"OK","P14-C007",40,30,509,0.05,"informative","medium","near_knot",9,26,0.99527100451881,0.00196463654223966,0,0.0969999999999978
"V4-CMP-ONE-STAGE-CLUSTER-BB-RESP-v1","V4-TARGET-RESPONDENT-WEIGHTED-v1",0.318646840133325,0.279306686563125,0.0393401535702,0.284980728466392,0.367998174158661,0.326489451312526,0.0830174456922689,0.0215781438330353,FALSE,199,199,0,"OK","P14-C007",40,30,509,0.05,"informative","medium","near_knot",9,26,0.99527100451881,0.00196463654223966,0,0.0969999999999978
"V4-CMP-IID-RESP-BB-v1","WORKING-INDEPENDENCE-RESPONDENT",0.318646840133325,0.279306686563125,0.0393401535702,0.274130697931999,0.36621457515142,0.320172636541709,0.0920838772194211,0.0231890775233344,TRUE,199,199,0,"OK","P14-C007",40,30,509,0.05,"informative","medium","near_knot",9,26,0.99527100451881,0.00196463654223966,0,0.0969999999999978
"V4-CMP-TWO-STAGE-FREQ-BOOT-RESP-v1","V4-TARGET-RESPONDENT-WEIGHTED-v1",0.318646840133325,0.279306686563125,0.0393401535702,0.266762578513003,0.380549397319518,0.323655987916261,0.113786818806515,0.0294168923508506,TRUE,199,199,0,"OK","P14-C007",40,30,509,0.05,"informative","medium","near_knot",9,26,0.99527100451881,0.00196463654223966,0,0.0969999999999978
"V4-CMP-MOKKEN-TWOLEVEL-DELTA-v1","V4-TARGET-RESPONDENT-WEIGHTED-v1",0.318646840133335,0.279306686563125,0.03934015357021,0.261891935465869,0.375401744800801,0.318646840133335,0.113509809334932,0.0289571161078171,TRUE,,,0,"OK","P14-C007",40,30,509,0.05,"informative","medium","near_knot",9,26,0.99527100451881,0.00196463654223966,0,0.0969999999999978
"V4-PRI-TWO-STAGE-HBB-RESP-v1","V4-TARGET-RESPONDENT-WEIGHTED-v1",0.273140334386314,0.279306686563125,-0.00616635217681122,0.206582852409552,0.346203405245527,0.27639312882754,0.139620552835975,0.0332730222567355,TRUE,199,199,0,"OK","P14-C007",41,30,548,0.05,"informative","medium","near_knot",9,27,0.984835044963797,0.00729927007299258,0,0.088000000000001
"V4-SENS-TWO-STAGE-HBB-CLUSTER-v1","V4-TARGET-EQUAL-CLUSTER-v1",0.272371356120383,0.279737009119098,-0.00736565299871522,0.207931175905702,0.343067055903181,0.275499115904441,0.135135879997479,0.0332260767277905,TRUE,199,199,0,"OK","P14-C007",41,30,548,0.05,"informative","medium","near_knot",9,27,0.984835044963797,0.00729927007299258,0,0.088000000000001
"V4-CMP-ONE-STAGE-CLUSTER-BB-RESP-v1","V4-TARGET-RESPONDENT-WEIGHTED-v1",0.273140334386314,0.279306686563125,-0.00616635217681122,0.235394052638772,0.312963854470579,0.274178953554675,0.0775698018318067,0.0190510291278126,TRUE,199,199,0,"OK","P14-C007",41,30,548,0.05,"informative","medium","near_knot",9,27,0.984835044963797,0.00729927007299258,0,0.088000000000001
"V4-CMP-IID-RESP-BB-v1","WORKING-INDEPENDENCE-RESPONDENT",0.273140334386314,0.279306686563125,-0.00616635217681122,0.227818564137735,0.318076933250973,0.272947748694354,0.0902583691132381,0.023717891215322,TRUE,199,199,0,"OK","P14-C007",41,30,548,0.05,"informative","medium","near_knot",9,27,0.984835044963797,0.00729927007299258,0,0.088000000000001
"V4-CMP-TWO-STAGE-FREQ-BOOT-RESP-v1","V4-TARGET-RESPONDENT-WEIGHTED-v1",0.273140334386314,0.279306686563125,-0.00616635217681122,0.218159401234545,0.321828716148841,0.269994058691693,0.103669314914296,0.0271358726883593,TRUE,199,199,0,"OK","P14-C007",41,30,548,0.05,"informative","medium","near_knot",9,27,0.984835044963797,0.00729927007299258,0,0.088000000000001
"V4-CMP-MOKKEN-TWOLEVEL-DELTA-v1","V4-TARGET-RESPONDENT-WEIGHTED-v1",0.27314033438632,0.279306686563125,-0.00616635217680472,0.21959484450015,0.326685824272491,0.27314033438632,0.107090979772341,0.0273196294975472,TRUE,,,0,"OK","P14-C007",41,30,548,0.05,"informative","medium","near_knot",9,27,0.984835044963797,0.00729927007299258,0,0.088000000000001
"V4-PRI-TWO-STAGE-HBB-RESP-v1","V4-TARGET-RESPONDENT-WEIGHTED-v1",0.296040435055599,0.279306686563125,0.0167337484924737,0.229140370873618,0.370091437319571,0.299615904096594,0.140951066445953,0.0355662941510615,TRUE,199,199,0,"OK","P14-C007",42,30,500,0.05,"informative","medium","near_knot",8,25,0.996324805404503,0.01,0,0.083000000000002
"V4-SENS-TWO-STAGE-HBB-CLUSTER-v1","V4-TARGET-EQUAL-CLUSTER-v1",0.300750390975564,0.279737009119098,0.0210133818564656,0.23761472769388,0.367352018603701,0.302483373148791,0.129737290909821,0.0323343231726846,TRUE,199,199,0,"OK","P14-C007",42,30,500,0.05,"informative","medium","near_knot",8,25,0.996324805404503,0.01,0,0.083000000000002
"V4-CMP-ONE-STAGE-CLUSTER-BB-RESP-v1","V4-TARGET-RESPONDENT-WEIGHTED-v1",0.296040435055599,0.279306686563125,0.0167337484924737,0.266863266458675,0.327989388319578,0.297426327389126,0.0611261218609029,0.0158306342019791,TRUE,199,199,0,"OK","P14-C007",42,30,500,0.05,"informative","medium","near_knot",8,25,0.996324805404503,0.01,0,0.083000000000002
"V4-CMP-IID-RESP-BB-v1","WORKING-INDEPENDENCE-RESPONDENT",0.296040435055599,0.279306686563125,0.0167337484924737,0.248771888309939,0.347393252271634,0.298082570290786,0.0986213639616946,0.0239106905548728,TRUE,199,199,0,"OK","P14-C007",42,30,500,0.05,"informative","medium","near_knot",8,25,0.996324805404503,0.01,0,0.083000000000002
"V4-CMP-TWO-STAGE-FREQ-BOOT-RESP-v1","V4-TARGET-RESPONDENT-WEIGHTED-v1",0.296040435055599,0.279306686563125,0.0167337484924737,0.243089595401909,0.347116230698768,0.295102913050338,0.104026635296859,0.0263321680453881,TRUE,199,199,0,"OK","P14-C007",42,30,500,0.05,"informative","medium","near_knot",8,25,0.996324805404503,0.01,0,0.083000000000002
"V4-CMP-MOKKEN-TWOLEVEL-DELTA-v1","V4-TARGET-RESPONDENT-WEIGHTED-v1",0.296040435055601,0.279306686563125,0.0167337484924756,0.246650824558108,0.345430045553093,0.296040435055601,0.0987792209949846,0.0251992439080877,TRUE,,,0,"OK","P14-C007",42,30,500,0.05,"informative","medium","near_knot",8,25,0.996324805404503,0.01,0,0.083000000000002
"V4-PRI-TWO-STAGE-HBB-RESP-v1","V4-TARGET-RESPONDENT-WEIGHTED-v1",0.298394191288918,0.279306686563125,0.0190875047257928,0.244621069251614,0.369641590188148,0.307131329719881,0.125020520936534,0.0331453958127198,TRUE,199,199,0,"OK","P14-C007",43,30,536,0.05,"informative","medium","near_knot",10,26,0.992724590672128,0.00373134328358204,0,0.097999999999999
"V4-SENS-TWO-STAGE-HBB-CLUSTER-v1","V4-TARGET-EQUAL-CLUSTER-v1",0.291846223445801,0.279737009119098,0.012109214326703,0.217498918666743,0.352689632798906,0.285094275732824,0.135190714132163,0.0332089487775963,TRUE,199,199,0,"OK","P14-C007",43,30,536,0.05,"informative","medium","near_knot",10,26,0.992724590672128,0.00373134328358204,0,0.097999999999999
"V4-CMP-ONE-STAGE-CLUSTER-BB-RESP-v1","V4-TARGET-RESPONDENT-WEIGHTED-v1",0.298394191288918,0.279306686563125,0.0190875047257928,0.258020270404693,0.33566947516174,0.296844872783216,0.0776492047570463,0.0185516709247227,TRUE,199,199,0,"OK","P14-C007",43,30,536,0.05,"informative","medium","near_knot",10,26,0.992724590672128,0.00373134328358204,0,0.097999999999999
"V4-CMP-IID-RESP-BB-v1","WORKING-INDEPENDENCE-RESPONDENT",0.298394191288918,0.279306686563125,0.0190875047257928,0.250327882701861,0.335257390927745,0.292792636814803,0.0849295082258839,0.0222883270460366,TRUE,199,199,0,"OK","P14-C007",43,30,536,0.05,"informative","medium","near_knot",10,26,0.992724590672128,0.00373134328358204,0,0.097999999999999
"V4-CMP-TWO-STAGE-FREQ-BOOT-RESP-v1","V4-TARGET-RESPONDENT-WEIGHTED-v1",0.298394191288918,0.279306686563125,0.0190875047257928,0.242951777982,0.357481164361875,0.300216471171938,0.114529386379875,0.0295092894445918,TRUE,199,199,0,"OK","P14-C007",43,30,536,0.05,"informative","medium","near_knot",10,26,0.992724590672128,0.00373134328358204,0,0.097999999999999
"V4-CMP-MOKKEN-TWOLEVEL-DELTA-v1","V4-TARGET-RESPONDENT-WEIGHTED-v1",0.298394191288911,0.279306686563125,0.0190875047257854,0.246542363177476,0.350246019400345,0.298394191288911,0.103703656222868,0.0264555004685978,TRUE,,,0,"OK","P14-C007",43,30,536,0.05,"informative","medium","near_knot",10,26,0.992724590672128,0.00373134328358204,0,0.097999999999999
"V4-PRI-TWO-STAGE-HBB-RESP-v1","V4-TARGET-RESPONDENT-WEIGHTED-v1",0.292523477701385,0.279306686563125,0.0132167911382595,0.212389050283712,0.367401348482923,0.289895199383317,0.155012298199211,0.0376102512371118,TRUE,199,199,0,"OK","P14-C007",44,30,521,0.05,"informative","medium","near_knot",9,27,0.989302586334045,0,1,0.0839999999999996
"V4-SENS-TWO-STAGE-HBB-CLUSTER-v1","V4-TARGET-EQUAL-CLUSTER-v1",0.298864472383672,0.279737009119098,0.0191274632645743,0.222463447735649,0.371302106978298,0.296882777356973,0.148838659242649,0.0377641122116352,TRUE,199,199,0,"OK","P14-C007",44,30,521,0.05,"informative","medium","near_knot",9,27,0.989302586334045,0,1,0.0839999999999996
"V4-CMP-ONE-STAGE-CLUSTER-BB-RESP-v1","V4-TARGET-RESPONDENT-WEIGHTED-v1",0.292523477701385,0.279306686563125,0.0132167911382595,0.246766016451478,0.346642071695338,0.296704044073408,0.0998760552438592,0.0234089428873368,TRUE,199,199,0,"OK","P14-C007",44,30,521,0.05,"informative","medium","near_knot",9,27,0.989302586334045,0,1,0.0839999999999996
"V4-CMP-IID-RESP-BB-v1","WORKING-INDEPENDENCE-RESPONDENT",0.292523477701385,0.279306686563125,0.0132167911382595,0.256654933596263,0.3351094018923,0.295882167744281,0.0784544682960377,0.0205065175108388,TRUE,199,199,0,"OK","P14-C007",44,30,521,0.05,"informative","medium","near_knot",9,27,0.989302586334045,0,1,0.0839999999999996
"V4-CMP-TWO-STAGE-FREQ-BOOT-RESP-v1","V4-TARGET-RESPONDENT-WEIGHTED-v1",0.292523477701385,0.279306686563125,0.0132167911382595,0.225074617498247,0.360595889625285,0.292835253561766,0.135521272127038,0.031077475004604,TRUE,199,199,0,"OK","P14-C007",44,30,521,0.05,"informative","medium","near_knot",9,27,0.989302586334045,0,1,0.0839999999999996
"V4-CMP-MOKKEN-TWOLEVEL-DELTA-v1","V4-TARGET-RESPONDENT-WEIGHTED-v1",0.292523477701376,0.279306686563125,0.0132167911382507,0.233538031039821,0.35150892436293,0.292523477701376,0.117970893323109,0.0300951686494365,TRUE,,,0,"OK","P14-C007",44,30,521,0.05,"informative","medium","near_knot",9,27,0.989302586334045,0,1,0.0839999999999996
"V4-PRI-TWO-STAGE-HBB-RESP-v1","V4-TARGET-RESPONDENT-WEIGHTED-v1",0.256078981908494,0.279306686563125,-0.0232277046546315,0.196060282526386,0.33133964769016,0.263699965108273,0.135279365163774,0.0329213871034636,TRUE,199,199,0,"OK","P14-C007",45,30,507,0.05,"informative","medium","near_knot",8,26,0.995944686134326,0.00197238658777121,0,0.0839999999999996
"V4-SENS-TWO-STAGE-HBB-CLUSTER-v1","V4-TARGET-EQUAL-CLUSTER-v1",0.255352616912252,0.279737009119098,-0.0243843922068462,0.179992446373443,0.316831212062425,0.248411829217934,0.136838765688982,0.0372771691979571,TRUE,199,199,0,"OK","P14-C007",45,30,507,0.05,"informative","medium","near_knot",8,26,0.995944686134326,0.00197238658777121,0,0.0839999999999996
"V4-CMP-ONE-STAGE-CLUSTER-BB-RESP-v1","V4-TARGET-RESPONDENT-WEIGHTED-v1",0.256078981908494,0.279306686563125,-0.0232277046546315,0.213781726566734,0.297071280781887,0.255426503674311,0.0832895542151526,0.0203391344482108,TRUE,199,199,0,"OK","P14-C007",45,30,507,0.05,"informative","medium","near_knot",8,26,0.995944686134326,0.00197238658777121,0,0.0839999999999996
"V4-CMP-IID-RESP-BB-v1","WORKING-INDEPENDENCE-RESPONDENT",0.256078981908494,0.279306686563125,-0.0232277046546315,0.208140167323503,0.305161546180293,0.256650856751898,0.0970213788567895,0.0235801618979188,TRUE,199,199,0,"OK","P14-C007",45,30,507,0.05,"informative","medium","near_knot",8,26,0.995944686134326,0.00197238658777121,0,0.0839999999999996
"V4-CMP-TWO-STAGE-FREQ-BOOT-RESP-v1","V4-TARGET-RESPONDENT-WEIGHTED-v1",0.256078981908494,0.279306686563125,-0.0232277046546315,0.199218710117826,0.316783708887493,0.25800120950266,0.117564998769667,0.0299572840489622,TRUE,199,199,0,"OK","P14-C007",45,30,507,0.05,"informative","medium","near_knot",8,26,0.995944686134326,0.00197238658777121,0,0.0839999999999996
"V4-CMP-MOKKEN-TWOLEVEL-DELTA-v1","V4-TARGET-RESPONDENT-WEIGHTED-v1",0.256078981908497,0.279306686563125,-0.0232277046546278,0.19959380355437,0.312564160262625,0.256078981908497,0.112970356708254,0.0288194981130649,TRUE,,,0,"OK","P14-C007",45,30,507,0.05,"informative","medium","near_knot",8,26,0.995944686134326,0.00197238658777121,0,0.0839999999999996
"V4-PRI-TWO-STAGE-HBB-RESP-v1","V4-TARGET-RESPONDENT-WEIGHTED-v1",0.266457146163598,0.279306686563125,-0.0128495403995267,0.200867680099207,0.329048833077205,0.264958256588206,0.128181152977998,0.0317070257856135,TRUE,199,199,0,"OK","P14-C007",46,30,465,0.05,"informative","medium","near_knot",6,23,0.975613241606022,0,1,0.0800000000000018
"V4-SENS-TWO-STAGE-HBB-CLUSTER-v1","V4-TARGET-EQUAL-CLUSTER-v1",0.269179759639736,0.279737009119098,-0.0105572494793626,0.20330716178586,0.345047465956308,0.274177313871084,0.141740304170448,0.0363480173549337,TRUE,199,199,0,"OK","P14-C007",46,30,465,0.05,"informative","medium","near_knot",6,23,0.975613241606022,0,1,0.0800000000000018
"V4-CMP-ONE-STAGE-CLUSTER-BB-RESP-v1","V4-TARGET-RESPONDENT-WEIGHTED-v1",0.266457146163598,0.279306686563125,-0.0128495403995267,0.224029118861547,0.308820694788246,0.266424906824896,0.0847915759266989,0.0221804255073874,TRUE,199,199,0,"OK","P14-C007",46,30,465,0.05,"informative","medium","near_knot",6,23,0.975613241606022,0,1,0.0800000000000018
"V4-CMP-IID-RESP-BB-v1","WORKING-INDEPENDENCE-RESPONDENT",0.266457146163598,0.279306686563125,-0.0128495403995267,0.215777481229047,0.306378553053985,0.261078017141516,0.0906010718249382,0.0218690989598441,TRUE,199,199,0,"OK","P14-C007",46,30,465,0.05,"informative","medium","near_knot",6,23,0.975613241606022,0,1,0.0800000000000018
"V4-CMP-TWO-STAGE-FREQ-BOOT-RESP-v1","V4-TARGET-RESPONDENT-WEIGHTED-v1",0.266457146163598,0.279306686563125,-0.0128495403995267,0.196974081669265,0.331493899268145,0.264233990468705,0.13451981759888,0.0335378463096986,TRUE,199,199,0,"OK","P14-C007",46,30,465,0.05,"informative","medium","near_knot",6,23,0.975613241606022,0,1,0.0800000000000018
"V4-CMP-MOKKEN-TWOLEVEL-DELTA-v1","V4-TARGET-RESPONDENT-WEIGHTED-v1",0.266457146163588,0.279306686563125,-0.0128495403995372,0.212064642244447,0.320849650082728,0.266457146163588,0.108785007838281,0.0277517874553725,TRUE,,,0,"OK","P14-C007",46,30,465,0.05,"informative","medium","near_knot",6,23,0.975613241606022,0,1,0.0800000000000018
"V4-PRI-TWO-STAGE-HBB-RESP-v1","V4-TARGET-RESPONDENT-WEIGHTED-v1",0.317488069675853,0.279306686563125,0.0381813831127283,0.237773949304095,0.389060704475098,0.313417326889596,0.151286755171004,0.0382938858004159,TRUE,199,199,0,"OK","P14-C007",47,30,511,0.05,"informative","medium","near_knot",8,28,0.990468332784125,0,1,0.0889999999999986
"V4-SENS-TWO-STAGE-HBB-CLUSTER-v1","V4-TARGET-EQUAL-CLUSTER-v1",0.31743315317589,0.279737009119098,0.0376961440567917,0.226808932897279,0.403315002350258,0.315061967623769,0.176506069452979,0.041696463580855,TRUE,199,199,0,"OK","P14-C007",47,30,511,0.05,"informative","medium","near_knot",8,28,0.990468332784125,0,1,0.0889999999999986
"V4-CMP-ONE-STAGE-CLUSTER-BB-RESP-v1","V4-TARGET-RESPONDENT-WEIGHTED-v1",0.317488069675853,0.279306686563125,0.0381813831127283,0.276222580248998,0.370445858404908,0.323334219326953,0.0942232781559105,0.023412351122236,TRUE,199,199,0,"OK","P14-C007",47,30,511,0.05,"informative","medium","near_knot",8,28,0.990468332784125,0,1,0.0889999999999986
"V4-CMP-IID-RESP-BB-v1","WORKING-INDEPENDENCE-RESPONDENT",0.317488069675853,0.279306686563125,0.0381813831127283,0.26972095547087,0.36828121554225,0.31900108550656,0.0985602600713809,0.0228420778634018,TRUE,199,199,0,"OK","P14-C007",47,30,511,0.05,"informative","medium","near_knot",8,28,0.990468332784125,0,1,0.0889999999999986
"V4-CMP-TWO-STAGE-FREQ-BOOT-RESP-v1","V4-TARGET-RESPONDENT-WEIGHTED-v1",0.317488069675853,0.279306686563125,0.0381813831127283,0.25226728590087,0.392725169791074,0.322496227845972,0.140457883890204,0.0337915346547298,TRUE,199,199,0,"OK","P14-C007",47,30,511,0.05,"informative","medium","near_knot",8,28,0.990468332784125,0,1,0.0889999999999986
"V4-CMP-MOKKEN-TWOLEVEL-DELTA-v1","V4-TARGET-RESPONDENT-WEIGHTED-v1",0.317488069675875,0.279306686563125,0.0381813831127495,0.257607547556505,0.377368591795244,0.317488069675875,0.119761044238739,0.0305518481929767,TRUE,,,0,"OK","P14-C007",47,30,511,0.05,"informative","medium","near_knot",8,28,0.990468332784125,0,1,0.0889999999999986
"V4-PRI-TWO-STAGE-HBB-RESP-v1","V4-TARGET-RESPONDENT-WEIGHTED-v1",0.258519872112928,0.279306686563125,-0.0207868144501967,0.192564040523579,0.330092557518664,0.261328299021122,0.137528516995086,0.0343260366606431,TRUE,199,199,0,"OK","P14-C007",48,30,504,0.05,"informative","medium","near_knot",7,26,0.993317979376934,0,1,0.0839999999999996
"V4-SENS-TWO-STAGE-HBB-CLUSTER-v1","V4-TARGET-EQUAL-CLUSTER-v1",0.253777073578029,0.279737009119098,-0.0259599355410692,0.191776457795723,0.327028407499611,0.259402432647667,0.135251949703888,0.0355333446283961,TRUE,199,199,0,"OK","P14-C007",48,30,504,0.05,"informative","medium","near_knot",7,26,0.993317979376934,0,1,0.0839999999999996
"V4-CMP-ONE-STAGE-CLUSTER-BB-RESP-v1","V4-TARGET-RESPONDENT-WEIGHTED-v1",0.258519872112928,0.279306686563125,-0.0207868144501967,0.219662757327187,0.293339782151417,0.256501269739302,0.0736770248242309,0.0196242883927474,TRUE,199,199,0,"OK","P14-C007",48,30,504,0.05,"informative","medium","near_knot",7,26,0.993317979376934,0,1,0.0839999999999996
"V4-CMP-IID-RESP-BB-v1","WORKING-INDEPENDENCE-RESPONDENT",0.258519872112928,0.279306686563125,-0.0207868144501967,0.210136043552692,0.306111141374615,0.258123592463654,0.0959750978219228,0.0248010458605033,TRUE,199,199,0,"OK","P14-C007",48,30,504,0.05,"informative","medium","near_knot",7,26,0.993317979376934,0,1,0.0839999999999996
"V4-CMP-TWO-STAGE-FREQ-BOOT-RESP-v1","V4-TARGET-RESPONDENT-WEIGHTED-v1",0.258519872112928,0.279306686563125,-0.0207868144501967,0.200293608535034,0.31866422986379,0.259478919199412,0.118370621328756,0.0301164536448407,TRUE,199,199,0,"OK","P14-C007",48,30,504,0.05,"informative","medium","near_knot",7,26,0.993317979376934,0,1,0.0839999999999996
"V4-CMP-MOKKEN-TWOLEVEL-DELTA-v1","V4-TARGET-RESPONDENT-WEIGHTED-v1",0.258519872112923,0.279306686563125,-0.0207868144502019,0.204190713339246,0.3128490308866,0.258519872112923,0.108658317547354,0.0277194679097262,TRUE,,,0,"OK","P14-C007",48,30,504,0.05,"informative","medium","near_knot",7,26,0.993317979376934,0,1,0.0839999999999996
"V4-PRI-TWO-STAGE-HBB-RESP-v1","V4-TARGET-RESPONDENT-WEIGHTED-v1",0.279931905077349,0.279306686563125,0.000625218514223813,0.220809680347969,0.372358783712002,0.296584232029986,0.151549103364032,0.0395024317981687,TRUE,199,199,0,"OK","P14-C007",49,30,566,0.05,"informative","medium","near_knot",9,27,0.986556978899977,0.00176678445229683,0,0.0910000000000011
"V4-SENS-TWO-STAGE-HBB-CLUSTER-v1","V4-TARGET-EQUAL-CLUSTER-v1",0.294038731558704,0.279737009119098,0.0143017224396056,0.225662302284105,0.372526750023423,0.299094526153764,0.146864447739318,0.0357730373697426,TRUE,199,199,0,"OK","P14-C007",49,30,566,0.05,"informative","medium","near_knot",9,27,0.986556978899977,0.00176678445229683,0,0.0910000000000011
"V4-CMP-ONE-STAGE-CLUSTER-BB-RESP-v1","V4-TARGET-RESPONDENT-WEIGHTED-v1",0.279931905077349,0.279306686563125,0.000625218514223813,0.234019603470334,0.328463989074266,0.2812417962723,0.0944443856039329,0.0250876683207482,TRUE,199,199,0,"OK","P14-C007",49,30,566,0.05,"informative","medium","near_knot",9,27,0.986556978899977,0.00176678445229683,0,0.0910000000000011
"V4-CMP-IID-RESP-BB-v1","WORKING-INDEPENDENCE-RESPONDENT",0.279931905077349,0.279306686563125,0.000625218514223813,0.236300448984326,0.324022642119175,0.28016154555175,0.0877221931348491,0.0214094582532996,TRUE,199,199,0,"OK","P14-C007",49,30,566,0.05,"informative","medium","near_knot",9,27,0.986556978899977,0.00176678445229683,0,0.0910000000000011
"V4-CMP-TWO-STAGE-FREQ-BOOT-RESP-v1","V4-TARGET-RESPONDENT-WEIGHTED-v1",0.279931905077349,0.279306686563125,0.000625218514223813,0.200783765739803,0.344462883298349,0.272623324519076,0.143679117558546,0.0348334243858798,TRUE,199,199,0,"OK","P14-C007",49,30,566,0.05,"informative","medium","near_knot",9,27,0.986556978899977,0.00176678445229683,0,0.0910000000000011
"V4-CMP-MOKKEN-TWOLEVEL-DELTA-v1","V4-TARGET-RESPONDENT-WEIGHTED-v1",0.279931905077355,0.279306686563125,0.000625218514229364,0.219297458290436,0.340566351864273,0.279931905077355,0.121268893573837,0.0309365107038677,TRUE,,,0,"OK","P14-C007",49,30,566,0.05,"informative","medium","near_knot",9,27,0.986556978899977,0.00176678445229683,0,0.0910000000000011
"V4-PRI-TWO-STAGE-HBB-RESP-v1","V4-TARGET-RESPONDENT-WEIGHTED-v1",0.274420411282873,0.279306686563125,-0.00488627528025237,0.19906487824897,0.338035448390522,0.268550163319746,0.138970570141552,0.0356213096469053,TRUE,199,199,0,"OK","P14-C007",50,30,527,0.05,"informative","medium","near_knot",8,26,0.994693040590114,0.00948766603415557,0,0.097999999999999
"V4-SENS-TWO-STAGE-HBB-CLUSTER-v1","V4-TARGET-EQUAL-CLUSTER-v1",0.295383137197896,0.279737009119098,0.0156461280787979,0.208848955400024,0.368299283207164,0.288574119303594,0.159450327807139,0.0413539667588225,TRUE,199,199,0,"OK","P14-C007",50,30,527,0.05,"informative","medium","near_knot",8,26,0.994693040590114,0.00948766603415557,0,0.097999999999999
"V4-CMP-ONE-STAGE-CLUSTER-BB-RESP-v1","V4-TARGET-RESPONDENT-WEIGHTED-v1",0.274420411282873,0.279306686563125,-0.00488627528025237,0.228837722649321,0.326133385254194,0.277485553951758,0.097295662604873,0.0260286423616438,TRUE,199,199,0,"OK","P14-C007",50,30,527,0.05,"informative","medium","near_knot",8,26,0.994693040590114,0.00948766603415557,0,0.097999999999999
"V4-CMP-IID-RESP-BB-v1","WORKING-INDEPENDENCE-RESPONDENT",0.274420411282873,0.279306686563125,-0.00488627528025237,0.225209673467332,0.321176444393126,0.273193058930229,0.0959667709257941,0.0236624539655801,TRUE,199,199,0,"OK","P14-C007",50,30,527,0.05,"informative","medium","near_knot",8,26,0.994693040590114,0.00948766603415557,0,0.097999999999999
"V4-CMP-TWO-STAGE-FREQ-BOOT-RESP-v1","V4-TARGET-RESPONDENT-WEIGHTED-v1",0.274420411282873,0.279306686563125,-0.00488627528025237,0.199187345513297,0.336322147771131,0.267754746642214,0.137134802257834,0.0349762835427691,TRUE,199,199,0,"OK","P14-C007",50,30,527,0.05,"informative","medium","near_knot",8,26,0.994693040590114,0.00948766603415557,0,0.097999999999999
"V4-CMP-MOKKEN-TWOLEVEL-DELTA-v1","V4-TARGET-RESPONDENT-WEIGHTED-v1",0.274420411282858,0.279306686563125,-0.00488627528026675,0.212680006982272,0.336160815583445,0.274420411282858,0.123480808601173,0.0315007851101281,TRUE,,,0,"OK","P14-C007",50,30,527,0.05,"informative","medium","near_knot",8,26,0.994693040590114,0.00948766603415557,0,0.097999999999999
"V4-PRI-TWO-STAGE-HBB-RESP-v1","V4-TARGET-RESPONDENT-WEIGHTED-v1",0.29641871026572,0.279306686563125,0.0171120237025952,0.230703585600291,0.369773207330409,0.30023839646535,0.139069621730118,0.0360956022578472,TRUE,199,199,0,"OK","P14-C007",51,30,468,0.05,"informative","medium","near_knot",8,25,0.994636927293472,0.00427350427350426,0,0.0790000000000006
"V4-SENS-TWO-STAGE-HBB-CLUSTER-v1","V4-TARGET-EQUAL-CLUSTER-v1",0.299840348075866,0.279737009119098,0.0201033389567676,0.235046279941708,0.364275549289946,0.299660914615827,0.129229269348238,0.0345909794744908,TRUE,199,199,0,"OK","P14-C007",51,30,468,0.05,"informative","medium","near_knot",8,25,0.994636927293472,0.00427350427350426,0,0.0790000000000006
"V4-CMP-ONE-STAGE-CLUSTER-BB-RESP-v1","V4-TARGET-RESPONDENT-WEIGHTED-v1",0.29641871026572,0.279306686563125,0.0171120237025952,0.257990878064227,0.337666045275233,0.29782846166973,0.0796751672110063,0.021552670392551,TRUE,199,199,0,"OK","P14-C007",51,30,468,0.05,"informative","medium","near_knot",8,25,0.994636927293472,0.00427350427350426,0,0.0790000000000006
"V4-CMP-IID-RESP-BB-v1","WORKING-INDEPENDENCE-RESPONDENT",0.29641871026572,0.279306686563125,0.0171120237025952,0.254418946350726,0.342151888948249,0.298285417649488,0.0877329425975232,0.0222801018484767,TRUE,199,199,0,"OK","P14-C007",51,30,468,0.05,"informative","medium","near_knot",8,25,0.994636927293472,0.00427350427350426,0,0.0790000000000006
"V4-CMP-TWO-STAGE-FREQ-BOOT-RESP-v1","V4-TARGET-RESPONDENT-WEIGHTED-v1",0.29641871026572,0.279306686563125,0.0171120237025952,0.238317055906616,0.363331396932951,0.300824226419783,0.125014341026335,0.0325225624861749,TRUE,199,199,0,"OK","P14-C007",51,30,468,0.05,"informative","medium","near_knot",8,25,0.994636927293472,0.00427350427350426,0,0.0790000000000006
"V4-CMP-MOKKEN-TWOLEVEL-DELTA-v1","V4-TARGET-RESPONDENT-WEIGHTED-v1",0.296418710265717,0.279306686563125,0.0171120237025914,0.238694753582944,0.354142666948489,0.296418710265717,0.115447913365546,0.0294515394864865,TRUE,,,0,"OK","P14-C007",51,30,468,0.05,"informative","medium","near_knot",8,25,0.994636927293472,0.00427350427350426,0,0.0790000000000006
"V4-PRI-TWO-STAGE-HBB-RESP-v1","V4-TARGET-RESPONDENT-WEIGHTED-v1",0.309666522174561,0.279306686563125,0.0303598356114353,0.255490867787363,0.372679868466587,0.314085368126975,0.117189000679225,0.0304419881086264,TRUE,199,199,0,"OK","P14-C007",52,30,552,0.05,"informative","medium","near_knot",11,27,0.990646896808878,0,1,0.088000000000001
"V4-SENS-TWO-STAGE-HBB-CLUSTER-v1","V4-TARGET-EQUAL-CLUSTER-v1",0.317686610085119,0.279737009119098,0.0379496009660211,0.25326508861015,0.381455194955962,0.317360141783056,0.128190106345812,0.0315791213228618,TRUE,199,199,0,"OK","P14-C007",52,30,552,0.05,"informative","medium","near_knot",11,27,0.990646896808878,0,1,0.088000000000001
"V4-CMP-ONE-STAGE-CLUSTER-BB-RESP-v1","V4-TARGET-RESPONDENT-WEIGHTED-v1",0.309666522174561,0.279306686563125,0.0303598356114353,0.279207915432546,0.345356940408041,0.312282427920293,0.066149024975495,0.0164137105632953,TRUE,199,199,0,"OK","P14-C007",52,30,552,0.05,"informative","medium","near_knot",11,27,0.990646896808878,0,1,0.088000000000001
"V4-CMP-IID-RESP-BB-v1","WORKING-INDEPENDENCE-RESPONDENT",0.309666522174561,0.279306686563125,0.0303598356114353,0.2629501118635,0.35424921420796,0.30859966303573,0.0912991023444598,0.0223449960920892,TRUE,199,199,0,"OK","P14-C007",52,30,552,0.05,"informative","medium","near_knot",11,27,0.990646896808878,0,1,0.088000000000001
"V4-CMP-TWO-STAGE-FREQ-BOOT-RESP-v1","V4-TARGET-RESPONDENT-WEIGHTED-v1",0.309666522174561,0.279306686563125,0.0303598356114353,0.253662809454363,0.367563861477381,0.310613335465872,0.113901052023018,0.0298053269491983,TRUE,199,199,0,"OK","P14-C007",52,30,552,0.05,"informative","medium","near_knot",11,27,0.990646896808878,0,1,0.088000000000001
"V4-CMP-MOKKEN-TWOLEVEL-DELTA-v1","V4-TARGET-RESPONDENT-WEIGHTED-v1",0.309666522174557,0.279306686563125,0.0303598356114315,0.258918134593499,0.360414909755614,0.309666522174557,0.101496775162115,0.0258925102610836,TRUE,,,0,"OK","P14-C007",52,30,552,0.05,"informative","medium","near_knot",11,27,0.990646896808878,0,1,0.088000000000001
"V4-PRI-TWO-STAGE-HBB-RESP-v1","V4-TARGET-RESPONDENT-WEIGHTED-v1",0.265582719937202,0.279306686563125,-0.0137239666259229,0.209401681761554,0.336145886341951,0.272773784051753,0.126744204580397,0.033443965217033,TRUE,199,199,0,"OK","P14-C007",53,30,579,0.05,"informative","medium","near_knot",9,27,0.984209726345627,0.00518134715025906,0,0.103999999999999
"V4-SENS-TWO-STAGE-HBB-CLUSTER-v1","V4-TARGET-EQUAL-CLUSTER-v1",0.264513712400056,0.279737009119098,-0.0152232967190422,0.193191655526152,0.345035955684981,0.269113805605566,0.151844300158829,0.0365962413898128,TRUE,199,199,0,"OK","P14-C007",53,30,579,0.05,"informative","medium","near_knot",9,27,0.984209726345627,0.00518134715025906,0,0.103999999999999
"V4-CMP-ONE-STAGE-CLUSTER-BB-RESP-v1","V4-TARGET-RESPONDENT-WEIGHTED-v1",0.265582719937202,0.279306686563125,-0.0137239666259229,0.217692845607214,0.303658318052126,0.26067558182967,0.085965472444912,0.0224934815280784,TRUE,199,199,0,"OK","P14-C007",53,30,579,0.05,"informative","medium","near_knot",9,27,0.984209726345627,0.00518134715025906,0,0.103999999999999
"V4-CMP-IID-RESP-BB-v1","WORKING-INDEPENDENCE-RESPONDENT",0.265582719937202,0.279306686563125,-0.0137239666259229,0.227890971946412,0.309923408580123,0.268907190263268,0.0820324366337108,0.0202362760732501,TRUE,199,199,0,"OK","P14-C007",53,30,579,0.05,"informative","medium","near_knot",9,27,0.984209726345627,0.00518134715025906,0,0.103999999999999
"V4-CMP-TWO-STAGE-FREQ-BOOT-RESP-v1","V4-TARGET-RESPONDENT-WEIGHTED-v1",0.265582719937202,0.279306686563125,-0.0137239666259229,0.212590813495466,0.323046390949964,0.267818602222715,0.110455577454498,0.0270063815767865,TRUE,199,199,0,"OK","P14-C007",53,30,579,0.05,"informative","medium","near_knot",9,27,0.984209726345627,0.00518134715025906,0,0.103999999999999
"V4-CMP-MOKKEN-TWOLEVEL-DELTA-v1","V4-TARGET-RESPONDENT-WEIGHTED-v1",0.265582719937213,0.279306686563125,-0.013723966625912,0.208723669954104,0.322441769920323,0.265582719937213,0.113718099966219,0.029010252449334,TRUE,,,0,"OK","P14-C007",53,30,579,0.05,"informative","medium","near_knot",9,27,0.984209726345627,0.00518134715025906,0,0.103999999999999
"V4-PRI-TWO-STAGE-HBB-RESP-v1","V4-TARGET-RESPONDENT-WEIGHTED-v1",0.264776000191402,0.279306686563125,-0.0145306863717228,0.204260425199242,0.334789743946063,0.269525084572653,0.130529318746821,0.0347054097407859,TRUE,199,199,0,"OK","P14-C007",54,30,499,0.05,"informative","medium","near_knot",6,27,0.977399338334387,0,1,0.0839999999999996
"V4-SENS-TWO-STAGE-HBB-CLUSTER-v1","V4-TARGET-EQUAL-CLUSTER-v1",0.264684815602896,0.279737009119098,-0.0150521935162022,0.210994359258091,0.349318964005385,0.280156661631738,0.138324604747294,0.0334916646207044,TRUE,199,199,0,"OK","P14-C007",54,30,499,0.05,"informative","medium","near_knot",6,27,0.977399338334387,0,1,0.0839999999999996
"V4-CMP-ONE-STAGE-CLUSTER-BB-RESP-v1","V4-TARGET-RESPONDENT-WEIGHTED-v1",0.264776000191402,0.279306686563125,-0.0145306863717228,0.231771965829334,0.294104560405125,0.262938263117229,0.0623325945757912,0.0169994178359721,TRUE,199,199,0,"OK","P14-C007",54,30,499,0.05,"informative","medium","near_knot",6,27,0.977399338334387,0,1,0.0839999999999996
"V4-CMP-IID-RESP-BB-v1","WORKING-INDEPENDENCE-RESPONDENT",0.264776000191402,0.279306686563125,-0.0145306863717228,0.219430394232651,0.30787054621602,0.263650470224335,0.0884401519833688,0.0226132295048017,TRUE,199,199,0,"OK","P14-C007",54,30,499,0.05,"informative","medium","near_knot",6,27,0.977399338334387,0,1,0.0839999999999996
"V4-CMP-TWO-STAGE-FREQ-BOOT-RESP-v1","V4-TARGET-RESPONDENT-WEIGHTED-v1",0.264776000191402,0.279306686563125,-0.0145306863717228,0.195166544475086,0.314645065015207,0.254905804745147,0.119478520540121,0.0287021836323652,TRUE,199,199,0,"OK","P14-C007",54,30,499,0.05,"informative","medium","near_knot",6,27,0.977399338334387,0,1,0.0839999999999996
"V4-CMP-MOKKEN-TWOLEVEL-DELTA-v1","V4-TARGET-RESPONDENT-WEIGHTED-v1",0.264776000191398,0.279306686563125,-0.0145306863717274,0.214468956885242,0.315083043497553,0.264776000191398,0.100614086612311,0.0256673304728919,TRUE,,,0,"OK","P14-C007",54,30,499,0.05,"informative","medium","near_knot",6,27,0.977399338334387,0,1,0.0839999999999996
"V4-PRI-TWO-STAGE-HBB-RESP-v1","V4-TARGET-RESPONDENT-WEIGHTED-v1",0.289792620470216,0.279306686563125,0.010485933907091,0.213824029817802,0.363492253404772,0.288658141611287,0.14966822358697,0.0389638336676022,TRUE,199,199,0,"OK","P14-C007",55,30,490,0.05,"informative","medium","near_knot",7,25,0.99241168737942,0.00204081632653058,0,0.0940000000000012
"V4-SENS-TWO-STAGE-HBB-CLUSTER-v1","V4-TARGET-EQUAL-CLUSTER-v1",0.298231434372361,0.279737009119098,0.0184944252532628,0.214528641453918,0.393132602462259,0.303830621958088,0.178603961008341,0.0438238996943821,TRUE,199,199,0,"OK","P14-C007",55,30,490,0.05,"informative","medium","near_knot",7,25,0.99241168737942,0.00204081632653058,0,0.0940000000000012
"V4-CMP-ONE-STAGE-CLUSTER-BB-RESP-v1","V4-TARGET-RESPONDENT-WEIGHTED-v1",0.289792620470216,0.279306686563125,0.010485933907091,0.247397431252317,0.336885821565818,0.292141626409068,0.0894883903135011,0.0238504484889478,TRUE,199,199,0,"OK","P14-C007",55,30,490,0.05,"informative","medium","near_knot",7,25,0.99241168737942,0.00204081632653058,0,0.0940000000000012
"V4-CMP-IID-RESP-BB-v1","WORKING-INDEPENDENCE-RESPONDENT",0.289792620470216,0.279306686563125,0.010485933907091,0.249664003615895,0.339946204124976,0.294805103870435,0.0902822005090803,0.023124065642752,TRUE,199,199,0,"OK","P14-C007",55,30,490,0.05,"informative","medium","near_knot",7,25,0.99241168737942,0.00204081632653058,0,0.0940000000000012
"V4-CMP-TWO-STAGE-FREQ-BOOT-RESP-v1","V4-TARGET-RESPONDENT-WEIGHTED-v1",0.289792620470216,0.279306686563125,0.010485933907091,0.229825221204996,0.352440774001946,0.291132997603471,0.12261555279695,0.0327792965346845,TRUE,199,199,0,"OK","P14-C007",55,30,490,0.05,"informative","medium","near_knot",7,25,0.99241168737942,0.00204081632653058,0,0.0940000000000012
"V4-CMP-MOKKEN-TWOLEVEL-DELTA-v1","V4-TARGET-RESPONDENT-WEIGHTED-v1",0.289792620470203,0.279306686563125,0.0104859339070782,0.230545425467545,0.349039815472862,0.289792620470203,0.118494390005318,0.0302287161753957,TRUE,,,0,"OK","P14-C007",55,30,490,0.05,"informative","medium","near_knot",7,25,0.99241168737942,0.00204081632653058,0,0.0940000000000012
"V4-PRI-TWO-STAGE-HBB-RESP-v1","V4-TARGET-RESPONDENT-WEIGHTED-v1",0.294489451834062,0.279306686563125,0.0151827652709366,0.226811698787335,0.361344640108168,0.294078169447752,0.134532941320832,0.0348787649220846,TRUE,199,199,0,"OK","P14-C007",56,30,494,0.05,"informative","medium","near_knot",7,25,0.992457928372896,0.00607287449392702,0,0.0819999999999972
"V4-SENS-TWO-STAGE-HBB-CLUSTER-v1","V4-TARGET-EQUAL-CLUSTER-v1",0.278432740130465,0.279737009119098,-0.00130426898863273,0.201804653213816,0.353115823278342,0.277460238246079,0.151311170064526,0.0392301705501321,TRUE,199,199,0,"OK","P14-C007",56,30,494,0.05,"informative","medium","near_knot",7,25,0.992457928372896,0.00607287449392702,0,0.0819999999999972
"V4-CMP-ONE-STAGE-CLUSTER-BB-RESP-v1","V4-TARGET-RESPONDENT-WEIGHTED-v1",0.294489451834062,0.279306686563125,0.0151827652709366,0.248896093965121,0.333657041105699,0.29127656753541,0.0847609471405782,0.0221211709270032,TRUE,199,199,0,"OK","P14-C007",56,30,494,0.05,"informative","medium","near_knot",7,25,0.992457928372896,0.00607287449392702,0,0.0819999999999972
"V4-CMP-IID-RESP-BB-v1","WORKING-INDEPENDENCE-RESPONDENT",0.294489451834062,0.279306686563125,0.0151827652709366,0.253625573962852,0.345679861200642,0.299652717581747,0.0920542872377898,0.0247233259324705,TRUE,199,199,0,"OK","P14-C007",56,30,494,0.05,"informative","medium","near_knot",7,25,0.992457928372896,0.00607287449392702,0,0.0819999999999972
"V4-CMP-TWO-STAGE-FREQ-BOOT-RESP-v1","V4-TARGET-RESPONDENT-WEIGHTED-v1",0.294489451834062,0.279306686563125,0.0151827652709366,0.221443588046453,0.355454991389914,0.288449289718183,0.134011403343461,0.0327310213285295,TRUE,199,199,0,"OK","P14-C007",56,30,494,0.05,"informative","medium","near_knot",7,25,0.992457928372896,0.00607287449392702,0,0.0819999999999972
"V4-CMP-MOKKEN-TWOLEVEL-DELTA-v1","V4-TARGET-RESPONDENT-WEIGHTED-v1",0.294489451834069,0.279306686563125,0.0151827652709434,0.235286682040322,0.353692221627815,0.294489451834069,0.118405539587493,0.0302060498359818,TRUE,,,0,"OK","P14-C007",56,30,494,0.05,"informative","medium","near_knot",7,25,0.992457928372896,0.00607287449392702,0,0.0819999999999972
"V4-PRI-TWO-STAGE-HBB-RESP-v1","V4-TARGET-RESPONDENT-WEIGHTED-v1",0.272558832081272,0.279306686563125,-0.00674785448185278,0.202169503022321,0.355613696069547,0.278891599545934,0.153444193047226,0.0382394327409139,TRUE,199,199,0,"OK","P14-C007",57,30,506,0.05,"informative","medium","near_knot",8,28,0.988990780513073,0.00395256916996045,0,0.0820000000000007
"V4-SENS-TWO-STAGE-HBB-CLUSTER-v1","V4-TARGET-EQUAL-CLUSTER-v1",0.265868724878415,0.279737009119098,-0.0138682842406834,0.192317528472883,0.348391891397191,0.270354709935037,0.156074362924308,0.0383136156448047,TRUE,199,199,0,"OK","P14-C007",57,30,506,0.05,"informative","medium","near_knot",8,28,0.988990780513073,0.00395256916996045,0,0.0820000000000007
"V4-CMP-ONE-STAGE-CLUSTER-BB-RESP-v1","V4-TARGET-RESPONDENT-WEIGHTED-v1",0.272558832081272,0.279306686563125,-0.00674785448185278,0.230041271596426,0.321140681327845,0.275590976462135,0.0910994097314197,0.0233486066109754,TRUE,199,199,0,"OK","P14-C007",57,30,506,0.05,"informative","medium","near_knot",8,28,0.988990780513073,0.00395256916996045,0,0.0820000000000007
"V4-CMP-IID-RESP-BB-v1","WORKING-INDEPENDENCE-RESPONDENT",0.272558832081272,0.279306686563125,-0.00674785448185278,0.228744800792004,0.313348395971305,0.271046598381655,0.0846035951793005,0.0213673947921199,TRUE,199,199,0,"OK","P14-C007",57,30,506,0.05,"informative","medium","near_knot",8,28,0.988990780513073,0.00395256916996045,0,0.0820000000000007
"V4-CMP-TWO-STAGE-FREQ-BOOT-RESP-v1","V4-TARGET-RESPONDENT-WEIGHTED-v1",0.272558832081272,0.279306686563125,-0.00674785448185278,0.209255137650929,0.330238416309523,0.269746776980226,0.120983278658593,0.0332834559198555,TRUE,199,199,0,"OK","P14-C007",57,30,506,0.05,"informative","medium","near_knot",8,28,0.988990780513073,0.00395256916996045,0,0.0820000000000007
"V4-CMP-MOKKEN-TWOLEVEL-DELTA-v1","V4-TARGET-RESPONDENT-WEIGHTED-v1",0.272558832081266,0.279306686563125,-0.00674785448185877,0.213949055091337,0.331168609071196,0.272558832081266,0.117219553979859,0.029903496927615,TRUE,,,0,"OK","P14-C007",57,30,506,0.05,"informative","medium","near_knot",8,28,0.988990780513073,0.00395256916996045,0,0.0820000000000007
"V4-PRI-TWO-STAGE-HBB-RESP-v1","V4-TARGET-RESPONDENT-WEIGHTED-v1",0.285173257931981,0.279306686563125,0.00586657136885549,0.213519304473734,0.368774325626728,0.291146815050231,0.155255021152994,0.0359538786436121,TRUE,199,199,0,"OK","P14-C007",58,30,510,0.05,"informative","medium","near_knot",9,25,0.996267815784578,0.00196078431372548,0,0.0839999999999996
"V4-SENS-TWO-STAGE-HBB-CLUSTER-v1","V4-TARGET-EQUAL-CLUSTER-v1",0.273897848490205,0.279737009119098,-0.00583916062889317,0.200224294957155,0.356550354565224,0.278387324761189,0.156326059608069,0.0370830009471743,TRUE,199,199,0,"OK","P14-C007",58,30,510,0.05,"informative","medium","near_knot",9,25,0.996267815784578,0.00196078431372548,0,0.0839999999999996
"V4-CMP-ONE-STAGE-CLUSTER-BB-RESP-v1","V4-TARGET-RESPONDENT-WEIGHTED-v1",0.285173257931981,0.279306686563125,0.00586657136885549,0.239768271669535,0.330770623424462,0.285269447546999,0.091002351754927,0.022821544089403,TRUE,199,199,0,"OK","P14-C007",58,30,510,0.05,"informative","medium","near_knot",9,25,0.996267815784578,0.00196078431372548,0,0.0839999999999996
"V4-CMP-IID-RESP-BB-v1","WORKING-INDEPENDENCE-RESPONDENT",0.285173257931981,0.279306686563125,0.00586657136885549,0.24368285022205,0.329681373963038,0.286682112092544,0.0859985237409883,0.0210097225031569,TRUE,199,199,0,"OK","P14-C007",58,30,510,0.05,"informative","medium","near_knot",9,25,0.996267815784578,0.00196078431372548,0,0.0839999999999996
"V4-CMP-TWO-STAGE-FREQ-BOOT-RESP-v1","V4-TARGET-RESPONDENT-WEIGHTED-v1",0.285173257931981,0.279306686563125,0.00586657136885549,0.223151324679092,0.344062018487454,0.283606671583273,0.120910693808362,0.0313894048195543,TRUE,199,199,0,"OK","P14-C007",58,30,510,0.05,"informative","medium","near_knot",9,25,0.996267815784578,0.00196078431372548,0,0.0839999999999996
"V4-CMP-MOKKEN-TWOLEVEL-DELTA-v1","V4-TARGET-RESPONDENT-WEIGHTED-v1",0.285173257931977,0.279306686563125,0.0058665713688516,0.228250644016864,0.34209587184709,0.285173257931977,0.113845227830225,0.0290426836228171,TRUE,,,0,"OK","P14-C007",58,30,510,0.05,"informative","medium","near_knot",9,25,0.996267815784578,0.00196078431372548,0,0.0839999999999996
"V4-PRI-TWO-STAGE-HBB-RESP-v1","V4-TARGET-RESPONDENT-WEIGHTED-v1",0.25062538070874,0.279306686563125,-0.0286813058543847,0.174436574280606,0.329444706528464,0.251940640404535,0.155008132247858,0.0384484658825092,TRUE,199,199,0,"OK","P14-C007",59,30,492,0.05,"informative","medium","near_knot",7,26,0.993971791231468,0.00406504065040658,0,0.0960000000000001
"V4-SENS-TWO-STAGE-HBB-CLUSTER-v1","V4-TARGET-EQUAL-CLUSTER-v1",0.247987727392874,0.279737009119098,-0.0317492817262237,0.184844400550492,0.327150394156492,0.255997397353492,0.142305993606,0.0359959858812661,TRUE,199,199,0,"OK","P14-C007",59,30,492,0.05,"informative","medium","near_knot",7,26,0.993971791231468,0.00406504065040658,0,0.0960000000000001
"V4-CMP-ONE-STAGE-CLUSTER-BB-RESP-v1","V4-TARGET-RESPONDENT-WEIGHTED-v1",0.25062538070874,0.279306686563125,-0.0286813058543847,0.206629983188831,0.289027406285662,0.247828694737246,0.0823974230968308,0.0206515754541226,TRUE,199,199,0,"OK","P14-C007",59,30,492,0.05,"informative","medium","near_knot",7,26,0.993971791231468,0.00406504065040658,0,0.0960000000000001
"V4-CMP-IID-RESP-BB-v1","WORKING-INDEPENDENCE-RESPONDENT",0.25062538070874,0.279306686563125,-0.0286813058543847,0.207920412241312,0.300066568612467,0.253993490426889,0.092146156371155,0.0216587454745251,TRUE,199,199,0,"OK","P14-C007",59,30,492,0.05,"informative","medium","near_knot",7,26,0.993971791231468,0.00406504065040658,0,0.0960000000000001
"V4-CMP-TWO-STAGE-FREQ-BOOT-RESP-v1","V4-TARGET-RESPONDENT-WEIGHTED-v1",0.25062538070874,0.279306686563125,-0.0286813058543847,0.199897712819208,0.307182081616762,0.253539897217985,0.107284368797554,0.0276226977840807,TRUE,199,199,0,"OK","P14-C007",59,30,492,0.05,"informative","medium","near_knot",7,26,0.993971791231468,0.00406504065040658,0,0.0960000000000001
"V4-CMP-MOKKEN-TWOLEVEL-DELTA-v1","V4-TARGET-RESPONDENT-WEIGHTED-v1",0.250625380708737,0.279306686563125,-0.0286813058543887,0.193634285289915,0.307616476127558,0.250625380708737,0.113982190837643,0.0290776238075596,TRUE,,,0,"OK","P14-C007",59,30,492,0.05,"informative","medium","near_knot",7,26,0.993971791231468,0.00406504065040658,0,0.0960000000000001
"V4-PRI-TWO-STAGE-HBB-RESP-v1","V4-TARGET-RESPONDENT-WEIGHTED-v1",0.306030122957292,0.279306686563125,0.0267234363941672,0.225868011553995,0.382949807705099,0.304408909629547,0.157081796151104,0.039707081300297,TRUE,199,199,0,"OK","P14-C007",60,30,461,0.05,"informative","medium","near_knot",7,25,0.994501008269086,0,4,0.0790000000000006
"V4-SENS-TWO-STAGE-HBB-CLUSTER-v1","V4-TARGET-EQUAL-CLUSTER-v1",0.312358853189249,0.279737009119098,0.0326218440701511,0.222642052879917,0.41227037456899,0.317456213724454,0.189628321689073,0.0453906968093508,TRUE,199,199,0,"OK","P14-C007",60,30,461,0.05,"informative","medium","near_knot",7,25,0.994501008269086,0,4,0.0790000000000006
"V4-CMP-ONE-STAGE-CLUSTER-BB-RESP-v1","V4-TARGET-RESPONDENT-WEIGHTED-v1",0.306030122957292,0.279306686563125,0.0267234363941672,0.25816272542969,0.348364742000947,0.303263733715318,0.0902020165712565,0.0235089958765384,TRUE,199,199,0,"OK","P14-C007",60,30,461,0.05,"informative","medium","near_knot",7,25,0.994501008269086,0,4,0.0790000000000006
"V4-CMP-IID-RESP-BB-v1","WORKING-INDEPENDENCE-RESPONDENT",0.306030122957292,0.279306686563125,0.0267234363941672,0.255016011877438,0.354860255678272,0.304938133777856,0.099844243800834,0.0228659274259426,TRUE,199,199,0,"OK","P14-C007",60,30,461,0.05,"informative","medium","near_knot",7,25,0.994501008269086,0,4,0.0790000000000006
"V4-CMP-TWO-STAGE-FREQ-BOOT-RESP-v1","V4-TARGET-RESPONDENT-WEIGHTED-v1",0.306030122957292,0.279306686563125,0.0267234363941672,0.240866299505064,0.369983262604579,0.305424781054822,0.129116963099515,0.0328893502652731,TRUE,199,199,0,"OK","P14-C007",60,30,461,0.05,"informative","medium","near_knot",7,25,0.994501008269086,0,4,0.0790000000000006
"V4-CMP-MOKKEN-TWOLEVEL-DELTA-v1","V4-TARGET-RESPONDENT-WEIGHTED-v1",0.306030122957296,0.279306686563125,0.0267234363941711,0.244735940773536,0.367324305141057,0.306030122957296,0.122588364367521,0.031273116581346,TRUE,,,0,"OK","P14-C007",60,30,461,0.05,"informative","medium","near_knot",7,25,0.994501008269086,0,4,0.0790000000000006
