"method_id","target_id","point_estimate","truth","bias","lower","upper","center","interval_length","se_equivalent","cover","defined_draws","total_draws","invalid_fraction","status","cell_id","replication","G","N","latent_icc","size_mechanism","strength","regularity","minimum_cluster_size","maximum_cluster_size","size_effect_correlation","sample_minimum_internal_cdf_gap","sample_exact_knot_count","replication_elapsed_seconds"
"V4-PRI-TWO-STAGE-HBB-RESP-v1","V4-TARGET-RESPONDENT-WEIGHTED-v1",0.465840614161997,0.465434869451903,0.000405744710093858,0.383655519254876,0.538662948013068,0.461159233633972,0.155007428758192,0.0381400592637202,TRUE,199,199,0,"OK","P14-C012",1,30,499,0.3,"informative","strong","near_knot",9,25,0.996526413206961,0,3,0.105999999999995
"V4-SENS-TWO-STAGE-HBB-CLUSTER-v1","V4-TARGET-EQUAL-CLUSTER-v1",0.454490097055483,0.470076218784656,-0.0155861217291723,0.377455028628891,0.54014930115828,0.458802164893585,0.162694272529389,0.0419173177881487,TRUE,199,199,0,"OK","P14-C012",1,30,499,0.3,"informative","strong","near_knot",9,25,0.996526413206961,0,3,0.105999999999995
"V4-CMP-ONE-STAGE-CLUSTER-BB-RESP-v1","V4-TARGET-RESPONDENT-WEIGHTED-v1",0.465840614161997,0.465434869451903,0.000405744710093858,0.409668977025016,0.511247314342478,0.460458145683747,0.101578337317462,0.0258422674152625,TRUE,199,199,0,"OK","P14-C012",1,30,499,0.3,"informative","strong","near_knot",9,25,0.996526413206961,0,3,0.105999999999995
"V4-CMP-IID-RESP-BB-v1","WORKING-INDEPENDENCE-RESPONDENT",0.465840614161997,0.465434869451903,0.000405744710093858,0.42167720691455,0.50954704588109,0.46561212639782,0.0878698389665395,0.0215830153821757,TRUE,199,199,0,"OK","P14-C012",1,30,499,0.3,"informative","strong","near_knot",9,25,0.996526413206961,0,3,0.105999999999995
"V4-CMP-TWO-STAGE-FREQ-BOOT-RESP-v1","V4-TARGET-RESPONDENT-WEIGHTED-v1",0.465840614161997,0.465434869451903,0.000405744710093858,0.392371767443575,0.526575221921522,0.459473494682549,0.134203454477947,0.0332940178955371,TRUE,199,199,0,"OK","P14-C012",1,30,499,0.3,"informative","strong","near_knot",9,25,0.996526413206961,0,3,0.105999999999995
"V4-CMP-MOKKEN-TWOLEVEL-DELTA-v1","V4-TARGET-RESPONDENT-WEIGHTED-v1",0.465840614161995,0.465434869451903,0.000405744710091138,0.407221025159033,0.524460203164956,0.465840614161995,0.117239178005923,0.0299085031487033,TRUE,,,0,"OK","P14-C012",1,30,499,0.3,"informative","strong","near_knot",9,25,0.996526413206961,0,3,0.105999999999995
"V4-PRI-TWO-STAGE-HBB-RESP-v1","V4-TARGET-RESPONDENT-WEIGHTED-v1",0.481080176747045,0.465434869451903,0.0156453072951416,0.401861864028302,0.558523401451904,0.480192632740103,0.156661537423601,0.0387835082117058,TRUE,199,199,0,"OK","P14-C012",2,30,520,0.3,"informative","strong","near_knot",7,26,0.993990916865423,0.0134615384615384,0,0.088000000000001
"V4-SENS-TWO-STAGE-HBB-CLUSTER-v1","V4-TARGET-EQUAL-CLUSTER-v1",0.475403749291944,0.470076218784656,0.00532753050728829,0.389919884348184,0.551201859916427,0.470560872132305,0.161281975568243,0.042659783877008,TRUE,199,199,0,"OK","P14-C012",2,30,520,0.3,"informative","strong","near_knot",7,26,0.993990916865423,0.0134615384615384,0,0.088000000000001
"V4-CMP-ONE-STAGE-CLUSTER-BB-RESP-v1","V4-TARGET-RESPONDENT-WEIGHTED-v1",0.481080176747045,0.465434869451903,0.0156453072951416,0.422595683084566,0.536533819060011,0.479564751072289,0.113938135975445,0.0294359535694033,TRUE,199,199,0,"OK","P14-C012",2,30,520,0.3,"informative","strong","near_knot",7,26,0.993990916865423,0.0134615384615384,0,0.088000000000001
"V4-CMP-IID-RESP-BB-v1","WORKING-INDEPENDENCE-RESPONDENT",0.481080176747045,0.465434869451903,0.0156453072951416,0.438304921399767,0.52854968996514,0.483427305682453,0.0902447685653728,0.0225553573942321,TRUE,199,199,0,"OK","P14-C012",2,30,520,0.3,"informative","strong","near_knot",7,26,0.993990916865423,0.0134615384615384,0,0.088000000000001
"V4-CMP-TWO-STAGE-FREQ-BOOT-RESP-v1","V4-TARGET-RESPONDENT-WEIGHTED-v1",0.481080176747045,0.465434869451903,0.0156453072951416,0.388195278335794,0.543772698057975,0.465983988196885,0.15557741972218,0.0373157558743433,TRUE,199,199,0,"OK","P14-C012",2,30,520,0.3,"informative","strong","near_knot",7,26,0.993990916865423,0.0134615384615384,0,0.088000000000001
"V4-CMP-MOKKEN-TWOLEVEL-DELTA-v1","V4-TARGET-RESPONDENT-WEIGHTED-v1",0.48108017674704,0.465434869451903,0.0156453072951364,0.417379949405444,0.544780404088636,0.48108017674704,0.127400454683192,0.0325007131988422,TRUE,,,0,"OK","P14-C012",2,30,520,0.3,"informative","strong","near_knot",7,26,0.993990916865423,0.0134615384615384,0,0.088000000000001
"V4-PRI-TWO-STAGE-HBB-RESP-v1","V4-TARGET-RESPONDENT-WEIGHTED-v1",0.45244731678661,0.465434869451903,-0.0129875526652933,0.370030292631821,0.524328669679791,0.447179481155806,0.15429837704797,0.0375693780397795,TRUE,199,199,0,"OK","P14-C012",3,30,489,0.3,"informative","strong","near_knot",8,24,0.99493371203414,0,1,0.0870000000000033
"V4-SENS-TWO-STAGE-HBB-CLUSTER-v1","V4-TARGET-EQUAL-CLUSTER-v1",0.456220811525198,0.470076218784656,-0.0138554072594581,0.378890174901434,0.527036896404352,0.452963535652893,0.148146721502918,0.0380040574342035,TRUE,199,199,0,"OK","P14-C012",3,30,489,0.3,"informative","strong","near_knot",8,24,0.99493371203414,0,1,0.0870000000000033
"V4-CMP-ONE-STAGE-CLUSTER-BB-RESP-v1","V4-TARGET-RESPONDENT-WEIGHTED-v1",0.45244731678661,0.465434869451903,-0.0129875526652933,0.402646769937733,0.501402711441602,0.452024740689667,0.098755941503869,0.0244494089784231,TRUE,199,199,0,"OK","P14-C012",3,30,489,0.3,"informative","strong","near_knot",8,24,0.99493371203414,0,1,0.0870000000000033
"V4-CMP-IID-RESP-BB-v1","WORKING-INDEPENDENCE-RESPONDENT",0.45244731678661,0.465434869451903,-0.0129875526652933,0.403041177958341,0.502573575477818,0.45280737671808,0.0995323975194761,0.0253195033878237,TRUE,199,199,0,"OK","P14-C012",3,30,489,0.3,"informative","strong","near_knot",8,24,0.99493371203414,0,1,0.0870000000000033
"V4-CMP-TWO-STAGE-FREQ-BOOT-RESP-v1","V4-TARGET-RESPONDENT-WEIGHTED-v1",0.45244731678661,0.465434869451903,-0.0129875526652933,0.3894375601621,0.516236090038424,0.452836825100262,0.126798529876324,0.034996195349606,TRUE,199,199,0,"OK","P14-C012",3,30,489,0.3,"informative","strong","near_knot",8,24,0.99493371203414,0,1,0.0870000000000033
"V4-CMP-MOKKEN-TWOLEVEL-DELTA-v1","V4-TARGET-RESPONDENT-WEIGHTED-v1",0.452447316786626,0.465434869451903,-0.0129875526652774,0.393413264517075,0.511481369056177,0.452447316786626,0.118068104539102,0.0301199678847182,TRUE,,,0,"OK","P14-C012",3,30,489,0.3,"informative","strong","near_knot",8,24,0.99493371203414,0,1,0.0870000000000033
"V4-PRI-TWO-STAGE-HBB-RESP-v1","V4-TARGET-RESPONDENT-WEIGHTED-v1",0.433156499135395,0.465434869451903,-0.0322783703165083,0.361996762373518,0.499645142660459,0.430820952516989,0.137648380286941,0.0345131885145303,TRUE,199,199,0,"OK","P14-C012",4,30,545,0.3,"informative","strong","near_knot",10,26,0.994106434441695,0.00183486238532116,0,0.106999999999999
"V4-SENS-TWO-STAGE-HBB-CLUSTER-v1","V4-TARGET-EQUAL-CLUSTER-v1",0.433993902746764,0.470076218784656,-0.0360823160378917,0.365163092341832,0.50902053957463,0.437091815958231,0.143857447232798,0.0370744449772425,TRUE,199,199,0,"OK","P14-C012",4,30,545,0.3,"informative","strong","near_knot",10,26,0.994106434441695,0.00183486238532116,0,0.106999999999999
"V4-CMP-ONE-STAGE-CLUSTER-BB-RESP-v1","V4-TARGET-RESPONDENT-WEIGHTED-v1",0.433156499135395,0.465434869451903,-0.0322783703165083,0.396269314431725,0.468131469943502,0.432200392187614,0.0718621555117774,0.0180797634276157,TRUE,199,199,0,"OK","P14-C012",4,30,545,0.3,"informative","strong","near_knot",10,26,0.994106434441695,0.00183486238532116,0,0.106999999999999
"V4-CMP-IID-RESP-BB-v1","WORKING-INDEPENDENCE-RESPONDENT",0.433156499135395,0.465434869451903,-0.0322783703165083,0.386180538075819,0.484113536575046,0.435147037325432,0.0979329984992269,0.023898418329159,TRUE,199,199,0,"OK","P14-C012",4,30,545,0.3,"informative","strong","near_knot",10,26,0.994106434441695,0.00183486238532116,0,0.106999999999999
"V4-CMP-TWO-STAGE-FREQ-BOOT-RESP-v1","V4-TARGET-RESPONDENT-WEIGHTED-v1",0.433156499135395,0.465434869451903,-0.0322783703165083,0.373072408541059,0.492714923626532,0.432893666083796,0.119642515085473,0.0310180965579247,TRUE,199,199,0,"OK","P14-C012",4,30,545,0.3,"informative","strong","near_knot",10,26,0.994106434441695,0.00183486238532116,0,0.106999999999999
"V4-CMP-MOKKEN-TWOLEVEL-DELTA-v1","V4-TARGET-RESPONDENT-WEIGHTED-v1",0.433156499135426,0.465434869451903,-0.0322783703164776,0.376880007397951,0.489432990872901,0.433156499135426,0.11255298347495,0.0287130233929689,TRUE,,,0,"OK","P14-C012",4,30,545,0.3,"informative","strong","near_knot",10,26,0.994106434441695,0.00183486238532116,0,0.106999999999999
"V4-PRI-TWO-STAGE-HBB-RESP-v1","V4-TARGET-RESPONDENT-WEIGHTED-v1",0.485613035346953,0.465434869451903,0.0201781658950492,0.409521437630913,0.557744233757026,0.483632835693969,0.148222796126113,0.0411897835104439,TRUE,199,199,0,"OK","P14-C012",5,30,486,0.3,"informative","strong","near_knot",7,27,0.988866382878538,0.00205761316872421,0,0.0850000000000009
"V4-SENS-TWO-STAGE-HBB-CLUSTER-v1","V4-TARGET-EQUAL-CLUSTER-v1",0.48278777553702,0.470076218784656,0.012711556752364,0.40430759324373,0.563606660833899,0.483957127038815,0.159299067590169,0.0411029206845607,TRUE,199,199,0,"OK","P14-C012",5,30,486,0.3,"informative","strong","near_knot",7,27,0.988866382878538,0.00205761316872421,0,0.0850000000000009
"V4-CMP-ONE-STAGE-CLUSTER-BB-RESP-v1","V4-TARGET-RESPONDENT-WEIGHTED-v1",0.485613035346953,0.465434869451903,0.0201781658950492,0.431942596532241,0.542790608549603,0.487366602540922,0.110848012017362,0.0282933536893149,TRUE,199,199,0,"OK","P14-C012",5,30,486,0.3,"informative","strong","near_knot",7,27,0.988866382878538,0.00205761316872421,0,0.0850000000000009
"V4-CMP-IID-RESP-BB-v1","WORKING-INDEPENDENCE-RESPONDENT",0.485613035346953,0.465434869451903,0.0201781658950492,0.43918381514412,0.535147904399013,0.487165859771567,0.0959640892548927,0.0233923148581912,TRUE,199,199,0,"OK","P14-C012",5,30,486,0.3,"informative","strong","near_knot",7,27,0.988866382878538,0.00205761316872421,0,0.0850000000000009
"V4-CMP-TWO-STAGE-FREQ-BOOT-RESP-v1","V4-TARGET-RESPONDENT-WEIGHTED-v1",0.485613035346953,0.465434869451903,0.0201781658950492,0.406348388632709,0.555903494341291,0.481125941487,0.149555105708582,0.0368134994679657,TRUE,199,199,0,"OK","P14-C012",5,30,486,0.3,"informative","strong","near_knot",7,27,0.988866382878538,0.00205761316872421,0,0.0850000000000009
"V4-CMP-MOKKEN-TWOLEVEL-DELTA-v1","V4-TARGET-RESPONDENT-WEIGHTED-v1",0.48561303534694,0.465434869451903,0.0201781658950367,0.424042640290561,0.547183430403319,0.48561303534694,0.123140790112758,0.0314140441059317,TRUE,,,0,"OK","P14-C012",5,30,486,0.3,"informative","strong","near_knot",7,27,0.988866382878538,0.00205761316872421,0,0.0850000000000009
"V4-PRI-TWO-STAGE-HBB-RESP-v1","V4-TARGET-RESPONDENT-WEIGHTED-v1",0.454529903231939,0.465434869451903,-0.0109049662199641,0.365406945690334,0.533176439035992,0.449291692363163,0.167769493345657,0.0395962757643928,TRUE,199,199,0,"OK","P14-C012",6,30,493,0.3,"informative","strong","near_knot",9,26,0.996348240152883,0.00405679513184598,0,0.100999999999999
"V4-SENS-TWO-STAGE-HBB-CLUSTER-v1","V4-TARGET-EQUAL-CLUSTER-v1",0.460218606955229,0.470076218784656,-0.00985761182942635,0.355680331114369,0.550496756624892,0.45308854386963,0.194816425510523,0.0487463319508171,TRUE,199,199,0,"OK","P14-C012",6,30,493,0.3,"informative","strong","near_knot",9,26,0.996348240152883,0.00405679513184598,0,0.100999999999999
"V4-CMP-ONE-STAGE-CLUSTER-BB-RESP-v1","V4-TARGET-RESPONDENT-WEIGHTED-v1",0.454529903231939,0.465434869451903,-0.0109049662199641,0.39707920805221,0.515832053708286,0.456455630880248,0.118752845656076,0.0298583682540105,TRUE,199,199,0,"OK","P14-C012",6,30,493,0.3,"informative","strong","near_knot",9,26,0.996348240152883,0.00405679513184598,0,0.100999999999999
"V4-CMP-IID-RESP-BB-v1","WORKING-INDEPENDENCE-RESPONDENT",0.454529903231939,0.465434869451903,-0.0109049662199641,0.408954215280282,0.511873129709181,0.460413672494731,0.102918914428899,0.0244185908456062,TRUE,199,199,0,"OK","P14-C012",6,30,493,0.3,"informative","strong","near_knot",9,26,0.996348240152883,0.00405679513184598,0,0.100999999999999
"V4-CMP-TWO-STAGE-FREQ-BOOT-RESP-v1","V4-TARGET-RESPONDENT-WEIGHTED-v1",0.454529903231939,0.465434869451903,-0.0109049662199641,0.388503902535742,0.524942858124146,0.456723380329944,0.136438955588404,0.0366135968281655,TRUE,199,199,0,"OK","P14-C012",6,30,493,0.3,"informative","strong","near_knot",9,26,0.996348240152883,0.00405679513184598,0,0.100999999999999
"V4-CMP-MOKKEN-TWOLEVEL-DELTA-v1","V4-TARGET-RESPONDENT-WEIGHTED-v1",0.454529903231951,0.465434869451903,-0.0109049662199521,0.384054974453681,0.525004832010221,0.454529903231951,0.14094985755654,0.0359572570384799,TRUE,,,0,"OK","P14-C012",6,30,493,0.3,"informative","strong","near_knot",9,26,0.996348240152883,0.00405679513184598,0,0.100999999999999
"V4-PRI-TWO-STAGE-HBB-RESP-v1","V4-TARGET-RESPONDENT-WEIGHTED-v1",0.423489727077594,0.465434869451903,-0.0419451423743092,0.35289498384043,0.497890505932746,0.425392744886588,0.144995522092316,0.0379161980817831,TRUE,199,199,0,"OK","P14-C012",7,30,490,0.3,"informative","strong","near_knot",8,25,0.99721295730103,0,1,0.088000000000001
"V4-SENS-TWO-STAGE-HBB-CLUSTER-v1","V4-TARGET-EQUAL-CLUSTER-v1",0.418145464365544,0.470076218784656,-0.0519307544191119,0.337028593512295,0.493471447372998,0.415250020442646,0.156442853860702,0.0405624216629751,TRUE,199,199,0,"OK","P14-C012",7,30,490,0.3,"informative","strong","near_knot",8,25,0.99721295730103,0,1,0.088000000000001
"V4-CMP-ONE-STAGE-CLUSTER-BB-RESP-v1","V4-TARGET-RESPONDENT-WEIGHTED-v1",0.423489727077594,0.465434869451903,-0.0419451423743092,0.367055969034883,0.469495991599147,0.418275980317015,0.102440022564264,0.0261037047515787,TRUE,199,199,0,"OK","P14-C012",7,30,490,0.3,"informative","strong","near_knot",8,25,0.99721295730103,0,1,0.088000000000001
"V4-CMP-IID-RESP-BB-v1","WORKING-INDEPENDENCE-RESPONDENT",0.423489727077594,0.465434869451903,-0.0419451423743092,0.377769135480704,0.480527889364336,0.42914851242252,0.102758753883633,0.025203640033881,TRUE,199,199,0,"OK","P14-C012",7,30,490,0.3,"informative","strong","near_knot",8,25,0.99721295730103,0,1,0.088000000000001
"V4-CMP-TWO-STAGE-FREQ-BOOT-RESP-v1","V4-TARGET-RESPONDENT-WEIGHTED-v1",0.423489727077594,0.465434869451903,-0.0419451423743092,0.352272938688451,0.493703120456281,0.422988029572366,0.14143018176783,0.0369905610351922,TRUE,199,199,0,"OK","P14-C012",7,30,490,0.3,"informative","strong","near_knot",8,25,0.99721295730103,0,1,0.088000000000001
"V4-CMP-MOKKEN-TWOLEVEL-DELTA-v1","V4-TARGET-RESPONDENT-WEIGHTED-v1",0.423489727077583,0.465434869451903,-0.0419451423743202,0.361084191857792,0.485895262297375,0.423489727077583,0.124811070439583,0.0318401438557232,TRUE,,,0,"OK","P14-C012",7,30,490,0.3,"informative","strong","near_knot",8,25,0.99721295730103,0,1,0.088000000000001
"V4-PRI-TWO-STAGE-HBB-RESP-v1","V4-TARGET-RESPONDENT-WEIGHTED-v1",0.521454620391302,0.465434869451903,0.0560197509393981,0.442073892185406,0.608689639602098,0.525381765893752,0.166615747416692,0.0430814901691503,TRUE,199,199,0,"OK","P14-C012",8,30,522,0.3,"informative","strong","near_knot",10,27,0.989119066377074,0,2,0.104999999999997
"V4-SENS-TWO-STAGE-HBB-CLUSTER-v1","V4-TARGET-EQUAL-CLUSTER-v1",0.515852132249998,0.470076218784656,0.0457759134653427,0.438705228571407,0.604201387495401,0.521453308033404,0.165496158923994,0.0407675893944851,TRUE,199,199,0,"OK","P14-C012",8,30,522,0.3,"informative","strong","near_knot",10,27,0.989119066377074,0,2,0.104999999999997
"V4-CMP-ONE-STAGE-CLUSTER-BB-RESP-v1","V4-TARGET-RESPONDENT-WEIGHTED-v1",0.521454620391302,0.465434869451903,0.0560197509393981,0.468424724105093,0.584460411295469,0.526442567700281,0.116035687190376,0.0300232340915601,FALSE,199,199,0,"OK","P14-C012",8,30,522,0.3,"informative","strong","near_knot",10,27,0.989119066377074,0,2,0.104999999999997
"V4-CMP-IID-RESP-BB-v1","WORKING-INDEPENDENCE-RESPONDENT",0.521454620391302,0.465434869451903,0.0560197509393981,0.476173523732569,0.568818944020502,0.522496233876535,0.0926454202879328,0.0231118210880849,FALSE,199,199,0,"OK","P14-C012",8,30,522,0.3,"informative","strong","near_knot",10,27,0.989119066377074,0,2,0.104999999999997
"V4-CMP-TWO-STAGE-FREQ-BOOT-RESP-v1","V4-TARGET-RESPONDENT-WEIGHTED-v1",0.521454620391302,0.465434869451903,0.0560197509393981,0.446382238568354,0.59413847882286,0.520260358695607,0.147756240254506,0.0368927411946338,TRUE,199,199,0,"OK","P14-C012",8,30,522,0.3,"informative","strong","near_knot",10,27,0.989119066377074,0,2,0.104999999999997
"V4-CMP-MOKKEN-TWOLEVEL-DELTA-v1","V4-TARGET-RESPONDENT-WEIGHTED-v1",0.521454620391313,0.465434869451903,0.0560197509394094,0.456710798223652,0.586198442558974,0.521454620391313,0.129487644335322,0.0330331693226774,TRUE,,,0,"OK","P14-C012",8,30,522,0.3,"informative","strong","near_knot",10,27,0.989119066377074,0,2,0.104999999999997
"V4-PRI-TWO-STAGE-HBB-RESP-v1","V4-TARGET-RESPONDENT-WEIGHTED-v1",0.436728294989628,0.465434869451903,-0.0287065744622758,0.369265276510966,0.498229434157222,0.433747355334094,0.128964157646256,0.0333693338198346,TRUE,199,199,0,"OK","P14-C012",9,30,518,0.3,"informative","strong","near_knot",6,26,0.990911804303742,0.00193050193050193,0,0.0870000000000033
"V4-SENS-TWO-STAGE-HBB-CLUSTER-v1","V4-TARGET-EQUAL-CLUSTER-v1",0.44758450595796,0.470076218784656,-0.0224917128266955,0.380609109927496,0.512778249064074,0.446693679495785,0.132169139136578,0.0329572413897941,TRUE,199,199,0,"OK","P14-C012",9,30,518,0.3,"informative","strong","near_knot",6,26,0.990911804303742,0.00193050193050193,0,0.0870000000000033
"V4-CMP-ONE-STAGE-CLUSTER-BB-RESP-v1","V4-TARGET-RESPONDENT-WEIGHTED-v1",0.436728294989628,0.465434869451903,-0.0287065744622758,0.396948875613841,0.473236306114028,0.435092590863934,0.0762874305001869,0.0189473194640392,TRUE,199,199,0,"OK","P14-C012",9,30,518,0.3,"informative","strong","near_knot",6,26,0.990911804303742,0.00193050193050193,0,0.0870000000000033
"V4-CMP-IID-RESP-BB-v1","WORKING-INDEPENDENCE-RESPONDENT",0.436728294989628,0.465434869451903,-0.0287065744622758,0.392624342612324,0.484508403992569,0.438566373302446,0.0918840613802451,0.0240299621949064,TRUE,199,199,0,"OK","P14-C012",9,30,518,0.3,"informative","strong","near_knot",6,26,0.990911804303742,0.00193050193050193,0,0.0870000000000033
"V4-CMP-TWO-STAGE-FREQ-BOOT-RESP-v1","V4-TARGET-RESPONDENT-WEIGHTED-v1",0.436728294989628,0.465434869451903,-0.0287065744622758,0.377390549918663,0.501113647902732,0.439252098910698,0.123723097984068,0.0313880140712849,TRUE,199,199,0,"OK","P14-C012",9,30,518,0.3,"informative","strong","near_knot",6,26,0.990911804303742,0.00193050193050193,0,0.0870000000000033
"V4-CMP-MOKKEN-TWOLEVEL-DELTA-v1","V4-TARGET-RESPONDENT-WEIGHTED-v1",0.43672829498963,0.465434869451903,-0.028706574462274,0.380411970251068,0.493044619728191,0.43672829498963,0.112632649477123,0.028733346726153,TRUE,,,0,"OK","P14-C012",9,30,518,0.3,"informative","strong","near_knot",6,26,0.990911804303742,0.00193050193050193,0,0.0870000000000033
"V4-PRI-TWO-STAGE-HBB-RESP-v1","V4-TARGET-RESPONDENT-WEIGHTED-v1",0.475912552746223,0.465434869451903,0.0104776832943193,0.40223254482993,0.549381589805146,0.475807067317538,0.147149044975216,0.0390340882733707,TRUE,199,199,0,"OK","P14-C012",10,30,474,0.3,"informative","strong","near_knot",7,27,0.989438959104564,0.00421940928270037,0,0.0829999999999984
"V4-SENS-TWO-STAGE-HBB-CLUSTER-v1","V4-TARGET-EQUAL-CLUSTER-v1",0.454323758668378,0.470076218784656,-0.0157524601162772,0.379138403312869,0.544038088958452,0.46158824613566,0.164899685645583,0.0407223676913873,TRUE,199,199,0,"OK","P14-C012",10,30,474,0.3,"informative","strong","near_knot",7,27,0.989438959104564,0.00421940928270037,0,0.0829999999999984
"V4-CMP-ONE-STAGE-CLUSTER-BB-RESP-v1","V4-TARGET-RESPONDENT-WEIGHTED-v1",0.475912552746223,0.465434869451903,0.0104776832943193,0.426959176293816,0.525680933446456,0.476320054870136,0.0987217571526409,0.0250108653526657,TRUE,199,199,0,"OK","P14-C012",10,30,474,0.3,"informative","strong","near_knot",7,27,0.989438959104564,0.00421940928270037,0,0.0829999999999984
"V4-CMP-IID-RESP-BB-v1","WORKING-INDEPENDENCE-RESPONDENT",0.475912552746223,0.465434869451903,0.0104776832943193,0.423990649705864,0.527269157568383,0.475629903637124,0.103278507862519,0.0245425014819187,TRUE,199,199,0,"OK","P14-C012",10,30,474,0.3,"informative","strong","near_knot",7,27,0.989438959104564,0.00421940928270037,0,0.0829999999999984
"V4-CMP-TWO-STAGE-FREQ-BOOT-RESP-v1","V4-TARGET-RESPONDENT-WEIGHTED-v1",0.475912552746223,0.465434869451903,0.0104776832943193,0.401146634853016,0.534267970419464,0.46770730263624,0.133121335566448,0.0335269879367433,TRUE,199,199,0,"OK","P14-C012",10,30,474,0.3,"informative","strong","near_knot",7,27,0.989438959104564,0.00421940928270037,0,0.0829999999999984
"V4-CMP-MOKKEN-TWOLEVEL-DELTA-v1","V4-TARGET-RESPONDENT-WEIGHTED-v1",0.475912552746235,0.465434869451903,0.0104776832943317,0.416842987576522,0.534982117915949,0.475912552746235,0.118139130339427,0.0301380870442756,TRUE,,,0,"OK","P14-C012",10,30,474,0.3,"informative","strong","near_knot",7,27,0.989438959104564,0.00421940928270037,0,0.0829999999999984
"V4-PRI-TWO-STAGE-HBB-RESP-v1","V4-TARGET-RESPONDENT-WEIGHTED-v1",0.467715384159918,0.465434869451903,0.00228051470801455,0.372327532106637,0.548882019564533,0.460604775835585,0.176554487457896,0.0426282160908007,TRUE,199,199,0,"OK","P14-C012",11,30,481,0.3,"informative","strong","near_knot",7,26,0.988291869335096,0.00207900207900213,0,0.103000000000002
"V4-SENS-TWO-STAGE-HBB-CLUSTER-v1","V4-TARGET-EQUAL-CLUSTER-v1",0.473323507531225,0.470076218784656,0.00324728874656915,0.397541096227338,0.551993374616812,0.474767235422075,0.154452278389475,0.0376048234160375,TRUE,199,199,0,"OK","P14-C012",11,30,481,0.3,"informative","strong","near_knot",7,26,0.988291869335096,0.00207900207900213,0,0.103000000000002
"V4-CMP-ONE-STAGE-CLUSTER-BB-RESP-v1","V4-TARGET-RESPONDENT-WEIGHTED-v1",0.467715384159918,0.465434869451903,0.00228051470801455,0.421743262684484,0.51425145976957,0.467997361227027,0.0925081970850865,0.024110014001434,TRUE,199,199,0,"OK","P14-C012",11,30,481,0.3,"informative","strong","near_knot",7,26,0.988291869335096,0.00207900207900213,0,0.103000000000002
"V4-CMP-IID-RESP-BB-v1","WORKING-INDEPENDENCE-RESPONDENT",0.467715384159918,0.465434869451903,0.00228051470801455,0.424214497283644,0.517152336296773,0.470683416790208,0.092937839013129,0.0241836531489991,TRUE,199,199,0,"OK","P14-C012",11,30,481,0.3,"informative","strong","near_knot",7,26,0.988291869335096,0.00207900207900213,0,0.103000000000002
"V4-CMP-TWO-STAGE-FREQ-BOOT-RESP-v1","V4-TARGET-RESPONDENT-WEIGHTED-v1",0.467715384159918,0.465434869451903,0.00228051470801455,0.395170512931376,0.525670855908131,0.460420684419754,0.130500342976754,0.0331496400182332,TRUE,199,199,0,"OK","P14-C012",11,30,481,0.3,"informative","strong","near_knot",7,26,0.988291869335096,0.00207900207900213,0,0.103000000000002
"V4-CMP-MOKKEN-TWOLEVEL-DELTA-v1","V4-TARGET-RESPONDENT-WEIGHTED-v1",0.467715384159938,0.465434869451903,0.00228051470803459,0.405233872028417,0.530196896291459,0.467715384159938,0.124963024263041,0.0318789082985028,TRUE,,,0,"OK","P14-C012",11,30,481,0.3,"informative","strong","near_knot",7,26,0.988291869335096,0.00207900207900213,0,0.103000000000002
"V4-PRI-TWO-STAGE-HBB-RESP-v1","V4-TARGET-RESPONDENT-WEIGHTED-v1",0.472641091309589,0.465434869451903,0.00720622185768516,0.40448906379014,0.559563629233789,0.482026346511964,0.155074565443649,0.0372607171319618,TRUE,199,199,0,"OK","P14-C012",12,30,462,0.3,"informative","strong","near_knot",7,25,0.994503387632996,0.00216450216450215,0,0.0820000000000007
"V4-SENS-TWO-STAGE-HBB-CLUSTER-v1","V4-TARGET-EQUAL-CLUSTER-v1",0.480190025428355,0.470076218784656,0.0101138066436993,0.402459519994366,0.544121847358599,0.473290683676483,0.141662327364233,0.0370781906019245,TRUE,199,199,0,"OK","P14-C012",12,30,462,0.3,"informative","strong","near_knot",7,25,0.994503387632996,0.00216450216450215,0,0.0820000000000007
"V4-CMP-ONE-STAGE-CLUSTER-BB-RESP-v1","V4-TARGET-RESPONDENT-WEIGHTED-v1",0.472641091309589,0.465434869451903,0.00720622185768516,0.425191473206217,0.520155110056541,0.472673291631379,0.0949636368503239,0.0218508881912622,TRUE,199,199,0,"OK","P14-C012",12,30,462,0.3,"informative","strong","near_knot",7,25,0.994503387632996,0.00216450216450215,0,0.0820000000000007
"V4-CMP-IID-RESP-BB-v1","WORKING-INDEPENDENCE-RESPONDENT",0.472641091309589,0.465434869451903,0.00720622185768516,0.426664489174781,0.51908536876588,0.47287492897033,0.0924208795910986,0.0236400184541063,TRUE,199,199,0,"OK","P14-C012",12,30,462,0.3,"informative","strong","near_knot",7,25,0.994503387632996,0.00216450216450215,0,0.0820000000000007
"V4-CMP-TWO-STAGE-FREQ-BOOT-RESP-v1","V4-TARGET-RESPONDENT-WEIGHTED-v1",0.472641091309589,0.465434869451903,0.00720622185768516,0.406413901983115,0.521692613450215,0.464053257716665,0.1152787114671,0.0298665995635757,TRUE,199,199,0,"OK","P14-C012",12,30,462,0.3,"informative","strong","near_knot",7,25,0.994503387632996,0.00216450216450215,0,0.0820000000000007
"V4-CMP-MOKKEN-TWOLEVEL-DELTA-v1","V4-TARGET-RESPONDENT-WEIGHTED-v1",0.472641091309599,0.465434869451903,0.00720622185769504,0.41358700105103,0.531695181568167,0.472641091309599,0.118108180517137,0.0301301915363647,TRUE,,,0,"OK","P14-C012",12,30,462,0.3,"informative","strong","near_knot",7,25,0.994503387632996,0.00216450216450215,0,0.0820000000000007
"V4-PRI-TWO-STAGE-HBB-RESP-v1","V4-TARGET-RESPONDENT-WEIGHTED-v1",0.479852927735449,0.465434869451903,0.0144180582835454,0.379594345105928,0.551671260708358,0.465632802907143,0.172076915602431,0.0431468430717248,TRUE,199,199,0,"OK","P14-C012",13,30,496,0.3,"informative","strong","near_knot",9,26,0.993696359984862,0.00403225806451601,0,0.0999999999999943
"V4-SENS-TWO-STAGE-HBB-CLUSTER-v1","V4-TARGET-EQUAL-CLUSTER-v1",0.477244196086171,0.470076218784656,0.00716797730151564,0.383653976159908,0.555693585265193,0.469673780712551,0.172039609105285,0.0437461054429024,TRUE,199,199,0,"OK","P14-C012",13,30,496,0.3,"informative","strong","near_knot",9,26,0.993696359984862,0.00403225806451601,0,0.0999999999999943
"V4-CMP-ONE-STAGE-CLUSTER-BB-RESP-v1","V4-TARGET-RESPONDENT-WEIGHTED-v1",0.479852927735449,0.465434869451903,0.0144180582835454,0.40758993253438,0.54723691704226,0.47741342478832,0.13964698450788,0.0334307596474132,TRUE,199,199,0,"OK","P14-C012",13,30,496,0.3,"informative","strong","near_knot",9,26,0.993696359984862,0.00403225806451601,0,0.0999999999999943
"V4-CMP-IID-RESP-BB-v1","WORKING-INDEPENDENCE-RESPONDENT",0.479852927735449,0.465434869451903,0.0144180582835454,0.433672012047977,0.528163404898681,0.480917708473329,0.094491392850704,0.0228518942902843,TRUE,199,199,0,"OK","P14-C012",13,30,496,0.3,"informative","strong","near_knot",9,26,0.993696359984862,0.00403225806451601,0,0.0999999999999943
"V4-CMP-TWO-STAGE-FREQ-BOOT-RESP-v1","V4-TARGET-RESPONDENT-WEIGHTED-v1",0.479852927735449,0.465434869451903,0.0144180582835454,0.407494480162002,0.550686013026339,0.479090246594171,0.143191532864337,0.0372484534649617,TRUE,199,199,0,"OK","P14-C012",13,30,496,0.3,"informative","strong","near_knot",9,26,0.993696359984862,0.00403225806451601,0,0.0999999999999943
"V4-CMP-MOKKEN-TWOLEVEL-DELTA-v1","V4-TARGET-RESPONDENT-WEIGHTED-v1",0.479852927735437,0.465434869451903,0.0144180582835335,0.409361479006026,0.550344376464848,0.479852927735437,0.140982897458823,0.03596568573986,TRUE,,,0,"OK","P14-C012",13,30,496,0.3,"informative","strong","near_knot",9,26,0.993696359984862,0.00403225806451601,0,0.0999999999999943
"V4-PRI-TWO-STAGE-HBB-RESP-v1","V4-TARGET-RESPONDENT-WEIGHTED-v1",0.476265652596318,0.465434869451903,0.0108307831444148,0.399657261491187,0.542077574349496,0.470867417920341,0.142420312858309,0.0349652348622848,TRUE,199,199,0,"OK","P14-C012",14,30,507,0.3,"informative","strong","near_knot",8,27,0.995592916295789,0.00197238658777119,0,0.0870000000000033
"V4-SENS-TWO-STAGE-HBB-CLUSTER-v1","V4-TARGET-EQUAL-CLUSTER-v1",0.48305310800696,0.470076218784656,0.0129768892223048,0.409074644391273,0.555498277724992,0.482286461058133,0.146423633333719,0.0389380700062319,TRUE,199,199,0,"OK","P14-C012",14,30,507,0.3,"informative","strong","near_knot",8,27,0.995592916295789,0.00197238658777119,0,0.0870000000000033
"V4-CMP-ONE-STAGE-CLUSTER-BB-RESP-v1","V4-TARGET-RESPONDENT-WEIGHTED-v1",0.476265652596318,0.465434869451903,0.0108307831444148,0.438332182448256,0.52184408431853,0.480088133383393,0.0835119018702739,0.0227088657793484,TRUE,199,199,0,"OK","P14-C012",14,30,507,0.3,"informative","strong","near_knot",8,27,0.995592916295789,0.00197238658777119,0,0.0870000000000033
"V4-CMP-IID-RESP-BB-v1","WORKING-INDEPENDENCE-RESPONDENT",0.476265652596318,0.465434869451903,0.0108307831444148,0.428385040546829,0.515114855691431,0.47174994811913,0.0867298151446017,0.021977901635675,TRUE,199,199,0,"OK","P14-C012",14,30,507,0.3,"informative","strong","near_knot",8,27,0.995592916295789,0.00197238658777119,0,0.0870000000000033
"V4-CMP-TWO-STAGE-FREQ-BOOT-RESP-v1","V4-TARGET-RESPONDENT-WEIGHTED-v1",0.476265652596318,0.465434869451903,0.0108307831444148,0.396669430404107,0.538715686327929,0.467692558366018,0.142046255923822,0.0354973805812188,TRUE,199,199,0,"OK","P14-C012",14,30,507,0.3,"informative","strong","near_knot",8,27,0.995592916295789,0.00197238658777119,0,0.0870000000000033
"V4-CMP-MOKKEN-TWOLEVEL-DELTA-v1","V4-TARGET-RESPONDENT-WEIGHTED-v1",0.476265652596323,0.465434869451903,0.0108307831444199,0.416917854745236,0.53561345044741,0.476265652596323,0.118695595702174,0.0302800451024687,TRUE,,,0,"OK","P14-C012",14,30,507,0.3,"informative","strong","near_knot",8,27,0.995592916295789,0.00197238658777119,0,0.0870000000000033
"V4-PRI-TWO-STAGE-HBB-RESP-v1","V4-TARGET-RESPONDENT-WEIGHTED-v1",0.466900260955864,0.465434869451903,0.00146539150396008,0.400967466515552,0.539239977489855,0.470103722002704,0.138272510974302,0.0366208514612744,TRUE,199,199,0,"OK","P14-C012",15,30,459,0.3,"informative","strong","near_knot",6,23,0.990838714245973,0.00435729847494559,0,0.0970000000000013
"V4-SENS-TWO-STAGE-HBB-CLUSTER-v1","V4-TARGET-EQUAL-CLUSTER-v1",0.479668080970887,0.470076218784656,0.00959186218623181,0.403832529781168,0.576219972564225,0.490026251172696,0.172387442783057,0.0425061659726177,TRUE,199,199,0,"OK","P14-C012",15,30,459,0.3,"informative","strong","near_knot",6,23,0.990838714245973,0.00435729847494559,0,0.0970000000000013
"V4-CMP-ONE-STAGE-CLUSTER-BB-RESP-v1","V4-TARGET-RESPONDENT-WEIGHTED-v1",0.466900260955864,0.465434869451903,0.00146539150396008,0.42253203976378,0.505584092182204,0.464058065972992,0.0830520524184238,0.0231571464897957,TRUE,199,199,0,"OK","P14-C012",15,30,459,0.3,"informative","strong","near_knot",6,23,0.990838714245973,0.00435729847494559,0,0.0970000000000013
"V4-CMP-IID-RESP-BB-v1","WORKING-INDEPENDENCE-RESPONDENT",0.466900260955864,0.465434869451903,0.00146539150396008,0.412096109919727,0.509122699878057,0.460609404898892,0.0970265899583296,0.0239295684361746,TRUE,199,199,0,"OK","P14-C012",15,30,459,0.3,"informative","strong","near_knot",6,23,0.990838714245973,0.00435729847494559,0,0.0970000000000013
"V4-CMP-TWO-STAGE-FREQ-BOOT-RESP-v1","V4-TARGET-RESPONDENT-WEIGHTED-v1",0.466900260955864,0.465434869451903,0.00146539150396008,0.408341132440882,0.541330588320375,0.474835860380628,0.132989455879493,0.0332970370409174,TRUE,199,199,0,"OK","P14-C012",15,30,459,0.3,"informative","strong","near_knot",6,23,0.990838714245973,0.00435729847494559,0,0.0970000000000013
"V4-CMP-MOKKEN-TWOLEVEL-DELTA-v1","V4-TARGET-RESPONDENT-WEIGHTED-v1",0.466900260955859,0.465434869451903,0.00146539150395553,0.405604427179239,0.528196094732479,0.466900260955859,0.122591667553239,0.0312739592462481,TRUE,,,0,"OK","P14-C012",15,30,459,0.3,"informative","strong","near_knot",6,23,0.990838714245973,0.00435729847494559,0,0.0970000000000013
"V4-PRI-TWO-STAGE-HBB-RESP-v1","V4-TARGET-RESPONDENT-WEIGHTED-v1",0.515705057308713,0.465434869451903,0.0502701878568093,0.444720139986604,0.579916786406149,0.512318463196377,0.135196646419545,0.0339434269819444,TRUE,199,199,0,"OK","P14-C012",16,30,565,0.3,"informative","strong","near_knot",8,28,0.986903093691177,0.00707964601769923,0,0.0940000000000012
"V4-SENS-TWO-STAGE-HBB-CLUSTER-v1","V4-TARGET-EQUAL-CLUSTER-v1",0.518369956982392,0.470076218784656,0.0482937381977365,0.449547843127597,0.578980210059469,0.514264026593533,0.129432366931872,0.0346113368078595,TRUE,199,199,0,"OK","P14-C012",16,30,565,0.3,"informative","strong","near_knot",8,28,0.986903093691177,0.00707964601769923,0,0.0940000000000012
"V4-CMP-ONE-STAGE-CLUSTER-BB-RESP-v1","V4-TARGET-RESPONDENT-WEIGHTED-v1",0.515705057308713,0.465434869451903,0.0502701878568093,0.471041716165252,0.552741694820227,0.511891705492739,0.081699978654975,0.0217713352488516,FALSE,199,199,0,"OK","P14-C012",16,30,565,0.3,"informative","strong","near_knot",8,28,0.986903093691177,0.00707964601769923,0,0.0940000000000012
"V4-CMP-IID-RESP-BB-v1","WORKING-INDEPENDENCE-RESPONDENT",0.515705057308713,0.465434869451903,0.0502701878568093,0.474649606599661,0.553295581910898,0.51397259425528,0.0786459753112368,0.0202362517060627,FALSE,199,199,0,"OK","P14-C012",16,30,565,0.3,"informative","strong","near_knot",8,28,0.986903093691177,0.00707964601769923,0,0.0940000000000012
"V4-CMP-TWO-STAGE-FREQ-BOOT-RESP-v1","V4-TARGET-RESPONDENT-WEIGHTED-v1",0.515705057308713,0.465434869451903,0.0502701878568093,0.44218651799764,0.5798964861829,0.51104150209027,0.13770996818526,0.0348074910803503,TRUE,199,199,0,"OK","P14-C012",16,30,565,0.3,"informative","strong","near_knot",8,28,0.986903093691177,0.00707964601769923,0,0.0940000000000012
"V4-CMP-MOKKEN-TWOLEVEL-DELTA-v1","V4-TARGET-RESPONDENT-WEIGHTED-v1",0.515705057308728,0.465434869451903,0.0502701878568246,0.460454337989088,0.570955776628368,0.515705057308728,0.110501438639279,0.0281896605016471,TRUE,,,0,"OK","P14-C012",16,30,565,0.3,"informative","strong","near_knot",8,28,0.986903093691177,0.00707964601769923,0,0.0940000000000012
"V4-PRI-TWO-STAGE-HBB-RESP-v1","V4-TARGET-RESPONDENT-WEIGHTED-v1",0.475816354422552,0.465434869451903,0.0103814849706487,0.412614938934016,0.545283917595512,0.478949428264764,0.132668978661496,0.035700959859482,TRUE,199,199,0,"OK","P14-C012",17,30,549,0.3,"informative","strong","near_knot",8,28,0.989180867172605,0.00182149362477224,0,0.0959999999999965
"V4-SENS-TWO-STAGE-HBB-CLUSTER-v1","V4-TARGET-EQUAL-CLUSTER-v1",0.504233114059161,0.470076218784656,0.0341568952745053,0.425530271046994,0.575822249516094,0.500676260281544,0.150291978469099,0.0388294322443144,TRUE,199,199,0,"OK","P14-C012",17,30,549,0.3,"informative","strong","near_knot",8,28,0.989180867172605,0.00182149362477224,0,0.0959999999999965
"V4-CMP-ONE-STAGE-CLUSTER-BB-RESP-v1","V4-TARGET-RESPONDENT-WEIGHTED-v1",0.475816354422552,0.465434869451903,0.0103814849706487,0.406221288211863,0.539829276051982,0.473025282131922,0.133607987840118,0.0312562497100561,TRUE,199,199,0,"OK","P14-C012",17,30,549,0.3,"informative","strong","near_knot",8,28,0.989180867172605,0.00182149362477224,0,0.0959999999999965
"V4-CMP-IID-RESP-BB-v1","WORKING-INDEPENDENCE-RESPONDENT",0.475816354422552,0.465434869451903,0.0103814849706487,0.442018135116973,0.517832357647475,0.479925246382224,0.0758142225305024,0.0203090814146691,TRUE,199,199,0,"OK","P14-C012",17,30,549,0.3,"informative","strong","near_knot",8,28,0.989180867172605,0.00182149362477224,0,0.0959999999999965
"V4-CMP-TWO-STAGE-FREQ-BOOT-RESP-v1","V4-TARGET-RESPONDENT-WEIGHTED-v1",0.475816354422552,0.465434869451903,0.0103814849706487,0.406452875361114,0.555208498748575,0.480830687054844,0.148755623387462,0.0368388457543418,TRUE,199,199,0,"OK","P14-C012",17,30,549,0.3,"informative","strong","near_knot",8,28,0.989180867172605,0.00182149362477224,0,0.0959999999999965
"V4-CMP-MOKKEN-TWOLEVEL-DELTA-v1","V4-TARGET-RESPONDENT-WEIGHTED-v1",0.475816354422529,0.465434869451903,0.0103814849706259,0.407766021461327,0.543866687383732,0.475816354422529,0.136100665922405,0.0347201956250089,TRUE,,,0,"OK","P14-C012",17,30,549,0.3,"informative","strong","near_knot",8,28,0.989180867172605,0.00182149362477224,0,0.0959999999999965
"V4-PRI-TWO-STAGE-HBB-RESP-v1","V4-TARGET-RESPONDENT-WEIGHTED-v1",0.468856886295721,0.465434869451903,0.00342201684381743,0.39155865709807,0.533388190325897,0.462473423711983,0.141829533227827,0.0348585981173946,TRUE,199,199,0,"OK","P14-C012",18,30,534,0.3,"informative","strong","near_knot",8,26,0.996515295775377,0.0131086142322098,0,0.0940000000000012
"V4-SENS-TWO-STAGE-HBB-CLUSTER-v1","V4-TARGET-EQUAL-CLUSTER-v1",0.470732260255232,0.470076218784656,0.000656041470576518,0.39522787838189,0.550101485226542,0.472664681804216,0.154873606844652,0.0392206709838298,TRUE,199,199,0,"OK","P14-C012",18,30,534,0.3,"informative","strong","near_knot",8,26,0.996515295775377,0.0131086142322098,0,0.0940000000000012
"V4-CMP-ONE-STAGE-CLUSTER-BB-RESP-v1","V4-TARGET-RESPONDENT-WEIGHTED-v1",0.468856886295721,0.465434869451903,0.00342201684381743,0.426004039023907,0.512299860005549,0.469151949514728,0.0862958209816423,0.0211224188751226,TRUE,199,199,0,"OK","P14-C012",18,30,534,0.3,"informative","strong","near_knot",8,26,0.996515295775377,0.0131086142322098,0,0.0940000000000012
"V4-CMP-IID-RESP-BB-v1","WORKING-INDEPENDENCE-RESPONDENT",0.468856886295721,0.465434869451903,0.00342201684381743,0.424496346713663,0.514502167044613,0.469499256879138,0.0900058203309494,0.0219558512139927,TRUE,199,199,0,"OK","P14-C012",18,30,534,0.3,"informative","strong","near_knot",8,26,0.996515295775377,0.0131086142322098,0,0.0940000000000012
"V4-CMP-TWO-STAGE-FREQ-BOOT-RESP-v1","V4-TARGET-RESPONDENT-WEIGHTED-v1",0.468856886295721,0.465434869451903,0.00342201684381743,0.409004153768442,0.524394951958382,0.466699552863412,0.11539079818994,0.0308650156631639,TRUE,199,199,0,"OK","P14-C012",18,30,534,0.3,"informative","strong","near_knot",8,26,0.996515295775377,0.0131086142322098,0,0.0940000000000012
"V4-CMP-MOKKEN-TWOLEVEL-DELTA-v1","V4-TARGET-RESPONDENT-WEIGHTED-v1",0.468856886295722,0.465434869451903,0.00342201684381849,0.413503679520344,0.5242100930711,0.468856886295722,0.110706413550757,0.028241950980731,TRUE,,,0,"OK","P14-C012",18,30,534,0.3,"informative","strong","near_knot",8,26,0.996515295775377,0.0131086142322098,0,0.0940000000000012
"V4-PRI-TWO-STAGE-HBB-RESP-v1","V4-TARGET-RESPONDENT-WEIGHTED-v1",0.451177817380508,0.465434869451903,-0.0142570520713957,0.386886093160617,0.521977113774653,0.454431603467635,0.135091020614036,0.0358130153603188,TRUE,199,199,0,"OK","P14-C012",19,30,482,0.3,"informative","strong","near_knot",9,25,0.996779764748107,0.00207468879668049,0,0.0869999999999962
"V4-SENS-TWO-STAGE-HBB-CLUSTER-v1","V4-TARGET-EQUAL-CLUSTER-v1",0.443869029220823,0.470076218784656,-0.0262071895638322,0.360599875620879,0.513351552681856,0.436975714151367,0.152751677060977,0.0414495040637144,TRUE,199,199,0,"OK","P14-C012",19,30,482,0.3,"informative","strong","near_knot",9,25,0.996779764748107,0.00207468879668049,0,0.0869999999999962
"V4-CMP-ONE-STAGE-CLUSTER-BB-RESP-v1","V4-TARGET-RESPONDENT-WEIGHTED-v1",0.451177817380508,0.465434869451903,-0.0142570520713957,0.39532265957812,0.497611690503962,0.446467175041041,0.102289030925841,0.025211135297617,TRUE,199,199,0,"OK","P14-C012",19,30,482,0.3,"informative","strong","near_knot",9,25,0.996779764748107,0.00207468879668049,0,0.0869999999999962
"V4-CMP-IID-RESP-BB-v1","WORKING-INDEPENDENCE-RESPONDENT",0.451177817380508,0.465434869451903,-0.0142570520713957,0.399889516299239,0.494741446501014,0.447315481400127,0.0948519302017747,0.0240938591825566,TRUE,199,199,0,"OK","P14-C012",19,30,482,0.3,"informative","strong","near_knot",9,25,0.996779764748107,0.00207468879668049,0,0.0869999999999962
"V4-CMP-TWO-STAGE-FREQ-BOOT-RESP-v1","V4-TARGET-RESPONDENT-WEIGHTED-v1",0.451177817380508,0.465434869451903,-0.0142570520713957,0.379470766831701,0.508167938452787,0.443819352642244,0.128697171621087,0.0332755860490858,TRUE,199,199,0,"OK","P14-C012",19,30,482,0.3,"informative","strong","near_knot",9,25,0.996779764748107,0.00207468879668049,0,0.0869999999999962
"V4-CMP-MOKKEN-TWOLEVEL-DELTA-v1","V4-TARGET-RESPONDENT-WEIGHTED-v1",0.451177817380505,0.465434869451903,-0.0142570520713989,0.385836604798284,0.516519029962725,0.451177817380505,0.13068242516444,0.0333379659512232,TRUE,,,0,"OK","P14-C012",19,30,482,0.3,"informative","strong","near_knot",9,25,0.996779764748107,0.00207468879668049,0,0.0869999999999962
"V4-PRI-TWO-STAGE-HBB-RESP-v1","V4-TARGET-RESPONDENT-WEIGHTED-v1",0.425972865681203,0.465434869451903,-0.0394620037707003,0.352632924004282,0.48451079954254,0.418571861773411,0.131877875538258,0.0334876948398141,TRUE,199,199,0,"OK","P14-C012",20,30,519,0.3,"informative","strong","near_knot",9,23,0.997380956813586,0,1,0.0920000000000059
"V4-SENS-TWO-STAGE-HBB-CLUSTER-v1","V4-TARGET-EQUAL-CLUSTER-v1",0.423393604133719,0.470076218784656,-0.046682614650937,0.354160344937989,0.483067809089886,0.418614077013937,0.128907464151897,0.0338201863053668,TRUE,199,199,0,"OK","P14-C012",20,30,519,0.3,"informative","strong","near_knot",9,23,0.997380956813586,0,1,0.0920000000000059
"V4-CMP-ONE-STAGE-CLUSTER-BB-RESP-v1","V4-TARGET-RESPONDENT-WEIGHTED-v1",0.425972865681203,0.465434869451903,-0.0394620037707003,0.393815916800493,0.456215962777926,0.425015939789209,0.0624000459774331,0.0159063294622708,FALSE,199,199,0,"OK","P14-C012",20,30,519,0.3,"informative","strong","near_knot",9,23,0.997380956813586,0,1,0.0920000000000059
"V4-CMP-IID-RESP-BB-v1","WORKING-INDEPENDENCE-RESPONDENT",0.425972865681203,0.465434869451903,-0.0394620037707003,0.382385673165279,0.471531188581322,0.426958430873301,0.0891455154160433,0.0216135604280265,TRUE,199,199,0,"OK","P14-C012",20,30,519,0.3,"informative","strong","near_knot",9,23,0.997380956813586,0,1,0.0920000000000059
"V4-CMP-TWO-STAGE-FREQ-BOOT-RESP-v1","V4-TARGET-RESPONDENT-WEIGHTED-v1",0.425972865681203,0.465434869451903,-0.0394620037707003,0.374587228262285,0.477455474386275,0.42602135132428,0.102868246123991,0.0251389715355092,TRUE,199,199,0,"OK","P14-C012",20,30,519,0.3,"informative","strong","near_knot",9,23,0.997380956813586,0,1,0.0920000000000059
"V4-CMP-MOKKEN-TWOLEVEL-DELTA-v1","V4-TARGET-RESPONDENT-WEIGHTED-v1",0.425972865681199,0.465434869451903,-0.0394620037707041,0.375276137434108,0.476669593928291,0.425972865681199,0.101393456494183,0.0258661529737184,TRUE,,,0,"OK","P14-C012",20,30,519,0.3,"informative","strong","near_knot",9,23,0.997380956813586,0,1,0.0920000000000059
"V4-PRI-TWO-STAGE-HBB-RESP-v1","V4-TARGET-RESPONDENT-WEIGHTED-v1",0.493829851746039,0.465434869451903,0.0283949822941351,0.419686106020913,0.562770443133481,0.491228274577197,0.143084337112568,0.0341417222205617,TRUE,199,199,0,"OK","P14-C012",21,30,513,0.3,"informative","strong","near_knot",9,26,0.996850501697917,0.00194931773879137,0,0.0899999999999963
"V4-SENS-TWO-STAGE-HBB-CLUSTER-v1","V4-TARGET-EQUAL-CLUSTER-v1",0.48523263792569,0.470076218784656,0.0151564191410343,0.413511989353215,0.554723188235302,0.484117588794259,0.141211198882087,0.0364402873631955,TRUE,199,199,0,"OK","P14-C012",21,30,513,0.3,"informative","strong","near_knot",9,26,0.996850501697917,0.00194931773879137,0,0.0899999999999963
"V4-CMP-ONE-STAGE-CLUSTER-BB-RESP-v1","V4-TARGET-RESPONDENT-WEIGHTED-v1",0.493829851746039,0.465434869451903,0.0283949822941351,0.438141195764472,0.531281525733692,0.484711360749082,0.0931403299692194,0.0216586174643506,TRUE,199,199,0,"OK","P14-C012",21,30,513,0.3,"informative","strong","near_knot",9,26,0.996850501697917,0.00194931773879137,0,0.0899999999999963
"V4-CMP-IID-RESP-BB-v1","WORKING-INDEPENDENCE-RESPONDENT",0.493829851746039,0.465434869451903,0.0283949822941351,0.448827499982678,0.534028253459186,0.491427876720932,0.0852007534765081,0.0200083443209433,TRUE,199,199,0,"OK","P14-C012",21,30,513,0.3,"informative","strong","near_knot",9,26,0.996850501697917,0.00194931773879137,0,0.0899999999999963
"V4-CMP-TWO-STAGE-FREQ-BOOT-RESP-v1","V4-TARGET-RESPONDENT-WEIGHTED-v1",0.493829851746039,0.465434869451903,0.0283949822941351,0.432721873755477,0.553207273647324,0.4929645737014,0.120485399891847,0.0318726858726173,TRUE,199,199,0,"OK","P14-C012",21,30,513,0.3,"informative","strong","near_knot",9,26,0.996850501697917,0.00194931773879137,0,0.0899999999999963
"V4-CMP-MOKKEN-TWOLEVEL-DELTA-v1","V4-TARGET-RESPONDENT-WEIGHTED-v1",0.493829851746013,0.465434869451903,0.0283949822941095,0.439906134947424,0.547753568544602,0.493829851746013,0.107847433597178,0.0275126059580342,TRUE,,,0,"OK","P14-C012",21,30,513,0.3,"informative","strong","near_knot",9,26,0.996850501697917,0.00194931773879137,0,0.0899999999999963
"V4-PRI-TWO-STAGE-HBB-RESP-v1","V4-TARGET-RESPONDENT-WEIGHTED-v1",0.475379139378006,0.465434869451903,0.00994426992610248,0.395595065902625,0.53428147444174,0.464938270172183,0.138686408539115,0.0344626606234706,TRUE,199,199,0,"OK","P14-C012",22,30,518,0.3,"informative","strong","near_knot",6,27,0.968802413904817,0.00579150579150578,0,0.088000000000001
"V4-SENS-TWO-STAGE-HBB-CLUSTER-v1","V4-TARGET-EQUAL-CLUSTER-v1",0.485287111792574,0.470076218784656,0.0152108930079179,0.41127975442272,0.561369579563582,0.486324666993151,0.150089825140862,0.038424738264418,TRUE,199,199,0,"OK","P14-C012",22,30,518,0.3,"informative","strong","near_knot",6,27,0.968802413904817,0.00579150579150578,0,0.088000000000001
"V4-CMP-ONE-STAGE-CLUSTER-BB-RESP-v1","V4-TARGET-RESPONDENT-WEIGHTED-v1",0.475379139378006,0.465434869451903,0.00994426992610248,0.426349817719134,0.526187783889678,0.476268800804406,0.099837966170544,0.025351569138842,TRUE,199,199,0,"OK","P14-C012",22,30,518,0.3,"informative","strong","near_knot",6,27,0.968802413904817,0.00579150579150578,0,0.088000000000001
"V4-CMP-IID-RESP-BB-v1","WORKING-INDEPENDENCE-RESPONDENT",0.475379139378006,0.465434869451903,0.00994426992610248,0.430659899372263,0.515845074938116,0.473252487155189,0.0851851755658525,0.0217409171879377,TRUE,199,199,0,"OK","P14-C012",22,30,518,0.3,"informative","strong","near_knot",6,27,0.968802413904817,0.00579150579150578,0,0.088000000000001
"V4-CMP-TWO-STAGE-FREQ-BOOT-RESP-v1","V4-TARGET-RESPONDENT-WEIGHTED-v1",0.475379139378006,0.465434869451903,0.00994426992610248,0.40499035705061,0.543054962025383,0.474022659537996,0.138064604974773,0.0333237787270741,TRUE,199,199,0,"OK","P14-C012",22,30,518,0.3,"informative","strong","near_knot",6,27,0.968802413904817,0.00579150579150578,0,0.088000000000001
"V4-CMP-MOKKEN-TWOLEVEL-DELTA-v1","V4-TARGET-RESPONDENT-WEIGHTED-v1",0.475379139378007,0.465434869451903,0.00994426992610309,0.414476957422429,0.536281321333584,0.475379139378007,0.121804363911155,0.0310731127898095,TRUE,,,0,"OK","P14-C012",22,30,518,0.3,"informative","strong","near_knot",6,27,0.968802413904817,0.00579150579150578,0,0.088000000000001
"V4-PRI-TWO-STAGE-HBB-RESP-v1","V4-TARGET-RESPONDENT-WEIGHTED-v1",0.457160721642468,0.465434869451903,-0.0082741478094352,0.375738186298695,0.546033743949438,0.460885965124067,0.170295557650744,0.0409343777017562,TRUE,199,199,0,"OK","P14-C012",23,30,504,0.3,"informative","strong","near_knot",7,27,0.988724134030914,0.00595238095238093,0,0.088000000000001
"V4-SENS-TWO-STAGE-HBB-CLUSTER-v1","V4-TARGET-EQUAL-CLUSTER-v1",0.475539240684787,0.470076218784656,0.00546302190013104,0.393518185916577,0.560383895835077,0.476951040875827,0.1668657099185,0.041035941651905,TRUE,199,199,0,"OK","P14-C012",23,30,504,0.3,"informative","strong","near_knot",7,27,0.988724134030914,0.00595238095238093,0,0.088000000000001
"V4-CMP-ONE-STAGE-CLUSTER-BB-RESP-v1","V4-TARGET-RESPONDENT-WEIGHTED-v1",0.457160721642468,0.465434869451903,-0.0082741478094352,0.401597454757806,0.51393947918077,0.457768466969288,0.112342024422963,0.0282792117667579,TRUE,199,199,0,"OK","P14-C012",23,30,504,0.3,"informative","strong","near_knot",7,27,0.988724134030914,0.00595238095238093,0,0.088000000000001
"V4-CMP-IID-RESP-BB-v1","WORKING-INDEPENDENCE-RESPONDENT",0.457160721642468,0.465434869451903,-0.0082741478094352,0.41282605560659,0.503622440520486,0.458224248063538,0.090796384913896,0.0228620742223169,TRUE,199,199,0,"OK","P14-C012",23,30,504,0.3,"informative","strong","near_knot",7,27,0.988724134030914,0.00595238095238093,0,0.088000000000001
"V4-CMP-TWO-STAGE-FREQ-BOOT-RESP-v1","V4-TARGET-RESPONDENT-WEIGHTED-v1",0.457160721642468,0.465434869451903,-0.0082741478094352,0.385304811052344,0.526659053856782,0.455981932454563,0.141354242804438,0.0372465614192914,TRUE,199,199,0,"OK","P14-C012",23,30,504,0.3,"informative","strong","near_knot",7,27,0.988724134030914,0.00595238095238093,0,0.088000000000001
"V4-CMP-MOKKEN-TWOLEVEL-DELTA-v1","V4-TARGET-RESPONDENT-WEIGHTED-v1",0.457160721642463,0.465434869451903,-0.00827414780944091,0.392218367686196,0.522103075598729,0.457160721642463,0.129884707912533,0.0331344629128513,TRUE,,,0,"OK","P14-C012",23,30,504,0.3,"informative","strong","near_knot",7,27,0.988724134030914,0.00595238095238093,0,0.088000000000001
"V4-PRI-TWO-STAGE-HBB-RESP-v1","V4-TARGET-RESPONDENT-WEIGHTED-v1",0.477509078651234,0.465434869451903,0.0120742091993309,0.402688851765434,0.557872876980497,0.480280864372965,0.155184025215063,0.037120631965347,TRUE,199,199,0,"OK","P14-C012",24,30,515,0.3,"informative","strong","near_knot",9,26,0.994479644230193,0.00194174757281551,0,0.0889999999999986
"V4-SENS-TWO-STAGE-HBB-CLUSTER-v1","V4-TARGET-EQUAL-CLUSTER-v1",0.470592378748749,0.470076218784656,0.00051615996409321,0.387731484507318,0.542625369802856,0.465178427155087,0.154893885295538,0.0404620453549184,TRUE,199,199,0,"OK","P14-C012",24,30,515,0.3,"informative","strong","near_knot",9,26,0.994479644230193,0.00194174757281551,0,0.0889999999999986
"V4-CMP-ONE-STAGE-CLUSTER-BB-RESP-v1","V4-TARGET-RESPONDENT-WEIGHTED-v1",0.477509078651234,0.465434869451903,0.0120742091993309,0.430799944104995,0.520835020722293,0.475817482413644,0.0900350766172981,0.0227141690286854,TRUE,199,199,0,"OK","P14-C012",24,30,515,0.3,"informative","strong","near_knot",9,26,0.994479644230193,0.00194174757281551,0,0.0889999999999986
"V4-CMP-IID-RESP-BB-v1","WORKING-INDEPENDENCE-RESPONDENT",0.477509078651234,0.465434869451903,0.0120742091993309,0.439963638280836,0.524883736931606,0.482423687606221,0.0849200986507699,0.0216368782375273,TRUE,199,199,0,"OK","P14-C012",24,30,515,0.3,"informative","strong","near_knot",9,26,0.994479644230193,0.00194174757281551,0,0.0889999999999986
"V4-CMP-TWO-STAGE-FREQ-BOOT-RESP-v1","V4-TARGET-RESPONDENT-WEIGHTED-v1",0.477509078651234,0.465434869451903,0.0120742091993309,0.417081432711638,0.541860199612047,0.479470816161843,0.124778766900409,0.0309339888157206,TRUE,199,199,0,"OK","P14-C012",24,30,515,0.3,"informative","strong","near_knot",9,26,0.994479644230193,0.00194174757281551,0,0.0889999999999986
"V4-CMP-MOKKEN-TWOLEVEL-DELTA-v1","V4-TARGET-RESPONDENT-WEIGHTED-v1",0.47750907865124,0.465434869451903,0.0120742091993367,0.41938937441637,0.53562878288611,0.47750907865124,0.11623940846974,0.0296534552131114,TRUE,,,0,"OK","P14-C012",24,30,515,0.3,"informative","strong","near_knot",9,26,0.994479644230193,0.00194174757281551,0,0.0889999999999986
"V4-PRI-TWO-STAGE-HBB-RESP-v1","V4-TARGET-RESPONDENT-WEIGHTED-v1",0.476663904280589,0.465434869451903,0.0112290348286852,0.401638168465449,0.546126832711128,0.473882500588289,0.14448866424568,0.0358481746390084,TRUE,199,199,0,"OK","P14-C012",25,30,511,0.3,"informative","strong","near_knot",8,27,0.993027153777836,0.00195694716242664,0,0.0870000000000033
"V4-SENS-TWO-STAGE-HBB-CLUSTER-v1","V4-TARGET-EQUAL-CLUSTER-v1",0.480949550780255,0.470076218784656,0.0108733319955994,0.393019754414182,0.556917140617647,0.474968447515914,0.163897386203466,0.0416107272039944,TRUE,199,199,0,"OK","P14-C012",25,30,511,0.3,"informative","strong","near_knot",8,27,0.993027153777836,0.00195694716242664,0,0.0870000000000033
"V4-CMP-ONE-STAGE-CLUSTER-BB-RESP-v1","V4-TARGET-RESPONDENT-WEIGHTED-v1",0.476663904280589,0.465434869451903,0.0112290348286852,0.435971893002889,0.51507895701222,0.475525425007555,0.0791070640093312,0.0211372540842212,TRUE,199,199,0,"OK","P14-C012",25,30,511,0.3,"informative","strong","near_knot",8,27,0.993027153777836,0.00195694716242664,0,0.0870000000000033
"V4-CMP-IID-RESP-BB-v1","WORKING-INDEPENDENCE-RESPONDENT",0.476663904280589,0.465434869451903,0.0112290348286852,0.433843523340876,0.519802331774417,0.476822927557646,0.0859588084335412,0.0209695835822184,TRUE,199,199,0,"OK","P14-C012",25,30,511,0.3,"informative","strong","near_knot",8,27,0.993027153777836,0.00195694716242664,0,0.0870000000000033
"V4-CMP-TWO-STAGE-FREQ-BOOT-RESP-v1","V4-TARGET-RESPONDENT-WEIGHTED-v1",0.476663904280589,0.465434869451903,0.0112290348286852,0.417365189399162,0.534753848337324,0.476059518868243,0.117388658938162,0.0300871477821014,TRUE,199,199,0,"OK","P14-C012",25,30,511,0.3,"informative","strong","near_knot",8,27,0.993027153777836,0.00195694716242664,0,0.0870000000000033
"V4-CMP-MOKKEN-TWOLEVEL-DELTA-v1","V4-TARGET-RESPONDENT-WEIGHTED-v1",0.476663904280615,0.465434869451903,0.0112290348287116,0.416473092157953,0.536854716403277,0.476663904280615,0.120381624245324,0.0307101623282056,TRUE,,,0,"OK","P14-C012",25,30,511,0.3,"informative","strong","near_knot",8,27,0.993027153777836,0.00195694716242664,0,0.0870000000000033
"V4-PRI-TWO-STAGE-HBB-RESP-v1","V4-TARGET-RESPONDENT-WEIGHTED-v1",0.407480093689069,0.465434869451903,-0.0579547757628343,0.330962351309688,0.473817361328479,0.402389856319084,0.142855010018791,0.0376795516292973,TRUE,199,199,0,"OK","P14-C012",26,30,430,0.3,"informative","strong","near_knot",6,23,0.977157552357817,0.00232558139534877,0,0.0829999999999984
"V4-SENS-TWO-STAGE-HBB-CLUSTER-v1","V4-TARGET-EQUAL-CLUSTER-v1",0.416151994558392,0.470076218784656,-0.0539242242262638,0.334790395895393,0.500988640781194,0.417889518338294,0.166198244885801,0.0426315967697875,TRUE,199,199,0,"OK","P14-C012",26,30,430,0.3,"informative","strong","near_knot",6,23,0.977157552357817,0.00232558139534877,0,0.0829999999999984
"V4-CMP-ONE-STAGE-CLUSTER-BB-RESP-v1","V4-TARGET-RESPONDENT-WEIGHTED-v1",0.407480093689069,0.465434869451903,-0.0579547757628343,0.342349270382727,0.464853264739701,0.403601267561214,0.122503994356974,0.0286833054802325,FALSE,199,199,0,"OK","P14-C012",26,30,430,0.3,"informative","strong","near_knot",6,23,0.977157552357817,0.00232558139534877,0,0.0829999999999984
"V4-CMP-IID-RESP-BB-v1","WORKING-INDEPENDENCE-RESPONDENT",0.407480093689069,0.465434869451903,-0.0579547757628343,0.356251944449342,0.454189719970102,0.405220832209722,0.0979377755207599,0.0257052446405185,FALSE,199,199,0,"OK","P14-C012",26,30,430,0.3,"informative","strong","near_knot",6,23,0.977157552357817,0.00232558139534877,0,0.0829999999999984
"V4-CMP-TWO-STAGE-FREQ-BOOT-RESP-v1","V4-TARGET-RESPONDENT-WEIGHTED-v1",0.407480093689069,0.465434869451903,-0.0579547757628343,0.334532135063491,0.469447722957918,0.401989929010704,0.134915587894427,0.035012259042293,TRUE,199,199,0,"OK","P14-C012",26,30,430,0.3,"informative","strong","near_knot",6,23,0.977157552357817,0.00232558139534877,0,0.0829999999999984
"V4-CMP-MOKKEN-TWOLEVEL-DELTA-v1","V4-TARGET-RESPONDENT-WEIGHTED-v1",0.407480093689059,0.465434869451903,-0.057954775762844,0.338577624414077,0.476382562964042,0.407480093689059,0.137804938549964,0.0351549670394334,TRUE,,,0,"OK","P14-C012",26,30,430,0.3,"informative","strong","near_knot",6,23,0.977157552357817,0.00232558139534877,0,0.0829999999999984
"V4-PRI-TWO-STAGE-HBB-RESP-v1","V4-TARGET-RESPONDENT-WEIGHTED-v1",0.477854254693604,0.465434869451903,0.0124193852417006,0.392708566275035,0.554214490124624,0.473461528199829,0.161505923849588,0.0383436730117584,TRUE,199,199,0,"OK","P14-C012",27,30,484,0.3,"informative","strong","near_knot",8,25,0.993937979307636,0.00413223140495855,0,0.0850000000000009
"V4-SENS-TWO-STAGE-HBB-CLUSTER-v1","V4-TARGET-EQUAL-CLUSTER-v1",0.487807922234818,0.470076218784656,0.0177317034501622,0.405279761527509,0.548958372478954,0.477119067003232,0.143678610951445,0.0388635292713177,TRUE,199,199,0,"OK","P14-C012",27,30,484,0.3,"informative","strong","near_knot",8,25,0.993937979307636,0.00413223140495855,0,0.0850000000000009
"V4-CMP-ONE-STAGE-CLUSTER-BB-RESP-v1","V4-TARGET-RESPONDENT-WEIGHTED-v1",0.477854254693604,0.465434869451903,0.0124193852417006,0.421372088463204,0.521476500727939,0.471424294595572,0.100104412264735,0.0235777957512128,TRUE,199,199,0,"OK","P14-C012",27,30,484,0.3,"informative","strong","near_knot",8,25,0.993937979307636,0.00413223140495855,0,0.0850000000000009
"V4-CMP-IID-RESP-BB-v1","WORKING-INDEPENDENCE-RESPONDENT",0.477854254693604,0.465434869451903,0.0124193852417006,0.436312562758103,0.523769857631527,0.480041210194815,0.0874572948734232,0.0219201112559239,TRUE,199,199,0,"OK","P14-C012",27,30,484,0.3,"informative","strong","near_knot",8,25,0.993937979307636,0.00413223140495855,0,0.0850000000000009
"V4-CMP-TWO-STAGE-FREQ-BOOT-RESP-v1","V4-TARGET-RESPONDENT-WEIGHTED-v1",0.477854254693604,0.465434869451903,0.0124193852417006,0.420204727013636,0.534256151138557,0.477230439076097,0.114051424124921,0.0299368049303429,TRUE,199,199,0,"OK","P14-C012",27,30,484,0.3,"informative","strong","near_knot",8,25,0.993937979307636,0.00413223140495855,0,0.0850000000000009
"V4-CMP-MOKKEN-TWOLEVEL-DELTA-v1","V4-TARGET-RESPONDENT-WEIGHTED-v1",0.477854254693591,0.465434869451903,0.0124193852416873,0.417300565816946,0.538407943570236,0.477854254693591,0.12110737775329,0.0308953069312929,TRUE,,,0,"OK","P14-C012",27,30,484,0.3,"informative","strong","near_knot",8,25,0.993937979307636,0.00413223140495855,0,0.0850000000000009
"V4-PRI-TWO-STAGE-HBB-RESP-v1","V4-TARGET-RESPONDENT-WEIGHTED-v1",0.42327119135621,0.465434869451903,-0.0421636780956934,0.35447574862243,0.492752837254073,0.423614292938251,0.138277088631643,0.0369163493821182,TRUE,199,199,0,"OK","P14-C012",28,30,531,0.3,"informative","strong","near_knot",9,26,0.995957869975115,0.00564971751412427,0,0.0929999999999964
"V4-SENS-TWO-STAGE-HBB-CLUSTER-v1","V4-TARGET-EQUAL-CLUSTER-v1",0.431357228955646,0.470076218784656,-0.0387189898290097,0.347827355984672,0.514540977345092,0.431184166664882,0.166713621360421,0.0400952568630696,TRUE,199,199,0,"OK","P14-C012",28,30,531,0.3,"informative","strong","near_knot",9,26,0.995957869975115,0.00564971751412427,0,0.0929999999999964
"V4-CMP-ONE-STAGE-CLUSTER-BB-RESP-v1","V4-TARGET-RESPONDENT-WEIGHTED-v1",0.42327119135621,0.465434869451903,-0.0421636780956934,0.374896621769063,0.46433759813444,0.419617109951752,0.0894409763653772,0.0243635512761868,FALSE,199,199,0,"OK","P14-C012",28,30,531,0.3,"informative","strong","near_knot",9,26,0.995957869975115,0.00564971751412427,0,0.0929999999999964
"V4-CMP-IID-RESP-BB-v1","WORKING-INDEPENDENCE-RESPONDENT",0.42327119135621,0.465434869451903,-0.0421636780956934,0.374399282965181,0.475745203853625,0.425072243409403,0.101345920888445,0.0243799536027153,TRUE,199,199,0,"OK","P14-C012",28,30,531,0.3,"informative","strong","near_knot",9,26,0.995957869975115,0.00564971751412427,0,0.0929999999999964
"V4-CMP-TWO-STAGE-FREQ-BOOT-RESP-v1","V4-TARGET-RESPONDENT-WEIGHTED-v1",0.42327119135621,0.465434869451903,-0.0421636780956934,0.359129655890518,0.491549062237123,0.42533935906382,0.132419406346605,0.0340978183718289,TRUE,199,199,0,"OK","P14-C012",28,30,531,0.3,"informative","strong","near_knot",9,26,0.995957869975115,0.00564971751412427,0,0.0929999999999964
"V4-CMP-MOKKEN-TWOLEVEL-DELTA-v1","V4-TARGET-RESPONDENT-WEIGHTED-v1",0.423271191356203,0.465434869451903,-0.0421636780957003,0.361382144260087,0.48516023845232,0.423271191356203,0.123778094192233,0.0315766246646823,TRUE,,,0,"OK","P14-C012",28,30,531,0.3,"informative","strong","near_knot",9,26,0.995957869975115,0.00564971751412427,0,0.0929999999999964
"V4-PRI-TWO-STAGE-HBB-RESP-v1","V4-TARGET-RESPONDENT-WEIGHTED-v1",0.456974875432296,0.465434869451903,-0.00845999401960723,0.38257594313685,0.540092954120575,0.461334448628712,0.157517010983725,0.0421528769368025,TRUE,199,199,0,"OK","P14-C012",29,30,507,0.3,"informative","strong","near_knot",7,25,0.992761986380052,0,1,0.0889999999999986
"V4-SENS-TWO-STAGE-HBB-CLUSTER-v1","V4-TARGET-EQUAL-CLUSTER-v1",0.475554107980217,0.470076218784656,0.00547788919556164,0.383478470471131,0.555599679999217,0.469539075235174,0.172121209528086,0.0428763648797651,TRUE,199,199,0,"OK","P14-C012",29,30,507,0.3,"informative","strong","near_knot",7,25,0.992761986380052,0,1,0.0889999999999986
"V4-CMP-ONE-STAGE-CLUSTER-BB-RESP-v1","V4-TARGET-RESPONDENT-WEIGHTED-v1",0.456974875432296,0.465434869451903,-0.00845999401960723,0.401952509898437,0.515972163613222,0.458962336755829,0.114019653714785,0.0278214318363136,TRUE,199,199,0,"OK","P14-C012",29,30,507,0.3,"informative","strong","near_knot",7,25,0.992761986380052,0,1,0.0889999999999986
"V4-CMP-IID-RESP-BB-v1","WORKING-INDEPENDENCE-RESPONDENT",0.456974875432296,0.465434869451903,-0.00845999401960723,0.412077685508434,0.505305033541204,0.458691359524819,0.0932273480327694,0.0227178555404155,TRUE,199,199,0,"OK","P14-C012",29,30,507,0.3,"informative","strong","near_knot",7,25,0.992761986380052,0,1,0.0889999999999986
"V4-CMP-TWO-STAGE-FREQ-BOOT-RESP-v1","V4-TARGET-RESPONDENT-WEIGHTED-v1",0.456974875432296,0.465434869451903,-0.00845999401960723,0.387581091016462,0.528227019853219,0.45790405543484,0.140645928836757,0.0355427131304901,TRUE,199,199,0,"OK","P14-C012",29,30,507,0.3,"informative","strong","near_knot",7,25,0.992761986380052,0,1,0.0889999999999986
"V4-CMP-MOKKEN-TWOLEVEL-DELTA-v1","V4-TARGET-RESPONDENT-WEIGHTED-v1",0.456974875432303,0.465434869451903,-0.00845999401960018,0.390489962245519,0.523459788619087,0.456974875432303,0.132969826373568,0.0339214973903645,TRUE,,,0,"OK","P14-C012",29,30,507,0.3,"informative","strong","near_knot",7,25,0.992761986380052,0,1,0.0889999999999986
"V4-PRI-TWO-STAGE-HBB-RESP-v1","V4-TARGET-RESPONDENT-WEIGHTED-v1",0.444704844357427,0.465434869451903,-0.0207300250944767,0.376528529812928,0.521437203189407,0.448982866501168,0.144908673376479,0.0365169303970759,TRUE,199,199,0,"OK","P14-C012",30,30,524,0.3,"informative","strong","near_knot",7,25,0.993421812053103,0,1,0.0900000000000034
"V4-SENS-TWO-STAGE-HBB-CLUSTER-v1","V4-TARGET-EQUAL-CLUSTER-v1",0.445708974544164,0.470076218784656,-0.0243672442404919,0.374932368831615,0.50788054088324,0.441406454857428,0.132948172051625,0.0353810225028846,TRUE,199,199,0,"OK","P14-C012",30,30,524,0.3,"informative","strong","near_knot",7,25,0.993421812053103,0,1,0.0900000000000034
"V4-CMP-ONE-STAGE-CLUSTER-BB-RESP-v1","V4-TARGET-RESPONDENT-WEIGHTED-v1",0.444704844357427,0.465434869451903,-0.0207300250944767,0.400692490620396,0.493456006142217,0.447074248381306,0.0927635155218215,0.0226525631246668,TRUE,199,199,0,"OK","P14-C012",30,30,524,0.3,"informative","strong","near_knot",7,25,0.993421812053103,0,1,0.0900000000000034
"V4-CMP-IID-RESP-BB-v1","WORKING-INDEPENDENCE-RESPONDENT",0.444704844357427,0.465434869451903,-0.0207300250944767,0.40421611588806,0.492626419510409,0.448421267699235,0.0884103036223487,0.0229373936897375,TRUE,199,199,0,"OK","P14-C012",30,30,524,0.3,"informative","strong","near_knot",7,25,0.993421812053103,0,1,0.0900000000000034
"V4-CMP-TWO-STAGE-FREQ-BOOT-RESP-v1","V4-TARGET-RESPONDENT-WEIGHTED-v1",0.444704844357427,0.465434869451903,-0.0207300250944767,0.382986801860031,0.520339908415345,0.451663355137688,0.137353106555314,0.0328994439084151,TRUE,199,199,0,"OK","P14-C012",30,30,524,0.3,"informative","strong","near_knot",7,25,0.993421812053103,0,1,0.0900000000000034
"V4-CMP-MOKKEN-TWOLEVEL-DELTA-v1","V4-TARGET-RESPONDENT-WEIGHTED-v1",0.444704844357441,0.465434869451903,-0.0207300250944629,0.385194053020736,0.504215635694145,0.444704844357441,0.119021582673409,0.0303632065722217,TRUE,,,0,"OK","P14-C012",30,30,524,0.3,"informative","strong","near_knot",7,25,0.993421812053103,0,1,0.0900000000000034
"V4-PRI-TWO-STAGE-HBB-RESP-v1","V4-TARGET-RESPONDENT-WEIGHTED-v1",0.475327238914284,0.465434869451903,0.00989236946238004,0.389921884604885,0.547912521474407,0.468917203039646,0.157990636869522,0.0397274223279462,TRUE,199,199,0,"OK","P14-C012",31,30,492,0.3,"informative","strong","near_knot",6,24,0.975838573773267,0.00609756097560971,0,0.0889999999999986
"V4-SENS-TWO-STAGE-HBB-CLUSTER-v1","V4-TARGET-EQUAL-CLUSTER-v1",0.492566499947799,0.470076218784656,0.0224902811631433,0.426269134844816,0.565006389579424,0.49563776221212,0.138737254734608,0.0370872531086767,TRUE,199,199,0,"OK","P14-C012",31,30,492,0.3,"informative","strong","near_knot",6,24,0.975838573773267,0.00609756097560971,0,0.0889999999999986
"V4-CMP-ONE-STAGE-CLUSTER-BB-RESP-v1","V4-TARGET-RESPONDENT-WEIGHTED-v1",0.475327238914284,0.465434869451903,0.00989236946238004,0.425012216643853,0.518259619941305,0.471635918292579,0.0932474032974513,0.0237992507380991,TRUE,199,199,0,"OK","P14-C012",31,30,492,0.3,"informative","strong","near_knot",6,24,0.975838573773267,0.00609756097560971,0,0.0889999999999986
"V4-CMP-IID-RESP-BB-v1","WORKING-INDEPENDENCE-RESPONDENT",0.475327238914284,0.465434869451903,0.00989236946238004,0.429455008973901,0.517853983631732,0.473654496302816,0.0883989746578314,0.0234370302907771,TRUE,199,199,0,"OK","P14-C012",31,30,492,0.3,"informative","strong","near_knot",6,24,0.975838573773267,0.00609756097560971,0,0.0889999999999986
"V4-CMP-TWO-STAGE-FREQ-BOOT-RESP-v1","V4-TARGET-RESPONDENT-WEIGHTED-v1",0.475327238914284,0.465434869451903,0.00989236946238004,0.403169286160482,0.547939164986784,0.475554225573633,0.144769878826302,0.0359591824523556,TRUE,199,199,0,"OK","P14-C012",31,30,492,0.3,"informative","strong","near_knot",6,24,0.975838573773267,0.00609756097560971,0,0.0889999999999986
"V4-CMP-MOKKEN-TWOLEVEL-DELTA-v1","V4-TARGET-RESPONDENT-WEIGHTED-v1",0.475327238914282,0.465434869451903,0.00989236946237848,0.414654544080772,0.535999933747792,0.475327238914282,0.12134538966702,0.0309560253719397,TRUE,,,0,"OK","P14-C012",31,30,492,0.3,"informative","strong","near_knot",6,24,0.975838573773267,0.00609756097560971,0,0.0889999999999986
"V4-PRI-TWO-STAGE-HBB-RESP-v1","V4-TARGET-RESPONDENT-WEIGHTED-v1",0.430232088359144,0.465434869451903,-0.0352027810927599,0.348099617915317,0.499572532085163,0.42383607500024,0.151472914169846,0.0389342729090346,TRUE,199,199,0,"OK","P14-C012",32,30,525,0.3,"informative","strong","near_knot",10,27,0.991857619447957,0,1,0.103000000000002
"V4-SENS-TWO-STAGE-HBB-CLUSTER-v1","V4-TARGET-EQUAL-CLUSTER-v1",0.43495813813329,0.470076218784656,-0.035118080651366,0.341735646495575,0.510076137560149,0.425905892027862,0.168340491064573,0.0420600948597075,TRUE,199,199,0,"OK","P14-C012",32,30,525,0.3,"informative","strong","near_knot",10,27,0.991857619447957,0,1,0.103000000000002
"V4-CMP-ONE-STAGE-CLUSTER-BB-RESP-v1","V4-TARGET-RESPONDENT-WEIGHTED-v1",0.430232088359144,0.465434869451903,-0.0352027810927599,0.378831222822552,0.476916756084066,0.427873989453309,0.0980855332615146,0.0251488089679107,TRUE,199,199,0,"OK","P14-C012",32,30,525,0.3,"informative","strong","near_knot",10,27,0.991857619447957,0,1,0.103000000000002
"V4-CMP-IID-RESP-BB-v1","WORKING-INDEPENDENCE-RESPONDENT",0.430232088359144,0.465434869451903,-0.0352027810927599,0.389424232792638,0.474986227728591,0.432205230260614,0.0855619949359532,0.0222021532092607,TRUE,199,199,0,"OK","P14-C012",32,30,525,0.3,"informative","strong","near_knot",10,27,0.991857619447957,0,1,0.103000000000002
"V4-CMP-TWO-STAGE-FREQ-BOOT-RESP-v1","V4-TARGET-RESPONDENT-WEIGHTED-v1",0.430232088359144,0.465434869451903,-0.0352027810927599,0.359493677643713,0.491236736391028,0.425365207017371,0.131743058747315,0.0333760436674582,TRUE,199,199,0,"OK","P14-C012",32,30,525,0.3,"informative","strong","near_knot",10,27,0.991857619447957,0,1,0.103000000000002
"V4-CMP-MOKKEN-TWOLEVEL-DELTA-v1","V4-TARGET-RESPONDENT-WEIGHTED-v1",0.430232088359157,0.465434869451903,-0.0352027810927468,0.365845311832525,0.494618864885788,0.430232088359157,0.128773553053263,0.0328509998318879,TRUE,,,0,"OK","P14-C012",32,30,525,0.3,"informative","strong","near_knot",10,27,0.991857619447957,0,1,0.103000000000002
"V4-PRI-TWO-STAGE-HBB-RESP-v1","V4-TARGET-RESPONDENT-WEIGHTED-v1",0.436626219905195,0.465434869451903,-0.0288086495467084,0.342028896758634,0.505376069576978,0.423702483167806,0.163347172818344,0.0407843312078239,TRUE,199,199,0,"OK","P14-C012",33,30,540,0.3,"informative","strong","near_knot",9,26,0.994730945902933,0.00740740740740753,0,0.0889999999999986
"V4-SENS-TWO-STAGE-HBB-CLUSTER-v1","V4-TARGET-EQUAL-CLUSTER-v1",0.44638369740375,0.470076218784656,-0.0236925213809056,0.374674905532033,0.529445727425029,0.452060316478531,0.154770821892996,0.0393348671520518,TRUE,199,199,0,"OK","P14-C012",33,30,540,0.3,"informative","strong","near_knot",9,26,0.994730945902933,0.00740740740740753,0,0.0889999999999986
"V4-CMP-ONE-STAGE-CLUSTER-BB-RESP-v1","V4-TARGET-RESPONDENT-WEIGHTED-v1",0.436626219905195,0.465434869451903,-0.0288086495467084,0.369214823769116,0.502368174251229,0.435791499010172,0.133153350482113,0.0310623876445763,TRUE,199,199,0,"OK","P14-C012",33,30,540,0.3,"informative","strong","near_knot",9,26,0.994730945902933,0.00740740740740753,0,0.0889999999999986
"V4-CMP-IID-RESP-BB-v1","WORKING-INDEPENDENCE-RESPONDENT",0.436626219905195,0.465434869451903,-0.0288086495467084,0.389977589086275,0.478064614431421,0.434021101758848,0.088087025345146,0.0229132919699846,TRUE,199,199,0,"OK","P14-C012",33,30,540,0.3,"informative","strong","near_knot",9,26,0.994730945902933,0.00740740740740753,0,0.0889999999999986
"V4-CMP-TWO-STAGE-FREQ-BOOT-RESP-v1","V4-TARGET-RESPONDENT-WEIGHTED-v1",0.436626219905195,0.465434869451903,-0.0288086495467084,0.368932842941035,0.503853662720627,0.436393252830831,0.134920819779592,0.0353056443069085,TRUE,199,199,0,"OK","P14-C012",33,30,540,0.3,"informative","strong","near_knot",9,26,0.994730945902933,0.00740740740740753,0,0.0889999999999986
"V4-CMP-MOKKEN-TWOLEVEL-DELTA-v1","V4-TARGET-RESPONDENT-WEIGHTED-v1",0.436626219905191,0.465434869451903,-0.0288086495467125,0.369978697110031,0.503273742700351,0.436626219905191,0.133295045590321,0.0340044630007835,TRUE,,,0,"OK","P14-C012",33,30,540,0.3,"informative","strong","near_knot",9,26,0.994730945902933,0.00740740740740753,0,0.0889999999999986
"V4-PRI-TWO-STAGE-HBB-RESP-v1","V4-TARGET-RESPONDENT-WEIGHTED-v1",0.46716540523814,0.465434869451903,0.00173053578623644,0.396985581572911,0.533374285322057,0.465179933447484,0.136388703749146,0.0359666249924081,TRUE,199,199,0,"OK","P14-C012",34,30,502,0.3,"informative","strong","near_knot",9,26,0.995950640205032,0.00199203187250996,0,0.0850000000000009
"V4-SENS-TWO-STAGE-HBB-CLUSTER-v1","V4-TARGET-EQUAL-CLUSTER-v1",0.469542019837195,0.470076218784656,-0.000534198947460207,0.405127676216375,0.55255791004936,0.478842793132867,0.147430233832985,0.0386671778518383,TRUE,199,199,0,"OK","P14-C012",34,30,502,0.3,"informative","strong","near_knot",9,26,0.995950640205032,0.00199203187250996,0,0.0850000000000009
"V4-CMP-ONE-STAGE-CLUSTER-BB-RESP-v1","V4-TARGET-RESPONDENT-WEIGHTED-v1",0.46716540523814,0.465434869451903,0.00173053578623644,0.419480963712156,0.508835533462922,0.464158248587539,0.089354569750766,0.021456139321504,TRUE,199,199,0,"OK","P14-C012",34,30,502,0.3,"informative","strong","near_knot",9,26,0.995950640205032,0.00199203187250996,0,0.0850000000000009
"V4-CMP-IID-RESP-BB-v1","WORKING-INDEPENDENCE-RESPONDENT",0.46716540523814,0.465434869451903,0.00173053578623644,0.430684027634416,0.515082498757975,0.472883263196195,0.0843984711235587,0.0225163940835569,TRUE,199,199,0,"OK","P14-C012",34,30,502,0.3,"informative","strong","near_knot",9,26,0.995950640205032,0.00199203187250996,0,0.0850000000000009
"V4-CMP-TWO-STAGE-FREQ-BOOT-RESP-v1","V4-TARGET-RESPONDENT-WEIGHTED-v1",0.46716540523814,0.465434869451903,0.00173053578623644,0.406816763429917,0.517491603956551,0.462154183693234,0.110674840526634,0.0293716386677261,TRUE,199,199,0,"OK","P14-C012",34,30,502,0.3,"informative","strong","near_knot",9,26,0.995950640205032,0.00199203187250996,0,0.0850000000000009
"V4-CMP-MOKKEN-TWOLEVEL-DELTA-v1","V4-TARGET-RESPONDENT-WEIGHTED-v1",0.467165405238136,0.465434869451903,0.0017305357862325,0.408073101211332,0.52625770926494,0.467165405238136,0.118184608053608,0.0301496887151583,TRUE,,,0,"OK","P14-C012",34,30,502,0.3,"informative","strong","near_knot",9,26,0.995950640205032,0.00199203187250996,0,0.0850000000000009
"V4-PRI-TWO-STAGE-HBB-RESP-v1","V4-TARGET-RESPONDENT-WEIGHTED-v1",0.45930379986396,0.465434869451903,-0.00613106958794302,0.384146805387104,0.526019845680078,0.455083325533591,0.141873040292974,0.0352700876845543,TRUE,199,199,0,"OK","P14-C012",35,30,514,0.3,"informative","strong","near_knot",7,25,0.995124109516537,0.00389105058365757,0,0.088000000000001
"V4-SENS-TWO-STAGE-HBB-CLUSTER-v1","V4-TARGET-EQUAL-CLUSTER-v1",0.486345296750106,0.470076218784656,0.0162690779654507,0.407937735201186,0.55876009348356,0.483348914342373,0.150822358282374,0.0372693891949062,TRUE,199,199,0,"OK","P14-C012",35,30,514,0.3,"informative","strong","near_knot",7,25,0.995124109516537,0.00389105058365757,0,0.088000000000001
"V4-CMP-ONE-STAGE-CLUSTER-BB-RESP-v1","V4-TARGET-RESPONDENT-WEIGHTED-v1",0.45930379986396,0.465434869451903,-0.00613106958794302,0.422672689738526,0.505644348277083,0.464158519007804,0.0829716585385575,0.022769198537846,TRUE,199,199,0,"OK","P14-C012",35,30,514,0.3,"informative","strong","near_knot",7,25,0.995124109516537,0.00389105058365757,0,0.088000000000001
"V4-CMP-IID-RESP-BB-v1","WORKING-INDEPENDENCE-RESPONDENT",0.45930379986396,0.465434869451903,-0.00613106958794302,0.41207393031335,0.504987620927555,0.458530775620452,0.0929136906142043,0.0227841915059052,TRUE,199,199,0,"OK","P14-C012",35,30,514,0.3,"informative","strong","near_knot",7,25,0.995124109516537,0.00389105058365757,0,0.088000000000001
"V4-CMP-TWO-STAGE-FREQ-BOOT-RESP-v1","V4-TARGET-RESPONDENT-WEIGHTED-v1",0.45930379986396,0.465434869451903,-0.00613106958794302,0.400628498205467,0.511773174914523,0.456200836559995,0.111144676709056,0.0285550354745521,TRUE,199,199,0,"OK","P14-C012",35,30,514,0.3,"informative","strong","near_knot",7,25,0.995124109516537,0.00389105058365757,0,0.088000000000001
"V4-CMP-MOKKEN-TWOLEVEL-DELTA-v1","V4-TARGET-RESPONDENT-WEIGHTED-v1",0.459303799863956,0.465434869451903,-0.00613106958794718,0.399085234164754,0.519522365563159,0.459303799863956,0.120437131398405,0.0307243225764346,TRUE,,,0,"OK","P14-C012",35,30,514,0.3,"informative","strong","near_knot",7,25,0.995124109516537,0.00389105058365757,0,0.088000000000001
"V4-PRI-TWO-STAGE-HBB-RESP-v1","V4-TARGET-RESPONDENT-WEIGHTED-v1",0.42757465708405,0.465434869451903,-0.0378602123678533,0.338442917988863,0.489760853781725,0.414101885885294,0.151317935792862,0.0367355827896614,TRUE,199,199,0,"OK","P14-C012",36,30,487,0.3,"informative","strong","near_knot",8,26,0.994847183134234,0,1,0.0859999999999985
"V4-SENS-TWO-STAGE-HBB-CLUSTER-v1","V4-TARGET-EQUAL-CLUSTER-v1",0.435070501649314,0.470076218784656,-0.0350057171353421,0.351146489586389,0.517566589876209,0.434356539731299,0.166420100289819,0.040595934701176,TRUE,199,199,0,"OK","P14-C012",36,30,487,0.3,"informative","strong","near_knot",8,26,0.994847183134234,0,1,0.0859999999999985
"V4-CMP-ONE-STAGE-CLUSTER-BB-RESP-v1","V4-TARGET-RESPONDENT-WEIGHTED-v1",0.42757465708405,0.465434869451903,-0.0378602123678533,0.384012540825185,0.470816256026928,0.427414398426056,0.0868037152017431,0.0221738409051583,TRUE,199,199,0,"OK","P14-C012",36,30,487,0.3,"informative","strong","near_knot",8,26,0.994847183134234,0,1,0.0859999999999985
"V4-CMP-IID-RESP-BB-v1","WORKING-INDEPENDENCE-RESPONDENT",0.42757465708405,0.465434869451903,-0.0378602123678533,0.380375961423938,0.475294442866849,0.427835202145394,0.0949184814429108,0.0226126016601475,TRUE,199,199,0,"OK","P14-C012",36,30,487,0.3,"informative","strong","near_knot",8,26,0.994847183134234,0,1,0.0859999999999985
"V4-CMP-TWO-STAGE-FREQ-BOOT-RESP-v1","V4-TARGET-RESPONDENT-WEIGHTED-v1",0.42757465708405,0.465434869451903,-0.0378602123678533,0.357973194776878,0.499131623250932,0.428552409013905,0.141158428474054,0.0349610199800751,TRUE,199,199,0,"OK","P14-C012",36,30,487,0.3,"informative","strong","near_knot",8,26,0.994847183134234,0,1,0.0859999999999985
"V4-CMP-MOKKEN-TWOLEVEL-DELTA-v1","V4-TARGET-RESPONDENT-WEIGHTED-v1",0.42757465708406,0.465434869451903,-0.037860212367843,0.366531859696462,0.488617454471659,0.42757465708406,0.122085594775197,0.0311448566754778,TRUE,,,0,"OK","P14-C012",36,30,487,0.3,"informative","strong","near_knot",8,26,0.994847183134234,0,1,0.0859999999999985
"V4-PRI-TWO-STAGE-HBB-RESP-v1","V4-TARGET-RESPONDENT-WEIGHTED-v1",0.49240683082479,0.465434869451903,0.0269719613728868,0.409767328280195,0.553672615980737,0.481719972130466,0.143905287700542,0.0356757426300158,TRUE,199,199,0,"OK","P14-C012",37,30,483,0.3,"informative","strong","near_knot",8,27,0.992662647043728,0,1,0.0829999999999984
"V4-SENS-TWO-STAGE-HBB-CLUSTER-v1","V4-TARGET-EQUAL-CLUSTER-v1",0.491225264707637,0.470076218784656,0.0211490459229812,0.413414818099614,0.565925092848035,0.489669955473825,0.152510274748421,0.0385627664150951,TRUE,199,199,0,"OK","P14-C012",37,30,483,0.3,"informative","strong","near_knot",8,27,0.992662647043728,0,1,0.0829999999999984
"V4-CMP-ONE-STAGE-CLUSTER-BB-RESP-v1","V4-TARGET-RESPONDENT-WEIGHTED-v1",0.49240683082479,0.465434869451903,0.0269719613728868,0.435938411515703,0.548281847768073,0.492110129641888,0.11234343625237,0.0302220778409345,TRUE,199,199,0,"OK","P14-C012",37,30,483,0.3,"informative","strong","near_knot",8,27,0.992662647043728,0,1,0.0829999999999984
"V4-CMP-IID-RESP-BB-v1","WORKING-INDEPENDENCE-RESPONDENT",0.49240683082479,0.465434869451903,0.0269719613728868,0.453515701377862,0.536490291193381,0.495002996285621,0.0829745898155192,0.021998680479182,TRUE,199,199,0,"OK","P14-C012",37,30,483,0.3,"informative","strong","near_knot",8,27,0.992662647043728,0,1,0.0829999999999984
"V4-CMP-TWO-STAGE-FREQ-BOOT-RESP-v1","V4-TARGET-RESPONDENT-WEIGHTED-v1",0.49240683082479,0.465434869451903,0.0269719613728868,0.411924120689884,0.55132074632326,0.481622433506572,0.139396625633376,0.0387117511267183,TRUE,199,199,0,"OK","P14-C012",37,30,483,0.3,"informative","strong","near_knot",8,27,0.992662647043728,0,1,0.0829999999999984
"V4-CMP-MOKKEN-TWOLEVEL-DELTA-v1","V4-TARGET-RESPONDENT-WEIGHTED-v1",0.492406830824781,0.465434869451903,0.026971961372877,0.426997956813861,0.5578157048357,0.492406830824781,0.130817748021838,0.0333724877226603,TRUE,,,0,"OK","P14-C012",37,30,483,0.3,"informative","strong","near_knot",8,27,0.992662647043728,0,1,0.0829999999999984
"V4-PRI-TWO-STAGE-HBB-RESP-v1","V4-TARGET-RESPONDENT-WEIGHTED-v1",0.479039222842813,0.465434869451903,0.0136043533909095,0.390133905401412,0.542661906901944,0.466397906151678,0.152528001500532,0.0367460941434468,TRUE,199,199,0,"OK","P14-C012",38,30,550,0.3,"informative","strong","near_knot",7,26,0.992815497947661,0.0018181818181818,0,0.0930000000000035
"V4-SENS-TWO-STAGE-HBB-CLUSTER-v1","V4-TARGET-EQUAL-CLUSTER-v1",0.492156454743441,0.470076218784656,0.0220802359587854,0.400972476421648,0.581922841469209,0.491447658945429,0.180950365047561,0.0433796902743737,TRUE,199,199,0,"OK","P14-C012",38,30,550,0.3,"informative","strong","near_knot",7,26,0.992815497947661,0.0018181818181818,0,0.0930000000000035
"V4-CMP-ONE-STAGE-CLUSTER-BB-RESP-v1","V4-TARGET-RESPONDENT-WEIGHTED-v1",0.479039222842813,0.465434869451903,0.0136043533909095,0.429408228116372,0.525853101373669,0.477630664745021,0.0964448732572967,0.023950582948566,TRUE,199,199,0,"OK","P14-C012",38,30,550,0.3,"informative","strong","near_knot",7,26,0.992815497947661,0.0018181818181818,0,0.0930000000000035
"V4-CMP-IID-RESP-BB-v1","WORKING-INDEPENDENCE-RESPONDENT",0.479039222842813,0.465434869451903,0.0136043533909095,0.440709202870009,0.51820520677093,0.479457204820469,0.0774960039009204,0.0208700806502579,TRUE,199,199,0,"OK","P14-C012",38,30,550,0.3,"informative","strong","near_knot",7,26,0.992815497947661,0.0018181818181818,0,0.0930000000000035
"V4-CMP-TWO-STAGE-FREQ-BOOT-RESP-v1","V4-TARGET-RESPONDENT-WEIGHTED-v1",0.479039222842813,0.465434869451903,0.0136043533909095,0.412801713083965,0.534878403332668,0.473840058208317,0.122076690248703,0.0307189751195522,TRUE,199,199,0,"OK","P14-C012",38,30,550,0.3,"informative","strong","near_knot",7,26,0.992815497947661,0.0018181818181818,0,0.0930000000000035
"V4-CMP-MOKKEN-TWOLEVEL-DELTA-v1","V4-TARGET-RESPONDENT-WEIGHTED-v1",0.479039222842815,0.465434869451903,0.0136043533909116,0.41657428762945,0.54150415805618,0.479039222842815,0.12492987042673,0.0318704505317855,TRUE,,,0,"OK","P14-C012",38,30,550,0.3,"informative","strong","near_knot",7,26,0.992815497947661,0.0018181818181818,0,0.0930000000000035
"V4-PRI-TWO-STAGE-HBB-RESP-v1","V4-TARGET-RESPONDENT-WEIGHTED-v1",0.457617253576531,0.465434869451903,-0.00781761587537266,0.383342466387516,0.553806204104393,0.468574335245954,0.170463737716877,0.0439978050935639,TRUE,199,199,0,"OK","P14-C012",39,30,457,0.3,"informative","strong","near_knot",7,27,0.988177104303868,0,1,0.0829999999999984
"V4-SENS-TWO-STAGE-HBB-CLUSTER-v1","V4-TARGET-EQUAL-CLUSTER-v1",0.458511925300452,0.470076218784656,-0.0115642934842033,0.368055691809904,0.559083874784322,0.463569783297113,0.191028182974417,0.0474732712475395,TRUE,199,199,0,"OK","P14-C012",39,30,457,0.3,"informative","strong","near_knot",7,27,0.988177104303868,0,1,0.0829999999999984
"V4-CMP-ONE-STAGE-CLUSTER-BB-RESP-v1","V4-TARGET-RESPONDENT-WEIGHTED-v1",0.457617253576531,0.465434869451903,-0.00781761587537266,0.398897757864692,0.513087110453514,0.455992434159103,0.114189352588823,0.0301186207391649,TRUE,199,199,0,"OK","P14-C012",39,30,457,0.3,"informative","strong","near_knot",7,27,0.988177104303868,0,1,0.0829999999999984
"V4-CMP-IID-RESP-BB-v1","WORKING-INDEPENDENCE-RESPONDENT",0.457617253576531,0.465434869451903,-0.00781761587537266,0.410492717764698,0.511775809045429,0.461134263405064,0.101283091280731,0.0246539741011299,TRUE,199,199,0,"OK","P14-C012",39,30,457,0.3,"informative","strong","near_knot",7,27,0.988177104303868,0,1,0.0829999999999984
"V4-CMP-TWO-STAGE-FREQ-BOOT-RESP-v1","V4-TARGET-RESPONDENT-WEIGHTED-v1",0.457617253576531,0.465434869451903,-0.00781761587537266,0.382807105865705,0.532751826079793,0.457779465972749,0.149944720214089,0.0386720026498518,TRUE,199,199,0,"OK","P14-C012",39,30,457,0.3,"informative","strong","near_knot",7,27,0.988177104303868,0,1,0.0829999999999984
"V4-CMP-MOKKEN-TWOLEVEL-DELTA-v1","V4-TARGET-RESPONDENT-WEIGHTED-v1",0.457617253576537,0.465434869451903,-0.007817615875366,0.389155661062694,0.526078846090381,0.457617253576537,0.136923185027687,0.0349300257830552,TRUE,,,0,"OK","P14-C012",39,30,457,0.3,"informative","strong","near_knot",7,27,0.988177104303868,0,1,0.0829999999999984
"V4-PRI-TWO-STAGE-HBB-RESP-v1","V4-TARGET-RESPONDENT-WEIGHTED-v1",0.471287879712796,0.465434869451903,0.00585301026089224,0.398172469412372,0.54879627656258,0.473484372987476,0.150623807150208,0.038274841536186,TRUE,199,199,0,"OK","P14-C012",40,30,537,0.3,"informative","strong","near_knot",9,27,0.989999393066195,0,1,0.0940000000000012
"V4-SENS-TWO-STAGE-HBB-CLUSTER-v1","V4-TARGET-EQUAL-CLUSTER-v1",0.482863125617022,0.470076218784656,0.0127869068323666,0.398650175051238,0.557386626856671,0.478018400953955,0.158736451805433,0.039089945483739,TRUE,199,199,0,"OK","P14-C012",40,30,537,0.3,"informative","strong","near_knot",9,27,0.989999393066195,0,1,0.0940000000000012
"V4-CMP-ONE-STAGE-CLUSTER-BB-RESP-v1","V4-TARGET-RESPONDENT-WEIGHTED-v1",0.471287879712796,0.465434869451903,0.00585301026089224,0.408274037187777,0.524936226059232,0.466605131623505,0.116662188871455,0.0297941340767132,TRUE,199,199,0,"OK","P14-C012",40,30,537,0.3,"informative","strong","near_knot",9,27,0.989999393066195,0,1,0.0940000000000012
"V4-CMP-IID-RESP-BB-v1","WORKING-INDEPENDENCE-RESPONDENT",0.471287879712796,0.465434869451903,0.00585301026089224,0.423021421472602,0.510128983768993,0.466575202620798,0.0871075622963908,0.0228813587682216,TRUE,199,199,0,"OK","P14-C012",40,30,537,0.3,"informative","strong","near_knot",9,27,0.989999393066195,0,1,0.0940000000000012
"V4-CMP-TWO-STAGE-FREQ-BOOT-RESP-v1","V4-TARGET-RESPONDENT-WEIGHTED-v1",0.471287879712796,0.465434869451903,0.00585301026089224,0.391355399276161,0.547040603205075,0.469198001240618,0.155685203928914,0.0369336778511106,TRUE,199,199,0,"OK","P14-C012",40,30,537,0.3,"informative","strong","near_knot",9,27,0.989999393066195,0,1,0.0940000000000012
"V4-CMP-MOKKEN-TWOLEVEL-DELTA-v1","V4-TARGET-RESPONDENT-WEIGHTED-v1",0.471287879712774,0.465434869451903,0.00585301026087082,0.403739586828001,0.538836172597548,0.471287879712774,0.135096585769547,0.0344640480220992,TRUE,,,0,"OK","P14-C012",40,30,537,0.3,"informative","strong","near_knot",9,27,0.989999393066195,0,1,0.0940000000000012
"V4-PRI-TWO-STAGE-HBB-RESP-v1","V4-TARGET-RESPONDENT-WEIGHTED-v1",0.458487961694615,0.465434869451903,-0.00694690775728851,0.397081605863618,0.53906636465372,0.468073985258669,0.141984758790102,0.038430894609564,TRUE,199,199,0,"OK","P14-C012",41,30,542,0.3,"informative","strong","near_knot",10,27,0.986318847839512,0.00553505535055343,0,0.0919999999999987
"V4-SENS-TWO-STAGE-HBB-CLUSTER-v1","V4-TARGET-EQUAL-CLUSTER-v1",0.452606141811623,0.470076218784656,-0.0174700769730325,0.368043376331952,0.518373037787486,0.443208207059719,0.150329661455535,0.0381226393622785,TRUE,199,199,0,"OK","P14-C012",41,30,542,0.3,"informative","strong","near_knot",10,27,0.986318847839512,0.00553505535055343,0,0.0919999999999987
"V4-CMP-ONE-STAGE-CLUSTER-BB-RESP-v1","V4-TARGET-RESPONDENT-WEIGHTED-v1",0.458487961694615,0.465434869451903,-0.00694690775728851,0.408900589108831,0.511586073182081,0.460243331145456,0.10268548407325,0.0269584363534244,TRUE,199,199,0,"OK","P14-C012",41,30,542,0.3,"informative","strong","near_knot",10,27,0.986318847839512,0.00553505535055343,0,0.0919999999999987
"V4-CMP-IID-RESP-BB-v1","WORKING-INDEPENDENCE-RESPONDENT",0.458487961694615,0.465434869451903,-0.00694690775728851,0.418993748737128,0.508262228433866,0.463627988585497,0.0892684796967378,0.0225583830749408,TRUE,199,199,0,"OK","P14-C012",41,30,542,0.3,"informative","strong","near_knot",10,27,0.986318847839512,0.00553505535055343,0,0.0919999999999987
"V4-CMP-TWO-STAGE-FREQ-BOOT-RESP-v1","V4-TARGET-RESPONDENT-WEIGHTED-v1",0.458487961694615,0.465434869451903,-0.00694690775728851,0.386121668154456,0.522063569502449,0.454092618828452,0.135941901347992,0.0331710155989236,TRUE,199,199,0,"OK","P14-C012",41,30,542,0.3,"informative","strong","near_knot",10,27,0.986318847839512,0.00553505535055343,0,0.0919999999999987
"V4-CMP-MOKKEN-TWOLEVEL-DELTA-v1","V4-TARGET-RESPONDENT-WEIGHTED-v1",0.45848796169463,0.465434869451903,-0.00694690775727347,0.397384345625319,0.519591577763941,0.45848796169463,0.122207232138622,0.03117588718532,TRUE,,,0,"OK","P14-C012",41,30,542,0.3,"informative","strong","near_knot",10,27,0.986318847839512,0.00553505535055343,0,0.0919999999999987
"V4-PRI-TWO-STAGE-HBB-RESP-v1","V4-TARGET-RESPONDENT-WEIGHTED-v1",0.497115089132106,0.465434869451903,0.031680219680203,0.426411337697991,0.570109685439749,0.49826051156887,0.143698347741758,0.0382495041302042,TRUE,199,199,0,"OK","P14-C012",42,30,515,0.3,"informative","strong","near_knot",8,27,0.990567641704724,0.0116504854368931,0,0.088000000000001
"V4-SENS-TWO-STAGE-HBB-CLUSTER-v1","V4-TARGET-EQUAL-CLUSTER-v1",0.496565073244688,0.470076218784656,0.0264888544600328,0.425184953912431,0.578957055626514,0.502071004769473,0.153772101714084,0.0400279044243199,TRUE,199,199,0,"OK","P14-C012",42,30,515,0.3,"informative","strong","near_knot",8,27,0.990567641704724,0.0116504854368931,0,0.088000000000001
"V4-CMP-ONE-STAGE-CLUSTER-BB-RESP-v1","V4-TARGET-RESPONDENT-WEIGHTED-v1",0.497115089132106,0.465434869451903,0.031680219680203,0.447672921522855,0.540795513683141,0.494234217602998,0.0931225921602861,0.0239949438454018,TRUE,199,199,0,"OK","P14-C012",42,30,515,0.3,"informative","strong","near_knot",8,27,0.990567641704724,0.0116504854368931,0,0.088000000000001
"V4-CMP-IID-RESP-BB-v1","WORKING-INDEPENDENCE-RESPONDENT",0.497115089132106,0.465434869451903,0.031680219680203,0.462899535842488,0.538813448774581,0.500856492308535,0.075913912932093,0.0208585948924221,TRUE,199,199,0,"OK","P14-C012",42,30,515,0.3,"informative","strong","near_knot",8,27,0.990567641704724,0.0116504854368931,0,0.088000000000001
"V4-CMP-TWO-STAGE-FREQ-BOOT-RESP-v1","V4-TARGET-RESPONDENT-WEIGHTED-v1",0.497115089132106,0.465434869451903,0.031680219680203,0.425931867149658,0.560634961752682,0.49328341445117,0.134703094603024,0.0352049649842128,TRUE,199,199,0,"OK","P14-C012",42,30,515,0.3,"informative","strong","near_knot",8,27,0.990567641704724,0.0116504854368931,0,0.088000000000001
"V4-CMP-MOKKEN-TWOLEVEL-DELTA-v1","V4-TARGET-RESPONDENT-WEIGHTED-v1",0.497115089132114,0.465434869451903,0.0316802196802105,0.435714282212523,0.558515896051705,0.497115089132114,0.122801613839182,0.0313275179564079,TRUE,,,0,"OK","P14-C012",42,30,515,0.3,"informative","strong","near_knot",8,27,0.990567641704724,0.0116504854368931,0,0.088000000000001
"V4-PRI-TWO-STAGE-HBB-RESP-v1","V4-TARGET-RESPONDENT-WEIGHTED-v1",0.474229083654522,0.465434869451903,0.00879421420261839,0.391944065222807,0.562654698099883,0.477299381661345,0.170710632877076,0.0392211852153962,TRUE,199,199,0,"OK","P14-C012",43,30,495,0.3,"informative","strong","near_knot",7,27,0.990970768236973,0.00202020202020203,0,0.0859999999999985
"V4-SENS-TWO-STAGE-HBB-CLUSTER-v1","V4-TARGET-EQUAL-CLUSTER-v1",0.473621701751083,0.470076218784656,0.00354548296642759,0.38714974825962,0.55111082673384,0.46913028749673,0.163961078474219,0.0391607306196192,TRUE,199,199,0,"OK","P14-C012",43,30,495,0.3,"informative","strong","near_knot",7,27,0.990970768236973,0.00202020202020203,0,0.0859999999999985
"V4-CMP-ONE-STAGE-CLUSTER-BB-RESP-v1","V4-TARGET-RESPONDENT-WEIGHTED-v1",0.474229083654522,0.465434869451903,0.00879421420261839,0.424823736555752,0.525022094811413,0.474922915683582,0.100198358255661,0.0268020807875291,TRUE,199,199,0,"OK","P14-C012",43,30,495,0.3,"informative","strong","near_knot",7,27,0.990970768236973,0.00202020202020203,0,0.0859999999999985
"V4-CMP-IID-RESP-BB-v1","WORKING-INDEPENDENCE-RESPONDENT",0.474229083654522,0.465434869451903,0.00879421420261839,0.428187503348385,0.518538568718498,0.473363036033441,0.0903510653701131,0.0227351534547436,TRUE,199,199,0,"OK","P14-C012",43,30,495,0.3,"informative","strong","near_knot",7,27,0.990970768236973,0.00202020202020203,0,0.0859999999999985
"V4-CMP-TWO-STAGE-FREQ-BOOT-RESP-v1","V4-TARGET-RESPONDENT-WEIGHTED-v1",0.474229083654522,0.465434869451903,0.00879421420261839,0.424315856289958,0.53838742586104,0.481351641075499,0.114071569571081,0.0333126321860567,TRUE,199,199,0,"OK","P14-C012",43,30,495,0.3,"informative","strong","near_knot",7,27,0.990970768236973,0.00202020202020203,0,0.0859999999999985
"V4-CMP-MOKKEN-TWOLEVEL-DELTA-v1","V4-TARGET-RESPONDENT-WEIGHTED-v1",0.47422908365453,0.465434869451903,0.00879421420262627,0.41038095224029,0.53807721506877,0.47422908365453,0.12769626282848,0.0325761758470391,TRUE,,,0,"OK","P14-C012",43,30,495,0.3,"informative","strong","near_knot",7,27,0.990970768236973,0.00202020202020203,0,0.0859999999999985
"V4-PRI-TWO-STAGE-HBB-RESP-v1","V4-TARGET-RESPONDENT-WEIGHTED-v1",0.456248928595508,0.465434869451903,-0.00918594085639574,0.377678594018706,0.515897198931163,0.446787896474935,0.138218604912456,0.0374362916072554,TRUE,199,199,0,"OK","P14-C012",44,30,503,0.3,"informative","strong","near_knot",7,26,0.993731582354934,0.00397614314115313,0,0.088000000000001
"V4-SENS-TWO-STAGE-HBB-CLUSTER-v1","V4-TARGET-EQUAL-CLUSTER-v1",0.471060825396263,0.470076218784656,0.000984606611607153,0.400995856200027,0.540420058428806,0.470707957314416,0.13942420222878,0.0381091935211326,TRUE,199,199,0,"OK","P14-C012",44,30,503,0.3,"informative","strong","near_knot",7,26,0.993731582354934,0.00397614314115313,0,0.088000000000001
"V4-CMP-ONE-STAGE-CLUSTER-BB-RESP-v1","V4-TARGET-RESPONDENT-WEIGHTED-v1",0.456248928595508,0.465434869451903,-0.00918594085639574,0.412580439208615,0.500329577021523,0.456455008115069,0.0877491378129082,0.0248478820776743,TRUE,199,199,0,"OK","P14-C012",44,30,503,0.3,"informative","strong","near_knot",7,26,0.993731582354934,0.00397614314115313,0,0.088000000000001
"V4-CMP-IID-RESP-BB-v1","WORKING-INDEPENDENCE-RESPONDENT",0.456248928595508,0.465434869451903,-0.00918594085639574,0.408829951584487,0.494752779445557,0.451791365515022,0.0859228278610701,0.021771980199667,TRUE,199,199,0,"OK","P14-C012",44,30,503,0.3,"informative","strong","near_knot",7,26,0.993731582354934,0.00397614314115313,0,0.088000000000001
"V4-CMP-TWO-STAGE-FREQ-BOOT-RESP-v1","V4-TARGET-RESPONDENT-WEIGHTED-v1",0.456248928595508,0.465434869451903,-0.00918594085639574,0.390283275088099,0.52605485933063,0.458169067209365,0.135771584242531,0.0345346348122964,TRUE,199,199,0,"OK","P14-C012",44,30,503,0.3,"informative","strong","near_knot",7,26,0.993731582354934,0.00397614314115313,0,0.088000000000001
"V4-CMP-MOKKEN-TWOLEVEL-DELTA-v1","V4-TARGET-RESPONDENT-WEIGHTED-v1",0.456248928595498,0.465434869451903,-0.00918594085640578,0.39349528114247,0.519002576048525,0.456248928595498,0.125507294906054,0.03201775540164,TRUE,,,0,"OK","P14-C012",44,30,503,0.3,"informative","strong","near_knot",7,26,0.993731582354934,0.00397614314115313,0,0.088000000000001
"V4-PRI-TWO-STAGE-HBB-RESP-v1","V4-TARGET-RESPONDENT-WEIGHTED-v1",0.415814279679159,0.465434869451903,-0.0496205897727441,0.335849400070895,0.490693814408907,0.413271607239901,0.154844414338011,0.0384456294629908,TRUE,199,199,0,"OK","P14-C012",45,30,571,0.3,"informative","strong","near_knot",7,25,0.994594507596185,0.00350262697022763,0,0.0959999999999965
"V4-SENS-TWO-STAGE-HBB-CLUSTER-v1","V4-TARGET-EQUAL-CLUSTER-v1",0.432874220839543,0.470076218784656,-0.0372019979451123,0.359226486552284,0.518923297260535,0.439074891906409,0.159696810708251,0.0369205957071081,TRUE,199,199,0,"OK","P14-C012",45,30,571,0.3,"informative","strong","near_knot",7,25,0.994594507596185,0.00350262697022763,0,0.0959999999999965
"V4-CMP-ONE-STAGE-CLUSTER-BB-RESP-v1","V4-TARGET-RESPONDENT-WEIGHTED-v1",0.415814279679159,0.465434869451903,-0.0496205897727441,0.375597247140017,0.458393873280927,0.416995560210472,0.0827966261409094,0.02085804983818,FALSE,199,199,0,"OK","P14-C012",45,30,571,0.3,"informative","strong","near_knot",7,25,0.994594507596185,0.00350262697022763,0,0.0959999999999965
"V4-CMP-IID-RESP-BB-v1","WORKING-INDEPENDENCE-RESPONDENT",0.415814279679159,0.465434869451903,-0.0496205897727441,0.37592569598084,0.460175348991178,0.418050522486009,0.0842496530103379,0.0220082776380026,FALSE,199,199,0,"OK","P14-C012",45,30,571,0.3,"informative","strong","near_knot",7,25,0.994594507596185,0.00350262697022763,0,0.0959999999999965
"V4-CMP-TWO-STAGE-FREQ-BOOT-RESP-v1","V4-TARGET-RESPONDENT-WEIGHTED-v1",0.415814279679159,0.465434869451903,-0.0496205897727441,0.365946820195547,0.483355578743183,0.424651199469365,0.117408758547636,0.0297640552463285,TRUE,199,199,0,"OK","P14-C012",45,30,571,0.3,"informative","strong","near_knot",7,25,0.994594507596185,0.00350262697022763,0,0.0959999999999965
"V4-CMP-MOKKEN-TWOLEVEL-DELTA-v1","V4-TARGET-RESPONDENT-WEIGHTED-v1",0.415814279679174,0.465434869451903,-0.0496205897727291,0.355751045988605,0.475877513369743,0.415814279679174,0.120126467381138,0.0306450700953386,TRUE,,,0,"OK","P14-C012",45,30,571,0.3,"informative","strong","near_knot",7,25,0.994594507596185,0.00350262697022763,0,0.0959999999999965
"V4-PRI-TWO-STAGE-HBB-RESP-v1","V4-TARGET-RESPONDENT-WEIGHTED-v1",0.471247562734738,0.465434869451903,0.00581269328283468,0.40227080616122,0.544860884192981,0.4735658451771,0.142590078031761,0.0374655549822726,TRUE,199,199,0,"OK","P14-C012",46,30,553,0.3,"informative","strong","near_knot",13,26,0.993437808529478,0.00904159132007226,0,0.0910000000000011
"V4-SENS-TWO-STAGE-HBB-CLUSTER-v1","V4-TARGET-EQUAL-CLUSTER-v1",0.475678309253499,0.470076218784656,0.00560209046884375,0.388881806007655,0.547275816099058,0.468078811053357,0.158394010091403,0.0364542130503076,TRUE,199,199,0,"OK","P14-C012",46,30,553,0.3,"informative","strong","near_knot",13,26,0.993437808529478,0.00904159132007226,0,0.0910000000000011
"V4-CMP-ONE-STAGE-CLUSTER-BB-RESP-v1","V4-TARGET-RESPONDENT-WEIGHTED-v1",0.471247562734738,0.465434869451903,0.00581269328283468,0.417569357091122,0.522267574029919,0.46991846556052,0.104698216938797,0.0266121894600373,TRUE,199,199,0,"OK","P14-C012",46,30,553,0.3,"informative","strong","near_knot",13,26,0.993437808529478,0.00904159132007226,0,0.0910000000000011
"V4-CMP-IID-RESP-BB-v1","WORKING-INDEPENDENCE-RESPONDENT",0.471247562734738,0.465434869451903,0.00581269328283468,0.431022154166138,0.512178478866458,0.471600316516298,0.08115632470032,0.0222715673470726,TRUE,199,199,0,"OK","P14-C012",46,30,553,0.3,"informative","strong","near_knot",13,26,0.993437808529478,0.00904159132007226,0,0.0910000000000011
"V4-CMP-TWO-STAGE-FREQ-BOOT-RESP-v1","V4-TARGET-RESPONDENT-WEIGHTED-v1",0.471247562734738,0.465434869451903,0.00581269328283468,0.401427608473591,0.526260229364209,0.4638439189189,0.124832620890618,0.030962982936346,TRUE,199,199,0,"OK","P14-C012",46,30,553,0.3,"informative","strong","near_knot",13,26,0.993437808529478,0.00904159132007226,0,0.0910000000000011
"V4-CMP-MOKKEN-TWOLEVEL-DELTA-v1","V4-TARGET-RESPONDENT-WEIGHTED-v1",0.471247562734724,0.465434869451903,0.00581269328282019,0.410079611278656,0.532415514190791,0.471247562734724,0.122335902912135,0.0312087119653995,TRUE,,,0,"OK","P14-C012",46,30,553,0.3,"informative","strong","near_knot",13,26,0.993437808529478,0.00904159132007226,0,0.0910000000000011
"V4-PRI-TWO-STAGE-HBB-RESP-v1","V4-TARGET-RESPONDENT-WEIGHTED-v1",0.501443501232671,0.465434869451903,0.0360086317807676,0.435567696533711,0.579153268884523,0.507360482709117,0.143585572350812,0.0345559224817858,TRUE,199,199,0,"OK","P14-C012",47,30,500,0.3,"informative","strong","near_knot",7,26,0.989689848448705,0,1,0.0850000000000009
"V4-SENS-TWO-STAGE-HBB-CLUSTER-v1","V4-TARGET-EQUAL-CLUSTER-v1",0.533412487983649,0.470076218784656,0.0633362691989937,0.461967683160348,0.607788354079864,0.534878018620106,0.145820670919516,0.038144228507414,TRUE,199,199,0,"OK","P14-C012",47,30,500,0.3,"informative","strong","near_knot",7,26,0.989689848448705,0,1,0.0850000000000009
"V4-CMP-ONE-STAGE-CLUSTER-BB-RESP-v1","V4-TARGET-RESPONDENT-WEIGHTED-v1",0.501443501232671,0.465434869451903,0.0360086317807676,0.455613421823428,0.542404923378244,0.499009172600836,0.0867915015548156,0.0222698875134243,TRUE,199,199,0,"OK","P14-C012",47,30,500,0.3,"informative","strong","near_knot",7,26,0.989689848448705,0,1,0.0850000000000009
"V4-CMP-IID-RESP-BB-v1","WORKING-INDEPENDENCE-RESPONDENT",0.501443501232671,0.465434869451903,0.0360086317807676,0.455938325515807,0.553123684231281,0.504531004873544,0.0971853587154734,0.0232780731791062,TRUE,199,199,0,"OK","P14-C012",47,30,500,0.3,"informative","strong","near_knot",7,26,0.989689848448705,0,1,0.0850000000000009
"V4-CMP-TWO-STAGE-FREQ-BOOT-RESP-v1","V4-TARGET-RESPONDENT-WEIGHTED-v1",0.501443501232671,0.465434869451903,0.0360086317807676,0.437684716097432,0.573029876562594,0.505357296330013,0.135345160465162,0.0333900767487479,TRUE,199,199,0,"OK","P14-C012",47,30,500,0.3,"informative","strong","near_knot",7,26,0.989689848448705,0,1,0.0850000000000009
"V4-CMP-MOKKEN-TWOLEVEL-DELTA-v1","V4-TARGET-RESPONDENT-WEIGHTED-v1",0.501443501232677,0.465434869451903,0.0360086317807737,0.441460615702981,0.561426386762373,0.501443501232677,0.119965771059392,0.0306040753824221,TRUE,,,0,"OK","P14-C012",47,30,500,0.3,"informative","strong","near_knot",7,26,0.989689848448705,0,1,0.0850000000000009
"V4-PRI-TWO-STAGE-HBB-RESP-v1","V4-TARGET-RESPONDENT-WEIGHTED-v1",0.48493037493038,0.465434869451903,0.0194955054784764,0.418196938363333,0.562251531739499,0.490224235051416,0.144054593376166,0.0356544848986231,TRUE,199,199,0,"OK","P14-C012",48,30,521,0.3,"informative","strong","near_knot",8,28,0.985911646557712,0.00959692898272552,0,0.0859999999999985
"V4-SENS-TWO-STAGE-HBB-CLUSTER-v1","V4-TARGET-EQUAL-CLUSTER-v1",0.489092438473279,0.470076218784656,0.019016219688623,0.405848713140642,0.567722676329287,0.486785694734964,0.161873963188646,0.0401398170220858,TRUE,199,199,0,"OK","P14-C012",48,30,521,0.3,"informative","strong","near_knot",8,28,0.985911646557712,0.00959692898272552,0,0.0859999999999985
"V4-CMP-ONE-STAGE-CLUSTER-BB-RESP-v1","V4-TARGET-RESPONDENT-WEIGHTED-v1",0.48493037493038,0.465434869451903,0.0194955054784764,0.435820842159609,0.535358445168007,0.485589643663808,0.0995376030083985,0.0244905411021349,TRUE,199,199,0,"OK","P14-C012",48,30,521,0.3,"informative","strong","near_knot",8,28,0.985911646557712,0.00959692898272552,0,0.0859999999999985
"V4-CMP-IID-RESP-BB-v1","WORKING-INDEPENDENCE-RESPONDENT",0.48493037493038,0.465434869451903,0.0194955054784764,0.433602903617441,0.529893119628049,0.481748011622745,0.0962902160106079,0.0228190705695607,TRUE,199,199,0,"OK","P14-C012",48,30,521,0.3,"informative","strong","near_knot",8,28,0.985911646557712,0.00959692898272552,0,0.0859999999999985
"V4-CMP-TWO-STAGE-FREQ-BOOT-RESP-v1","V4-TARGET-RESPONDENT-WEIGHTED-v1",0.48493037493038,0.465434869451903,0.0194955054784764,0.419228726839461,0.538959117749613,0.479093922294537,0.119730390910151,0.0300680019134864,TRUE,199,199,0,"OK","P14-C012",48,30,521,0.3,"informative","strong","near_knot",8,28,0.985911646557712,0.00959692898272552,0,0.0859999999999985
"V4-CMP-MOKKEN-TWOLEVEL-DELTA-v1","V4-TARGET-RESPONDENT-WEIGHTED-v1",0.484930374930373,0.465434869451903,0.0194955054784693,0.425674555939043,0.544186193921703,0.484930374930373,0.118511637982659,0.0302331162504679,TRUE,,,0,"OK","P14-C012",48,30,521,0.3,"informative","strong","near_knot",8,28,0.985911646557712,0.00959692898272552,0,0.0859999999999985
"V4-PRI-TWO-STAGE-HBB-RESP-v1","V4-TARGET-RESPONDENT-WEIGHTED-v1",0.512203219617925,0.465434869451903,0.0467683501660217,0.438427938313663,0.578349133387252,0.508388535850458,0.139921195073589,0.0351066714577017,TRUE,199,199,0,"OK","P14-C012",49,30,536,0.3,"informative","strong","near_knot",8,27,0.989456530858001,0.00373134328358204,0,0.0870000000000033
"V4-SENS-TWO-STAGE-HBB-CLUSTER-v1","V4-TARGET-EQUAL-CLUSTER-v1",0.513352347394242,0.470076218784656,0.0432761286095867,0.433570945016438,0.578911347666025,0.506241146341232,0.145340402649588,0.0379282067258996,TRUE,199,199,0,"OK","P14-C012",49,30,536,0.3,"informative","strong","near_knot",8,27,0.989456530858001,0.00373134328358204,0,0.0870000000000033
"V4-CMP-ONE-STAGE-CLUSTER-BB-RESP-v1","V4-TARGET-RESPONDENT-WEIGHTED-v1",0.512203219617925,0.465434869451903,0.0467683501660217,0.458729678289487,0.561691981216451,0.510210829752969,0.102962302926964,0.0247309452874544,TRUE,199,199,0,"OK","P14-C012",49,30,536,0.3,"informative","strong","near_knot",8,27,0.989456530858001,0.00373134328358204,0,0.0870000000000033
"V4-CMP-IID-RESP-BB-v1","WORKING-INDEPENDENCE-RESPONDENT",0.512203219617925,0.465434869451903,0.0467683501660217,0.467361707944542,0.548731088406178,0.50804639817536,0.0813693804616353,0.0220110940577489,FALSE,199,199,0,"OK","P14-C012",49,30,536,0.3,"informative","strong","near_knot",8,27,0.989456530858001,0.00373134328358204,0,0.0870000000000033
"V4-CMP-TWO-STAGE-FREQ-BOOT-RESP-v1","V4-TARGET-RESPONDENT-WEIGHTED-v1",0.512203219617925,0.465434869451903,0.0467683501660217,0.443480939922361,0.573898606602437,0.508689773262399,0.130417666680076,0.0353876293248117,TRUE,199,199,0,"OK","P14-C012",49,30,536,0.3,"informative","strong","near_knot",8,27,0.989456530858001,0.00373134328358204,0,0.0870000000000033
"V4-CMP-MOKKEN-TWOLEVEL-DELTA-v1","V4-TARGET-RESPONDENT-WEIGHTED-v1",0.512203219617924,0.465434869451903,0.0467683501660203,0.451060514353602,0.573345924882246,0.512203219617924,0.122285410528644,0.0311958310186351,TRUE,,,0,"OK","P14-C012",49,30,536,0.3,"informative","strong","near_knot",8,27,0.989456530858001,0.00373134328358204,0,0.0870000000000033
"V4-PRI-TWO-STAGE-HBB-RESP-v1","V4-TARGET-RESPONDENT-WEIGHTED-v1",0.454287562408745,0.465434869451903,-0.0111473070431581,0.396953976669089,0.527967197227556,0.462460586948322,0.131013220558468,0.0323648249184132,TRUE,199,199,0,"OK","P14-C012",50,30,556,0.3,"informative","strong","near_knot",8,27,0.991946620394112,0.00179856115107913,0,0.103000000000002
"V4-SENS-TWO-STAGE-HBB-CLUSTER-v1","V4-TARGET-EQUAL-CLUSTER-v1",0.452484010567366,0.470076218784656,-0.01759220821729,0.377325967125697,0.515038372718038,0.446182169921867,0.13771240559234,0.0335975172532261,TRUE,199,199,0,"OK","P14-C012",50,30,556,0.3,"informative","strong","near_knot",8,27,0.991946620394112,0.00179856115107913,0,0.103000000000002
"V4-CMP-ONE-STAGE-CLUSTER-BB-RESP-v1","V4-TARGET-RESPONDENT-WEIGHTED-v1",0.454287562408745,0.465434869451903,-0.0111473070431581,0.407183982398036,0.495567509180279,0.451375745789158,0.0883835267822425,0.0231063655638301,TRUE,199,199,0,"OK","P14-C012",50,30,556,0.3,"informative","strong","near_knot",8,27,0.991946620394112,0.00179856115107913,0,0.103000000000002
"V4-CMP-IID-RESP-BB-v1","WORKING-INDEPENDENCE-RESPONDENT",0.454287562408745,0.465434869451903,-0.0111473070431581,0.408853791932057,0.501407230625681,0.455130511278869,0.0925534386936234,0.0238117929586952,TRUE,199,199,0,"OK","P14-C012",50,30,556,0.3,"informative","strong","near_knot",8,27,0.991946620394112,0.00179856115107913,0,0.103000000000002
"V4-CMP-TWO-STAGE-FREQ-BOOT-RESP-v1","V4-TARGET-RESPONDENT-WEIGHTED-v1",0.454287562408745,0.465434869451903,-0.0111473070431581,0.387551645975053,0.522487392572134,0.455019519273593,0.134935746597081,0.0347126922247102,TRUE,199,199,0,"OK","P14-C012",50,30,556,0.3,"informative","strong","near_knot",8,27,0.991946620394112,0.00179856115107913,0,0.103000000000002
"V4-CMP-MOKKEN-TWOLEVEL-DELTA-v1","V4-TARGET-RESPONDENT-WEIGHTED-v1",0.454287562408735,0.465434869451903,-0.0111473070431682,0.396214632430764,0.512360492386706,0.454287562408735,0.116145859955942,0.0296295903578041,TRUE,,,0,"OK","P14-C012",50,30,556,0.3,"informative","strong","near_knot",8,27,0.991946620394112,0.00179856115107913,0,0.103000000000002
"V4-PRI-TWO-STAGE-HBB-RESP-v1","V4-TARGET-RESPONDENT-WEIGHTED-v1",0.470123774961932,0.465434869451903,0.00468890551002815,0.400319186984697,0.532216721285941,0.466267954135319,0.131897534301244,0.0343904589034074,TRUE,199,199,0,"OK","P14-C012",51,30,506,0.3,"informative","strong","near_knot",9,26,0.990876148026273,0,1,0.0839999999999961
"V4-SENS-TWO-STAGE-HBB-CLUSTER-v1","V4-TARGET-EQUAL-CLUSTER-v1",0.468944441118506,0.470076218784656,-0.00113177766614941,0.399801917644348,0.555713040612124,0.477757479128236,0.155911122967776,0.038351797663625,TRUE,199,199,0,"OK","P14-C012",51,30,506,0.3,"informative","strong","near_knot",9,26,0.990876148026273,0,1,0.0839999999999961
"V4-CMP-ONE-STAGE-CLUSTER-BB-RESP-v1","V4-TARGET-RESPONDENT-WEIGHTED-v1",0.470123774961932,0.465434869451903,0.00468890551002815,0.420170981780659,0.516543024413957,0.468357003097308,0.0963720426332975,0.0251059342561831,TRUE,199,199,0,"OK","P14-C012",51,30,506,0.3,"informative","strong","near_knot",9,26,0.990876148026273,0,1,0.0839999999999961
"V4-CMP-IID-RESP-BB-v1","WORKING-INDEPENDENCE-RESPONDENT",0.470123774961932,0.465434869451903,0.00468890551002815,0.42117426423641,0.51066416124135,0.46591921273888,0.08948989700494,0.0222493068227017,TRUE,199,199,0,"OK","P14-C012",51,30,506,0.3,"informative","strong","near_knot",9,26,0.990876148026273,0,1,0.0839999999999961
"V4-CMP-TWO-STAGE-FREQ-BOOT-RESP-v1","V4-TARGET-RESPONDENT-WEIGHTED-v1",0.470123774961932,0.465434869451903,0.00468890551002815,0.409104052785955,0.518415211803458,0.463759632294707,0.109311159017503,0.0306072403997212,TRUE,199,199,0,"OK","P14-C012",51,30,506,0.3,"informative","strong","near_knot",9,26,0.990876148026273,0,1,0.0839999999999961
"V4-CMP-MOKKEN-TWOLEVEL-DELTA-v1","V4-TARGET-RESPONDENT-WEIGHTED-v1",0.470123774961923,0.465434869451903,0.00468890551001944,0.411970656790563,0.528276893133283,0.470123774961923,0.116306236342719,0.0296705034531573,TRUE,,,0,"OK","P14-C012",51,30,506,0.3,"informative","strong","near_knot",9,26,0.990876148026273,0,1,0.0839999999999961
"V4-PRI-TWO-STAGE-HBB-RESP-v1","V4-TARGET-RESPONDENT-WEIGHTED-v1",0.446455290256633,0.465434869451903,-0.0189795791952703,0.378750271646444,0.518973184381266,0.448861728013855,0.140222912734821,0.0366868533474959,TRUE,199,199,0,"OK","P14-C012",52,30,486,0.3,"informative","strong","near_knot",9,24,0.996693554117481,0,1,0.0829999999999984
"V4-SENS-TWO-STAGE-HBB-CLUSTER-v1","V4-TARGET-EQUAL-CLUSTER-v1",0.441569347156718,0.470076218784656,-0.028506871627938,0.364252444320311,0.514303642581565,0.439278043450938,0.150051198261254,0.0396321218467086,TRUE,199,199,0,"OK","P14-C012",52,30,486,0.3,"informative","strong","near_knot",9,24,0.996693554117481,0,1,0.0829999999999984
"V4-CMP-ONE-STAGE-CLUSTER-BB-RESP-v1","V4-TARGET-RESPONDENT-WEIGHTED-v1",0.446455290256633,0.465434869451903,-0.0189795791952703,0.403194661007707,0.497859397051907,0.450527029029807,0.0946647360441999,0.0234268041583251,TRUE,199,199,0,"OK","P14-C012",52,30,486,0.3,"informative","strong","near_knot",9,24,0.996693554117481,0,1,0.0829999999999984
"V4-CMP-IID-RESP-BB-v1","WORKING-INDEPENDENCE-RESPONDENT",0.446455290256633,0.465434869451903,-0.0189795791952703,0.400414510944588,0.49830723224497,0.449360871594779,0.0978927213003818,0.0238579211965364,TRUE,199,199,0,"OK","P14-C012",52,30,486,0.3,"informative","strong","near_knot",9,24,0.996693554117481,0,1,0.0829999999999984
"V4-CMP-TWO-STAGE-FREQ-BOOT-RESP-v1","V4-TARGET-RESPONDENT-WEIGHTED-v1",0.446455290256633,0.465434869451903,-0.0189795791952703,0.379111623452434,0.506681372804048,0.442896498128241,0.127569749351615,0.0331986693957763,TRUE,199,199,0,"OK","P14-C012",52,30,486,0.3,"informative","strong","near_knot",9,24,0.996693554117481,0,1,0.0829999999999984
"V4-CMP-MOKKEN-TWOLEVEL-DELTA-v1","V4-TARGET-RESPONDENT-WEIGHTED-v1",0.44645529025662,0.465434869451903,-0.0189795791952836,0.386582263182684,0.506328317330556,0.44645529025662,0.119746054147871,0.0305480241199362,TRUE,,,0,"OK","P14-C012",52,30,486,0.3,"informative","strong","near_knot",9,24,0.996693554117481,0,1,0.0829999999999984
"V4-PRI-TWO-STAGE-HBB-RESP-v1","V4-TARGET-RESPONDENT-WEIGHTED-v1",0.456710406843864,0.465434869451903,-0.00872446260803922,0.371691178999217,0.533121251800384,0.4524062153998,0.161430072801167,0.0426625146954336,TRUE,199,199,0,"OK","P14-C012",53,30,547,0.3,"informative","strong","near_knot",7,28,0.980656636731129,0.00548446069469838,0,0.100000000000001
"V4-SENS-TWO-STAGE-HBB-CLUSTER-v1","V4-TARGET-EQUAL-CLUSTER-v1",0.469551204419474,0.470076218784656,-0.000525014365181931,0.378291816338787,0.550319762948787,0.464305789643787,0.17202794661,0.0430053332138884,TRUE,199,199,0,"OK","P14-C012",53,30,547,0.3,"informative","strong","near_knot",7,28,0.980656636731129,0.00548446069469838,0,0.100000000000001
"V4-CMP-ONE-STAGE-CLUSTER-BB-RESP-v1","V4-TARGET-RESPONDENT-WEIGHTED-v1",0.456710406843864,0.465434869451903,-0.00872446260803922,0.403849111204302,0.500666413036111,0.452257762120206,0.0968173018318096,0.0251710332317281,TRUE,199,199,0,"OK","P14-C012",53,30,547,0.3,"informative","strong","near_knot",7,28,0.980656636731129,0.00548446069469838,0,0.100000000000001
"V4-CMP-IID-RESP-BB-v1","WORKING-INDEPENDENCE-RESPONDENT",0.456710406843864,0.465434869451903,-0.00872446260803922,0.40398146019564,0.501285612310072,0.452633536252856,0.0973041521144321,0.0228060309950651,TRUE,199,199,0,"OK","P14-C012",53,30,547,0.3,"informative","strong","near_knot",7,28,0.980656636731129,0.00548446069469838,0,0.100000000000001
"V4-CMP-TWO-STAGE-FREQ-BOOT-RESP-v1","V4-TARGET-RESPONDENT-WEIGHTED-v1",0.456710406843864,0.465434869451903,-0.00872446260803922,0.396138857081779,0.523031631903372,0.459585244492575,0.126892774821592,0.0316841768182955,TRUE,199,199,0,"OK","P14-C012",53,30,547,0.3,"informative","strong","near_knot",7,28,0.980656636731129,0.00548446069469838,0,0.100000000000001
"V4-CMP-MOKKEN-TWOLEVEL-DELTA-v1","V4-TARGET-RESPONDENT-WEIGHTED-v1",0.456710406843877,0.465434869451903,-0.00872446260802617,0.393627943075507,0.519792870612248,0.456710406843877,0.126164927536741,0.0321855219105844,TRUE,,,0,"OK","P14-C012",53,30,547,0.3,"informative","strong","near_knot",7,28,0.980656636731129,0.00548446069469838,0,0.100000000000001
"V4-PRI-TWO-STAGE-HBB-RESP-v1","V4-TARGET-RESPONDENT-WEIGHTED-v1",0.481555183124063,0.465434869451903,0.0161203136721592,0.401104610832589,0.566952777512091,0.48402869417234,0.165848166679502,0.042778537339037,TRUE,199,199,0,"OK","P14-C012",54,30,480,0.3,"informative","strong","near_knot",6,27,0.98876509801316,0.00208333333333333,0,0.0820000000000007
"V4-SENS-TWO-STAGE-HBB-CLUSTER-v1","V4-TARGET-EQUAL-CLUSTER-v1",0.476908677958958,0.470076218784656,0.00683245917430242,0.39613995291922,0.555572721505214,0.475856337212217,0.159432768585994,0.040639112936794,TRUE,199,199,0,"OK","P14-C012",54,30,480,0.3,"informative","strong","near_knot",6,27,0.98876509801316,0.00208333333333333,0,0.0820000000000007
"V4-CMP-ONE-STAGE-CLUSTER-BB-RESP-v1","V4-TARGET-RESPONDENT-WEIGHTED-v1",0.481555183124063,0.465434869451903,0.0161203136721592,0.411074481375428,0.534769737165098,0.472922109270263,0.123695255789669,0.0311208204663384,TRUE,199,199,0,"OK","P14-C012",54,30,480,0.3,"informative","strong","near_knot",6,27,0.98876509801316,0.00208333333333333,0,0.0820000000000007
"V4-CMP-IID-RESP-BB-v1","WORKING-INDEPENDENCE-RESPONDENT",0.481555183124063,0.465434869451903,0.0161203136721592,0.439074614438052,0.52467917455405,0.481876894496051,0.0856045601159987,0.022276656761038,TRUE,199,199,0,"OK","P14-C012",54,30,480,0.3,"informative","strong","near_knot",6,27,0.98876509801316,0.00208333333333333,0,0.0820000000000007
"V4-CMP-TWO-STAGE-FREQ-BOOT-RESP-v1","V4-TARGET-RESPONDENT-WEIGHTED-v1",0.481555183124063,0.465434869451903,0.0161203136721592,0.399948893645483,0.55287656860233,0.476412731123907,0.152927674956847,0.0394179075369187,TRUE,199,199,0,"OK","P14-C012",54,30,480,0.3,"informative","strong","near_knot",6,27,0.98876509801316,0.00208333333333333,0,0.0820000000000007
"V4-CMP-MOKKEN-TWOLEVEL-DELTA-v1","V4-TARGET-RESPONDENT-WEIGHTED-v1",0.481555183124062,0.465434869451903,0.016120313672158,0.417209684070712,0.545900682177411,0.481555183124062,0.128690998106699,0.0328299395095515,TRUE,,,0,"OK","P14-C012",54,30,480,0.3,"informative","strong","near_knot",6,27,0.98876509801316,0.00208333333333333,0,0.0820000000000007
"V4-PRI-TWO-STAGE-HBB-RESP-v1","V4-TARGET-RESPONDENT-WEIGHTED-v1",0.438606051834817,0.465434869451903,-0.0268288176170869,0.364582757314944,0.517185954026793,0.440884355670869,0.152603196711848,0.0391478762867486,TRUE,199,199,0,"OK","P14-C012",55,30,541,0.3,"informative","strong","near_knot",10,26,0.99533851447973,0,1,0.0889999999999986
"V4-SENS-TWO-STAGE-HBB-CLUSTER-v1","V4-TARGET-EQUAL-CLUSTER-v1",0.451097436708202,0.470076218784656,-0.0189787820764535,0.381207949286253,0.52436892884083,0.452788439063541,0.143160979554577,0.0353505323283528,TRUE,199,199,0,"OK","P14-C012",55,30,541,0.3,"informative","strong","near_knot",10,26,0.99533851447973,0,1,0.0889999999999986
"V4-CMP-ONE-STAGE-CLUSTER-BB-RESP-v1","V4-TARGET-RESPONDENT-WEIGHTED-v1",0.438606051834817,0.465434869451903,-0.0268288176170869,0.389508203064902,0.489002503790262,0.439255353427582,0.0994943007253599,0.02497323789329,TRUE,199,199,0,"OK","P14-C012",55,30,541,0.3,"informative","strong","near_knot",10,26,0.99533851447973,0,1,0.0889999999999986
"V4-CMP-IID-RESP-BB-v1","WORKING-INDEPENDENCE-RESPONDENT",0.438606051834817,0.465434869451903,-0.0268288176170869,0.400756603109165,0.480040309306546,0.440398456207856,0.0792837061973807,0.0225285524968749,TRUE,199,199,0,"OK","P14-C012",55,30,541,0.3,"informative","strong","near_knot",10,26,0.99533851447973,0,1,0.0889999999999986
"V4-CMP-TWO-STAGE-FREQ-BOOT-RESP-v1","V4-TARGET-RESPONDENT-WEIGHTED-v1",0.438606051834817,0.465434869451903,-0.0268288176170869,0.364327679231112,0.511193357885121,0.437760518558116,0.146865678654009,0.0355180640787217,TRUE,199,199,0,"OK","P14-C012",55,30,541,0.3,"informative","strong","near_knot",10,26,0.99533851447973,0,1,0.0889999999999986
"V4-CMP-MOKKEN-TWOLEVEL-DELTA-v1","V4-TARGET-RESPONDENT-WEIGHTED-v1",0.438606051834809,0.465434869451903,-0.0268288176170945,0.376214301892967,0.500997801776651,0.438606051834809,0.124783499883684,0.0318331104214058,TRUE,,,0,"OK","P14-C012",55,30,541,0.3,"informative","strong","near_knot",10,26,0.99533851447973,0,1,0.0889999999999986
"V4-PRI-TWO-STAGE-HBB-RESP-v1","V4-TARGET-RESPONDENT-WEIGHTED-v1",0.402988728515325,0.465434869451903,-0.0624461409365781,0.316867919715784,0.478644024154324,0.397755971935054,0.16177610443854,0.0389588552657045,TRUE,199,199,0,"OK","P14-C012",56,30,472,0.3,"informative","strong","near_knot",8,22,0.993138967435355,0.00423728813559321,0,0.0810000000000031
"V4-SENS-TWO-STAGE-HBB-CLUSTER-v1","V4-TARGET-EQUAL-CLUSTER-v1",0.408443745084149,0.470076218784656,-0.0616324737005071,0.325431449643756,0.490373127573694,0.407902288608725,0.164941677929938,0.0401217023186688,TRUE,199,199,0,"OK","P14-C012",56,30,472,0.3,"informative","strong","near_knot",8,22,0.993138967435355,0.00423728813559321,0,0.0810000000000031
"V4-CMP-ONE-STAGE-CLUSTER-BB-RESP-v1","V4-TARGET-RESPONDENT-WEIGHTED-v1",0.402988728515325,0.465434869451903,-0.0624461409365781,0.342453031345107,0.449771958343096,0.396112494844102,0.107318926997989,0.0254216196383257,FALSE,199,199,0,"OK","P14-C012",56,30,472,0.3,"informative","strong","near_knot",8,22,0.993138967435355,0.00423728813559321,0,0.0810000000000031
"V4-CMP-IID-RESP-BB-v1","WORKING-INDEPENDENCE-RESPONDENT",0.402988728515325,0.465434869451903,-0.0624461409365781,0.350883158045102,0.451735137782705,0.401309147913903,0.100851979737603,0.0268631527057353,FALSE,199,199,0,"OK","P14-C012",56,30,472,0.3,"informative","strong","near_knot",8,22,0.993138967435355,0.00423728813559321,0,0.0810000000000031
"V4-CMP-TWO-STAGE-FREQ-BOOT-RESP-v1","V4-TARGET-RESPONDENT-WEIGHTED-v1",0.402988728515325,0.465434869451903,-0.0624461409365781,0.336486284053405,0.475490340501974,0.40598831227769,0.139004056448569,0.0349448007705426,TRUE,199,199,0,"OK","P14-C012",56,30,472,0.3,"informative","strong","near_knot",8,22,0.993138967435355,0.00423728813559321,0,0.0810000000000031
"V4-CMP-MOKKEN-TWOLEVEL-DELTA-v1","V4-TARGET-RESPONDENT-WEIGHTED-v1",0.402988728515326,0.465434869451903,-0.0624461409365774,0.339033641748464,0.466943815282188,0.402988728515326,0.127910173533723,0.0326307459072367,TRUE,,,0,"OK","P14-C012",56,30,472,0.3,"informative","strong","near_knot",8,22,0.993138967435355,0.00423728813559321,0,0.0810000000000031
"V4-PRI-TWO-STAGE-HBB-RESP-v1","V4-TARGET-RESPONDENT-WEIGHTED-v1",0.434584653841007,0.465434869451903,-0.030850215610897,0.365897612778069,0.509631902160165,0.437764757469117,0.143734289382096,0.0361347912524168,TRUE,199,199,0,"OK","P14-C012",57,30,477,0.3,"informative","strong","near_knot",7,26,0.990167106297655,0.00419287211740038,0,0.0799999999999983
"V4-SENS-TWO-STAGE-HBB-CLUSTER-v1","V4-TARGET-EQUAL-CLUSTER-v1",0.447197102194979,0.470076218784656,-0.0228791165896762,0.373034624014062,0.529410373421998,0.45122249871803,0.156375749407936,0.0398346172214092,TRUE,199,199,0,"OK","P14-C012",57,30,477,0.3,"informative","strong","near_knot",7,26,0.990167106297655,0.00419287211740038,0,0.0799999999999983
"V4-CMP-ONE-STAGE-CLUSTER-BB-RESP-v1","V4-TARGET-RESPONDENT-WEIGHTED-v1",0.434584653841007,0.465434869451903,-0.030850215610897,0.394708372502585,0.485007409916756,0.439857891209671,0.0902990374141712,0.0222720584663141,TRUE,199,199,0,"OK","P14-C012",57,30,477,0.3,"informative","strong","near_knot",7,26,0.990167106297655,0.00419287211740038,0,0.0799999999999983
"V4-CMP-IID-RESP-BB-v1","WORKING-INDEPENDENCE-RESPONDENT",0.434584653841007,0.465434869451903,-0.030850215610897,0.377492211968693,0.472960712398435,0.425226462183564,0.095468500429742,0.0222034556045426,TRUE,199,199,0,"OK","P14-C012",57,30,477,0.3,"informative","strong","near_knot",7,26,0.990167106297655,0.00419287211740038,0,0.0799999999999983
"V4-CMP-TWO-STAGE-FREQ-BOOT-RESP-v1","V4-TARGET-RESPONDENT-WEIGHTED-v1",0.434584653841007,0.465434869451903,-0.030850215610897,0.372442875908426,0.503859624260126,0.438151250084276,0.1314167483517,0.032234716813288,TRUE,199,199,0,"OK","P14-C012",57,30,477,0.3,"informative","strong","near_knot",7,26,0.990167106297655,0.00419287211740038,0,0.0799999999999983
"V4-CMP-MOKKEN-TWOLEVEL-DELTA-v1","V4-TARGET-RESPONDENT-WEIGHTED-v1",0.434584653841003,0.465434869451903,-0.0308502156109004,0.373138593412351,0.496030714269655,0.434584653841003,0.122892120857304,0.0313506069057037,TRUE,,,0,"OK","P14-C012",57,30,477,0.3,"informative","strong","near_knot",7,26,0.990167106297655,0.00419287211740038,0,0.0799999999999983
"V4-PRI-TWO-STAGE-HBB-RESP-v1","V4-TARGET-RESPONDENT-WEIGHTED-v1",0.487669734144946,0.465434869451903,0.0222348646930428,0.409948361666108,0.568781849552176,0.489365105609142,0.158833487886068,0.0405026584640099,TRUE,199,199,0,"OK","P14-C012",58,30,474,0.3,"informative","strong","near_knot",7,25,0.990682199990058,0.00421940928270037,0,0.0930000000000035
"V4-SENS-TWO-STAGE-HBB-CLUSTER-v1","V4-TARGET-EQUAL-CLUSTER-v1",0.502760277336842,0.470076218784656,0.032684058552186,0.422141607517091,0.572034059844542,0.497087833680817,0.149892452327451,0.0386613726842168,TRUE,199,199,0,"OK","P14-C012",58,30,474,0.3,"informative","strong","near_knot",7,25,0.990682199990058,0.00421940928270037,0,0.0930000000000035
"V4-CMP-ONE-STAGE-CLUSTER-BB-RESP-v1","V4-TARGET-RESPONDENT-WEIGHTED-v1",0.487669734144946,0.465434869451903,0.0222348646930428,0.438587632034008,0.532691455628428,0.485639543831218,0.0941038235944198,0.024072332178079,TRUE,199,199,0,"OK","P14-C012",58,30,474,0.3,"informative","strong","near_knot",7,25,0.990682199990058,0.00421940928270037,0,0.0930000000000035
"V4-CMP-IID-RESP-BB-v1","WORKING-INDEPENDENCE-RESPONDENT",0.487669734144946,0.465434869451903,0.0222348646930428,0.444688875581476,0.53816650313268,0.491427689357078,0.093477627551204,0.0242519802300566,TRUE,199,199,0,"OK","P14-C012",58,30,474,0.3,"informative","strong","near_knot",7,25,0.990682199990058,0.00421940928270037,0,0.0930000000000035
"V4-CMP-TWO-STAGE-FREQ-BOOT-RESP-v1","V4-TARGET-RESPONDENT-WEIGHTED-v1",0.487669734144946,0.465434869451903,0.0222348646930428,0.417407083021448,0.553904164509422,0.485655623765435,0.136497081487974,0.0347162150914611,TRUE,199,199,0,"OK","P14-C012",58,30,474,0.3,"informative","strong","near_knot",7,25,0.990682199990058,0.00421940928270037,0,0.0930000000000035
"V4-CMP-MOKKEN-TWOLEVEL-DELTA-v1","V4-TARGET-RESPONDENT-WEIGHTED-v1",0.487669734144958,0.465434869451903,0.0222348646930548,0.423918942051694,0.551420526238223,0.487669734144958,0.127501584186529,0.0325265120155895,TRUE,,,0,"OK","P14-C012",58,30,474,0.3,"informative","strong","near_knot",7,25,0.990682199990058,0.00421940928270037,0,0.0930000000000035
"V4-PRI-TWO-STAGE-HBB-RESP-v1","V4-TARGET-RESPONDENT-WEIGHTED-v1",0.493422468986694,0.465434869451903,0.0279875995347907,0.43188333680118,0.584464690271094,0.508174013536137,0.152581353469914,0.0369838615681177,TRUE,199,199,0,"OK","P14-C012",59,30,527,0.3,"informative","strong","near_knot",6,25,0.98485721249639,0.00189753320683109,0,0.0859999999999985
"V4-SENS-TWO-STAGE-HBB-CLUSTER-v1","V4-TARGET-EQUAL-CLUSTER-v1",0.518036896035137,0.470076218784656,0.0479606772504816,0.442865565246121,0.596350862989213,0.519608214117667,0.153485297743092,0.0369602810272574,TRUE,199,199,0,"OK","P14-C012",59,30,527,0.3,"informative","strong","near_knot",6,25,0.98485721249639,0.00189753320683109,0,0.0859999999999985
"V4-CMP-ONE-STAGE-CLUSTER-BB-RESP-v1","V4-TARGET-RESPONDENT-WEIGHTED-v1",0.493422468986694,0.465434869451903,0.0279875995347907,0.444441817857669,0.535552618236967,0.489997218047318,0.0911108003792984,0.0229000095539553,TRUE,199,199,0,"OK","P14-C012",59,30,527,0.3,"informative","strong","near_knot",6,25,0.98485721249639,0.00189753320683109,0,0.0859999999999985
"V4-CMP-IID-RESP-BB-v1","WORKING-INDEPENDENCE-RESPONDENT",0.493422468986694,0.465434869451903,0.0279875995347907,0.446811656999228,0.533159738909242,0.489985697954235,0.0863480819100135,0.0235951498145394,TRUE,199,199,0,"OK","P14-C012",59,30,527,0.3,"informative","strong","near_knot",6,25,0.98485721249639,0.00189753320683109,0,0.0859999999999985
"V4-CMP-TWO-STAGE-FREQ-BOOT-RESP-v1","V4-TARGET-RESPONDENT-WEIGHTED-v1",0.493422468986694,0.465434869451903,0.0279875995347907,0.435239879050847,0.553409559895699,0.494324719473273,0.118169680844852,0.0315779042495794,TRUE,199,199,0,"OK","P14-C012",59,30,527,0.3,"informative","strong","near_knot",6,25,0.98485721249639,0.00189753320683109,0,0.0859999999999985
"V4-CMP-MOKKEN-TWOLEVEL-DELTA-v1","V4-TARGET-RESPONDENT-WEIGHTED-v1",0.493422468986673,0.465434869451903,0.0279875995347695,0.431187783287904,0.555657154685442,0.493422468986673,0.124469371397538,0.0317529741309883,TRUE,,,0,"OK","P14-C012",59,30,527,0.3,"informative","strong","near_knot",6,25,0.98485721249639,0.00189753320683109,0,0.0859999999999985
"V4-PRI-TWO-STAGE-HBB-RESP-v1","V4-TARGET-RESPONDENT-WEIGHTED-v1",0.536077068956693,0.465434869451903,0.0706421995047897,0.457022835046086,0.605804165451412,0.531413500248749,0.148781330405326,0.0378136268546808,TRUE,199,199,0,"OK","P14-C012",60,30,539,0.3,"informative","strong","near_knot",6,27,0.988776889909672,0,1,0.0859999999999985
"V4-SENS-TWO-STAGE-HBB-CLUSTER-v1","V4-TARGET-EQUAL-CLUSTER-v1",0.544710016521457,0.470076218784656,0.0746337977368013,0.468022568075442,0.612541831517479,0.540282199796461,0.144519263442037,0.0351378044896724,TRUE,199,199,0,"OK","P14-C012",60,30,539,0.3,"informative","strong","near_knot",6,27,0.988776889909672,0,1,0.0859999999999985
"V4-CMP-ONE-STAGE-CLUSTER-BB-RESP-v1","V4-TARGET-RESPONDENT-WEIGHTED-v1",0.536077068956693,0.465434869451903,0.0706421995047897,0.480016705339066,0.591818566377765,0.535917635858415,0.111801861038699,0.0246418419865305,FALSE,199,199,0,"OK","P14-C012",60,30,539,0.3,"informative","strong","near_knot",6,27,0.988776889909672,0,1,0.0859999999999985
"V4-CMP-IID-RESP-BB-v1","WORKING-INDEPENDENCE-RESPONDENT",0.536077068956693,0.465434869451903,0.0706421995047897,0.491581845664154,0.577321455268162,0.534451650466158,0.0857396096040075,0.0217972330653601,FALSE,199,199,0,"OK","P14-C012",60,30,539,0.3,"informative","strong","near_knot",6,27,0.988776889909672,0,1,0.0859999999999985
"V4-CMP-TWO-STAGE-FREQ-BOOT-RESP-v1","V4-TARGET-RESPONDENT-WEIGHTED-v1",0.536077068956693,0.465434869451903,0.0706421995047897,0.47462454412566,0.590255162526924,0.532439853326292,0.115630618401265,0.0299559233943319,FALSE,199,199,0,"OK","P14-C012",60,30,539,0.3,"informative","strong","near_knot",6,27,0.988776889909672,0,1,0.0859999999999985
"V4-CMP-MOKKEN-TWOLEVEL-DELTA-v1","V4-TARGET-RESPONDENT-WEIGHTED-v1",0.536077068956687,0.465434869451903,0.0706421995047837,0.477459649600472,0.594694488312902,0.536077068956687,0.11723483871243,0.0299073961657365,FALSE,,,0,"OK","P14-C012",60,30,539,0.3,"informative","strong","near_knot",6,27,0.988776889909672,0,1,0.0859999999999985
