"method_id","target_id","point_estimate","truth","bias","lower","upper","center","interval_length","se_equivalent","cover","defined_draws","total_draws","invalid_fraction","status","cell_id","replication","G","N","latent_icc","size_mechanism","strength","regularity","minimum_cluster_size","maximum_cluster_size","size_effect_correlation","sample_minimum_internal_cdf_gap","sample_exact_knot_count","replication_elapsed_seconds"
"V4-PRI-TWO-STAGE-HBB-RESP-v1","V4-TARGET-RESPONDENT-WEIGHTED-v1",0.139049714930982,0.117439750744257,0.0216099641867243,0.0787328501609207,0.193378101937197,0.136055476049059,0.114645251776276,0.028221076734614,TRUE,199,199,0,"OK","P14-C010",1,30,600,0.05,"balanced","weak","exact_knot",20,20,0,0,1,0.100000000000001
"V4-SENS-TWO-STAGE-HBB-CLUSTER-v1","V4-TARGET-EQUAL-CLUSTER-v1",0.139049714930982,0.117439750744257,0.0216099641867243,0.0840382828414965,0.196251304811415,0.140144793826456,0.112213021969919,0.0290417188414991,TRUE,199,199,0,"OK","P14-C010",1,30,600,0.05,"balanced","weak","exact_knot",20,20,0,0,1,0.100000000000001
"V4-CMP-ONE-STAGE-CLUSTER-BB-RESP-v1","V4-TARGET-RESPONDENT-WEIGHTED-v1",0.139049714930982,0.117439750744257,0.0216099641867243,0.106623693993745,0.176480979571142,0.141552336782444,0.0698572855773969,0.0162100909011233,TRUE,199,199,0,"OK","P14-C010",1,30,600,0.05,"balanced","weak","exact_knot",20,20,0,0,1,0.100000000000001
"V4-CMP-IID-RESP-BB-v1","WORKING-INDEPENDENCE-RESPONDENT",0.139049714930982,0.117439750744257,0.0216099641867243,0.108501277836434,0.175967416530266,0.14223434718335,0.0674661386938324,0.0176509001210894,TRUE,199,199,0,"OK","P14-C010",1,30,600,0.05,"balanced","weak","exact_knot",20,20,0,0,1,0.100000000000001
"V4-CMP-TWO-STAGE-FREQ-BOOT-RESP-v1","V4-TARGET-RESPONDENT-WEIGHTED-v1",0.139049714930982,0.117439750744257,0.0216099641867243,0.0899051692144388,0.196393249367013,0.143149209290726,0.106488080152574,0.0261439888855852,TRUE,199,199,0,"OK","P14-C010",1,30,600,0.05,"balanced","weak","exact_knot",20,20,0,0,1,0.100000000000001
"V4-CMP-MOKKEN-TWOLEVEL-DELTA-v1","V4-TARGET-RESPONDENT-WEIGHTED-v1",0.139049714930972,0.117439750744257,0.0216099641867149,0.0930684097437973,0.185031020118147,0.139049714930972,0.0919626103743495,0.023460280673456,TRUE,,,0,"OK","P14-C010",1,30,600,0.05,"balanced","weak","exact_knot",20,20,0,0,1,0.100000000000001
"V4-PRI-TWO-STAGE-HBB-RESP-v1","V4-TARGET-RESPONDENT-WEIGHTED-v1",0.132981657909795,0.117439750744257,0.0155419071655374,0.08247754515773,0.193545209617677,0.138011377387703,0.111067664459947,0.0273451196729765,TRUE,199,199,0,"OK","P14-C010",2,30,600,0.05,"balanced","weak","exact_knot",20,20,0,0.0016666666666667,0,0.108000000000004
"V4-SENS-TWO-STAGE-HBB-CLUSTER-v1","V4-TARGET-EQUAL-CLUSTER-v1",0.132981657909795,0.117439750744257,0.0155419071655374,0.080306280970836,0.187418759176706,0.133862520073771,0.10711247820587,0.0293140933406994,TRUE,199,199,0,"OK","P14-C010",2,30,600,0.05,"balanced","weak","exact_knot",20,20,0,0.0016666666666667,0,0.108000000000004
"V4-CMP-ONE-STAGE-CLUSTER-BB-RESP-v1","V4-TARGET-RESPONDENT-WEIGHTED-v1",0.132981657909795,0.117439750744257,0.0155419071655374,0.0989986342238427,0.164925623781749,0.131962129002796,0.0659269895579064,0.0163140522883761,TRUE,199,199,0,"OK","P14-C010",2,30,600,0.05,"balanced","weak","exact_knot",20,20,0,0.0016666666666667,0,0.108000000000004
"V4-CMP-IID-RESP-BB-v1","WORKING-INDEPENDENCE-RESPONDENT",0.132981657909795,0.117439750744257,0.0155419071655374,0.101261664993504,0.169293751617915,0.135277708305709,0.0680320866244114,0.0164550161432318,TRUE,199,199,0,"OK","P14-C010",2,30,600,0.05,"balanced","weak","exact_knot",20,20,0,0.0016666666666667,0,0.108000000000004
"V4-CMP-TWO-STAGE-FREQ-BOOT-RESP-v1","V4-TARGET-RESPONDENT-WEIGHTED-v1",0.132981657909795,0.117439750744257,0.0155419071655374,0.086973748836914,0.190470408486057,0.138722078661485,0.103496659649143,0.0261641211047594,TRUE,199,199,0,"OK","P14-C010",2,30,600,0.05,"balanced","weak","exact_knot",20,20,0,0.0016666666666667,0,0.108000000000004
"V4-CMP-MOKKEN-TWOLEVEL-DELTA-v1","V4-TARGET-RESPONDENT-WEIGHTED-v1",0.132981657909786,0.117439750744257,0.0155419071655291,0.0852878470249133,0.180675468794659,0.132981657909786,0.095387621769746,0.0243340241254818,TRUE,,,0,"OK","P14-C010",2,30,600,0.05,"balanced","weak","exact_knot",20,20,0,0.0016666666666667,0,0.108000000000004
"V4-PRI-TWO-STAGE-HBB-RESP-v1","V4-TARGET-RESPONDENT-WEIGHTED-v1",0.0841157905651263,0.117439750744257,-0.0333239601791309,0.0445062597954166,0.144032592874513,0.094269426334965,0.0995263330790967,0.0257554148838085,TRUE,199,199,0,"OK","P14-C010",3,30,600,0.05,"balanced","weak","exact_knot",20,20,0,0,1,0.0929999999999964
"V4-SENS-TWO-STAGE-HBB-CLUSTER-v1","V4-TARGET-EQUAL-CLUSTER-v1",0.0841157905651263,0.117439750744257,-0.0333239601791309,0.0376011907343896,0.132827278083836,0.0852142344091126,0.095226087349446,0.0253314724060637,TRUE,199,199,0,"OK","P14-C010",3,30,600,0.05,"balanced","weak","exact_knot",20,20,0,0,1,0.0929999999999964
"V4-CMP-ONE-STAGE-CLUSTER-BB-RESP-v1","V4-TARGET-RESPONDENT-WEIGHTED-v1",0.0841157905651263,0.117439750744257,-0.0333239601791309,0.0528771074732088,0.117557529820923,0.0852173186470657,0.0646804223477137,0.0160484233902653,TRUE,199,199,0,"OK","P14-C010",3,30,600,0.05,"balanced","weak","exact_knot",20,20,0,0,1,0.0929999999999964
"V4-CMP-IID-RESP-BB-v1","WORKING-INDEPENDENCE-RESPONDENT",0.0841157905651263,0.117439750744257,-0.0333239601791309,0.0513807988605468,0.113880505332751,0.0826306520966487,0.0624997064722038,0.0151376696168162,FALSE,199,199,0,"OK","P14-C010",3,30,600,0.05,"balanced","weak","exact_knot",20,20,0,0,1,0.0929999999999964
"V4-CMP-TWO-STAGE-FREQ-BOOT-RESP-v1","V4-TARGET-RESPONDENT-WEIGHTED-v1",0.0841157905651263,0.117439750744257,-0.0333239601791309,0.0422078146384986,0.124823510880031,0.0835156627592648,0.0826156962415323,0.0214829023841643,TRUE,199,199,0,"OK","P14-C010",3,30,600,0.05,"balanced","weak","exact_knot",20,20,0,0,1,0.0929999999999964
"V4-CMP-MOKKEN-TWOLEVEL-DELTA-v1","V4-TARGET-RESPONDENT-WEIGHTED-v1",0.0841157905651181,0.117439750744257,-0.0333239601791391,0.0393805107056857,0.12885107042455,0.0841157905651181,0.0894705597188648,0.0228245417835728,TRUE,,,0,"OK","P14-C010",3,30,600,0.05,"balanced","weak","exact_knot",20,20,0,0,1,0.0929999999999964
"V4-PRI-TWO-STAGE-HBB-RESP-v1","V4-TARGET-RESPONDENT-WEIGHTED-v1",0.0824742415338877,0.117439750744257,-0.0349655092103695,0.0344592045435416,0.141925993962015,0.0881925992527783,0.107466789418474,0.0256982241402971,TRUE,199,199,0,"OK","P14-C010",4,30,600,0.05,"balanced","weak","exact_knot",20,20,0,0,1,0.0949999999999989
"V4-SENS-TWO-STAGE-HBB-CLUSTER-v1","V4-TARGET-EQUAL-CLUSTER-v1",0.0824742415338877,0.117439750744257,-0.0349655092103695,0.0352236615910696,0.134971002336148,0.0850973319636089,0.0997473407450785,0.0252907991406921,TRUE,199,199,0,"OK","P14-C010",4,30,600,0.05,"balanced","weak","exact_knot",20,20,0,0,1,0.0949999999999989
"V4-CMP-ONE-STAGE-CLUSTER-BB-RESP-v1","V4-TARGET-RESPONDENT-WEIGHTED-v1",0.0824742415338877,0.117439750744257,-0.0349655092103695,0.0563761617178764,0.114021348911794,0.085198755314835,0.0576451871939172,0.0151561738480385,FALSE,199,199,0,"OK","P14-C010",4,30,600,0.05,"balanced","weak","exact_knot",20,20,0,0,1,0.0949999999999989
"V4-CMP-IID-RESP-BB-v1","WORKING-INDEPENDENCE-RESPONDENT",0.0824742415338877,0.117439750744257,-0.0349655092103695,0.0549807912635888,0.117433295845909,0.086207043554749,0.0624525045823204,0.0155621007503554,FALSE,199,199,0,"OK","P14-C010",4,30,600,0.05,"balanced","weak","exact_knot",20,20,0,0,1,0.0949999999999989
"V4-CMP-TWO-STAGE-FREQ-BOOT-RESP-v1","V4-TARGET-RESPONDENT-WEIGHTED-v1",0.0824742415338877,0.117439750744257,-0.0349655092103695,0.0329220880173954,0.122694938811086,0.0778085134142405,0.0897728507936902,0.024112164859544,TRUE,199,199,0,"OK","P14-C010",4,30,600,0.05,"balanced","weak","exact_knot",20,20,0,0,1,0.0949999999999989
"V4-CMP-MOKKEN-TWOLEVEL-DELTA-v1","V4-TARGET-RESPONDENT-WEIGHTED-v1",0.0824742415338795,0.117439750744257,-0.0349655092103777,0.0396470853682674,0.125301397699492,0.0824742415338795,0.0856543123312242,0.021850991397509,TRUE,,,0,"OK","P14-C010",4,30,600,0.05,"balanced","weak","exact_knot",20,20,0,0,1,0.0949999999999989
"V4-PRI-TWO-STAGE-HBB-RESP-v1","V4-TARGET-RESPONDENT-WEIGHTED-v1",0.14126827114001,0.117439750744257,0.0238285203957523,0.0894761869636264,0.201873460132516,0.145674823548071,0.11239727316889,0.0284751369998619,TRUE,199,199,0,"OK","P14-C010",5,30,600,0.05,"balanced","weak","exact_knot",20,20,0,0,1,0.0940000000000012
"V4-SENS-TWO-STAGE-HBB-CLUSTER-v1","V4-TARGET-EQUAL-CLUSTER-v1",0.14126827114001,0.117439750744257,0.0238285203957523,0.0807882683074972,0.195600707143965,0.138194487725731,0.114812438836467,0.0286930439836404,TRUE,199,199,0,"OK","P14-C010",5,30,600,0.05,"balanced","weak","exact_knot",20,20,0,0,1,0.0940000000000012
"V4-CMP-ONE-STAGE-CLUSTER-BB-RESP-v1","V4-TARGET-RESPONDENT-WEIGHTED-v1",0.14126827114001,0.117439750744257,0.0238285203957523,0.109792434244522,0.174468318741248,0.142130376492885,0.0646758844967258,0.0162614192682095,TRUE,199,199,0,"OK","P14-C010",5,30,600,0.05,"balanced","weak","exact_knot",20,20,0,0,1,0.0940000000000012
"V4-CMP-IID-RESP-BB-v1","WORKING-INDEPENDENCE-RESPONDENT",0.14126827114001,0.117439750744257,0.0238285203957523,0.107724935196819,0.176205114057384,0.141965024627101,0.068480178860565,0.0166617319833556,TRUE,199,199,0,"OK","P14-C010",5,30,600,0.05,"balanced","weak","exact_knot",20,20,0,0,1,0.0940000000000012
"V4-CMP-TWO-STAGE-FREQ-BOOT-RESP-v1","V4-TARGET-RESPONDENT-WEIGHTED-v1",0.14126827114001,0.117439750744257,0.0238285203957523,0.0940176569919934,0.187720926585487,0.14086929178874,0.0937032695934937,0.0242099632638651,TRUE,199,199,0,"OK","P14-C010",5,30,600,0.05,"balanced","weak","exact_knot",20,20,0,0,1,0.0940000000000012
"V4-CMP-MOKKEN-TWOLEVEL-DELTA-v1","V4-TARGET-RESPONDENT-WEIGHTED-v1",0.141268271140001,0.117439750744257,0.0238285203957436,0.0941424882944593,0.188394053985542,0.141268271140001,0.0942515656910832,0.0240442085759043,TRUE,,,0,"OK","P14-C010",5,30,600,0.05,"balanced","weak","exact_knot",20,20,0,0,1,0.0940000000000012
"V4-PRI-TWO-STAGE-HBB-RESP-v1","V4-TARGET-RESPONDENT-WEIGHTED-v1",0.146644683834043,0.117439750744257,0.0292049330897855,0.0978939170957677,0.206144671027336,0.152019294061552,0.108250753931568,0.0258594056916062,TRUE,199,199,0,"OK","P14-C010",6,30,600,0.05,"balanced","weak","exact_knot",20,20,0,0.00166666666666665,0,0.108000000000004
"V4-SENS-TWO-STAGE-HBB-CLUSTER-v1","V4-TARGET-EQUAL-CLUSTER-v1",0.146644683834043,0.117439750744257,0.0292049330897855,0.100541023471369,0.202590834898006,0.151565929184687,0.102049811426638,0.0256154844845669,TRUE,199,199,0,"OK","P14-C010",6,30,600,0.05,"balanced","weak","exact_knot",20,20,0,0.00166666666666665,0,0.108000000000004
"V4-CMP-ONE-STAGE-CLUSTER-BB-RESP-v1","V4-TARGET-RESPONDENT-WEIGHTED-v1",0.146644683834043,0.117439750744257,0.0292049330897855,0.120860779308068,0.174424902949979,0.147642841129023,0.0535641236419108,0.0138738805461092,FALSE,199,199,0,"OK","P14-C010",6,30,600,0.05,"balanced","weak","exact_knot",20,20,0,0.00166666666666665,0,0.108000000000004
"V4-CMP-IID-RESP-BB-v1","WORKING-INDEPENDENCE-RESPONDENT",0.146644683834043,0.117439750744257,0.0292049330897855,0.112768090970961,0.180357803626814,0.146562947298887,0.0675897126558534,0.0163396575345814,TRUE,199,199,0,"OK","P14-C010",6,30,600,0.05,"balanced","weak","exact_knot",20,20,0,0.00166666666666665,0,0.108000000000004
"V4-CMP-TWO-STAGE-FREQ-BOOT-RESP-v1","V4-TARGET-RESPONDENT-WEIGHTED-v1",0.146644683834043,0.117439750744257,0.0292049330897855,0.10815631518342,0.184093523602724,0.146124919393072,0.075937208419304,0.0200741554427133,TRUE,199,199,0,"OK","P14-C010",6,30,600,0.05,"balanced","weak","exact_knot",20,20,0,0.00166666666666665,0,0.108000000000004
"V4-CMP-MOKKEN-TWOLEVEL-DELTA-v1","V4-TARGET-RESPONDENT-WEIGHTED-v1",0.146644683834035,0.117439750744257,0.0292049330897775,0.103917449049791,0.189371918618278,0.146644683834035,0.0854544695684872,0.0218000101641003,TRUE,,,0,"OK","P14-C010",6,30,600,0.05,"balanced","weak","exact_knot",20,20,0,0.00166666666666665,0,0.108000000000004
"V4-PRI-TWO-STAGE-HBB-RESP-v1","V4-TARGET-RESPONDENT-WEIGHTED-v1",0.119122429080807,0.117439750744257,0.00168267833654935,0.0698510052990977,0.163432112740822,0.11664155901996,0.0935811074417244,0.0239266742808661,TRUE,199,199,0,"OK","P14-C010",7,30,600,0.05,"balanced","weak","exact_knot",20,20,0,0.00166666666666665,0,0.0939999999999941
"V4-SENS-TWO-STAGE-HBB-CLUSTER-v1","V4-TARGET-EQUAL-CLUSTER-v1",0.119122429080807,0.117439750744257,0.00168267833654935,0.0695272808043426,0.179284867025253,0.124406073914798,0.10975758622091,0.0267038556216698,TRUE,199,199,0,"OK","P14-C010",7,30,600,0.05,"balanced","weak","exact_knot",20,20,0,0.00166666666666665,0,0.0939999999999941
"V4-CMP-ONE-STAGE-CLUSTER-BB-RESP-v1","V4-TARGET-RESPONDENT-WEIGHTED-v1",0.119122429080807,0.117439750744257,0.00168267833654935,0.0859572537345124,0.149885020528821,0.117921137131667,0.0639277667943087,0.0159217912811549,TRUE,199,199,0,"OK","P14-C010",7,30,600,0.05,"balanced","weak","exact_knot",20,20,0,0.00166666666666665,0,0.0939999999999941
"V4-CMP-IID-RESP-BB-v1","WORKING-INDEPENDENCE-RESPONDENT",0.119122429080807,0.117439750744257,0.00168267833654935,0.0863446366695247,0.151269615728093,0.118807126198809,0.0649249790585681,0.0166937745018502,TRUE,199,199,0,"OK","P14-C010",7,30,600,0.05,"balanced","weak","exact_knot",20,20,0,0.00166666666666665,0,0.0939999999999941
"V4-CMP-TWO-STAGE-FREQ-BOOT-RESP-v1","V4-TARGET-RESPONDENT-WEIGHTED-v1",0.119122429080807,0.117439750744257,0.00168267833654935,0.0752035575368042,0.154978734243384,0.115091145890094,0.0797751767065803,0.0214524266357868,TRUE,199,199,0,"OK","P14-C010",7,30,600,0.05,"balanced","weak","exact_knot",20,20,0,0.00166666666666665,0,0.0939999999999941
"V4-CMP-MOKKEN-TWOLEVEL-DELTA-v1","V4-TARGET-RESPONDENT-WEIGHTED-v1",0.119122429080797,0.117439750744257,0.00168267833653975,0.0746761077155094,0.163568750446085,0.119122429080797,0.0888926427305751,0.0226771112713675,TRUE,,,0,"OK","P14-C010",7,30,600,0.05,"balanced","weak","exact_knot",20,20,0,0.00166666666666665,0,0.0939999999999941
"V4-PRI-TWO-STAGE-HBB-RESP-v1","V4-TARGET-RESPONDENT-WEIGHTED-v1",0.12607463570071,0.117439750744257,0.00863488495645275,0.0720440882660264,0.191680142274014,0.13186211527002,0.119636054007987,0.0312924869591141,TRUE,199,199,0,"OK","P14-C010",8,30,600,0.05,"balanced","weak","exact_knot",20,20,0,0.00166666666666665,0,0.0940000000000012
"V4-SENS-TWO-STAGE-HBB-CLUSTER-v1","V4-TARGET-EQUAL-CLUSTER-v1",0.12607463570071,0.117439750744257,0.00863488495645275,0.0710072328213855,0.178632927929465,0.124820080375425,0.107625695108079,0.0279485248545729,TRUE,199,199,0,"OK","P14-C010",8,30,600,0.05,"balanced","weak","exact_knot",20,20,0,0.00166666666666665,0,0.0940000000000012
"V4-CMP-ONE-STAGE-CLUSTER-BB-RESP-v1","V4-TARGET-RESPONDENT-WEIGHTED-v1",0.12607463570071,0.117439750744257,0.00863488495645275,0.0915247792105957,0.163327822374337,0.127426300792467,0.0718030431637416,0.0181455011443374,TRUE,199,199,0,"OK","P14-C010",8,30,600,0.05,"balanced","weak","exact_knot",20,20,0,0.00166666666666665,0,0.0940000000000012
"V4-CMP-IID-RESP-BB-v1","WORKING-INDEPENDENCE-RESPONDENT",0.12607463570071,0.117439750744257,0.00863488495645275,0.0938055099301023,0.163134785597866,0.128470147763984,0.0693292756677635,0.0182003912398098,TRUE,199,199,0,"OK","P14-C010",8,30,600,0.05,"balanced","weak","exact_knot",20,20,0,0.00166666666666665,0,0.0940000000000012
"V4-CMP-TWO-STAGE-FREQ-BOOT-RESP-v1","V4-TARGET-RESPONDENT-WEIGHTED-v1",0.12607463570071,0.117439750744257,0.00863488495645275,0.0823002359086471,0.170179981100238,0.126240108504443,0.0878797451915913,0.0222600054318657,TRUE,199,199,0,"OK","P14-C010",8,30,600,0.05,"balanced","weak","exact_knot",20,20,0,0.00166666666666665,0,0.0940000000000012
"V4-CMP-MOKKEN-TWOLEVEL-DELTA-v1","V4-TARGET-RESPONDENT-WEIGHTED-v1",0.126074635700701,0.117439750744257,0.00863488495644389,0.0787153166121125,0.17343395478929,0.126074635700701,0.0947186381771771,0.0241633619097865,TRUE,,,0,"OK","P14-C010",8,30,600,0.05,"balanced","weak","exact_knot",20,20,0,0.00166666666666665,0,0.0940000000000012
"V4-PRI-TWO-STAGE-HBB-RESP-v1","V4-TARGET-RESPONDENT-WEIGHTED-v1",0.110317107977161,0.117439750744257,-0.00712264276709598,0.0631185608155244,0.166922547471406,0.115020554143465,0.103803986655881,0.0272882851302563,TRUE,199,199,0,"OK","P14-C010",9,30,600,0.05,"balanced","weak","exact_knot",20,20,0,0,1,0.0930000000000035
"V4-SENS-TWO-STAGE-HBB-CLUSTER-v1","V4-TARGET-EQUAL-CLUSTER-v1",0.110317107977161,0.117439750744257,-0.00712264276709598,0.072615509105483,0.166405389211155,0.119510449158319,0.0937898801056725,0.0249531983608942,TRUE,199,199,0,"OK","P14-C010",9,30,600,0.05,"balanced","weak","exact_knot",20,20,0,0,1,0.0930000000000035
"V4-CMP-ONE-STAGE-CLUSTER-BB-RESP-v1","V4-TARGET-RESPONDENT-WEIGHTED-v1",0.110317107977161,0.117439750744257,-0.00712264276709598,0.0824407812329103,0.134901611687915,0.108671196460413,0.0524608304550047,0.0131057668911595,TRUE,199,199,0,"OK","P14-C010",9,30,600,0.05,"balanced","weak","exact_knot",20,20,0,0,1,0.0930000000000035
"V4-CMP-IID-RESP-BB-v1","WORKING-INDEPENDENCE-RESPONDENT",0.110317107977161,0.117439750744257,-0.00712264276709598,0.0743257572488805,0.146298948282343,0.110312352765612,0.0719731910334627,0.0167602429975862,TRUE,199,199,0,"OK","P14-C010",9,30,600,0.05,"balanced","weak","exact_knot",20,20,0,0,1,0.0930000000000035
"V4-CMP-TWO-STAGE-FREQ-BOOT-RESP-v1","V4-TARGET-RESPONDENT-WEIGHTED-v1",0.110317107977161,0.117439750744257,-0.00712264276709598,0.0693408382739604,0.15799889505108,0.11366986666252,0.08865805677712,0.0215370529086973,TRUE,199,199,0,"OK","P14-C010",9,30,600,0.05,"balanced","weak","exact_knot",20,20,0,0,1,0.0930000000000035
"V4-CMP-MOKKEN-TWOLEVEL-DELTA-v1","V4-TARGET-RESPONDENT-WEIGHTED-v1",0.110317107977153,0.117439750744257,-0.00712264276710377,0.0687739044226688,0.151860311531638,0.110317107977153,0.0830864071089693,0.0211959014972582,TRUE,,,0,"OK","P14-C010",9,30,600,0.05,"balanced","weak","exact_knot",20,20,0,0,1,0.0930000000000035
"V4-PRI-TWO-STAGE-HBB-RESP-v1","V4-TARGET-RESPONDENT-WEIGHTED-v1",0.119358993114604,0.117439750744257,0.00191924237034705,0.0651207353885394,0.173282116949467,0.119201426169003,0.108161381560927,0.0286616593787015,TRUE,199,199,0,"OK","P14-C010",10,30,600,0.05,"balanced","weak","exact_knot",20,20,0,0,1,0.0959999999999965
"V4-SENS-TWO-STAGE-HBB-CLUSTER-v1","V4-TARGET-EQUAL-CLUSTER-v1",0.119358993114604,0.117439750744257,0.00191924237034705,0.0626021889444131,0.170794278825725,0.116698233885069,0.108192089881312,0.0275418799295708,TRUE,199,199,0,"OK","P14-C010",10,30,600,0.05,"balanced","weak","exact_knot",20,20,0,0,1,0.0959999999999965
"V4-CMP-ONE-STAGE-CLUSTER-BB-RESP-v1","V4-TARGET-RESPONDENT-WEIGHTED-v1",0.119358993114604,0.117439750744257,0.00191924237034705,0.0765271578310221,0.159316495945649,0.117921826888336,0.0827893381146271,0.0203463462943801,TRUE,199,199,0,"OK","P14-C010",10,30,600,0.05,"balanced","weak","exact_knot",20,20,0,0,1,0.0959999999999965
"V4-CMP-IID-RESP-BB-v1","WORKING-INDEPENDENCE-RESPONDENT",0.119358993114604,0.117439750744257,0.00191924237034705,0.0877028133808114,0.155763051431735,0.121732932406273,0.0680602380509238,0.0169873825770757,TRUE,199,199,0,"OK","P14-C010",10,30,600,0.05,"balanced","weak","exact_knot",20,20,0,0,1,0.0959999999999965
"V4-CMP-TWO-STAGE-FREQ-BOOT-RESP-v1","V4-TARGET-RESPONDENT-WEIGHTED-v1",0.119358993114604,0.117439750744257,0.00191924237034705,0.0680091094018091,0.176727145791425,0.122368127596617,0.108718036389616,0.0272905116956514,TRUE,199,199,0,"OK","P14-C010",10,30,600,0.05,"balanced","weak","exact_knot",20,20,0,0,1,0.0959999999999965
"V4-CMP-MOKKEN-TWOLEVEL-DELTA-v1","V4-TARGET-RESPONDENT-WEIGHTED-v1",0.119358993114596,0.117439750744257,0.00191924237033921,0.0685047048110073,0.170213281418186,0.119358993114596,0.101708576607178,0.0259465422348172,TRUE,,,0,"OK","P14-C010",10,30,600,0.05,"balanced","weak","exact_knot",20,20,0,0,1,0.0959999999999965
"V4-PRI-TWO-STAGE-HBB-RESP-v1","V4-TARGET-RESPONDENT-WEIGHTED-v1",0.101457834572647,0.117439750744257,-0.0159819161716101,0.0384023257566998,0.14996748689792,0.09418490632731,0.11156516114122,0.0274721608086117,TRUE,199,199,0,"OK","P14-C010",11,30,600,0.05,"balanced","weak","exact_knot",20,20,0,0.00166666666666665,0,0.0940000000000012
"V4-SENS-TWO-STAGE-HBB-CLUSTER-v1","V4-TARGET-EQUAL-CLUSTER-v1",0.101457834572647,0.117439750744257,-0.0159819161716101,0.0535800710260495,0.154604750448359,0.104092410737204,0.101024679422309,0.0268765180999673,TRUE,199,199,0,"OK","P14-C010",11,30,600,0.05,"balanced","weak","exact_knot",20,20,0,0.00166666666666665,0,0.0940000000000012
"V4-CMP-ONE-STAGE-CLUSTER-BB-RESP-v1","V4-TARGET-RESPONDENT-WEIGHTED-v1",0.101457834572647,0.117439750744257,-0.0159819161716101,0.0719744270258351,0.129165041979288,0.100569734502561,0.0571906149534526,0.0144036419887795,TRUE,199,199,0,"OK","P14-C010",11,30,600,0.05,"balanced","weak","exact_knot",20,20,0,0.00166666666666665,0,0.0940000000000012
"V4-CMP-IID-RESP-BB-v1","WORKING-INDEPENDENCE-RESPONDENT",0.101457834572647,0.117439750744257,-0.0159819161716101,0.0668650004397878,0.138482332358399,0.102673666399094,0.0716173319186116,0.0162419763283298,TRUE,199,199,0,"OK","P14-C010",11,30,600,0.05,"balanced","weak","exact_knot",20,20,0,0.00166666666666665,0,0.0940000000000012
"V4-CMP-TWO-STAGE-FREQ-BOOT-RESP-v1","V4-TARGET-RESPONDENT-WEIGHTED-v1",0.101457834572647,0.117439750744257,-0.0159819161716101,0.0582092045099636,0.148491168655698,0.103350186582831,0.0902819641457347,0.0231269443746877,TRUE,199,199,0,"OK","P14-C010",11,30,600,0.05,"balanced","weak","exact_knot",20,20,0,0.00166666666666665,0,0.0940000000000012
"V4-CMP-MOKKEN-TWOLEVEL-DELTA-v1","V4-TARGET-RESPONDENT-WEIGHTED-v1",0.101457834572638,0.117439750744257,-0.015981916171619,0.0575925977523061,0.14532307139297,0.101457834572638,0.0877304736406643,0.0223806341169203,TRUE,,,0,"OK","P14-C010",11,30,600,0.05,"balanced","weak","exact_knot",20,20,0,0.00166666666666665,0,0.0940000000000012
"V4-PRI-TWO-STAGE-HBB-RESP-v1","V4-TARGET-RESPONDENT-WEIGHTED-v1",0.127334132331165,0.117439750744257,0.0098943815869076,0.0775895021797098,0.189385269329669,0.133487385754689,0.111795767149959,0.0270403339938983,TRUE,199,199,0,"OK","P14-C010",12,30,600,0.05,"balanced","weak","exact_knot",20,20,0,0,2,0.0949999999999989
"V4-SENS-TWO-STAGE-HBB-CLUSTER-v1","V4-TARGET-EQUAL-CLUSTER-v1",0.127334132331165,0.117439750744257,0.0098943815869076,0.0751283304476125,0.191258067640498,0.133193199044055,0.116129737192886,0.0289110501597478,TRUE,199,199,0,"OK","P14-C010",12,30,600,0.05,"balanced","weak","exact_knot",20,20,0,0,2,0.0949999999999989
"V4-CMP-ONE-STAGE-CLUSTER-BB-RESP-v1","V4-TARGET-RESPONDENT-WEIGHTED-v1",0.127334132331165,0.117439750744257,0.0098943815869076,0.0977738825863936,0.159486319426425,0.128630101006409,0.0617124368400314,0.016731780135057,TRUE,199,199,0,"OK","P14-C010",12,30,600,0.05,"balanced","weak","exact_knot",20,20,0,0,2,0.0949999999999989
"V4-CMP-IID-RESP-BB-v1","WORKING-INDEPENDENCE-RESPONDENT",0.127334132331165,0.117439750744257,0.0098943815869076,0.0936591840490948,0.16483402919045,0.129246606619772,0.0711748451413549,0.018051007281145,TRUE,199,199,0,"OK","P14-C010",12,30,600,0.05,"balanced","weak","exact_knot",20,20,0,0,2,0.0949999999999989
"V4-CMP-TWO-STAGE-FREQ-BOOT-RESP-v1","V4-TARGET-RESPONDENT-WEIGHTED-v1",0.127334132331165,0.117439750744257,0.0098943815869076,0.0862959792900828,0.172662451041472,0.129479215165778,0.0863664717513895,0.0230489365034296,TRUE,199,199,0,"OK","P14-C010",12,30,600,0.05,"balanced","weak","exact_knot",20,20,0,0,2,0.0949999999999989
"V4-CMP-MOKKEN-TWOLEVEL-DELTA-v1","V4-TARGET-RESPONDENT-WEIGHTED-v1",0.127334132331156,0.117439750744257,0.00989438158689922,0.0806923277155446,0.173975936946768,0.127334132331156,0.0932836092312236,0.0237972763701356,TRUE,,,0,"OK","P14-C010",12,30,600,0.05,"balanced","weak","exact_knot",20,20,0,0,2,0.0949999999999989
"V4-PRI-TWO-STAGE-HBB-RESP-v1","V4-TARGET-RESPONDENT-WEIGHTED-v1",0.127837144370602,0.117439750744257,0.0103973936263445,0.0766720094450089,0.181088305231837,0.128880157338423,0.104416295786828,0.0257703499432879,TRUE,199,199,0,"OK","P14-C010",13,30,600,0.05,"balanced","weak","exact_knot",20,20,0,0,1,0.0940000000000012
"V4-SENS-TWO-STAGE-HBB-CLUSTER-v1","V4-TARGET-EQUAL-CLUSTER-v1",0.127837144370602,0.117439750744257,0.0103973936263445,0.0792437589755815,0.194565081965719,0.13690442047065,0.115321322990138,0.0279197736935276,TRUE,199,199,0,"OK","P14-C010",13,30,600,0.05,"balanced","weak","exact_knot",20,20,0,0,1,0.0940000000000012
"V4-CMP-ONE-STAGE-CLUSTER-BB-RESP-v1","V4-TARGET-RESPONDENT-WEIGHTED-v1",0.127837144370602,0.117439750744257,0.0103973936263445,0.0992350054563113,0.155449977310342,0.127342491383327,0.0562149718540304,0.0146230519005317,TRUE,199,199,0,"OK","P14-C010",13,30,600,0.05,"balanced","weak","exact_knot",20,20,0,0,1,0.0940000000000012
"V4-CMP-IID-RESP-BB-v1","WORKING-INDEPENDENCE-RESPONDENT",0.127837144370602,0.117439750744257,0.0103973936263445,0.0939798663426749,0.162784902381749,0.128382384362212,0.0688050360390736,0.017423328756926,TRUE,199,199,0,"OK","P14-C010",13,30,600,0.05,"balanced","weak","exact_knot",20,20,0,0,1,0.0940000000000012
"V4-CMP-TWO-STAGE-FREQ-BOOT-RESP-v1","V4-TARGET-RESPONDENT-WEIGHTED-v1",0.127837144370602,0.117439750744257,0.0103973936263445,0.0891325302617598,0.172598184935024,0.130865357598392,0.0834656546732639,0.0202104923195264,TRUE,199,199,0,"OK","P14-C010",13,30,600,0.05,"balanced","weak","exact_knot",20,20,0,0,1,0.0940000000000012
"V4-CMP-MOKKEN-TWOLEVEL-DELTA-v1","V4-TARGET-RESPONDENT-WEIGHTED-v1",0.127837144370593,0.117439750744257,0.0103973936263361,0.0837934638564084,0.171880824884778,0.127837144370593,0.0880873610283699,0.0224716784908273,TRUE,,,0,"OK","P14-C010",13,30,600,0.05,"balanced","weak","exact_knot",20,20,0,0,1,0.0940000000000012
"V4-PRI-TWO-STAGE-HBB-RESP-v1","V4-TARGET-RESPONDENT-WEIGHTED-v1",0.133247430734591,0.117439750744257,0.0158076799903338,0.0763752192708402,0.181032021409836,0.128703620340338,0.104656802138996,0.0263253506644113,TRUE,199,199,0,"OK","P14-C010",14,30,600,0.05,"balanced","weak","exact_knot",20,20,0,0.00166666666666665,0,0.108000000000004
"V4-SENS-TWO-STAGE-HBB-CLUSTER-v1","V4-TARGET-EQUAL-CLUSTER-v1",0.133247430734591,0.117439750744257,0.0158076799903338,0.0848201317459524,0.205133637627888,0.14497688468692,0.120313505881935,0.0305350494470843,TRUE,199,199,0,"OK","P14-C010",14,30,600,0.05,"balanced","weak","exact_knot",20,20,0,0.00166666666666665,0,0.108000000000004
"V4-CMP-ONE-STAGE-CLUSTER-BB-RESP-v1","V4-TARGET-RESPONDENT-WEIGHTED-v1",0.133247430734591,0.117439750744257,0.0158076799903338,0.102833601296313,0.175016295533629,0.138924948414971,0.0721826942373159,0.0176600814315744,TRUE,199,199,0,"OK","P14-C010",14,30,600,0.05,"balanced","weak","exact_knot",20,20,0,0.00166666666666665,0,0.108000000000004
"V4-CMP-IID-RESP-BB-v1","WORKING-INDEPENDENCE-RESPONDENT",0.133247430734591,0.117439750744257,0.0158076799903338,0.100537548780679,0.174420290126131,0.137478919453405,0.0738827413454514,0.0187590870203844,TRUE,199,199,0,"OK","P14-C010",14,30,600,0.05,"balanced","weak","exact_knot",20,20,0,0.00166666666666665,0,0.108000000000004
"V4-CMP-TWO-STAGE-FREQ-BOOT-RESP-v1","V4-TARGET-RESPONDENT-WEIGHTED-v1",0.133247430734591,0.117439750744257,0.0158076799903338,0.0818709055332995,0.183131018905824,0.132500962219562,0.101260113372524,0.0257276011771059,TRUE,199,199,0,"OK","P14-C010",14,30,600,0.05,"balanced","weak","exact_knot",20,20,0,0.00166666666666665,0,0.108000000000004
"V4-CMP-MOKKEN-TWOLEVEL-DELTA-v1","V4-TARGET-RESPONDENT-WEIGHTED-v1",0.133247430734583,0.117439750744257,0.0158076799903258,0.0834320760278534,0.183062785441313,0.133247430734583,0.0996307094134593,0.0254164643328484,TRUE,,,0,"OK","P14-C010",14,30,600,0.05,"balanced","weak","exact_knot",20,20,0,0.00166666666666665,0,0.108000000000004
"V4-PRI-TWO-STAGE-HBB-RESP-v1","V4-TARGET-RESPONDENT-WEIGHTED-v1",0.0976826097763987,0.117439750744257,-0.0197571409678585,0.0409339514541745,0.154126784899106,0.0975303681766401,0.113192833444931,0.0274056438769123,TRUE,199,199,0,"OK","P14-C010",15,30,600,0.05,"balanced","weak","exact_knot",20,20,0,0.00166666666666665,0,0.0939999999999941
"V4-SENS-TWO-STAGE-HBB-CLUSTER-v1","V4-TARGET-EQUAL-CLUSTER-v1",0.0976826097763987,0.117439750744257,-0.0197571409678585,0.039456411231811,0.153495889692926,0.0964761504623686,0.114039478461115,0.0280393849822063,TRUE,199,199,0,"OK","P14-C010",15,30,600,0.05,"balanced","weak","exact_knot",20,20,0,0.00166666666666665,0,0.0939999999999941
"V4-CMP-ONE-STAGE-CLUSTER-BB-RESP-v1","V4-TARGET-RESPONDENT-WEIGHTED-v1",0.0976826097763987,0.117439750744257,-0.0197571409678585,0.0623613761096618,0.132521451778376,0.097441413944019,0.0701600756687143,0.0177357417483946,TRUE,199,199,0,"OK","P14-C010",15,30,600,0.05,"balanced","weak","exact_knot",20,20,0,0.00166666666666665,0,0.0939999999999941
"V4-CMP-IID-RESP-BB-v1","WORKING-INDEPENDENCE-RESPONDENT",0.0976826097763987,0.117439750744257,-0.0197571409678585,0.0650372801569719,0.129919556777365,0.0974784184671686,0.0648822766203934,0.0167921525610268,TRUE,199,199,0,"OK","P14-C010",15,30,600,0.05,"balanced","weak","exact_knot",20,20,0,0.00166666666666665,0,0.0939999999999941
"V4-CMP-TWO-STAGE-FREQ-BOOT-RESP-v1","V4-TARGET-RESPONDENT-WEIGHTED-v1",0.0976826097763987,0.117439750744257,-0.0197571409678585,0.059191037238961,0.153483774543491,0.106337405891226,0.09429273730453,0.0235325373787828,TRUE,199,199,0,"OK","P14-C010",15,30,600,0.05,"balanced","weak","exact_knot",20,20,0,0.00166666666666665,0,0.0939999999999941
"V4-CMP-MOKKEN-TWOLEVEL-DELTA-v1","V4-TARGET-RESPONDENT-WEIGHTED-v1",0.0976826097763908,0.117439750744257,-0.0197571409678664,0.0496200342049535,0.145745185347828,0.0976826097763908,0.0961251511428745,0.0245221728310054,TRUE,,,0,"OK","P14-C010",15,30,600,0.05,"balanced","weak","exact_knot",20,20,0,0.00166666666666665,0,0.0939999999999941
"V4-PRI-TWO-STAGE-HBB-RESP-v1","V4-TARGET-RESPONDENT-WEIGHTED-v1",0.129730486935226,0.117439750744257,0.0122907361909688,0.078450398687271,0.184960656592121,0.131705527639696,0.10651025790485,0.0265842346935272,TRUE,199,199,0,"OK","P14-C010",16,30,600,0.05,"balanced","weak","exact_knot",20,20,0,0,1,0.109000000000002
"V4-SENS-TWO-STAGE-HBB-CLUSTER-v1","V4-TARGET-EQUAL-CLUSTER-v1",0.129730486935226,0.117439750744257,0.0122907361909688,0.0772538916584052,0.182484135254412,0.129869013456409,0.105230243596007,0.0273364860148498,TRUE,199,199,0,"OK","P14-C010",16,30,600,0.05,"balanced","weak","exact_knot",20,20,0,0,1,0.109000000000002
"V4-CMP-ONE-STAGE-CLUSTER-BB-RESP-v1","V4-TARGET-RESPONDENT-WEIGHTED-v1",0.129730486935226,0.117439750744257,0.0122907361909688,0.104050642423355,0.157762115736292,0.130906379079823,0.0537114733129374,0.0145867754068935,TRUE,199,199,0,"OK","P14-C010",16,30,600,0.05,"balanced","weak","exact_knot",20,20,0,0,1,0.109000000000002
"V4-CMP-IID-RESP-BB-v1","WORKING-INDEPENDENCE-RESPONDENT",0.129730486935226,0.117439750744257,0.0122907361909688,0.100619021946079,0.16725990696059,0.133939464453335,0.066640885014511,0.0177126287972344,TRUE,199,199,0,"OK","P14-C010",16,30,600,0.05,"balanced","weak","exact_knot",20,20,0,0,1,0.109000000000002
"V4-CMP-TWO-STAGE-FREQ-BOOT-RESP-v1","V4-TARGET-RESPONDENT-WEIGHTED-v1",0.129730486935226,0.117439750744257,0.0122907361909688,0.0839184722201556,0.178395292929657,0.131156882574906,0.0944768207095012,0.0240964618204014,TRUE,199,199,0,"OK","P14-C010",16,30,600,0.05,"balanced","weak","exact_knot",20,20,0,0,1,0.109000000000002
"V4-CMP-MOKKEN-TWOLEVEL-DELTA-v1","V4-TARGET-RESPONDENT-WEIGHTED-v1",0.129730486935216,0.117439750744257,0.0122907361909584,0.0846064510404026,0.174854522830029,0.129730486935216,0.0902480717896261,0.0230228903442847,TRUE,,,0,"OK","P14-C010",16,30,600,0.05,"balanced","weak","exact_knot",20,20,0,0,1,0.109000000000002
"V4-PRI-TWO-STAGE-HBB-RESP-v1","V4-TARGET-RESPONDENT-WEIGHTED-v1",0.108418216770019,0.117439750744257,-0.00902153397423834,0.0617318999484868,0.160344782993868,0.111038341471177,0.0986128830453814,0.0246571396562877,TRUE,199,199,0,"OK","P14-C010",17,30,600,0.05,"balanced","weak","exact_knot",20,20,0,0,1,0.0930000000000035
"V4-SENS-TWO-STAGE-HBB-CLUSTER-v1","V4-TARGET-EQUAL-CLUSTER-v1",0.108418216770019,0.117439750744257,-0.00902153397423834,0.0583346867802101,0.160633450583536,0.109484068681873,0.102298763803326,0.0268070225308689,TRUE,199,199,0,"OK","P14-C010",17,30,600,0.05,"balanced","weak","exact_knot",20,20,0,0,1,0.0930000000000035
"V4-CMP-ONE-STAGE-CLUSTER-BB-RESP-v1","V4-TARGET-RESPONDENT-WEIGHTED-v1",0.108418216770019,0.117439750744257,-0.00902153397423834,0.0772639512264924,0.133732770672765,0.105498360949629,0.0564688194462725,0.0144001683276521,TRUE,199,199,0,"OK","P14-C010",17,30,600,0.05,"balanced","weak","exact_knot",20,20,0,0,1,0.0930000000000035
"V4-CMP-IID-RESP-BB-v1","WORKING-INDEPENDENCE-RESPONDENT",0.108418216770019,0.117439750744257,-0.00902153397423834,0.077408128441605,0.13940925869737,0.108408693569487,0.0620011302557647,0.0157213886721126,TRUE,199,199,0,"OK","P14-C010",17,30,600,0.05,"balanced","weak","exact_knot",20,20,0,0,1,0.0930000000000035
"V4-CMP-TWO-STAGE-FREQ-BOOT-RESP-v1","V4-TARGET-RESPONDENT-WEIGHTED-v1",0.108418216770019,0.117439750744257,-0.00902153397423834,0.06109405996848,0.165645502728876,0.113369781348678,0.104551442760396,0.0245721769270473,TRUE,199,199,0,"OK","P14-C010",17,30,600,0.05,"balanced","weak","exact_knot",20,20,0,0,1,0.0930000000000035
"V4-CMP-MOKKEN-TWOLEVEL-DELTA-v1","V4-TARGET-RESPONDENT-WEIGHTED-v1",0.10841821677001,0.117439750744257,-0.00902153397424703,0.0637995840181395,0.153036849521881,0.10841821677001,0.0892372655037414,0.0227650268595835,TRUE,,,0,"OK","P14-C010",17,30,600,0.05,"balanced","weak","exact_knot",20,20,0,0,1,0.0930000000000035
"V4-PRI-TWO-STAGE-HBB-RESP-v1","V4-TARGET-RESPONDENT-WEIGHTED-v1",0.120976977766455,0.117439750744257,0.00353722702219758,0.075287645412375,0.174458692875921,0.124873169144148,0.0991710474635458,0.0256536298218006,TRUE,199,199,0,"OK","P14-C010",18,30,600,0.05,"balanced","weak","exact_knot",20,20,0,0.0033333333333333,0,0.0959999999999965
"V4-SENS-TWO-STAGE-HBB-CLUSTER-v1","V4-TARGET-EQUAL-CLUSTER-v1",0.120976977766455,0.117439750744257,0.00353722702219758,0.0752193152625401,0.168894000511706,0.122056657887123,0.0936746852491659,0.0237427396906518,TRUE,199,199,0,"OK","P14-C010",18,30,600,0.05,"balanced","weak","exact_knot",20,20,0,0.0033333333333333,0,0.0959999999999965
"V4-CMP-ONE-STAGE-CLUSTER-BB-RESP-v1","V4-TARGET-RESPONDENT-WEIGHTED-v1",0.120976977766455,0.117439750744257,0.00353722702219758,0.0919441511222033,0.143886539734716,0.11791534542846,0.0519423886125131,0.013012792855839,TRUE,199,199,0,"OK","P14-C010",18,30,600,0.05,"balanced","weak","exact_knot",20,20,0,0.0033333333333333,0,0.0959999999999965
"V4-CMP-IID-RESP-BB-v1","WORKING-INDEPENDENCE-RESPONDENT",0.120976977766455,0.117439750744257,0.00353722702219758,0.0894127039857109,0.155906502111459,0.122659603048585,0.0664937981257481,0.0175134904174554,TRUE,199,199,0,"OK","P14-C010",18,30,600,0.05,"balanced","weak","exact_knot",20,20,0,0.0033333333333333,0,0.0959999999999965
"V4-CMP-TWO-STAGE-FREQ-BOOT-RESP-v1","V4-TARGET-RESPONDENT-WEIGHTED-v1",0.120976977766455,0.117439750744257,0.00353722702219758,0.0810206719908091,0.159787051604918,0.120403861797863,0.0787663796141086,0.0206228079806916,TRUE,199,199,0,"OK","P14-C010",18,30,600,0.05,"balanced","weak","exact_knot",20,20,0,0.0033333333333333,0,0.0959999999999965
"V4-CMP-MOKKEN-TWOLEVEL-DELTA-v1","V4-TARGET-RESPONDENT-WEIGHTED-v1",0.120976977766447,0.117439750744257,0.00353722702218968,0.0790606354181749,0.162893320114719,0.120976977766447,0.083832684696544,0.0213862819311491,TRUE,,,0,"OK","P14-C010",18,30,600,0.05,"balanced","weak","exact_knot",20,20,0,0.0033333333333333,0,0.0959999999999965
"V4-PRI-TWO-STAGE-HBB-RESP-v1","V4-TARGET-RESPONDENT-WEIGHTED-v1",0.102237454594343,0.117439750744257,-0.0152022961499137,0.0358174853186573,0.16224493593372,0.0990312106261887,0.126427450615063,0.0306597019893199,TRUE,199,199,0,"OK","P14-C010",19,30,600,0.05,"balanced","weak","exact_knot",20,20,0,0,3,0.0940000000000012
"V4-SENS-TWO-STAGE-HBB-CLUSTER-v1","V4-TARGET-EQUAL-CLUSTER-v1",0.102237454594343,0.117439750744257,-0.0152022961499137,0.0483937028323067,0.14289353416453,0.0956436184984185,0.0944998313322235,0.0247147036759505,TRUE,199,199,0,"OK","P14-C010",19,30,600,0.05,"balanced","weak","exact_knot",20,20,0,0,3,0.0940000000000012
"V4-CMP-ONE-STAGE-CLUSTER-BB-RESP-v1","V4-TARGET-RESPONDENT-WEIGHTED-v1",0.102237454594343,0.117439750744257,-0.0152022961499137,0.0712123750645918,0.128531313107079,0.0998718440858356,0.0573189380424876,0.0149327825983025,TRUE,199,199,0,"OK","P14-C010",19,30,600,0.05,"balanced","weak","exact_knot",20,20,0,0,3,0.0940000000000012
"V4-CMP-IID-RESP-BB-v1","WORKING-INDEPENDENCE-RESPONDENT",0.102237454594343,0.117439750744257,-0.0152022961499137,0.0732264442186819,0.130391577136714,0.101809010677698,0.0571651329180322,0.0151942782527271,TRUE,199,199,0,"OK","P14-C010",19,30,600,0.05,"balanced","weak","exact_knot",20,20,0,0,3,0.0940000000000012
"V4-CMP-TWO-STAGE-FREQ-BOOT-RESP-v1","V4-TARGET-RESPONDENT-WEIGHTED-v1",0.102237454594343,0.117439750744257,-0.0152022961499137,0.061868363953271,0.144505923235007,0.103187143594139,0.0826375592817359,0.0207112749173804,TRUE,199,199,0,"OK","P14-C010",19,30,600,0.05,"balanced","weak","exact_knot",20,20,0,0,3,0.0940000000000012
"V4-CMP-MOKKEN-TWOLEVEL-DELTA-v1","V4-TARGET-RESPONDENT-WEIGHTED-v1",0.102237454594335,0.117439750744257,-0.0152022961499219,0.0588716294329284,0.145603279755742,0.102237454594335,0.0867316503228138,0.0221258275679916,TRUE,,,0,"OK","P14-C010",19,30,600,0.05,"balanced","weak","exact_knot",20,20,0,0,3,0.0940000000000012
"V4-PRI-TWO-STAGE-HBB-RESP-v1","V4-TARGET-RESPONDENT-WEIGHTED-v1",0.11795577709934,0.117439750744257,0.000516026355083063,0.0714499316296318,0.175462273963309,0.12345610279647,0.104012342333677,0.0281696794455282,TRUE,199,199,0,"OK","P14-C010",20,30,600,0.05,"balanced","weak","exact_knot",20,20,0,0,1,0.0940000000000012
"V4-SENS-TWO-STAGE-HBB-CLUSTER-v1","V4-TARGET-EQUAL-CLUSTER-v1",0.11795577709934,0.117439750744257,0.000516026355083063,0.0673277052540393,0.166637412250735,0.116982558752387,0.099309706996696,0.0264231410269178,TRUE,199,199,0,"OK","P14-C010",20,30,600,0.05,"balanced","weak","exact_knot",20,20,0,0,1,0.0940000000000012
"V4-CMP-ONE-STAGE-CLUSTER-BB-RESP-v1","V4-TARGET-RESPONDENT-WEIGHTED-v1",0.11795577709934,0.117439750744257,0.000516026355083063,0.0882488341559734,0.147174091469653,0.117711462812813,0.0589252573136793,0.0153409392763772,TRUE,199,199,0,"OK","P14-C010",20,30,600,0.05,"balanced","weak","exact_knot",20,20,0,0,1,0.0940000000000012
"V4-CMP-IID-RESP-BB-v1","WORKING-INDEPENDENCE-RESPONDENT",0.11795577709934,0.117439750744257,0.000516026355083063,0.0853987078773353,0.153131917485329,0.119265312681332,0.0677332096079942,0.0173550835992042,TRUE,199,199,0,"OK","P14-C010",20,30,600,0.05,"balanced","weak","exact_knot",20,20,0,0,1,0.0940000000000012
"V4-CMP-TWO-STAGE-FREQ-BOOT-RESP-v1","V4-TARGET-RESPONDENT-WEIGHTED-v1",0.11795577709934,0.117439750744257,0.000516026355083063,0.0721632370564275,0.157047228538771,0.114605232797599,0.084883991482343,0.0222526682048196,TRUE,199,199,0,"OK","P14-C010",20,30,600,0.05,"balanced","weak","exact_knot",20,20,0,0,1,0.0940000000000012
"V4-CMP-MOKKEN-TWOLEVEL-DELTA-v1","V4-TARGET-RESPONDENT-WEIGHTED-v1",0.117955777099332,0.117439750744257,0.000516026355074709,0.0730153911921274,0.162896163006536,0.117955777099332,0.089880771814409,0.0229291896492428,TRUE,,,0,"OK","P14-C010",20,30,600,0.05,"balanced","weak","exact_knot",20,20,0,0,1,0.0940000000000012
"V4-PRI-TWO-STAGE-HBB-RESP-v1","V4-TARGET-RESPONDENT-WEIGHTED-v1",0.117672270907411,0.117439750744257,0.000232520163154129,0.0670692495606129,0.175967097105326,0.12151817333297,0.108897847544713,0.0269302505347529,TRUE,199,199,0,"OK","P14-C010",21,30,600,0.05,"balanced","weak","exact_knot",20,20,0,0,2,0.0940000000000012
"V4-SENS-TWO-STAGE-HBB-CLUSTER-v1","V4-TARGET-EQUAL-CLUSTER-v1",0.117672270907411,0.117439750744257,0.000232520163154129,0.0620821359597325,0.184450901764093,0.123266518861913,0.12236876580436,0.0308850822242112,TRUE,199,199,0,"OK","P14-C010",21,30,600,0.05,"balanced","weak","exact_knot",20,20,0,0,2,0.0940000000000012
"V4-CMP-ONE-STAGE-CLUSTER-BB-RESP-v1","V4-TARGET-RESPONDENT-WEIGHTED-v1",0.117672270907411,0.117439750744257,0.000232520163154129,0.0828985006383914,0.161413293156235,0.122155896897313,0.0785147925178437,0.0193388520678151,TRUE,199,199,0,"OK","P14-C010",21,30,600,0.05,"balanced","weak","exact_knot",20,20,0,0,2,0.0940000000000012
"V4-CMP-IID-RESP-BB-v1","WORKING-INDEPENDENCE-RESPONDENT",0.117672270907411,0.117439750744257,0.000232520163154129,0.0859366317098543,0.158557537501952,0.122247084605903,0.0726209057920975,0.017422784755582,TRUE,199,199,0,"OK","P14-C010",21,30,600,0.05,"balanced","weak","exact_knot",20,20,0,0,2,0.0940000000000012
"V4-CMP-TWO-STAGE-FREQ-BOOT-RESP-v1","V4-TARGET-RESPONDENT-WEIGHTED-v1",0.117672270907411,0.117439750744257,0.000232520163154129,0.0716507163898545,0.164610884237494,0.118130800313674,0.092960167847639,0.0240919996690181,TRUE,199,199,0,"OK","P14-C010",21,30,600,0.05,"balanced","weak","exact_knot",20,20,0,0,2,0.0940000000000012
"V4-CMP-MOKKEN-TWOLEVEL-DELTA-v1","V4-TARGET-RESPONDENT-WEIGHTED-v1",0.117672270907403,0.117439750744257,0.000232520163145303,0.0681635935461451,0.16718094826866,0.117672270907403,0.0990173547225148,0.0252599934242545,TRUE,,,0,"OK","P14-C010",21,30,600,0.05,"balanced","weak","exact_knot",20,20,0,0,2,0.0940000000000012
"V4-PRI-TWO-STAGE-HBB-RESP-v1","V4-TARGET-RESPONDENT-WEIGHTED-v1",0.14579203898282,0.117439750744257,0.0283522882385629,0.0942497975933091,0.215074483405104,0.154662140499206,0.120824685811795,0.0298270818416506,TRUE,199,199,0,"OK","P14-C010",22,30,600,0.05,"balanced","weak","exact_knot",20,20,0,0.00499999999999995,0,0.106999999999999
"V4-SENS-TWO-STAGE-HBB-CLUSTER-v1","V4-TARGET-EQUAL-CLUSTER-v1",0.14579203898282,0.117439750744257,0.0283522882385629,0.0966256323554181,0.202875417658734,0.149750525007076,0.106249785303316,0.0279983775238837,TRUE,199,199,0,"OK","P14-C010",22,30,600,0.05,"balanced","weak","exact_knot",20,20,0,0.00499999999999995,0,0.106999999999999
"V4-CMP-ONE-STAGE-CLUSTER-BB-RESP-v1","V4-TARGET-RESPONDENT-WEIGHTED-v1",0.14579203898282,0.117439750744257,0.0283522882385629,0.109572344119868,0.176913489311483,0.143242916715675,0.0673411451916153,0.0163828021363674,TRUE,199,199,0,"OK","P14-C010",22,30,600,0.05,"balanced","weak","exact_knot",20,20,0,0.00499999999999995,0,0.106999999999999
"V4-CMP-IID-RESP-BB-v1","WORKING-INDEPENDENCE-RESPONDENT",0.14579203898282,0.117439750744257,0.0283522882385629,0.108654639611286,0.178753385521967,0.143704012566627,0.0700987459106805,0.0181526592782208,TRUE,199,199,0,"OK","P14-C010",22,30,600,0.05,"balanced","weak","exact_knot",20,20,0,0.00499999999999995,0,0.106999999999999
"V4-CMP-TWO-STAGE-FREQ-BOOT-RESP-v1","V4-TARGET-RESPONDENT-WEIGHTED-v1",0.14579203898282,0.117439750744257,0.0283522882385629,0.101719214391636,0.184604577352205,0.143161895871921,0.0828853629605696,0.0211559796454564,TRUE,199,199,0,"OK","P14-C010",22,30,600,0.05,"balanced","weak","exact_knot",20,20,0,0.00499999999999995,0,0.106999999999999
"V4-CMP-MOKKEN-TWOLEVEL-DELTA-v1","V4-TARGET-RESPONDENT-WEIGHTED-v1",0.145792038982812,0.117439750744257,0.0283522882385545,0.0984157997478486,0.193168278217775,0.145792038982812,0.0947524784699261,0.0241719947961599,TRUE,,,0,"OK","P14-C010",22,30,600,0.05,"balanced","weak","exact_knot",20,20,0,0.00499999999999995,0,0.106999999999999
"V4-PRI-TWO-STAGE-HBB-RESP-v1","V4-TARGET-RESPONDENT-WEIGHTED-v1",0.103498648069414,0.117439750744257,-0.0139411026748435,0.0459858343447133,0.147475217447073,0.096730525895893,0.101489383102359,0.0251438157653248,TRUE,199,199,0,"OK","P14-C010",23,30,600,0.05,"balanced","weak","exact_knot",20,20,0,0,1,0.0940000000000012
"V4-SENS-TWO-STAGE-HBB-CLUSTER-v1","V4-TARGET-EQUAL-CLUSTER-v1",0.103498648069414,0.117439750744257,-0.0139411026748435,0.054974949848529,0.167150486610917,0.111062718229723,0.112175536762388,0.0279733245329058,TRUE,199,199,0,"OK","P14-C010",23,30,600,0.05,"balanced","weak","exact_knot",20,20,0,0,1,0.0940000000000012
"V4-CMP-ONE-STAGE-CLUSTER-BB-RESP-v1","V4-TARGET-RESPONDENT-WEIGHTED-v1",0.103498648069414,0.117439750744257,-0.0139411026748435,0.0769252616616135,0.133843345129738,0.105384303395676,0.0569180834681242,0.0146508654748385,TRUE,199,199,0,"OK","P14-C010",23,30,600,0.05,"balanced","weak","exact_knot",20,20,0,0,1,0.0940000000000012
"V4-CMP-IID-RESP-BB-v1","WORKING-INDEPENDENCE-RESPONDENT",0.103498648069414,0.117439750744257,-0.0139411026748435,0.0751304028666509,0.145275913559957,0.110203158213304,0.070145510693306,0.0168453849196366,TRUE,199,199,0,"OK","P14-C010",23,30,600,0.05,"balanced","weak","exact_knot",20,20,0,0,1,0.0940000000000012
"V4-CMP-TWO-STAGE-FREQ-BOOT-RESP-v1","V4-TARGET-RESPONDENT-WEIGHTED-v1",0.103498648069414,0.117439750744257,-0.0139411026748435,0.0621430105148344,0.150019380279097,0.106081195396966,0.0878763697642625,0.023263503060413,TRUE,199,199,0,"OK","P14-C010",23,30,600,0.05,"balanced","weak","exact_knot",20,20,0,0,1,0.0940000000000012
"V4-CMP-MOKKEN-TWOLEVEL-DELTA-v1","V4-TARGET-RESPONDENT-WEIGHTED-v1",0.103498648069405,0.117439750744257,-0.013941102674852,0.0589756120438507,0.14802168409496,0.103498648069405,0.089046072051109,0.0227162521233791,TRUE,,,0,"OK","P14-C010",23,30,600,0.05,"balanced","weak","exact_knot",20,20,0,0,1,0.0940000000000012
"V4-PRI-TWO-STAGE-HBB-RESP-v1","V4-TARGET-RESPONDENT-WEIGHTED-v1",0.104480978221399,0.117439750744257,-0.0129587725228584,0.057979619548669,0.157738876123798,0.107859247836234,0.0997592565751292,0.0254251004695937,TRUE,199,199,0,"OK","P14-C010",24,30,600,0.05,"balanced","weak","exact_knot",20,20,0,0,1,0.106999999999999
"V4-SENS-TWO-STAGE-HBB-CLUSTER-v1","V4-TARGET-EQUAL-CLUSTER-v1",0.104480978221399,0.117439750744257,-0.0129587725228584,0.0543069768733584,0.148896103044215,0.101601539958787,0.0945891261708568,0.0243470785782348,TRUE,199,199,0,"OK","P14-C010",24,30,600,0.05,"balanced","weak","exact_knot",20,20,0,0,1,0.106999999999999
"V4-CMP-ONE-STAGE-CLUSTER-BB-RESP-v1","V4-TARGET-RESPONDENT-WEIGHTED-v1",0.104480978221399,0.117439750744257,-0.0129587725228584,0.073214881823429,0.136488848000414,0.104851864911922,0.0632739661769855,0.0167521071523006,TRUE,199,199,0,"OK","P14-C010",24,30,600,0.05,"balanced","weak","exact_knot",20,20,0,0,1,0.106999999999999
"V4-CMP-IID-RESP-BB-v1","WORKING-INDEPENDENCE-RESPONDENT",0.104480978221399,0.117439750744257,-0.0129587725228584,0.0746074673816743,0.139400879985881,0.107004173683777,0.0647934126042063,0.0174064367161543,TRUE,199,199,0,"OK","P14-C010",24,30,600,0.05,"balanced","weak","exact_knot",20,20,0,0,1,0.106999999999999
"V4-CMP-TWO-STAGE-FREQ-BOOT-RESP-v1","V4-TARGET-RESPONDENT-WEIGHTED-v1",0.104480978221399,0.117439750744257,-0.0129587725228584,0.0690219210684148,0.154699108284549,0.111860514676482,0.0856771872161346,0.021425120065421,TRUE,199,199,0,"OK","P14-C010",24,30,600,0.05,"balanced","weak","exact_knot",20,20,0,0,1,0.106999999999999
"V4-CMP-MOKKEN-TWOLEVEL-DELTA-v1","V4-TARGET-RESPONDENT-WEIGHTED-v1",0.104480978221391,0.117439750744257,-0.0129587725228657,0.0597381464966669,0.149223809946116,0.104480978221391,0.0894856634494492,0.0228283948468698,TRUE,,,0,"OK","P14-C010",24,30,600,0.05,"balanced","weak","exact_knot",20,20,0,0,1,0.106999999999999
"V4-PRI-TWO-STAGE-HBB-RESP-v1","V4-TARGET-RESPONDENT-WEIGHTED-v1",0.116604969846228,0.117439750744257,-0.000834780898028964,0.0643766176259907,0.165797599042025,0.115087108334008,0.101420981416034,0.0266787041535392,TRUE,199,199,0,"OK","P14-C010",25,30,600,0.05,"balanced","weak","exact_knot",20,20,0,0.00166666666666665,0,0.0939999999999941
"V4-SENS-TWO-STAGE-HBB-CLUSTER-v1","V4-TARGET-EQUAL-CLUSTER-v1",0.116604969846228,0.117439750744257,-0.000834780898028964,0.0725827738775413,0.177753023500873,0.125167898689207,0.105170249623331,0.0250627520898517,TRUE,199,199,0,"OK","P14-C010",25,30,600,0.05,"balanced","weak","exact_knot",20,20,0,0.00166666666666665,0,0.0939999999999941
"V4-CMP-ONE-STAGE-CLUSTER-BB-RESP-v1","V4-TARGET-RESPONDENT-WEIGHTED-v1",0.116604969846228,0.117439750744257,-0.000834780898028964,0.0887440422960984,0.156657876444653,0.122700959370376,0.0679138341485542,0.0154563190685823,TRUE,199,199,0,"OK","P14-C010",25,30,600,0.05,"balanced","weak","exact_knot",20,20,0,0.00166666666666665,0,0.0939999999999941
"V4-CMP-IID-RESP-BB-v1","WORKING-INDEPENDENCE-RESPONDENT",0.116604969846228,0.117439750744257,-0.000834780898028964,0.0824267054690217,0.147580477266784,0.115003591367903,0.0651537717977622,0.0174894477560275,TRUE,199,199,0,"OK","P14-C010",25,30,600,0.05,"balanced","weak","exact_knot",20,20,0,0.00166666666666665,0,0.0939999999999941
"V4-CMP-TWO-STAGE-FREQ-BOOT-RESP-v1","V4-TARGET-RESPONDENT-WEIGHTED-v1",0.116604969846228,0.117439750744257,-0.000834780898028964,0.0748799733101565,0.162714107056687,0.118797040183422,0.0878341337465305,0.0218387348363401,TRUE,199,199,0,"OK","P14-C010",25,30,600,0.05,"balanced","weak","exact_knot",20,20,0,0.00166666666666665,0,0.0939999999999941
"V4-CMP-MOKKEN-TWOLEVEL-DELTA-v1","V4-TARGET-RESPONDENT-WEIGHTED-v1",0.116604969846219,0.117439750744257,-0.000834780898038276,0.0717015498674363,0.161508389825002,0.116604969846219,0.0898068399575652,0.0229103291351142,TRUE,,,0,"OK","P14-C010",25,30,600,0.05,"balanced","weak","exact_knot",20,20,0,0.00166666666666665,0,0.0939999999999941
"V4-PRI-TWO-STAGE-HBB-RESP-v1","V4-TARGET-RESPONDENT-WEIGHTED-v1",0.126313591690689,0.117439750744257,0.00887384094643213,0.0721560177267302,0.180583907704809,0.126369962715769,0.108427889978078,0.027778199019037,TRUE,199,199,0,"OK","P14-C010",26,30,600,0.05,"balanced","weak","exact_knot",20,20,0,0,4,0.105000000000004
"V4-SENS-TWO-STAGE-HBB-CLUSTER-v1","V4-TARGET-EQUAL-CLUSTER-v1",0.126313591690689,0.117439750744257,0.00887384094643213,0.0822550778587613,0.184720350194583,0.133487714026672,0.102465272335822,0.0264727078256654,TRUE,199,199,0,"OK","P14-C010",26,30,600,0.05,"balanced","weak","exact_knot",20,20,0,0,4,0.105000000000004
"V4-CMP-ONE-STAGE-CLUSTER-BB-RESP-v1","V4-TARGET-RESPONDENT-WEIGHTED-v1",0.126313591690689,0.117439750744257,0.00887384094643213,0.0986863107372573,0.15889791976163,0.128792115249444,0.060211609024373,0.0149560314878582,TRUE,199,199,0,"OK","P14-C010",26,30,600,0.05,"balanced","weak","exact_knot",20,20,0,0,4,0.105000000000004
"V4-CMP-IID-RESP-BB-v1","WORKING-INDEPENDENCE-RESPONDENT",0.126313591690689,0.117439750744257,0.00887384094643213,0.096007058386952,0.156010332239994,0.126008695313473,0.0600032738530425,0.0168271377779028,TRUE,199,199,0,"OK","P14-C010",26,30,600,0.05,"balanced","weak","exact_knot",20,20,0,0,4,0.105000000000004
"V4-CMP-TWO-STAGE-FREQ-BOOT-RESP-v1","V4-TARGET-RESPONDENT-WEIGHTED-v1",0.126313591690689,0.117439750744257,0.00887384094643213,0.0831860899310187,0.174524604258283,0.128855347094651,0.0913385143272645,0.0238815842536144,TRUE,199,199,0,"OK","P14-C010",26,30,600,0.05,"balanced","weak","exact_knot",20,20,0,0,4,0.105000000000004
"V4-CMP-MOKKEN-TWOLEVEL-DELTA-v1","V4-TARGET-RESPONDENT-WEIGHTED-v1",0.126313591690682,0.117439750744257,0.00887384094642481,0.0814230343126695,0.171204149068695,0.126313591690682,0.089781114756025,0.0229037664631103,TRUE,,,0,"OK","P14-C010",26,30,600,0.05,"balanced","weak","exact_knot",20,20,0,0,4,0.105000000000004
"V4-PRI-TWO-STAGE-HBB-RESP-v1","V4-TARGET-RESPONDENT-WEIGHTED-v1",0.128476647501657,0.117439750744257,0.0110368967574001,0.0778289158868521,0.185756239715412,0.131792577801132,0.10792732382856,0.0282550282367641,TRUE,199,199,0,"OK","P14-C010",27,30,600,0.05,"balanced","weak","exact_knot",20,20,0,0,1,0.0989999999999966
"V4-SENS-TWO-STAGE-HBB-CLUSTER-v1","V4-TARGET-EQUAL-CLUSTER-v1",0.128476647501657,0.117439750744257,0.0110368967574001,0.07850532473345,0.19840005285346,0.138452688793455,0.11989472812001,0.030949099039966,TRUE,199,199,0,"OK","P14-C010",27,30,600,0.05,"balanced","weak","exact_knot",20,20,0,0,1,0.0989999999999966
"V4-CMP-ONE-STAGE-CLUSTER-BB-RESP-v1","V4-TARGET-RESPONDENT-WEIGHTED-v1",0.128476647501657,0.117439750744257,0.0110368967574001,0.0926914948079238,0.155109931366484,0.123900713087204,0.0624184365585599,0.0152291502349138,TRUE,199,199,0,"OK","P14-C010",27,30,600,0.05,"balanced","weak","exact_knot",20,20,0,0,1,0.0989999999999966
"V4-CMP-IID-RESP-BB-v1","WORKING-INDEPENDENCE-RESPONDENT",0.128476647501657,0.117439750744257,0.0110368967574001,0.094653801449367,0.159240029189425,0.126946915319396,0.0645862277400585,0.0158853472237115,TRUE,199,199,0,"OK","P14-C010",27,30,600,0.05,"balanced","weak","exact_knot",20,20,0,0,1,0.0989999999999966
"V4-CMP-TWO-STAGE-FREQ-BOOT-RESP-v1","V4-TARGET-RESPONDENT-WEIGHTED-v1",0.128476647501657,0.117439750744257,0.0110368967574001,0.0671836628388621,0.179629745519683,0.123406704179273,0.112446082680821,0.0270906571528005,TRUE,199,199,0,"OK","P14-C010",27,30,600,0.05,"balanced","weak","exact_knot",20,20,0,0,1,0.0989999999999966
"V4-CMP-MOKKEN-TWOLEVEL-DELTA-v1","V4-TARGET-RESPONDENT-WEIGHTED-v1",0.12847664750165,0.117439750744257,0.0110368967573923,0.0816539393912212,0.175299355612078,0.12847664750165,0.0936454162208567,0.0238895757675957,TRUE,,,0,"OK","P14-C010",27,30,600,0.05,"balanced","weak","exact_knot",20,20,0,0,1,0.0989999999999966
"V4-PRI-TWO-STAGE-HBB-RESP-v1","V4-TARGET-RESPONDENT-WEIGHTED-v1",0.122776997938038,0.117439750744257,0.0053372471937808,0.0767951567535052,0.179143821049446,0.127969488901476,0.102348664295941,0.0269804414101224,TRUE,199,199,0,"OK","P14-C010",28,30,600,0.05,"balanced","weak","exact_knot",20,20,0,0,5,0.097999999999999
"V4-SENS-TWO-STAGE-HBB-CLUSTER-v1","V4-TARGET-EQUAL-CLUSTER-v1",0.122776997938038,0.117439750744257,0.0053372471937808,0.0787742564129326,0.187824689957166,0.133299473185049,0.109050433544234,0.0270388822921811,TRUE,199,199,0,"OK","P14-C010",28,30,600,0.05,"balanced","weak","exact_knot",20,20,0,0,5,0.097999999999999
"V4-CMP-ONE-STAGE-CLUSTER-BB-RESP-v1","V4-TARGET-RESPONDENT-WEIGHTED-v1",0.122776997938038,0.117439750744257,0.0053372471937808,0.0913458467433709,0.153080591454438,0.122213219098904,0.0617347447110667,0.0156505520352214,TRUE,199,199,0,"OK","P14-C010",28,30,600,0.05,"balanced","weak","exact_knot",20,20,0,0,5,0.097999999999999
"V4-CMP-IID-RESP-BB-v1","WORKING-INDEPENDENCE-RESPONDENT",0.122776997938038,0.117439750744257,0.0053372471937808,0.087108776500201,0.159642721513415,0.123375749006808,0.072533945013214,0.0170987031848177,TRUE,199,199,0,"OK","P14-C010",28,30,600,0.05,"balanced","weak","exact_knot",20,20,0,0,5,0.097999999999999
"V4-CMP-TWO-STAGE-FREQ-BOOT-RESP-v1","V4-TARGET-RESPONDENT-WEIGHTED-v1",0.122776997938038,0.117439750744257,0.0053372471937808,0.0788951241388244,0.166146579725504,0.122520851932164,0.0872514555866795,0.0229486085163845,TRUE,199,199,0,"OK","P14-C010",28,30,600,0.05,"balanced","weak","exact_knot",20,20,0,0,5,0.097999999999999
"V4-CMP-MOKKEN-TWOLEVEL-DELTA-v1","V4-TARGET-RESPONDENT-WEIGHTED-v1",0.122776997938029,0.117439750744257,0.00533724719377134,0.0775551761319135,0.167998819744144,0.122776997938029,0.0904436436122301,0.0230727820321287,TRUE,,,0,"OK","P14-C010",28,30,600,0.05,"balanced","weak","exact_knot",20,20,0,0,5,0.097999999999999
"V4-PRI-TWO-STAGE-HBB-RESP-v1","V4-TARGET-RESPONDENT-WEIGHTED-v1",0.0987785886903483,0.117439750744257,-0.0186611620539089,0.0514735025519504,0.15778374949758,0.104628626024765,0.10631024694563,0.0266364770296628,TRUE,199,199,0,"OK","P14-C010",29,30,600,0.05,"balanced","weak","exact_knot",20,20,0,0,3,0.095000000000006
"V4-SENS-TWO-STAGE-HBB-CLUSTER-v1","V4-TARGET-EQUAL-CLUSTER-v1",0.0987785886903483,0.117439750744257,-0.0186611620539089,0.049084784466503,0.156191487036928,0.102638135751716,0.107106702570425,0.0272134977887524,TRUE,199,199,0,"OK","P14-C010",29,30,600,0.05,"balanced","weak","exact_knot",20,20,0,0,3,0.095000000000006
"V4-CMP-ONE-STAGE-CLUSTER-BB-RESP-v1","V4-TARGET-RESPONDENT-WEIGHTED-v1",0.0987785886903483,0.117439750744257,-0.0186611620539089,0.0710181096941801,0.132510371141884,0.101764240418032,0.0614922614477043,0.0147054623226718,TRUE,199,199,0,"OK","P14-C010",29,30,600,0.05,"balanced","weak","exact_knot",20,20,0,0,3,0.095000000000006
"V4-CMP-IID-RESP-BB-v1","WORKING-INDEPENDENCE-RESPONDENT",0.0987785886903483,0.117439750744257,-0.0186611620539089,0.0689717345941245,0.131775064670195,0.10037339963216,0.0628033300760703,0.015886329316238,TRUE,199,199,0,"OK","P14-C010",29,30,600,0.05,"balanced","weak","exact_knot",20,20,0,0,3,0.095000000000006
"V4-CMP-TWO-STAGE-FREQ-BOOT-RESP-v1","V4-TARGET-RESPONDENT-WEIGHTED-v1",0.0987785886903483,0.117439750744257,-0.0186611620539089,0.0558670342584807,0.139180633875619,0.0975238340670499,0.0833135996171384,0.0210357471285925,TRUE,199,199,0,"OK","P14-C010",29,30,600,0.05,"balanced","weak","exact_knot",20,20,0,0,3,0.095000000000006
"V4-CMP-MOKKEN-TWOLEVEL-DELTA-v1","V4-TARGET-RESPONDENT-WEIGHTED-v1",0.0987785886903394,0.117439750744257,-0.0186611620539178,0.0565609434623725,0.140996233918306,0.0987785886903394,0.0844352904559338,0.0215400107149796,TRUE,,,0,"OK","P14-C010",29,30,600,0.05,"balanced","weak","exact_knot",20,20,0,0,3,0.095000000000006
"V4-PRI-TWO-STAGE-HBB-RESP-v1","V4-TARGET-RESPONDENT-WEIGHTED-v1",0.117690168891512,0.117439750744257,0.000250418147255238,0.0648887279283656,0.181459119855829,0.123173923892097,0.116570391927464,0.027326896396344,TRUE,199,199,0,"OK","P14-C010",30,30,600,0.05,"balanced","weak","exact_knot",20,20,0,0,1,0.108999999999995
"V4-SENS-TWO-STAGE-HBB-CLUSTER-v1","V4-TARGET-EQUAL-CLUSTER-v1",0.117690168891512,0.117439750744257,0.000250418147255238,0.0757072514507393,0.179488936617985,0.127598094034362,0.103781685167246,0.0250580586153405,TRUE,199,199,0,"OK","P14-C010",30,30,600,0.05,"balanced","weak","exact_knot",20,20,0,0,1,0.108999999999995
"V4-CMP-ONE-STAGE-CLUSTER-BB-RESP-v1","V4-TARGET-RESPONDENT-WEIGHTED-v1",0.117690168891512,0.117439750744257,0.000250418147255238,0.0879454441312946,0.148933076477298,0.118439260304297,0.0609876323460038,0.0149229962697473,TRUE,199,199,0,"OK","P14-C010",30,30,600,0.05,"balanced","weak","exact_knot",20,20,0,0,1,0.108999999999995
"V4-CMP-IID-RESP-BB-v1","WORKING-INDEPENDENCE-RESPONDENT",0.117690168891512,0.117439750744257,0.000250418147255238,0.0868636785308837,0.155055273838004,0.120959476184444,0.0681915953071199,0.0180122004481425,TRUE,199,199,0,"OK","P14-C010",30,30,600,0.05,"balanced","weak","exact_knot",20,20,0,0,1,0.108999999999995
"V4-CMP-TWO-STAGE-FREQ-BOOT-RESP-v1","V4-TARGET-RESPONDENT-WEIGHTED-v1",0.117690168891512,0.117439750744257,0.000250418147255238,0.0763319530273196,0.166242786998634,0.121287370012977,0.0899108339713146,0.022911118874074,TRUE,199,199,0,"OK","P14-C010",30,30,600,0.05,"balanced","weak","exact_knot",20,20,0,0,1,0.108999999999995
"V4-CMP-MOKKEN-TWOLEVEL-DELTA-v1","V4-TARGET-RESPONDENT-WEIGHTED-v1",0.117690168891505,0.117439750744257,0.000250418147247536,0.0747039372808696,0.16067640050214,0.117690168891505,0.0859724632212703,0.021932153830226,TRUE,,,0,"OK","P14-C010",30,30,600,0.05,"balanced","weak","exact_knot",20,20,0,0,1,0.108999999999995
"V4-PRI-TWO-STAGE-HBB-RESP-v1","V4-TARGET-RESPONDENT-WEIGHTED-v1",0.11998640688263,0.117439750744257,0.00254665613837307,0.0634876765514095,0.17207151143328,0.117779593992345,0.108583834881871,0.0262437208746336,TRUE,199,199,0,"OK","P14-C010",31,30,600,0.05,"balanced","weak","exact_knot",20,20,0,0.00166666666666665,0,0.0930000000000035
"V4-SENS-TWO-STAGE-HBB-CLUSTER-v1","V4-TARGET-EQUAL-CLUSTER-v1",0.11998640688263,0.117439750744257,0.00254665613837307,0.0776409567785517,0.174828404414097,0.126234680596324,0.0971874476355455,0.0257035087019312,TRUE,199,199,0,"OK","P14-C010",31,30,600,0.05,"balanced","weak","exact_knot",20,20,0,0.00166666666666665,0,0.0930000000000035
"V4-CMP-ONE-STAGE-CLUSTER-BB-RESP-v1","V4-TARGET-RESPONDENT-WEIGHTED-v1",0.11998640688263,0.117439750744257,0.00254665613837307,0.0910832743219228,0.152204065127564,0.121643669724743,0.0611207908056411,0.0152477124960297,TRUE,199,199,0,"OK","P14-C010",31,30,600,0.05,"balanced","weak","exact_knot",20,20,0,0.00166666666666665,0,0.0930000000000035
"V4-CMP-IID-RESP-BB-v1","WORKING-INDEPENDENCE-RESPONDENT",0.11998640688263,0.117439750744257,0.00254665613837307,0.0904209604439476,0.14804348144039,0.119232220942169,0.0576225209964423,0.0149647700890022,TRUE,199,199,0,"OK","P14-C010",31,30,600,0.05,"balanced","weak","exact_knot",20,20,0,0.00166666666666665,0,0.0930000000000035
"V4-CMP-TWO-STAGE-FREQ-BOOT-RESP-v1","V4-TARGET-RESPONDENT-WEIGHTED-v1",0.11998640688263,0.117439750744257,0.00254665613837307,0.0775622776917473,0.170534996532062,0.124048637111904,0.0929727188403142,0.0237072441429055,TRUE,199,199,0,"OK","P14-C010",31,30,600,0.05,"balanced","weak","exact_knot",20,20,0,0.00166666666666665,0,0.0930000000000035
"V4-CMP-MOKKEN-TWOLEVEL-DELTA-v1","V4-TARGET-RESPONDENT-WEIGHTED-v1",0.119986406882622,0.117439750744257,0.00254665613836443,0.077320711957382,0.162652101807861,0.119986406882622,0.0853313898504793,0.0217686116998992,TRUE,,,0,"OK","P14-C010",31,30,600,0.05,"balanced","weak","exact_knot",20,20,0,0.00166666666666665,0,0.0930000000000035
"V4-PRI-TWO-STAGE-HBB-RESP-v1","V4-TARGET-RESPONDENT-WEIGHTED-v1",0.140554949100057,0.117439750744257,0.0231151983557995,0.0884708766538745,0.210974550663273,0.149722713658574,0.122503674009398,0.0309021462885842,TRUE,199,199,0,"OK","P14-C010",32,30,600,0.05,"balanced","weak","exact_knot",20,20,0,0,1,0.106999999999999
"V4-SENS-TWO-STAGE-HBB-CLUSTER-v1","V4-TARGET-EQUAL-CLUSTER-v1",0.140554949100057,0.117439750744257,0.0231151983557995,0.0827323417561344,0.209643908054147,0.146188124905141,0.126911566298012,0.0306649649003118,TRUE,199,199,0,"OK","P14-C010",32,30,600,0.05,"balanced","weak","exact_knot",20,20,0,0,1,0.106999999999999
"V4-CMP-ONE-STAGE-CLUSTER-BB-RESP-v1","V4-TARGET-RESPONDENT-WEIGHTED-v1",0.140554949100057,0.117439750744257,0.0231151983557995,0.104949412457156,0.182146880125105,0.143548146291131,0.0771974676679487,0.0195833721837336,TRUE,199,199,0,"OK","P14-C010",32,30,600,0.05,"balanced","weak","exact_knot",20,20,0,0,1,0.106999999999999
"V4-CMP-IID-RESP-BB-v1","WORKING-INDEPENDENCE-RESPONDENT",0.140554949100057,0.117439750744257,0.0231151983557995,0.107096505720032,0.181827117351882,0.144461811535957,0.0747306116318503,0.01890106378701,TRUE,199,199,0,"OK","P14-C010",32,30,600,0.05,"balanced","weak","exact_knot",20,20,0,0,1,0.106999999999999
"V4-CMP-TWO-STAGE-FREQ-BOOT-RESP-v1","V4-TARGET-RESPONDENT-WEIGHTED-v1",0.140554949100057,0.117439750744257,0.0231151983557995,0.1021858889009,0.186414543322972,0.144300216111936,0.0842286544220712,0.0224509023014298,TRUE,199,199,0,"OK","P14-C010",32,30,600,0.05,"balanced","weak","exact_knot",20,20,0,0,1,0.106999999999999
"V4-CMP-MOKKEN-TWOLEVEL-DELTA-v1","V4-TARGET-RESPONDENT-WEIGHTED-v1",0.140554949100048,0.117439750744257,0.0231151983557911,0.0906197067561929,0.190490191443904,0.140554949100048,0.0998704846877109,0.0254776326186288,TRUE,,,0,"OK","P14-C010",32,30,600,0.05,"balanced","weak","exact_knot",20,20,0,0,1,0.106999999999999
"V4-PRI-TWO-STAGE-HBB-RESP-v1","V4-TARGET-RESPONDENT-WEIGHTED-v1",0.100112576374969,0.117439750744257,-0.017327174369288,0.0538144902600764,0.17507531145614,0.114444900858108,0.121260821196064,0.0293210219994481,TRUE,199,199,0,"OK","P14-C010",33,30,600,0.05,"balanced","weak","exact_knot",20,20,0,0.00166666666666665,0,0.0940000000000012
"V4-SENS-TWO-STAGE-HBB-CLUSTER-v1","V4-TARGET-EQUAL-CLUSTER-v1",0.100112576374969,0.117439750744257,-0.017327174369288,0.0551365361407974,0.144733680602841,0.0999351083718194,0.0895971444620439,0.0250395544738996,TRUE,199,199,0,"OK","P14-C010",33,30,600,0.05,"balanced","weak","exact_knot",20,20,0,0.00166666666666665,0,0.0940000000000012
"V4-CMP-ONE-STAGE-CLUSTER-BB-RESP-v1","V4-TARGET-RESPONDENT-WEIGHTED-v1",0.100112576374969,0.117439750744257,-0.017327174369288,0.0774627976776099,0.12874210948952,0.103102453583565,0.0512793118119099,0.0131486454131222,TRUE,199,199,0,"OK","P14-C010",33,30,600,0.05,"balanced","weak","exact_knot",20,20,0,0.00166666666666665,0,0.0940000000000012
"V4-CMP-IID-RESP-BB-v1","WORKING-INDEPENDENCE-RESPONDENT",0.100112576374969,0.117439750744257,-0.017327174369288,0.0690517872266502,0.133274854944289,0.101163321085469,0.0642230677176385,0.016309621564418,TRUE,199,199,0,"OK","P14-C010",33,30,600,0.05,"balanced","weak","exact_knot",20,20,0,0.00166666666666665,0,0.0940000000000012
"V4-CMP-TWO-STAGE-FREQ-BOOT-RESP-v1","V4-TARGET-RESPONDENT-WEIGHTED-v1",0.100112576374969,0.117439750744257,-0.017327174369288,0.0524616573451938,0.146982129245184,0.0997218932951887,0.0945204718999897,0.0232977551274796,TRUE,199,199,0,"OK","P14-C010",33,30,600,0.05,"balanced","weak","exact_knot",20,20,0,0.00166666666666665,0,0.0940000000000012
"V4-CMP-MOKKEN-TWOLEVEL-DELTA-v1","V4-TARGET-RESPONDENT-WEIGHTED-v1",0.100112576374961,0.117439750744257,-0.0173271743692961,0.0589759844675287,0.141249168282393,0.100112576374961,0.0822731838148646,0.0209884427631898,TRUE,,,0,"OK","P14-C010",33,30,600,0.05,"balanced","weak","exact_knot",20,20,0,0.00166666666666665,0,0.0940000000000012
"V4-PRI-TWO-STAGE-HBB-RESP-v1","V4-TARGET-RESPONDENT-WEIGHTED-v1",0.122566978170347,0.117439750744257,0.00512722742608943,0.0743099306367911,0.196431223953495,0.135370577295143,0.122121293316704,0.0300146564676225,TRUE,199,199,0,"OK","P14-C010",34,30,600,0.05,"balanced","weak","exact_knot",20,20,0,0,1,0.0929999999999964
"V4-SENS-TWO-STAGE-HBB-CLUSTER-v1","V4-TARGET-EQUAL-CLUSTER-v1",0.122566978170347,0.117439750744257,0.00512722742608943,0.0786230065969998,0.184220794456093,0.131421900526546,0.105597787859093,0.0263467461075677,TRUE,199,199,0,"OK","P14-C010",34,30,600,0.05,"balanced","weak","exact_knot",20,20,0,0,1,0.0929999999999964
"V4-CMP-ONE-STAGE-CLUSTER-BB-RESP-v1","V4-TARGET-RESPONDENT-WEIGHTED-v1",0.122566978170347,0.117439750744257,0.00512722742608943,0.086477658820688,0.158514365251318,0.122496012036003,0.0720367064306303,0.018538050380677,TRUE,199,199,0,"OK","P14-C010",34,30,600,0.05,"balanced","weak","exact_knot",20,20,0,0,1,0.0929999999999964
"V4-CMP-IID-RESP-BB-v1","WORKING-INDEPENDENCE-RESPONDENT",0.122566978170347,0.117439750744257,0.00512722742608943,0.0922568682020678,0.157127765412364,0.124692316807216,0.0648708972102963,0.0164805822023223,TRUE,199,199,0,"OK","P14-C010",34,30,600,0.05,"balanced","weak","exact_knot",20,20,0,0,1,0.0929999999999964
"V4-CMP-TWO-STAGE-FREQ-BOOT-RESP-v1","V4-TARGET-RESPONDENT-WEIGHTED-v1",0.122566978170347,0.117439750744257,0.00512722742608943,0.0743660299218164,0.170505633303708,0.122435831612762,0.0961396033818921,0.0257674864765559,TRUE,199,199,0,"OK","P14-C010",34,30,600,0.05,"balanced","weak","exact_knot",20,20,0,0,1,0.0929999999999964
"V4-CMP-MOKKEN-TWOLEVEL-DELTA-v1","V4-TARGET-RESPONDENT-WEIGHTED-v1",0.122566978170336,0.117439750744257,0.00512722742607914,0.0746715836234118,0.170462372717261,0.122566978170336,0.0957907890938491,0.0244368748225566,TRUE,,,0,"OK","P14-C010",34,30,600,0.05,"balanced","weak","exact_knot",20,20,0,0,1,0.0929999999999964
"V4-PRI-TWO-STAGE-HBB-RESP-v1","V4-TARGET-RESPONDENT-WEIGHTED-v1",0.106426086527233,0.117439750744257,-0.0110136642170246,0.052651155843054,0.158181811090498,0.105416483466776,0.105530655247444,0.0282760559732473,TRUE,199,199,0,"OK","P14-C010",35,30,600,0.05,"balanced","weak","exact_knot",20,20,0,0,1,0.111000000000004
"V4-SENS-TWO-STAGE-HBB-CLUSTER-v1","V4-TARGET-EQUAL-CLUSTER-v1",0.106426086527233,0.117439750744257,-0.0110136642170246,0.0558113143914279,0.162501567683425,0.109156441037426,0.106690253291997,0.0275357265974448,TRUE,199,199,0,"OK","P14-C010",35,30,600,0.05,"balanced","weak","exact_knot",20,20,0,0,1,0.111000000000004
"V4-CMP-ONE-STAGE-CLUSTER-BB-RESP-v1","V4-TARGET-RESPONDENT-WEIGHTED-v1",0.106426086527233,0.117439750744257,-0.0110136642170246,0.0691960743646156,0.142102623315432,0.105649348840024,0.0729065489508159,0.0186010311841595,TRUE,199,199,0,"OK","P14-C010",35,30,600,0.05,"balanced","weak","exact_knot",20,20,0,0,1,0.111000000000004
"V4-CMP-IID-RESP-BB-v1","WORKING-INDEPENDENCE-RESPONDENT",0.106426086527233,0.117439750744257,-0.0110136642170246,0.0765280267087461,0.140657084430537,0.108592555569642,0.0641290577217912,0.0162016214452751,TRUE,199,199,0,"OK","P14-C010",35,30,600,0.05,"balanced","weak","exact_knot",20,20,0,0,1,0.111000000000004
"V4-CMP-TWO-STAGE-FREQ-BOOT-RESP-v1","V4-TARGET-RESPONDENT-WEIGHTED-v1",0.106426086527233,0.117439750744257,-0.0110136642170246,0.0551274862069846,0.157866308968224,0.106496897587604,0.102738822761239,0.026236034798905,TRUE,199,199,0,"OK","P14-C010",35,30,600,0.05,"balanced","weak","exact_knot",20,20,0,0,1,0.111000000000004
"V4-CMP-MOKKEN-TWOLEVEL-DELTA-v1","V4-TARGET-RESPONDENT-WEIGHTED-v1",0.106426086527224,0.117439750744257,-0.0110136642170335,0.0575498199827298,0.155302353071718,0.106426086527224,0.0977525330889878,0.0249373289152371,TRUE,,,0,"OK","P14-C010",35,30,600,0.05,"balanced","weak","exact_knot",20,20,0,0,1,0.111000000000004
"V4-PRI-TWO-STAGE-HBB-RESP-v1","V4-TARGET-RESPONDENT-WEIGHTED-v1",0.106362260147543,0.117439750744257,-0.0110774905967145,0.0570551189468414,0.169904130315936,0.113479624631389,0.112849011369095,0.0300198655912984,TRUE,199,199,0,"OK","P14-C010",36,30,600,0.05,"balanced","weak","exact_knot",20,20,0,0,1,0.0970000000000013
"V4-SENS-TWO-STAGE-HBB-CLUSTER-v1","V4-TARGET-EQUAL-CLUSTER-v1",0.106362260147543,0.117439750744257,-0.0110774905967145,0.0533417591358653,0.157887676353948,0.105614717744907,0.104545917218083,0.0280320843377183,TRUE,199,199,0,"OK","P14-C010",36,30,600,0.05,"balanced","weak","exact_knot",20,20,0,0,1,0.0970000000000013
"V4-CMP-ONE-STAGE-CLUSTER-BB-RESP-v1","V4-TARGET-RESPONDENT-WEIGHTED-v1",0.106362260147543,0.117439750744257,-0.0110774905967145,0.0778268285244564,0.14299216941309,0.110409498968773,0.0651653408886331,0.015605800268666,TRUE,199,199,0,"OK","P14-C010",36,30,600,0.05,"balanced","weak","exact_knot",20,20,0,0,1,0.0970000000000013
"V4-CMP-IID-RESP-BB-v1","WORKING-INDEPENDENCE-RESPONDENT",0.106362260147543,0.117439750744257,-0.0110774905967145,0.0699830758043142,0.142612371707273,0.106297723755794,0.072629295902959,0.0173768883714731,TRUE,199,199,0,"OK","P14-C010",36,30,600,0.05,"balanced","weak","exact_knot",20,20,0,0,1,0.0970000000000013
"V4-CMP-TWO-STAGE-FREQ-BOOT-RESP-v1","V4-TARGET-RESPONDENT-WEIGHTED-v1",0.106362260147543,0.117439750744257,-0.0110774905967145,0.0651019946415125,0.155570421526069,0.110336208083791,0.0904684268845568,0.0216095695535609,TRUE,199,199,0,"OK","P14-C010",36,30,600,0.05,"balanced","weak","exact_knot",20,20,0,0,1,0.0970000000000013
"V4-CMP-MOKKEN-TWOLEVEL-DELTA-v1","V4-TARGET-RESPONDENT-WEIGHTED-v1",0.106362260147534,0.117439750744257,-0.0110774905967234,0.0615503714916097,0.151174148803458,0.106362260147534,0.0896237773118482,0.0228636286224617,TRUE,,,0,"OK","P14-C010",36,30,600,0.05,"balanced","weak","exact_knot",20,20,0,0,1,0.0970000000000013
"V4-PRI-TWO-STAGE-HBB-RESP-v1","V4-TARGET-RESPONDENT-WEIGHTED-v1",0.113502257202577,0.117439750744257,-0.00393749354168019,0.0668793340668913,0.166650485808892,0.116764909937892,0.0997711517420006,0.0261891472908246,TRUE,199,199,0,"OK","P14-C010",37,30,600,0.05,"balanced","weak","exact_knot",20,20,0,0.00166666666666665,0,0.0949999999999989
"V4-SENS-TWO-STAGE-HBB-CLUSTER-v1","V4-TARGET-EQUAL-CLUSTER-v1",0.113502257202577,0.117439750744257,-0.00393749354168019,0.0684086007109794,0.172609610078328,0.120509105394653,0.104201009367348,0.0284781147387617,TRUE,199,199,0,"OK","P14-C010",37,30,600,0.05,"balanced","weak","exact_knot",20,20,0,0.00166666666666665,0,0.0949999999999989
"V4-CMP-ONE-STAGE-CLUSTER-BB-RESP-v1","V4-TARGET-RESPONDENT-WEIGHTED-v1",0.113502257202577,0.117439750744257,-0.00393749354168019,0.0830319261621381,0.147296206278709,0.115164066220424,0.0642642801165709,0.0162981094946236,TRUE,199,199,0,"OK","P14-C010",37,30,600,0.05,"balanced","weak","exact_knot",20,20,0,0.00166666666666665,0,0.0949999999999989
"V4-CMP-IID-RESP-BB-v1","WORKING-INDEPENDENCE-RESPONDENT",0.113502257202577,0.117439750744257,-0.00393749354168019,0.0865799419475926,0.142793904249443,0.114686923098518,0.0562139623018502,0.0158396569761764,TRUE,199,199,0,"OK","P14-C010",37,30,600,0.05,"balanced","weak","exact_knot",20,20,0,0.00166666666666665,0,0.0949999999999989
"V4-CMP-TWO-STAGE-FREQ-BOOT-RESP-v1","V4-TARGET-RESPONDENT-WEIGHTED-v1",0.113502257202577,0.117439750744257,-0.00393749354168019,0.0706222509513067,0.15078279712427,0.110702524037788,0.0801605461729633,0.0222538213784832,TRUE,199,199,0,"OK","P14-C010",37,30,600,0.05,"balanced","weak","exact_knot",20,20,0,0.00166666666666665,0,0.0949999999999989
"V4-CMP-MOKKEN-TWOLEVEL-DELTA-v1","V4-TARGET-RESPONDENT-WEIGHTED-v1",0.113502257202569,0.117439750744257,-0.00393749354168797,0.068295628737074,0.158708885668064,0.113502257202569,0.0904132569309905,0.0230650301852888,TRUE,,,0,"OK","P14-C010",37,30,600,0.05,"balanced","weak","exact_knot",20,20,0,0.00166666666666665,0,0.0949999999999989
"V4-PRI-TWO-STAGE-HBB-RESP-v1","V4-TARGET-RESPONDENT-WEIGHTED-v1",0.127901116391288,0.117439750744257,0.0104613656470309,0.0760741311136718,0.18882582013396,0.132449975623816,0.112751689020288,0.0309041087085961,TRUE,199,199,0,"OK","P14-C010",38,30,600,0.05,"balanced","weak","exact_knot",20,20,0,0,1,0.111999999999995
"V4-SENS-TWO-STAGE-HBB-CLUSTER-v1","V4-TARGET-EQUAL-CLUSTER-v1",0.127901116391288,0.117439750744257,0.0104613656470309,0.074917224974485,0.188105256415692,0.131511240695089,0.113188031441207,0.0291466762320966,TRUE,199,199,0,"OK","P14-C010",38,30,600,0.05,"balanced","weak","exact_knot",20,20,0,0,1,0.111999999999995
"V4-CMP-ONE-STAGE-CLUSTER-BB-RESP-v1","V4-TARGET-RESPONDENT-WEIGHTED-v1",0.127901116391288,0.117439750744257,0.0104613656470309,0.0895555532693807,0.16414695135382,0.1268512523116,0.0745913980844393,0.0192430051996592,TRUE,199,199,0,"OK","P14-C010",38,30,600,0.05,"balanced","weak","exact_knot",20,20,0,0,1,0.111999999999995
"V4-CMP-IID-RESP-BB-v1","WORKING-INDEPENDENCE-RESPONDENT",0.127901116391288,0.117439750744257,0.0104613656470309,0.100273569361624,0.170298388607859,0.135285978984741,0.0700248192462354,0.0167865644844329,TRUE,199,199,0,"OK","P14-C010",38,30,600,0.05,"balanced","weak","exact_knot",20,20,0,0,1,0.111999999999995
"V4-CMP-TWO-STAGE-FREQ-BOOT-RESP-v1","V4-TARGET-RESPONDENT-WEIGHTED-v1",0.127901116391288,0.117439750744257,0.0104613656470309,0.0793142795402782,0.183507131317472,0.131410705428875,0.104192851777194,0.0259631677587374,TRUE,199,199,0,"OK","P14-C010",38,30,600,0.05,"balanced","weak","exact_knot",20,20,0,0,1,0.111999999999995
"V4-CMP-MOKKEN-TWOLEVEL-DELTA-v1","V4-TARGET-RESPONDENT-WEIGHTED-v1",0.127901116391282,0.117439750744257,0.0104613656470244,0.0781110692600628,0.1776911635225,0.127901116391282,0.0995800942624377,0.0254035520672606,TRUE,,,0,"OK","P14-C010",38,30,600,0.05,"balanced","weak","exact_knot",20,20,0,0,1,0.111999999999995
"V4-PRI-TWO-STAGE-HBB-RESP-v1","V4-TARGET-RESPONDENT-WEIGHTED-v1",0.134321138254138,0.117439750744257,0.0168813875098807,0.0802988884159195,0.204039485286418,0.142169186851169,0.123740596870499,0.0306387180662274,TRUE,199,199,0,"OK","P14-C010",39,30,600,0.05,"balanced","weak","exact_knot",20,20,0,0,2,0.0990000000000038
"V4-SENS-TWO-STAGE-HBB-CLUSTER-v1","V4-TARGET-EQUAL-CLUSTER-v1",0.134321138254138,0.117439750744257,0.0168813875098807,0.0871079676548484,0.183775678833569,0.135441823244209,0.0966677111787207,0.026849570460635,TRUE,199,199,0,"OK","P14-C010",39,30,600,0.05,"balanced","weak","exact_knot",20,20,0,0,2,0.0990000000000038
"V4-CMP-ONE-STAGE-CLUSTER-BB-RESP-v1","V4-TARGET-RESPONDENT-WEIGHTED-v1",0.134321138254138,0.117439750744257,0.0168813875098807,0.106203756868786,0.168847474705449,0.137525615787118,0.062643717836663,0.0161904722884606,TRUE,199,199,0,"OK","P14-C010",39,30,600,0.05,"balanced","weak","exact_knot",20,20,0,0,2,0.0990000000000038
"V4-CMP-IID-RESP-BB-v1","WORKING-INDEPENDENCE-RESPONDENT",0.134321138254138,0.117439750744257,0.0168813875098807,0.106127527059124,0.17028388224863,0.138205704653877,0.0641563551895064,0.0174109826432386,TRUE,199,199,0,"OK","P14-C010",39,30,600,0.05,"balanced","weak","exact_knot",20,20,0,0,2,0.0990000000000038
"V4-CMP-TWO-STAGE-FREQ-BOOT-RESP-v1","V4-TARGET-RESPONDENT-WEIGHTED-v1",0.134321138254138,0.117439750744257,0.0168813875098807,0.0864733756692187,0.181566605009515,0.134019990339367,0.0950932293402959,0.0238009743000951,TRUE,199,199,0,"OK","P14-C010",39,30,600,0.05,"balanced","weak","exact_knot",20,20,0,0,2,0.0990000000000038
"V4-CMP-MOKKEN-TWOLEVEL-DELTA-v1","V4-TARGET-RESPONDENT-WEIGHTED-v1",0.134321138254131,0.117439750744257,0.0168813875098734,0.087040766642583,0.181601509865678,0.134321138254131,0.0945607432230952,0.02412308184461,TRUE,,,0,"OK","P14-C010",39,30,600,0.05,"balanced","weak","exact_knot",20,20,0,0,2,0.0990000000000038
"V4-PRI-TWO-STAGE-HBB-RESP-v1","V4-TARGET-RESPONDENT-WEIGHTED-v1",0.151955650978428,0.117439750744257,0.0345159002341707,0.0951977114130321,0.212626283062323,0.153911997237677,0.117428571649291,0.0279692309706495,TRUE,199,199,0,"OK","P14-C010",40,30,600,0.05,"balanced","weak","exact_knot",20,20,0,0,2,0.0959999999999965
"V4-SENS-TWO-STAGE-HBB-CLUSTER-v1","V4-TARGET-EQUAL-CLUSTER-v1",0.151955650978428,0.117439750744257,0.0345159002341707,0.101561764912338,0.209318973834338,0.155440369373338,0.107757208922001,0.0273053490155804,TRUE,199,199,0,"OK","P14-C010",40,30,600,0.05,"balanced","weak","exact_knot",20,20,0,0,2,0.0959999999999965
"V4-CMP-ONE-STAGE-CLUSTER-BB-RESP-v1","V4-TARGET-RESPONDENT-WEIGHTED-v1",0.151955650978428,0.117439750744257,0.0345159002341707,0.128302862069996,0.18216292865577,0.155232895362883,0.0538600665857737,0.013965839812519,FALSE,199,199,0,"OK","P14-C010",40,30,600,0.05,"balanced","weak","exact_knot",20,20,0,0,2,0.0959999999999965
"V4-CMP-IID-RESP-BB-v1","WORKING-INDEPENDENCE-RESPONDENT",0.151955650978428,0.117439750744257,0.0345159002341707,0.113881909725651,0.186925157889785,0.150403533807718,0.0730432481641335,0.018453511307963,TRUE,199,199,0,"OK","P14-C010",40,30,600,0.05,"balanced","weak","exact_knot",20,20,0,0,2,0.0959999999999965
"V4-CMP-TWO-STAGE-FREQ-BOOT-RESP-v1","V4-TARGET-RESPONDENT-WEIGHTED-v1",0.151955650978428,0.117439750744257,0.0345159002341707,0.106333293818774,0.202780910922488,0.154557102370631,0.0964476171037135,0.0231912971557235,TRUE,199,199,0,"OK","P14-C010",40,30,600,0.05,"balanced","weak","exact_knot",20,20,0,0,2,0.0959999999999965
"V4-CMP-MOKKEN-TWOLEVEL-DELTA-v1","V4-TARGET-RESPONDENT-WEIGHTED-v1",0.15195565097842,0.117439750744257,0.0345159002341625,0.107277102005637,0.196634199951202,0.15195565097842,0.0893570979455647,0.0227955969217807,TRUE,,,0,"OK","P14-C010",40,30,600,0.05,"balanced","weak","exact_knot",20,20,0,0,2,0.0959999999999965
"V4-PRI-TWO-STAGE-HBB-RESP-v1","V4-TARGET-RESPONDENT-WEIGHTED-v1",0.116353589353746,0.117439750744257,-0.00108616139051169,0.0620344965532228,0.166151849969493,0.114093173261358,0.104117353416271,0.0254682336579188,TRUE,199,199,0,"OK","P14-C010",41,30,600,0.05,"balanced","weak","exact_knot",20,20,0,0.00166666666666665,0,0.0970000000000013
"V4-SENS-TWO-STAGE-HBB-CLUSTER-v1","V4-TARGET-EQUAL-CLUSTER-v1",0.116353589353746,0.117439750744257,-0.00108616139051169,0.0688171912278113,0.16793503853338,0.118376114880596,0.0991178473055689,0.0249058098702672,TRUE,199,199,0,"OK","P14-C010",41,30,600,0.05,"balanced","weak","exact_knot",20,20,0,0.00166666666666665,0,0.0970000000000013
"V4-CMP-ONE-STAGE-CLUSTER-BB-RESP-v1","V4-TARGET-RESPONDENT-WEIGHTED-v1",0.116353589353746,0.117439750744257,-0.00108616139051169,0.0908953214239871,0.140917660755274,0.115906491089631,0.0500223393312871,0.0121702314222683,TRUE,199,199,0,"OK","P14-C010",41,30,600,0.05,"balanced","weak","exact_knot",20,20,0,0.00166666666666665,0,0.0970000000000013
"V4-CMP-IID-RESP-BB-v1","WORKING-INDEPENDENCE-RESPONDENT",0.116353589353746,0.117439750744257,-0.00108616139051169,0.0847519837356281,0.155059425500873,0.11990570461825,0.0703074417652447,0.0168316574240875,TRUE,199,199,0,"OK","P14-C010",41,30,600,0.05,"balanced","weak","exact_knot",20,20,0,0.00166666666666665,0,0.0970000000000013
"V4-CMP-TWO-STAGE-FREQ-BOOT-RESP-v1","V4-TARGET-RESPONDENT-WEIGHTED-v1",0.116353589353746,0.117439750744257,-0.00108616139051169,0.077468519550922,0.158229750342586,0.117849134946754,0.0807612307916645,0.0214363028756189,TRUE,199,199,0,"OK","P14-C010",41,30,600,0.05,"balanced","weak","exact_knot",20,20,0,0.00166666666666665,0,0.0970000000000013
"V4-CMP-MOKKEN-TWOLEVEL-DELTA-v1","V4-TARGET-RESPONDENT-WEIGHTED-v1",0.116353589353736,0.117439750744257,-0.00108616139052091,0.0764334661992123,0.15627371250826,0.116353589353736,0.0798402463090479,0.0203677840355276,TRUE,,,0,"OK","P14-C010",41,30,600,0.05,"balanced","weak","exact_knot",20,20,0,0.00166666666666665,0,0.0970000000000013
"V4-PRI-TWO-STAGE-HBB-RESP-v1","V4-TARGET-RESPONDENT-WEIGHTED-v1",0.111106182669019,0.117439750744257,-0.00633356807523799,0.0633390844438215,0.173018803804382,0.118178944124102,0.10967971936056,0.0277758021046827,TRUE,199,199,0,"OK","P14-C010",42,30,600,0.05,"balanced","weak","exact_knot",20,20,0,0,6,0.100999999999999
"V4-SENS-TWO-STAGE-HBB-CLUSTER-v1","V4-TARGET-EQUAL-CLUSTER-v1",0.111106182669019,0.117439750744257,-0.00633356807523799,0.0670762934291416,0.164055074453339,0.11556568394124,0.0969787810241973,0.0246526705102135,TRUE,199,199,0,"OK","P14-C010",42,30,600,0.05,"balanced","weak","exact_knot",20,20,0,0,6,0.100999999999999
"V4-CMP-ONE-STAGE-CLUSTER-BB-RESP-v1","V4-TARGET-RESPONDENT-WEIGHTED-v1",0.111106182669019,0.117439750744257,-0.00633356807523799,0.0796941221424814,0.148571462898522,0.114132792520502,0.0688773407560405,0.0175434785294419,TRUE,199,199,0,"OK","P14-C010",42,30,600,0.05,"balanced","weak","exact_knot",20,20,0,0,6,0.100999999999999
"V4-CMP-IID-RESP-BB-v1","WORKING-INDEPENDENCE-RESPONDENT",0.111106182669019,0.117439750744257,-0.00633356807523799,0.0724497642732605,0.140282958713475,0.106366361493368,0.0678331944402143,0.0171248329697591,TRUE,199,199,0,"OK","P14-C010",42,30,600,0.05,"balanced","weak","exact_knot",20,20,0,0,6,0.100999999999999
"V4-CMP-TWO-STAGE-FREQ-BOOT-RESP-v1","V4-TARGET-RESPONDENT-WEIGHTED-v1",0.111106182669019,0.117439750744257,-0.00633356807523799,0.0636044743120147,0.167381221158762,0.115492847735388,0.103776746846747,0.0254839048666494,TRUE,199,199,0,"OK","P14-C010",42,30,600,0.05,"balanced","weak","exact_knot",20,20,0,0,6,0.100999999999999
"V4-CMP-MOKKEN-TWOLEVEL-DELTA-v1","V4-TARGET-RESPONDENT-WEIGHTED-v1",0.11110618266901,0.117439750744257,-0.00633356807524725,0.0641095803307804,0.15810278500724,0.11110618266901,0.0939932046764591,0.0239782989427014,TRUE,,,0,"OK","P14-C010",42,30,600,0.05,"balanced","weak","exact_knot",20,20,0,0,6,0.100999999999999
"V4-PRI-TWO-STAGE-HBB-RESP-v1","V4-TARGET-RESPONDENT-WEIGHTED-v1",0.122232879135841,0.117439750744257,0.00479312839158337,0.0744796388300419,0.176516505251094,0.125498072040568,0.102036866421052,0.0256240510228682,TRUE,199,199,0,"OK","P14-C010",43,30,600,0.05,"balanced","weak","exact_knot",20,20,0,0.00166666666666665,0,0.111000000000004
"V4-SENS-TWO-STAGE-HBB-CLUSTER-v1","V4-TARGET-EQUAL-CLUSTER-v1",0.122232879135841,0.117439750744257,0.00479312839158337,0.0664216591887237,0.17897201343446,0.122696836311592,0.112550354245737,0.0284934409249147,TRUE,199,199,0,"OK","P14-C010",43,30,600,0.05,"balanced","weak","exact_knot",20,20,0,0.00166666666666665,0,0.111000000000004
"V4-CMP-ONE-STAGE-CLUSTER-BB-RESP-v1","V4-TARGET-RESPONDENT-WEIGHTED-v1",0.122232879135841,0.117439750744257,0.00479312839158337,0.0796528092720721,0.159234411986109,0.119443610629091,0.0795816027140368,0.0196379066273127,TRUE,199,199,0,"OK","P14-C010",43,30,600,0.05,"balanced","weak","exact_knot",20,20,0,0.00166666666666665,0,0.111000000000004
"V4-CMP-IID-RESP-BB-v1","WORKING-INDEPENDENCE-RESPONDENT",0.122232879135841,0.117439750744257,0.00479312839158337,0.0912194065543361,0.159536697461592,0.125378052007964,0.0683172909072563,0.017064868466852,TRUE,199,199,0,"OK","P14-C010",43,30,600,0.05,"balanced","weak","exact_knot",20,20,0,0.00166666666666665,0,0.111000000000004
"V4-CMP-TWO-STAGE-FREQ-BOOT-RESP-v1","V4-TARGET-RESPONDENT-WEIGHTED-v1",0.122232879135841,0.117439750744257,0.00479312839158337,0.0750580244165494,0.176847299037597,0.125952661727073,0.101789274621048,0.0246893107409716,TRUE,199,199,0,"OK","P14-C010",43,30,600,0.05,"balanced","weak","exact_knot",20,20,0,0.00166666666666665,0,0.111000000000004
"V4-CMP-MOKKEN-TWOLEVEL-DELTA-v1","V4-TARGET-RESPONDENT-WEIGHTED-v1",0.122232879135831,0.117439750744257,0.0047931283915736,0.0742926379635586,0.170173120308103,0.122232879135831,0.0958804823445444,0.0244597561743066,TRUE,,,0,"OK","P14-C010",43,30,600,0.05,"balanced","weak","exact_knot",20,20,0,0.00166666666666665,0,0.111000000000004
"V4-PRI-TWO-STAGE-HBB-RESP-v1","V4-TARGET-RESPONDENT-WEIGHTED-v1",0.110440512858837,0.117439750744257,-0.00699923788541978,0.0594678468387894,0.168559293174622,0.114013570006706,0.109091446335832,0.0272992792177285,TRUE,199,199,0,"OK","P14-C010",44,30,600,0.05,"balanced","weak","exact_knot",20,20,0,0,2,0.0989999999999966
"V4-SENS-TWO-STAGE-HBB-CLUSTER-v1","V4-TARGET-EQUAL-CLUSTER-v1",0.110440512858837,0.117439750744257,-0.00699923788541978,0.0708235068430949,0.16695652678474,0.118890016813918,0.0961330199416455,0.02341083365671,TRUE,199,199,0,"OK","P14-C010",44,30,600,0.05,"balanced","weak","exact_knot",20,20,0,0,2,0.0989999999999966
"V4-CMP-ONE-STAGE-CLUSTER-BB-RESP-v1","V4-TARGET-RESPONDENT-WEIGHTED-v1",0.110440512858837,0.117439750744257,-0.00699923788541978,0.0810171675203404,0.150126386149793,0.115571776835067,0.0691092186294527,0.017049904119617,TRUE,199,199,0,"OK","P14-C010",44,30,600,0.05,"balanced","weak","exact_knot",20,20,0,0,2,0.0989999999999966
"V4-CMP-IID-RESP-BB-v1","WORKING-INDEPENDENCE-RESPONDENT",0.110440512858837,0.117439750744257,-0.00699923788541978,0.080599983718608,0.148432435954947,0.114516209836777,0.0678324522363389,0.0168819110723896,TRUE,199,199,0,"OK","P14-C010",44,30,600,0.05,"balanced","weak","exact_knot",20,20,0,0,2,0.0989999999999966
"V4-CMP-TWO-STAGE-FREQ-BOOT-RESP-v1","V4-TARGET-RESPONDENT-WEIGHTED-v1",0.110440512858837,0.117439750744257,-0.00699923788541978,0.0707238135593227,0.154582219536863,0.112653016548093,0.0838584059775408,0.0237282006249928,TRUE,199,199,0,"OK","P14-C010",44,30,600,0.05,"balanced","weak","exact_knot",20,20,0,0,2,0.0989999999999966
"V4-CMP-MOKKEN-TWOLEVEL-DELTA-v1","V4-TARGET-RESPONDENT-WEIGHTED-v1",0.110440512858829,0.117439750744257,-0.00699923788542849,0.0649885605187699,0.155892465198888,0.110440512858829,0.0909039046801177,0.0231901977273961,TRUE,,,0,"OK","P14-C010",44,30,600,0.05,"balanced","weak","exact_knot",20,20,0,0,2,0.0989999999999966
"V4-PRI-TWO-STAGE-HBB-RESP-v1","V4-TARGET-RESPONDENT-WEIGHTED-v1",0.0922848768899806,0.117439750744257,-0.0251548738542766,0.0460299954048319,0.147499333695933,0.0967646645503825,0.101469338291101,0.0256157116151798,TRUE,199,199,0,"OK","P14-C010",45,30,600,0.05,"balanced","weak","exact_knot",20,20,0,0.00166666666666665,0,0.0970000000000013
"V4-SENS-TWO-STAGE-HBB-CLUSTER-v1","V4-TARGET-EQUAL-CLUSTER-v1",0.0922848768899806,0.117439750744257,-0.0251548738542766,0.0435588529321426,0.138754728386014,0.0911567906590783,0.0951958754538715,0.0233347750827474,TRUE,199,199,0,"OK","P14-C010",45,30,600,0.05,"balanced","weak","exact_knot",20,20,0,0.00166666666666665,0,0.0970000000000013
"V4-CMP-ONE-STAGE-CLUSTER-BB-RESP-v1","V4-TARGET-RESPONDENT-WEIGHTED-v1",0.0922848768899806,0.117439750744257,-0.0251548738542766,0.0688359319120454,0.121001019215234,0.0949184755636399,0.0521650873031891,0.0140281519576878,TRUE,199,199,0,"OK","P14-C010",45,30,600,0.05,"balanced","weak","exact_knot",20,20,0,0.00166666666666665,0,0.0970000000000013
"V4-CMP-IID-RESP-BB-v1","WORKING-INDEPENDENCE-RESPONDENT",0.0922848768899806,0.117439750744257,-0.0251548738542766,0.065960202701634,0.124648389573082,0.0953042961373579,0.0586881868714478,0.014849621902864,TRUE,199,199,0,"OK","P14-C010",45,30,600,0.05,"balanced","weak","exact_knot",20,20,0,0.00166666666666665,0,0.0970000000000013
"V4-CMP-TWO-STAGE-FREQ-BOOT-RESP-v1","V4-TARGET-RESPONDENT-WEIGHTED-v1",0.0922848768899806,0.117439750744257,-0.0251548738542766,0.050641241611461,0.13506627460342,0.0928537581074403,0.0844250329919585,0.0214003400100498,TRUE,199,199,0,"OK","P14-C010",45,30,600,0.05,"balanced","weak","exact_knot",20,20,0,0.00166666666666665,0,0.0970000000000013
"V4-CMP-MOKKEN-TWOLEVEL-DELTA-v1","V4-TARGET-RESPONDENT-WEIGHTED-v1",0.0922848768899721,0.117439750744257,-0.0251548738542851,0.0501910465582101,0.134378707221734,0.0922848768899721,0.084187660663524,0.0214768386887682,TRUE,,,0,"OK","P14-C010",45,30,600,0.05,"balanced","weak","exact_knot",20,20,0,0.00166666666666665,0,0.0970000000000013
"V4-PRI-TWO-STAGE-HBB-RESP-v1","V4-TARGET-RESPONDENT-WEIGHTED-v1",0.0845186314277686,0.117439750744257,-0.0329211193164886,0.0316993167217904,0.126449220360613,0.0790742685412015,0.0947499036388221,0.0252059142208123,TRUE,199,199,0,"OK","P14-C010",46,30,600,0.05,"balanced","weak","exact_knot",20,20,0,0,1,0.113
"V4-SENS-TWO-STAGE-HBB-CLUSTER-v1","V4-TARGET-EQUAL-CLUSTER-v1",0.0845186314277686,0.117439750744257,-0.0329211193164886,0.0324285857444478,0.13830693875693,0.0853677622506891,0.105878353012482,0.0272456611677208,TRUE,199,199,0,"OK","P14-C010",46,30,600,0.05,"balanced","weak","exact_knot",20,20,0,0,1,0.113
"V4-CMP-ONE-STAGE-CLUSTER-BB-RESP-v1","V4-TARGET-RESPONDENT-WEIGHTED-v1",0.0845186314277686,0.117439750744257,-0.0329211193164886,0.0583858882493906,0.109967777638159,0.0841768329437749,0.0515818893887686,0.0128004344039154,FALSE,199,199,0,"OK","P14-C010",46,30,600,0.05,"balanced","weak","exact_knot",20,20,0,0,1,0.113
"V4-CMP-IID-RESP-BB-v1","WORKING-INDEPENDENCE-RESPONDENT",0.0845186314277686,0.117439750744257,-0.0329211193164886,0.0448388619813721,0.119837398996162,0.0823381304887669,0.0749985370147898,0.0179480079277272,TRUE,199,199,0,"OK","P14-C010",46,30,600,0.05,"balanced","weak","exact_knot",20,20,0,0,1,0.113
"V4-CMP-TWO-STAGE-FREQ-BOOT-RESP-v1","V4-TARGET-RESPONDENT-WEIGHTED-v1",0.0845186314277686,0.117439750744257,-0.0329211193164886,0.0433069466318375,0.119879763479749,0.0815933550557933,0.0765728168479117,0.0205557867332247,TRUE,199,199,0,"OK","P14-C010",46,30,600,0.05,"balanced","weak","exact_knot",20,20,0,0,1,0.113
"V4-CMP-MOKKEN-TWOLEVEL-DELTA-v1","V4-TARGET-RESPONDENT-WEIGHTED-v1",0.0845186314277595,0.117439750744257,-0.0329211193164977,0.0427666950795538,0.126270567775965,0.0845186314277595,0.0835038726964114,0.0213023997775161,TRUE,,,0,"OK","P14-C010",46,30,600,0.05,"balanced","weak","exact_knot",20,20,0,0,1,0.113
"V4-PRI-TWO-STAGE-HBB-RESP-v1","V4-TARGET-RESPONDENT-WEIGHTED-v1",0.117534117393039,0.117439750744257,9.43666487820544e-05,0.0720558384050444,0.170671113871405,0.121363476138225,0.0986152754663606,0.0260199641271784,TRUE,199,199,0,"OK","P14-C010",47,30,600,0.05,"balanced","weak","exact_knot",20,20,0,0.0016666666666667,0,0.0990000000000038
"V4-SENS-TWO-STAGE-HBB-CLUSTER-v1","V4-TARGET-EQUAL-CLUSTER-v1",0.117534117393039,0.117439750744257,9.43666487820544e-05,0.0763001224057065,0.179042727257907,0.127671424831807,0.1027426048522,0.0276990137036547,TRUE,199,199,0,"OK","P14-C010",47,30,600,0.05,"balanced","weak","exact_knot",20,20,0,0.0016666666666667,0,0.0990000000000038
"V4-CMP-ONE-STAGE-CLUSTER-BB-RESP-v1","V4-TARGET-RESPONDENT-WEIGHTED-v1",0.117534117393039,0.117439750744257,9.43666487820544e-05,0.0874375115244008,0.152728690849447,0.120083101186924,0.0652911793250457,0.0172843864672187,TRUE,199,199,0,"OK","P14-C010",47,30,600,0.05,"balanced","weak","exact_knot",20,20,0,0.0016666666666667,0,0.0990000000000038
"V4-CMP-IID-RESP-BB-v1","WORKING-INDEPENDENCE-RESPONDENT",0.117534117393039,0.117439750744257,9.43666487820544e-05,0.0845070929707275,0.152978691313151,0.118742892141939,0.0684715983424239,0.0172405010768187,TRUE,199,199,0,"OK","P14-C010",47,30,600,0.05,"balanced","weak","exact_knot",20,20,0,0.0016666666666667,0,0.0990000000000038
"V4-CMP-TWO-STAGE-FREQ-BOOT-RESP-v1","V4-TARGET-RESPONDENT-WEIGHTED-v1",0.117534117393039,0.117439750744257,9.43666487820544e-05,0.0691909745914419,0.167411413034651,0.118301193813046,0.0982204384432089,0.0256778734052768,TRUE,199,199,0,"OK","P14-C010",47,30,600,0.05,"balanced","weak","exact_knot",20,20,0,0.0016666666666667,0,0.0990000000000038
"V4-CMP-MOKKEN-TWOLEVEL-DELTA-v1","V4-TARGET-RESPONDENT-WEIGHTED-v1",0.117534117393031,0.117439750744257,9.43666487741163e-05,0.0692203053700866,0.165847929415976,0.117534117393031,0.0966276240458894,0.0246503570494345,TRUE,,,0,"OK","P14-C010",47,30,600,0.05,"balanced","weak","exact_knot",20,20,0,0.0016666666666667,0,0.0990000000000038
"V4-PRI-TWO-STAGE-HBB-RESP-v1","V4-TARGET-RESPONDENT-WEIGHTED-v1",0.137586711008857,0.117439750744257,0.0201469602645995,0.0856343848547605,0.19479837929325,0.140216382074005,0.10916399443849,0.0299363605760599,TRUE,199,199,0,"OK","P14-C010",48,30,600,0.05,"balanced","weak","exact_knot",20,20,0,0.00166666666666665,0,0.0989999999999966
"V4-SENS-TWO-STAGE-HBB-CLUSTER-v1","V4-TARGET-EQUAL-CLUSTER-v1",0.137586711008857,0.117439750744257,0.0201469602645995,0.0870827226149624,0.187189969434269,0.137136346024616,0.100107246819307,0.0271556048634366,TRUE,199,199,0,"OK","P14-C010",48,30,600,0.05,"balanced","weak","exact_knot",20,20,0,0.00166666666666665,0,0.0989999999999966
"V4-CMP-ONE-STAGE-CLUSTER-BB-RESP-v1","V4-TARGET-RESPONDENT-WEIGHTED-v1",0.137586711008857,0.117439750744257,0.0201469602645995,0.0973003817803214,0.1844350277848,0.140867704782561,0.0871346460044786,0.0199502703038633,TRUE,199,199,0,"OK","P14-C010",48,30,600,0.05,"balanced","weak","exact_knot",20,20,0,0.00166666666666665,0,0.0989999999999966
"V4-CMP-IID-RESP-BB-v1","WORKING-INDEPENDENCE-RESPONDENT",0.137586711008857,0.117439750744257,0.0201469602645995,0.105276785080851,0.176443842452818,0.140860313766835,0.0711670573719668,0.01827975816902,TRUE,199,199,0,"OK","P14-C010",48,30,600,0.05,"balanced","weak","exact_knot",20,20,0,0.00166666666666665,0,0.0989999999999966
"V4-CMP-TWO-STAGE-FREQ-BOOT-RESP-v1","V4-TARGET-RESPONDENT-WEIGHTED-v1",0.137586711008857,0.117439750744257,0.0201469602645995,0.0875863785219797,0.184191962830754,0.135889170676367,0.0966055843087748,0.0248338870532868,TRUE,199,199,0,"OK","P14-C010",48,30,600,0.05,"balanced","weak","exact_knot",20,20,0,0.00166666666666665,0,0.0989999999999966
"V4-CMP-MOKKEN-TWOLEVEL-DELTA-v1","V4-TARGET-RESPONDENT-WEIGHTED-v1",0.137586711008847,0.117439750744257,0.0201469602645899,0.0871023024693736,0.188071119548321,0.137586711008847,0.100968817078947,0.0257578246017213,TRUE,,,0,"OK","P14-C010",48,30,600,0.05,"balanced","weak","exact_knot",20,20,0,0.00166666666666665,0,0.0989999999999966
"V4-PRI-TWO-STAGE-HBB-RESP-v1","V4-TARGET-RESPONDENT-WEIGHTED-v1",0.0978476919907355,0.117439750744257,-0.0195920587535217,0.055072202447108,0.152403104582969,0.103737653515038,0.0973309021358607,0.0259215983053859,TRUE,199,199,0,"OK","P14-C010",49,30,600,0.05,"balanced","weak","exact_knot",20,20,0,0,2,0.0990000000000038
"V4-SENS-TWO-STAGE-HBB-CLUSTER-v1","V4-TARGET-EQUAL-CLUSTER-v1",0.0978476919907355,0.117439750744257,-0.0195920587535217,0.0535558837650683,0.155761378816062,0.104658631290565,0.102205495050994,0.0246726322611979,TRUE,199,199,0,"OK","P14-C010",49,30,600,0.05,"balanced","weak","exact_knot",20,20,0,0,2,0.0990000000000038
"V4-CMP-ONE-STAGE-CLUSTER-BB-RESP-v1","V4-TARGET-RESPONDENT-WEIGHTED-v1",0.0978476919907355,0.117439750744257,-0.0195920587535217,0.0716454207058244,0.124941376426892,0.098293398566358,0.0532959557210674,0.0138720108448572,TRUE,199,199,0,"OK","P14-C010",49,30,600,0.05,"balanced","weak","exact_knot",20,20,0,0,2,0.0990000000000038
"V4-CMP-IID-RESP-BB-v1","WORKING-INDEPENDENCE-RESPONDENT",0.0978476919907355,0.117439750744257,-0.0195920587535217,0.0666421929471392,0.135117057435841,0.10087962519149,0.0684748644887017,0.0169200540924655,TRUE,199,199,0,"OK","P14-C010",49,30,600,0.05,"balanced","weak","exact_knot",20,20,0,0,2,0.0990000000000038
"V4-CMP-TWO-STAGE-FREQ-BOOT-RESP-v1","V4-TARGET-RESPONDENT-WEIGHTED-v1",0.0978476919907355,0.117439750744257,-0.0195920587535217,0.0612213889619112,0.141632332538386,0.101426860750149,0.080410943576475,0.0206337970360979,TRUE,199,199,0,"OK","P14-C010",49,30,600,0.05,"balanced","weak","exact_knot",20,20,0,0,2,0.0990000000000038
"V4-CMP-MOKKEN-TWOLEVEL-DELTA-v1","V4-TARGET-RESPONDENT-WEIGHTED-v1",0.0978476919907274,0.117439750744257,-0.0195920587535298,0.0572114223339002,0.138483961647555,0.0978476919907274,0.0812725393136544,0.0207331716181322,TRUE,,,0,"OK","P14-C010",49,30,600,0.05,"balanced","weak","exact_knot",20,20,0,0,2,0.0990000000000038
"V4-PRI-TWO-STAGE-HBB-RESP-v1","V4-TARGET-RESPONDENT-WEIGHTED-v1",0.127966508525486,0.117439750744257,0.0105267577812291,0.0816067019966764,0.189445280764414,0.135525991380545,0.107838578767738,0.0298356102049133,TRUE,199,199,0,"OK","P14-C010",50,30,600,0.05,"balanced","weak","exact_knot",20,20,0,0.00166666666666665,0,0.0999999999999943
"V4-SENS-TWO-STAGE-HBB-CLUSTER-v1","V4-TARGET-EQUAL-CLUSTER-v1",0.127966508525486,0.117439750744257,0.0105267577812291,0.0787498099866399,0.193225572307336,0.135987691146988,0.114475762320696,0.0294841017042644,TRUE,199,199,0,"OK","P14-C010",50,30,600,0.05,"balanced","weak","exact_knot",20,20,0,0.00166666666666665,0,0.0999999999999943
"V4-CMP-ONE-STAGE-CLUSTER-BB-RESP-v1","V4-TARGET-RESPONDENT-WEIGHTED-v1",0.127966508525486,0.117439750744257,0.0105267577812291,0.099769859000371,0.162157746264854,0.130963802632612,0.0623878872644827,0.016355934244987,TRUE,199,199,0,"OK","P14-C010",50,30,600,0.05,"balanced","weak","exact_knot",20,20,0,0.00166666666666665,0,0.0999999999999943
"V4-CMP-IID-RESP-BB-v1","WORKING-INDEPENDENCE-RESPONDENT",0.127966508525486,0.117439750744257,0.0105267577812291,0.0978182863192113,0.161737000839024,0.129777643579117,0.0639187145198123,0.0165494203788073,TRUE,199,199,0,"OK","P14-C010",50,30,600,0.05,"balanced","weak","exact_knot",20,20,0,0.00166666666666665,0,0.0999999999999943
"V4-CMP-TWO-STAGE-FREQ-BOOT-RESP-v1","V4-TARGET-RESPONDENT-WEIGHTED-v1",0.127966508525486,0.117439750744257,0.0105267577812291,0.0833674922502755,0.176558814406482,0.129963153328379,0.0931913221562062,0.0243607443381773,TRUE,199,199,0,"OK","P14-C010",50,30,600,0.05,"balanced","weak","exact_knot",20,20,0,0.00166666666666665,0,0.0999999999999943
"V4-CMP-MOKKEN-TWOLEVEL-DELTA-v1","V4-TARGET-RESPONDENT-WEIGHTED-v1",0.127966508525477,0.117439750744257,0.0105267577812202,0.0801501034803971,0.175782913570558,0.127966508525477,0.0956328100901606,0.0243965733157599,TRUE,,,0,"OK","P14-C010",50,30,600,0.05,"balanced","weak","exact_knot",20,20,0,0.00166666666666665,0,0.0999999999999943
"V4-PRI-TWO-STAGE-HBB-RESP-v1","V4-TARGET-RESPONDENT-WEIGHTED-v1",0.105209455619023,0.117439750744257,-0.0122302951252341,0.0455856104447696,0.156902434183802,0.101244022314286,0.111316823739032,0.0269585188806741,TRUE,199,199,0,"OK","P14-C010",51,30,600,0.05,"balanced","weak","exact_knot",20,20,0,0,1,0.0990000000000038
"V4-SENS-TWO-STAGE-HBB-CLUSTER-v1","V4-TARGET-EQUAL-CLUSTER-v1",0.105209455619023,0.117439750744257,-0.0122302951252341,0.0511936454425657,0.165713456431086,0.108453550936826,0.11451981098852,0.028598823767225,TRUE,199,199,0,"OK","P14-C010",51,30,600,0.05,"balanced","weak","exact_knot",20,20,0,0,1,0.0990000000000038
"V4-CMP-ONE-STAGE-CLUSTER-BB-RESP-v1","V4-TARGET-RESPONDENT-WEIGHTED-v1",0.105209455619023,0.117439750744257,-0.0122302951252341,0.0672008128880105,0.13856754760249,0.10288418024525,0.0713667347144799,0.0195993188151771,TRUE,199,199,0,"OK","P14-C010",51,30,600,0.05,"balanced","weak","exact_knot",20,20,0,0,1,0.0990000000000038
"V4-CMP-IID-RESP-BB-v1","WORKING-INDEPENDENCE-RESPONDENT",0.105209455619023,0.117439750744257,-0.0122302951252341,0.0713861199302062,0.138442121077632,0.104914120503919,0.0670560011474261,0.0172203102001823,TRUE,199,199,0,"OK","P14-C010",51,30,600,0.05,"balanced","weak","exact_knot",20,20,0,0,1,0.0990000000000038
"V4-CMP-TWO-STAGE-FREQ-BOOT-RESP-v1","V4-TARGET-RESPONDENT-WEIGHTED-v1",0.105209455619023,0.117439750744257,-0.0122302951252341,0.0582037697570602,0.158193645408352,0.108198707582706,0.0999898756512921,0.0274264917854041,TRUE,199,199,0,"OK","P14-C010",51,30,600,0.05,"balanced","weak","exact_knot",20,20,0,0,1,0.0990000000000038
"V4-CMP-MOKKEN-TWOLEVEL-DELTA-v1","V4-TARGET-RESPONDENT-WEIGHTED-v1",0.105209455619014,0.117439750744257,-0.0122302951252432,0.0538928958860819,0.156526015351946,0.105209455619014,0.102633119465864,0.0261823993388198,TRUE,,,0,"OK","P14-C010",51,30,600,0.05,"balanced","weak","exact_knot",20,20,0,0,1,0.0990000000000038
"V4-PRI-TWO-STAGE-HBB-RESP-v1","V4-TARGET-RESPONDENT-WEIGHTED-v1",0.105745188696407,0.117439750744257,-0.0116945620478506,0.0570889231038764,0.164136513766743,0.11061271843531,0.107047590662866,0.026969656934034,TRUE,199,199,0,"OK","P14-C010",52,30,600,0.05,"balanced","weak","exact_knot",20,20,0,0.00166666666666665,0,0.0989999999999966
"V4-SENS-TWO-STAGE-HBB-CLUSTER-v1","V4-TARGET-EQUAL-CLUSTER-v1",0.105745188696407,0.117439750744257,-0.0116945620478506,0.0612207534664069,0.163349593013047,0.112285173239727,0.10212883954664,0.0259573919883814,TRUE,199,199,0,"OK","P14-C010",52,30,600,0.05,"balanced","weak","exact_knot",20,20,0,0.00166666666666665,0,0.0989999999999966
"V4-CMP-ONE-STAGE-CLUSTER-BB-RESP-v1","V4-TARGET-RESPONDENT-WEIGHTED-v1",0.105745188696407,0.117439750744257,-0.0116945620478506,0.0750144127150799,0.140822259409061,0.10791833606207,0.0658078466939811,0.0155259281454488,TRUE,199,199,0,"OK","P14-C010",52,30,600,0.05,"balanced","weak","exact_knot",20,20,0,0.00166666666666665,0,0.0989999999999966
"V4-CMP-IID-RESP-BB-v1","WORKING-INDEPENDENCE-RESPONDENT",0.105745188696407,0.117439750744257,-0.0116945620478506,0.0677286693794566,0.145215437106546,0.106472053243002,0.0774867677270899,0.0177111810829763,TRUE,199,199,0,"OK","P14-C010",52,30,600,0.05,"balanced","weak","exact_knot",20,20,0,0.00166666666666665,0,0.0989999999999966
"V4-CMP-TWO-STAGE-FREQ-BOOT-RESP-v1","V4-TARGET-RESPONDENT-WEIGHTED-v1",0.105745188696407,0.117439750744257,-0.0116945620478506,0.0666171139656164,0.153746605724776,0.110181859845196,0.0871294917591594,0.0227222163474128,TRUE,199,199,0,"OK","P14-C010",52,30,600,0.05,"balanced","weak","exact_knot",20,20,0,0.00166666666666665,0,0.0989999999999966
"V4-CMP-MOKKEN-TWOLEVEL-DELTA-v1","V4-TARGET-RESPONDENT-WEIGHTED-v1",0.105745188696399,0.117439750744257,-0.0116945620478583,0.0621581285751377,0.14933224881766,0.105745188696399,0.0871741202425224,0.0222387046216514,TRUE,,,0,"OK","P14-C010",52,30,600,0.05,"balanced","weak","exact_knot",20,20,0,0.00166666666666665,0,0.0989999999999966
"V4-PRI-TWO-STAGE-HBB-RESP-v1","V4-TARGET-RESPONDENT-WEIGHTED-v1",0.135140710543501,0.117439750744257,0.0177009597992434,0.0848972380535015,0.186624798538414,0.135761018295958,0.101727560484912,0.0246597600441017,TRUE,199,199,0,"OK","P14-C010",53,30,600,0.05,"balanced","weak","exact_knot",20,20,0,0,2,0.100000000000001
"V4-SENS-TWO-STAGE-HBB-CLUSTER-v1","V4-TARGET-EQUAL-CLUSTER-v1",0.135140710543501,0.117439750744257,0.0177009597992434,0.0848131446449589,0.189656646616408,0.137234895630683,0.104843501971449,0.0272164272566908,TRUE,199,199,0,"OK","P14-C010",53,30,600,0.05,"balanced","weak","exact_knot",20,20,0,0,2,0.100000000000001
"V4-CMP-ONE-STAGE-CLUSTER-BB-RESP-v1","V4-TARGET-RESPONDENT-WEIGHTED-v1",0.135140710543501,0.117439750744257,0.0177009597992434,0.105426779574652,0.169670745172707,0.137548762373679,0.0642439655980545,0.0163443925612315,TRUE,199,199,0,"OK","P14-C010",53,30,600,0.05,"balanced","weak","exact_knot",20,20,0,0,2,0.100000000000001
"V4-CMP-IID-RESP-BB-v1","WORKING-INDEPENDENCE-RESPONDENT",0.135140710543501,0.117439750744257,0.0177009597992434,0.102005279801092,0.168445971191329,0.13522562549621,0.0664406913902371,0.0172657561082492,TRUE,199,199,0,"OK","P14-C010",53,30,600,0.05,"balanced","weak","exact_knot",20,20,0,0,2,0.100000000000001
"V4-CMP-TWO-STAGE-FREQ-BOOT-RESP-v1","V4-TARGET-RESPONDENT-WEIGHTED-v1",0.135140710543501,0.117439750744257,0.0177009597992434,0.0828653719181884,0.185612301260536,0.134238836589362,0.102746929342348,0.0250977149247418,TRUE,199,199,0,"OK","P14-C010",53,30,600,0.05,"balanced","weak","exact_knot",20,20,0,0,2,0.100000000000001
"V4-CMP-MOKKEN-TWOLEVEL-DELTA-v1","V4-TARGET-RESPONDENT-WEIGHTED-v1",0.135140710543493,0.117439750744257,0.0177009597992357,0.0891818181459151,0.181099602941071,0.135140710543493,0.0919177847951554,0.0234488453665963,TRUE,,,0,"OK","P14-C010",53,30,600,0.05,"balanced","weak","exact_knot",20,20,0,0,2,0.100000000000001
"V4-PRI-TWO-STAGE-HBB-RESP-v1","V4-TARGET-RESPONDENT-WEIGHTED-v1",0.127870222444156,0.117439750744257,0.010430471699899,0.0757492401138573,0.185972011174074,0.130860625643966,0.110222771060217,0.02727504517514,TRUE,199,199,0,"OK","P14-C010",54,30,600,0.05,"balanced","weak","exact_knot",20,20,0,0.00166666666666665,0,0.097999999999999
"V4-SENS-TWO-STAGE-HBB-CLUSTER-v1","V4-TARGET-EQUAL-CLUSTER-v1",0.127870222444156,0.117439750744257,0.010430471699899,0.0737975938363945,0.195565087425285,0.13468134063084,0.12176749358889,0.0302485497190575,TRUE,199,199,0,"OK","P14-C010",54,30,600,0.05,"balanced","weak","exact_knot",20,20,0,0.00166666666666665,0,0.097999999999999
"V4-CMP-ONE-STAGE-CLUSTER-BB-RESP-v1","V4-TARGET-RESPONDENT-WEIGHTED-v1",0.127870222444156,0.117439750744257,0.010430471699899,0.0852982584764141,0.159546130200466,0.12242219433844,0.0742478717240523,0.0175759724767445,TRUE,199,199,0,"OK","P14-C010",54,30,600,0.05,"balanced","weak","exact_knot",20,20,0,0.00166666666666665,0,0.097999999999999
"V4-CMP-IID-RESP-BB-v1","WORKING-INDEPENDENCE-RESPONDENT",0.127870222444156,0.117439750744257,0.010430471699899,0.0915247279743578,0.16270498486848,0.127114856421419,0.0711802568941224,0.0183753972052167,TRUE,199,199,0,"OK","P14-C010",54,30,600,0.05,"balanced","weak","exact_knot",20,20,0,0.00166666666666665,0,0.097999999999999
"V4-CMP-TWO-STAGE-FREQ-BOOT-RESP-v1","V4-TARGET-RESPONDENT-WEIGHTED-v1",0.127870222444156,0.117439750744257,0.010430471699899,0.0846413593069177,0.174480816005394,0.129561087656156,0.0898394566984762,0.0231133786746613,TRUE,199,199,0,"OK","P14-C010",54,30,600,0.05,"balanced","weak","exact_knot",20,20,0,0.00166666666666665,0,0.097999999999999
"V4-CMP-MOKKEN-TWOLEVEL-DELTA-v1","V4-TARGET-RESPONDENT-WEIGHTED-v1",0.127870222444149,0.117439750744257,0.010430471699892,0.0807803293873818,0.174960115500917,0.127870222444149,0.0941797861135349,0.0240258971227056,TRUE,,,0,"OK","P14-C010",54,30,600,0.05,"balanced","weak","exact_knot",20,20,0,0.00166666666666665,0,0.097999999999999
"V4-PRI-TWO-STAGE-HBB-RESP-v1","V4-TARGET-RESPONDENT-WEIGHTED-v1",0.134256448092406,0.117439750744257,0.0168166973481488,0.0889018020099822,0.18165243552852,0.135277118769251,0.0927506335185382,0.0256560020134774,TRUE,199,199,0,"OK","P14-C010",55,30,600,0.05,"balanced","weak","exact_knot",20,20,0,0.00166666666666665,0,0.112000000000002
"V4-SENS-TWO-STAGE-HBB-CLUSTER-v1","V4-TARGET-EQUAL-CLUSTER-v1",0.134256448092406,0.117439750744257,0.0168166973481488,0.0832540077642877,0.189538074700633,0.13639604123246,0.106284066936345,0.0276905819335317,TRUE,199,199,0,"OK","P14-C010",55,30,600,0.05,"balanced","weak","exact_knot",20,20,0,0.00166666666666665,0,0.112000000000002
"V4-CMP-ONE-STAGE-CLUSTER-BB-RESP-v1","V4-TARGET-RESPONDENT-WEIGHTED-v1",0.134256448092406,0.117439750744257,0.0168166973481488,0.112805574087596,0.157725998348764,0.13526578621818,0.0449204242611677,0.0125189814098018,TRUE,199,199,0,"OK","P14-C010",55,30,600,0.05,"balanced","weak","exact_knot",20,20,0,0.00166666666666665,0,0.112000000000002
"V4-CMP-IID-RESP-BB-v1","WORKING-INDEPENDENCE-RESPONDENT",0.134256448092406,0.117439750744257,0.0168166973481488,0.101338223627497,0.173405668294646,0.137371945961072,0.0720674446671489,0.0182506161057546,TRUE,199,199,0,"OK","P14-C010",55,30,600,0.05,"balanced","weak","exact_knot",20,20,0,0.00166666666666665,0,0.112000000000002
"V4-CMP-TWO-STAGE-FREQ-BOOT-RESP-v1","V4-TARGET-RESPONDENT-WEIGHTED-v1",0.134256448092406,0.117439750744257,0.0168166973481488,0.0959032635712304,0.183268181489578,0.139585722530404,0.0873649179183474,0.0218447280137637,TRUE,199,199,0,"OK","P14-C010",55,30,600,0.05,"balanced","weak","exact_knot",20,20,0,0.00166666666666665,0,0.112000000000002
"V4-CMP-MOKKEN-TWOLEVEL-DELTA-v1","V4-TARGET-RESPONDENT-WEIGHTED-v1",0.134256448092396,0.117439750744257,0.016816697348139,0.092327985103735,0.176184911081057,0.134256448092396,0.0838569259773224,0.0213924660449822,TRUE,,,0,"OK","P14-C010",55,30,600,0.05,"balanced","weak","exact_knot",20,20,0,0.00166666666666665,0,0.112000000000002
"V4-PRI-TWO-STAGE-HBB-RESP-v1","V4-TARGET-RESPONDENT-WEIGHTED-v1",0.155582274358786,0.117439750744257,0.0381425236145293,0.100091355885746,0.216678683596032,0.158385019740889,0.116587327710286,0.0301578331998367,TRUE,199,199,0,"OK","P14-C010",56,30,600,0.05,"balanced","weak","exact_knot",20,20,0,0.00166666666666665,0,0.097999999999999
"V4-SENS-TWO-STAGE-HBB-CLUSTER-v1","V4-TARGET-EQUAL-CLUSTER-v1",0.155582274358786,0.117439750744257,0.0381425236145293,0.108923066468201,0.220531518992957,0.164727292730579,0.111608452524756,0.0287205108392343,TRUE,199,199,0,"OK","P14-C010",56,30,600,0.05,"balanced","weak","exact_knot",20,20,0,0.00166666666666665,0,0.097999999999999
"V4-CMP-ONE-STAGE-CLUSTER-BB-RESP-v1","V4-TARGET-RESPONDENT-WEIGHTED-v1",0.155582274358786,0.117439750744257,0.0381425236145293,0.129285502909804,0.195185760334456,0.16223563162213,0.0659002574246512,0.0167565295503486,FALSE,199,199,0,"OK","P14-C010",56,30,600,0.05,"balanced","weak","exact_knot",20,20,0,0.00166666666666665,0,0.097999999999999
"V4-CMP-IID-RESP-BB-v1","WORKING-INDEPENDENCE-RESPONDENT",0.155582274358786,0.117439750744257,0.0381425236145293,0.121009357492118,0.190145766477563,0.155577561984841,0.0691364089854448,0.0182431687826843,FALSE,199,199,0,"OK","P14-C010",56,30,600,0.05,"balanced","weak","exact_knot",20,20,0,0.00166666666666665,0,0.097999999999999
"V4-CMP-TWO-STAGE-FREQ-BOOT-RESP-v1","V4-TARGET-RESPONDENT-WEIGHTED-v1",0.155582274358786,0.117439750744257,0.0381425236145293,0.112154088278945,0.207336363609064,0.159745225944005,0.0951822753301193,0.0235274363192088,TRUE,199,199,0,"OK","P14-C010",56,30,600,0.05,"balanced","weak","exact_knot",20,20,0,0.00166666666666665,0,0.097999999999999
"V4-CMP-MOKKEN-TWOLEVEL-DELTA-v1","V4-TARGET-RESPONDENT-WEIGHTED-v1",0.155582274358778,0.117439750744257,0.0381425236145213,0.109018388247975,0.202146160469582,0.155582274358778,0.0931277722216062,0.0237575213004387,TRUE,,,0,"OK","P14-C010",56,30,600,0.05,"balanced","weak","exact_knot",20,20,0,0.00166666666666665,0,0.097999999999999
"V4-PRI-TWO-STAGE-HBB-RESP-v1","V4-TARGET-RESPONDENT-WEIGHTED-v1",0.108999182110737,0.117439750744257,-0.00844056863352038,0.0687771826597554,0.166778734375494,0.117777958517625,0.0980015517157388,0.0256505340870113,TRUE,199,199,0,"OK","P14-C010",57,30,600,0.05,"balanced","weak","exact_knot",20,20,0,0,1,0.100000000000001
"V4-SENS-TWO-STAGE-HBB-CLUSTER-v1","V4-TARGET-EQUAL-CLUSTER-v1",0.108999182110737,0.117439750744257,-0.00844056863352038,0.0567148703977415,0.170299658757278,0.11350726457751,0.113584788359536,0.0272227766024963,TRUE,199,199,0,"OK","P14-C010",57,30,600,0.05,"balanced","weak","exact_knot",20,20,0,0,1,0.100000000000001
"V4-CMP-ONE-STAGE-CLUSTER-BB-RESP-v1","V4-TARGET-RESPONDENT-WEIGHTED-v1",0.108999182110737,0.117439750744257,-0.00844056863352038,0.0799580498399235,0.136902671695839,0.108430360767881,0.0569446218559154,0.0148793576054612,TRUE,199,199,0,"OK","P14-C010",57,30,600,0.05,"balanced","weak","exact_knot",20,20,0,0,1,0.100000000000001
"V4-CMP-IID-RESP-BB-v1","WORKING-INDEPENDENCE-RESPONDENT",0.108999182110737,0.117439750744257,-0.00844056863352038,0.0770703976181127,0.150382687844506,0.113726542731309,0.073312290226393,0.0180388102288321,TRUE,199,199,0,"OK","P14-C010",57,30,600,0.05,"balanced","weak","exact_knot",20,20,0,0,1,0.100000000000001
"V4-CMP-TWO-STAGE-FREQ-BOOT-RESP-v1","V4-TARGET-RESPONDENT-WEIGHTED-v1",0.108999182110737,0.117439750744257,-0.00844056863352038,0.0640850528281189,0.157649572276629,0.110867312552374,0.0935645194485103,0.0235341200681919,TRUE,199,199,0,"OK","P14-C010",57,30,600,0.05,"balanced","weak","exact_knot",20,20,0,0,1,0.100000000000001
"V4-CMP-MOKKEN-TWOLEVEL-DELTA-v1","V4-TARGET-RESPONDENT-WEIGHTED-v1",0.108999182110729,0.117439750744257,-0.00844056863352775,0.0649650707918027,0.153033293429656,0.108999182110729,0.0880682226378535,0.0224667961586347,TRUE,,,0,"OK","P14-C010",57,30,600,0.05,"balanced","weak","exact_knot",20,20,0,0,1,0.100000000000001
"V4-PRI-TWO-STAGE-HBB-RESP-v1","V4-TARGET-RESPONDENT-WEIGHTED-v1",0.133822998666061,0.117439750744257,0.0163832479218035,0.0805849178141749,0.207656961969706,0.14412093989194,0.127072044155531,0.0320160091740934,TRUE,199,199,0,"OK","P14-C010",58,30,600,0.05,"balanced","weak","exact_knot",20,20,0,0,1,0.0970000000000013
"V4-SENS-TWO-STAGE-HBB-CLUSTER-v1","V4-TARGET-EQUAL-CLUSTER-v1",0.133822998666061,0.117439750744257,0.0163832479218035,0.0809450238052512,0.200693079938152,0.140819051871701,0.1197480561329,0.0285727153862586,TRUE,199,199,0,"OK","P14-C010",58,30,600,0.05,"balanced","weak","exact_knot",20,20,0,0,1,0.0970000000000013
"V4-CMP-ONE-STAGE-CLUSTER-BB-RESP-v1","V4-TARGET-RESPONDENT-WEIGHTED-v1",0.133822998666061,0.117439750744257,0.0163832479218035,0.1053460337918,0.165453464603294,0.135399749197547,0.0601074308114932,0.0166321708069596,TRUE,199,199,0,"OK","P14-C010",58,30,600,0.05,"balanced","weak","exact_knot",20,20,0,0,1,0.0970000000000013
"V4-CMP-IID-RESP-BB-v1","WORKING-INDEPENDENCE-RESPONDENT",0.133822998666061,0.117439750744257,0.0163832479218035,0.105678717892696,0.172098864710181,0.138888791301438,0.0664201468174854,0.0167127041729125,TRUE,199,199,0,"OK","P14-C010",58,30,600,0.05,"balanced","weak","exact_knot",20,20,0,0,1,0.0970000000000013
"V4-CMP-TWO-STAGE-FREQ-BOOT-RESP-v1","V4-TARGET-RESPONDENT-WEIGHTED-v1",0.133822998666061,0.117439750744257,0.0163832479218035,0.0950296480022053,0.184240625091571,0.139635136546888,0.0892109770893654,0.0230987369019573,TRUE,199,199,0,"OK","P14-C010",58,30,600,0.05,"balanced","weak","exact_knot",20,20,0,0,1,0.0970000000000013
"V4-CMP-MOKKEN-TWOLEVEL-DELTA-v1","V4-TARGET-RESPONDENT-WEIGHTED-v1",0.133822998666053,0.117439750744257,0.0163832479217959,0.0870192594633672,0.180626737868739,0.133822998666053,0.0936074784053716,0.0238798975756023,TRUE,,,0,"OK","P14-C010",58,30,600,0.05,"balanced","weak","exact_knot",20,20,0,0,1,0.0970000000000013
"V4-PRI-TWO-STAGE-HBB-RESP-v1","V4-TARGET-RESPONDENT-WEIGHTED-v1",0.115867933306298,0.117439750744257,-0.00157181743795877,0.063263399040674,0.167806158720141,0.115534778880408,0.104542759679467,0.0281964378613237,TRUE,199,199,0,"OK","P14-C010",59,30,600,0.05,"balanced","weak","exact_knot",20,20,0,0,1,0.097999999999999
"V4-SENS-TWO-STAGE-HBB-CLUSTER-v1","V4-TARGET-EQUAL-CLUSTER-v1",0.115867933306298,0.117439750744257,-0.00157181743795877,0.0660399230756639,0.181062317400513,0.123551120238089,0.11502239432485,0.0288038039014917,TRUE,199,199,0,"OK","P14-C010",59,30,600,0.05,"balanced","weak","exact_knot",20,20,0,0,1,0.097999999999999
"V4-CMP-ONE-STAGE-CLUSTER-BB-RESP-v1","V4-TARGET-RESPONDENT-WEIGHTED-v1",0.115867933306298,0.117439750744257,-0.00157181743795877,0.0888716110140309,0.152628814121668,0.120750212567849,0.0637572031076368,0.0174646298253086,TRUE,199,199,0,"OK","P14-C010",59,30,600,0.05,"balanced","weak","exact_knot",20,20,0,0,1,0.097999999999999
"V4-CMP-IID-RESP-BB-v1","WORKING-INDEPENDENCE-RESPONDENT",0.115867933306298,0.117439750744257,-0.00157181743795877,0.082745041920864,0.142245633564393,0.112495337742629,0.0595005916435292,0.0158120621169302,TRUE,199,199,0,"OK","P14-C010",59,30,600,0.05,"balanced","weak","exact_knot",20,20,0,0,1,0.097999999999999
"V4-CMP-TWO-STAGE-FREQ-BOOT-RESP-v1","V4-TARGET-RESPONDENT-WEIGHTED-v1",0.115867933306298,0.117439750744257,-0.00157181743795877,0.0651614126072135,0.170857772949493,0.118009592778353,0.105696360342279,0.0264993505652111,TRUE,199,199,0,"OK","P14-C010",59,30,600,0.05,"balanced","weak","exact_knot",20,20,0,0,1,0.097999999999999
"V4-CMP-MOKKEN-TWOLEVEL-DELTA-v1","V4-TARGET-RESPONDENT-WEIGHTED-v1",0.11586793330629,0.117439750744257,-0.00157181743796746,0.0660291391449545,0.165706727467625,0.11586793330629,0.0996775883226705,0.0254284234580111,TRUE,,,0,"OK","P14-C010",59,30,600,0.05,"balanced","weak","exact_knot",20,20,0,0,1,0.097999999999999
"V4-PRI-TWO-STAGE-HBB-RESP-v1","V4-TARGET-RESPONDENT-WEIGHTED-v1",0.114864078799404,0.117439750744257,-0.00257567194485347,0.0765213502954661,0.161332926733374,0.11892713851442,0.0848115764379081,0.0239744413974452,TRUE,199,199,0,"OK","P14-C010",60,30,600,0.05,"balanced","weak","exact_knot",20,20,0,0.0016666666666667,0,0.100999999999999
"V4-SENS-TWO-STAGE-HBB-CLUSTER-v1","V4-TARGET-EQUAL-CLUSTER-v1",0.114864078799404,0.117439750744257,-0.00257567194485347,0.0727292270555972,0.153061164243696,0.112895195649647,0.0803319371880992,0.0226005321207402,TRUE,199,199,0,"OK","P14-C010",60,30,600,0.05,"balanced","weak","exact_knot",20,20,0,0.0016666666666667,0,0.100999999999999
"V4-CMP-ONE-STAGE-CLUSTER-BB-RESP-v1","V4-TARGET-RESPONDENT-WEIGHTED-v1",0.114864078799404,0.117439750744257,-0.00257567194485347,0.0885462570345153,0.143534296813526,0.11604027692402,0.0549880397790103,0.0136072881773168,TRUE,199,199,0,"OK","P14-C010",60,30,600,0.05,"balanced","weak","exact_knot",20,20,0,0.0016666666666667,0,0.100999999999999
"V4-CMP-IID-RESP-BB-v1","WORKING-INDEPENDENCE-RESPONDENT",0.114864078799404,0.117439750744257,-0.00257567194485347,0.0827284498186362,0.146918187275439,0.114823318547038,0.0641897374568031,0.0163665404515462,TRUE,199,199,0,"OK","P14-C010",60,30,600,0.05,"balanced","weak","exact_knot",20,20,0,0.0016666666666667,0,0.100999999999999
"V4-CMP-TWO-STAGE-FREQ-BOOT-RESP-v1","V4-TARGET-RESPONDENT-WEIGHTED-v1",0.114864078799404,0.117439750744257,-0.00257567194485347,0.0711668456358359,0.163044617828787,0.117105731732311,0.0918777721929506,0.0217665525149277,TRUE,199,199,0,"OK","P14-C010",60,30,600,0.05,"balanced","weak","exact_knot",20,20,0,0.0016666666666667,0,0.100999999999999
"V4-CMP-MOKKEN-TWOLEVEL-DELTA-v1","V4-TARGET-RESPONDENT-WEIGHTED-v1",0.114864078799395,0.117439750744257,-0.00257567194486256,0.0730640732916607,0.156664084307129,0.114864078799395,0.0836000110154678,0.0213269253095705,TRUE,,,0,"OK","P14-C010",60,30,600,0.05,"balanced","weak","exact_knot",20,20,0,0.0016666666666667,0,0.100999999999999
