"method_id","target_id","point_estimate","truth","bias","lower","upper","center","interval_length","se_equivalent","cover","defined_draws","total_draws","invalid_fraction","status","cell_id","replication","G","N","latent_icc","size_mechanism","strength","regularity","minimum_cluster_size","maximum_cluster_size","size_effect_correlation","sample_minimum_internal_cdf_gap","sample_exact_knot_count","replication_elapsed_seconds"
"V4-PRI-TWO-STAGE-HBB-RESP-v1","V4-TARGET-RESPONDENT-WEIGHTED-v1",0.301104917294136,0.281082121695237,0.0200227955988996,0.208537939492107,0.374247214369644,0.291392576930876,0.165709274877537,0.039318192378961,TRUE,199,199,0,"OK","P14-C006",1,20,400,0.3,"balanced","medium","regular",20,20,0,0,1,0.0679999999999978
"V4-SENS-TWO-STAGE-HBB-CLUSTER-v1","V4-TARGET-EQUAL-CLUSTER-v1",0.301104917294136,0.281082121695237,0.0200227955988996,0.22229094081983,0.381761713818928,0.302026327319379,0.159470772999098,0.0433410410921343,TRUE,199,199,0,"OK","P14-C006",1,20,400,0.3,"balanced","medium","regular",20,20,0,0,1,0.0679999999999978
"V4-CMP-ONE-STAGE-CLUSTER-BB-RESP-v1","V4-TARGET-RESPONDENT-WEIGHTED-v1",0.301104917294136,0.281082121695237,0.0200227955988996,0.24647024573796,0.338905990935666,0.292688118336813,0.0924357451977059,0.0237694684578661,TRUE,199,199,0,"OK","P14-C006",1,20,400,0.3,"balanced","medium","regular",20,20,0,0,1,0.0679999999999978
"V4-CMP-IID-RESP-BB-v1","WORKING-INDEPENDENCE-RESPONDENT",0.301104917294136,0.281082121695237,0.0200227955988996,0.252772259259901,0.349882691148302,0.301327475204102,0.0971104318884011,0.0251951871202177,TRUE,199,199,0,"OK","P14-C006",1,20,400,0.3,"balanced","medium","regular",20,20,0,0,1,0.0679999999999978
"V4-CMP-TWO-STAGE-FREQ-BOOT-RESP-v1","V4-TARGET-RESPONDENT-WEIGHTED-v1",0.301104917294136,0.281082121695237,0.0200227955988996,0.214483820647037,0.375513760256782,0.29499879045191,0.161029939609745,0.034124675784512,TRUE,199,199,0,"OK","P14-C006",1,20,400,0.3,"balanced","medium","regular",20,20,0,0,1,0.0679999999999978
"V4-CMP-MOKKEN-TWOLEVEL-DELTA-v1","V4-TARGET-RESPONDENT-WEIGHTED-v1",0.301104917294142,0.281082121695237,0.0200227955989052,0.231358774773742,0.370851059814542,0.301104917294142,0.1394922850408,0.0355854204824928,TRUE,,,0,"OK","P14-C006",1,20,400,0.3,"balanced","medium","regular",20,20,0,0,1,0.0679999999999978
"V4-PRI-TWO-STAGE-HBB-RESP-v1","V4-TARGET-RESPONDENT-WEIGHTED-v1",0.24485959686514,0.281082121695237,-0.0362225248300963,0.179207409281907,0.324156307242033,0.25168185826197,0.144948897960127,0.0377202175095093,TRUE,199,199,0,"OK","P14-C006",2,20,400,0.3,"balanced","medium","regular",20,20,0,0.0025,0,0.0700000000000003
"V4-SENS-TWO-STAGE-HBB-CLUSTER-v1","V4-TARGET-EQUAL-CLUSTER-v1",0.24485959686514,0.281082121695237,-0.0362225248300963,0.150031593386694,0.326638069419801,0.238334831403247,0.176606476033107,0.0411634456329274,TRUE,199,199,0,"OK","P14-C006",2,20,400,0.3,"balanced","medium","regular",20,20,0,0.0025,0,0.0700000000000003
"V4-CMP-ONE-STAGE-CLUSTER-BB-RESP-v1","V4-TARGET-RESPONDENT-WEIGHTED-v1",0.24485959686514,0.281082121695237,-0.0362225248300963,0.19843450834711,0.287103685792702,0.242769097069906,0.0886691774455912,0.021860245665631,TRUE,199,199,0,"OK","P14-C006",2,20,400,0.3,"balanced","medium","regular",20,20,0,0.0025,0,0.0700000000000003
"V4-CMP-IID-RESP-BB-v1","WORKING-INDEPENDENCE-RESPONDENT",0.24485959686514,0.281082121695237,-0.0362225248300963,0.197632907578558,0.295217648990234,0.246425278284396,0.0975847414116753,0.0231719631680585,TRUE,199,199,0,"OK","P14-C006",2,20,400,0.3,"balanced","medium","regular",20,20,0,0.0025,0,0.0700000000000003
"V4-CMP-TWO-STAGE-FREQ-BOOT-RESP-v1","V4-TARGET-RESPONDENT-WEIGHTED-v1",0.24485959686514,0.281082121695237,-0.0362225248300963,0.163575006861891,0.298401720613461,0.230988363737676,0.134826713751569,0.0349554211198379,TRUE,199,199,0,"OK","P14-C006",2,20,400,0.3,"balanced","medium","regular",20,20,0,0.0025,0,0.0700000000000003
"V4-CMP-MOKKEN-TWOLEVEL-DELTA-v1","V4-TARGET-RESPONDENT-WEIGHTED-v1",0.24485959686515,0.281082121695237,-0.0362225248300867,0.176962988700581,0.312756205029719,0.24485959686515,0.135793216329138,0.0346417631651036,TRUE,,,0,"OK","P14-C006",2,20,400,0.3,"balanced","medium","regular",20,20,0,0.0025,0,0.0700000000000003
"V4-PRI-TWO-STAGE-HBB-RESP-v1","V4-TARGET-RESPONDENT-WEIGHTED-v1",0.243598061062595,0.281082121695237,-0.037484060632642,0.143625883697973,0.341024387251351,0.242325135474662,0.197398503553379,0.0476359960552375,TRUE,199,199,0,"OK","P14-C006",3,20,400,0.3,"balanced","medium","regular",20,20,0,0,1,0.0680000000000014
"V4-SENS-TWO-STAGE-HBB-CLUSTER-v1","V4-TARGET-EQUAL-CLUSTER-v1",0.243598061062595,0.281082121695237,-0.037484060632642,0.166889531786594,0.345460079821336,0.256174805803965,0.178570548034742,0.0422403872151108,TRUE,199,199,0,"OK","P14-C006",3,20,400,0.3,"balanced","medium","regular",20,20,0,0,1,0.0680000000000014
"V4-CMP-ONE-STAGE-CLUSTER-BB-RESP-v1","V4-TARGET-RESPONDENT-WEIGHTED-v1",0.243598061062595,0.281082121695237,-0.037484060632642,0.183356873517241,0.317805629016064,0.250581251266653,0.134448755498823,0.0339866355738764,TRUE,199,199,0,"OK","P14-C006",3,20,400,0.3,"balanced","medium","regular",20,20,0,0,1,0.0680000000000014
"V4-CMP-IID-RESP-BB-v1","WORKING-INDEPENDENCE-RESPONDENT",0.243598061062595,0.281082121695237,-0.037484060632642,0.195598626540022,0.290832605283008,0.243215615911515,0.095233978742986,0.0234930796916108,TRUE,199,199,0,"OK","P14-C006",3,20,400,0.3,"balanced","medium","regular",20,20,0,0,1,0.0680000000000014
"V4-CMP-TWO-STAGE-FREQ-BOOT-RESP-v1","V4-TARGET-RESPONDENT-WEIGHTED-v1",0.243598061062595,0.281082121695237,-0.037484060632642,0.165567142610564,0.316022848124734,0.240794995367649,0.150455705514169,0.0386142240974122,TRUE,199,199,0,"OK","P14-C006",3,20,400,0.3,"balanced","medium","regular",20,20,0,0,1,0.0680000000000014
"V4-CMP-MOKKEN-TWOLEVEL-DELTA-v1","V4-TARGET-RESPONDENT-WEIGHTED-v1",0.243598061062603,0.281082121695237,-0.0374840606326341,0.16334785002641,0.323848272098795,0.243598061062603,0.160500422072385,0.0409447375917087,TRUE,,,0,"OK","P14-C006",3,20,400,0.3,"balanced","medium","regular",20,20,0,0,1,0.0680000000000014
"V4-PRI-TWO-STAGE-HBB-RESP-v1","V4-TARGET-RESPONDENT-WEIGHTED-v1",0.272445989459078,0.281082121695237,-0.00863613223615872,0.189059218813773,0.352195547834295,0.270627383324034,0.163136329020522,0.0409714494358597,TRUE,199,199,0,"OK","P14-C006",4,20,400,0.3,"balanced","medium","regular",20,20,0,0.005,0,0.0790000000000006
"V4-SENS-TWO-STAGE-HBB-CLUSTER-v1","V4-TARGET-EQUAL-CLUSTER-v1",0.272445989459078,0.281082121695237,-0.00863613223615872,0.195135382112193,0.353132105888892,0.274133744000543,0.157996723776699,0.0381875789975979,TRUE,199,199,0,"OK","P14-C006",4,20,400,0.3,"balanced","medium","regular",20,20,0,0.005,0,0.0790000000000006
"V4-CMP-ONE-STAGE-CLUSTER-BB-RESP-v1","V4-TARGET-RESPONDENT-WEIGHTED-v1",0.272445989459078,0.281082121695237,-0.00863613223615872,0.211202339037103,0.331354977537672,0.271278658287387,0.120152638500569,0.0296024929568532,TRUE,199,199,0,"OK","P14-C006",4,20,400,0.3,"balanced","medium","regular",20,20,0,0.005,0,0.0790000000000006
"V4-CMP-IID-RESP-BB-v1","WORKING-INDEPENDENCE-RESPONDENT",0.272445989459078,0.281082121695237,-0.00863613223615872,0.230131333745354,0.315276822594673,0.272704078170013,0.0851454888493192,0.0214575674627192,TRUE,199,199,0,"OK","P14-C006",4,20,400,0.3,"balanced","medium","regular",20,20,0,0.005,0,0.0790000000000006
"V4-CMP-TWO-STAGE-FREQ-BOOT-RESP-v1","V4-TARGET-RESPONDENT-WEIGHTED-v1",0.272445989459078,0.281082121695237,-0.00863613223615872,0.205409171475944,0.3356849030829,0.270547037279422,0.130275731606956,0.0355509481546944,TRUE,199,199,0,"OK","P14-C006",4,20,400,0.3,"balanced","medium","regular",20,20,0,0.005,0,0.0790000000000006
"V4-CMP-MOKKEN-TWOLEVEL-DELTA-v1","V4-TARGET-RESPONDENT-WEIGHTED-v1",0.272445989459087,0.281082121695237,-0.00863613223614945,0.200582193876345,0.34430978504183,0.272445989459087,0.143727591165485,0.0366658755719977,TRUE,,,0,"OK","P14-C006",4,20,400,0.3,"balanced","medium","regular",20,20,0,0.005,0,0.0790000000000006
"V4-PRI-TWO-STAGE-HBB-RESP-v1","V4-TARGET-RESPONDENT-WEIGHTED-v1",0.310815019800282,0.281082121695237,0.0297328981050456,0.220166302730211,0.392857873773149,0.30651208825168,0.172691571042938,0.0442974899236429,TRUE,199,199,0,"OK","P14-C006",5,20,400,0.3,"balanced","medium","regular",20,20,0,0.00500000000000012,0,0.0679999999999978
"V4-SENS-TWO-STAGE-HBB-CLUSTER-v1","V4-TARGET-EQUAL-CLUSTER-v1",0.310815019800282,0.281082121695237,0.0297328981050456,0.227304375462472,0.412690787993941,0.319997581728207,0.18538641253147,0.0468218063118995,TRUE,199,199,0,"OK","P14-C006",5,20,400,0.3,"balanced","medium","regular",20,20,0,0.00500000000000012,0,0.0679999999999978
"V4-CMP-ONE-STAGE-CLUSTER-BB-RESP-v1","V4-TARGET-RESPONDENT-WEIGHTED-v1",0.310815019800282,0.281082121695237,0.0297328981050456,0.257420894463759,0.370727619043916,0.314074256753838,0.113306724580157,0.0298112255784636,TRUE,199,199,0,"OK","P14-C006",5,20,400,0.3,"balanced","medium","regular",20,20,0,0.00500000000000012,0,0.0679999999999978
"V4-CMP-IID-RESP-BB-v1","WORKING-INDEPENDENCE-RESPONDENT",0.310815019800282,0.281082121695237,0.0297328981050456,0.266866668137643,0.355967937505529,0.311417302821586,0.089101269367886,0.0233649647323699,TRUE,199,199,0,"OK","P14-C006",5,20,400,0.3,"balanced","medium","regular",20,20,0,0.00500000000000012,0,0.0679999999999978
"V4-CMP-TWO-STAGE-FREQ-BOOT-RESP-v1","V4-TARGET-RESPONDENT-WEIGHTED-v1",0.310815019800282,0.281082121695237,0.0297328981050456,0.227272515817989,0.387113597424852,0.307193056621421,0.159841081606863,0.0411544790059451,TRUE,199,199,0,"OK","P14-C006",5,20,400,0.3,"balanced","medium","regular",20,20,0,0.00500000000000012,0,0.0679999999999978
"V4-CMP-MOKKEN-TWOLEVEL-DELTA-v1","V4-TARGET-RESPONDENT-WEIGHTED-v1",0.310815019800289,0.281082121695237,0.0297328981050523,0.23059411849782,0.391035921102758,0.310815019800289,0.160441802604937,0.040929783371144,TRUE,,,0,"OK","P14-C006",5,20,400,0.3,"balanced","medium","regular",20,20,0,0.00500000000000012,0,0.0679999999999978
"V4-PRI-TWO-STAGE-HBB-RESP-v1","V4-TARGET-RESPONDENT-WEIGHTED-v1",0.280241741884183,0.281082121695237,-0.000840379811053782,0.214303932287994,0.372739110306798,0.293521521297396,0.158435178018805,0.0415147696050539,TRUE,199,199,0,"OK","P14-C006",6,20,400,0.3,"balanced","medium","regular",20,20,0,0.0025,0,0.0790000000000006
"V4-SENS-TWO-STAGE-HBB-CLUSTER-v1","V4-TARGET-EQUAL-CLUSTER-v1",0.280241741884183,0.281082121695237,-0.000840379811053782,0.197405181268286,0.348390888388893,0.27289803482859,0.150985707120606,0.039066309663232,TRUE,199,199,0,"OK","P14-C006",6,20,400,0.3,"balanced","medium","regular",20,20,0,0.0025,0,0.0790000000000006
"V4-CMP-ONE-STAGE-CLUSTER-BB-RESP-v1","V4-TARGET-RESPONDENT-WEIGHTED-v1",0.280241741884183,0.281082121695237,-0.000840379811053782,0.23148229033314,0.330918795080898,0.281200542707019,0.0994365047477578,0.0249895882843115,TRUE,199,199,0,"OK","P14-C006",6,20,400,0.3,"balanced","medium","regular",20,20,0,0.0025,0,0.0790000000000006
"V4-CMP-IID-RESP-BB-v1","WORKING-INDEPENDENCE-RESPONDENT",0.280241741884183,0.281082121695237,-0.000840379811053782,0.231444513294823,0.332232534673798,0.281838523984311,0.100788021378975,0.0255319163379217,TRUE,199,199,0,"OK","P14-C006",6,20,400,0.3,"balanced","medium","regular",20,20,0,0.0025,0,0.0790000000000006
"V4-CMP-TWO-STAGE-FREQ-BOOT-RESP-v1","V4-TARGET-RESPONDENT-WEIGHTED-v1",0.280241741884183,0.281082121695237,-0.000840379811053782,0.214477013451376,0.349902379042939,0.282189696247157,0.135425365591563,0.0349777756258601,TRUE,199,199,0,"OK","P14-C006",6,20,400,0.3,"balanced","medium","regular",20,20,0,0.0025,0,0.0790000000000006
"V4-CMP-MOKKEN-TWOLEVEL-DELTA-v1","V4-TARGET-RESPONDENT-WEIGHTED-v1",0.280241741884191,0.281082121695237,-0.000840379811045455,0.210888432198414,0.349595051569969,0.280241741884191,0.138706619371555,0.0353849918839466,TRUE,,,0,"OK","P14-C006",6,20,400,0.3,"balanced","medium","regular",20,20,0,0.0025,0,0.0790000000000006
"V4-PRI-TWO-STAGE-HBB-RESP-v1","V4-TARGET-RESPONDENT-WEIGHTED-v1",0.291599167326402,0.281082121695237,0.0105170456311649,0.201980330012508,0.399783573259911,0.300881951636209,0.197803243247404,0.0529508458595702,TRUE,199,199,0,"OK","P14-C006",7,20,400,0.3,"balanced","medium","regular",20,20,0,0.005,0,0.065999999999999
"V4-SENS-TWO-STAGE-HBB-CLUSTER-v1","V4-TARGET-EQUAL-CLUSTER-v1",0.291599167326402,0.281082121695237,0.0105170456311649,0.198120901742054,0.407139079186211,0.302629990464132,0.209018177444157,0.0507724477179127,TRUE,199,199,0,"OK","P14-C006",7,20,400,0.3,"balanced","medium","regular",20,20,0,0.005,0,0.065999999999999
"V4-CMP-ONE-STAGE-CLUSTER-BB-RESP-v1","V4-TARGET-RESPONDENT-WEIGHTED-v1",0.291599167326402,0.281082121695237,0.0105170456311649,0.212170062620358,0.360068375205046,0.286119218912702,0.147898312584687,0.0401522487979485,TRUE,199,199,0,"OK","P14-C006",7,20,400,0.3,"balanced","medium","regular",20,20,0,0.005,0,0.065999999999999
"V4-CMP-IID-RESP-BB-v1","WORKING-INDEPENDENCE-RESPONDENT",0.291599167326402,0.281082121695237,0.0105170456311649,0.233404017055994,0.348504809868129,0.290954413462061,0.115100792812135,0.0277444301848614,TRUE,199,199,0,"OK","P14-C006",7,20,400,0.3,"balanced","medium","regular",20,20,0,0.005,0,0.065999999999999
"V4-CMP-TWO-STAGE-FREQ-BOOT-RESP-v1","V4-TARGET-RESPONDENT-WEIGHTED-v1",0.291599167326402,0.281082121695237,0.0105170456311649,0.188904862283168,0.3972740449868,0.293089453634984,0.208369182703631,0.0486474812993535,TRUE,199,199,0,"OK","P14-C006",7,20,400,0.3,"balanced","medium","regular",20,20,0,0.005,0,0.065999999999999
"V4-CMP-MOKKEN-TWOLEVEL-DELTA-v1","V4-TARGET-RESPONDENT-WEIGHTED-v1",0.291599167326409,0.281082121695237,0.010517045631172,0.197146654342706,0.386051680310111,0.291599167326409,0.188905025967405,0.0481909431646356,TRUE,,,0,"OK","P14-C006",7,20,400,0.3,"balanced","medium","regular",20,20,0,0.005,0,0.065999999999999
"V4-PRI-TWO-STAGE-HBB-RESP-v1","V4-TARGET-RESPONDENT-WEIGHTED-v1",0.289338946273993,0.281082121695237,0.00825682457875648,0.198256821462567,0.388766902410482,0.293511861936524,0.190510080947915,0.0483026464063953,TRUE,199,199,0,"OK","P14-C006",8,20,400,0.3,"balanced","medium","regular",20,20,0,0.0025,0,0.0670000000000002
"V4-SENS-TWO-STAGE-HBB-CLUSTER-v1","V4-TARGET-EQUAL-CLUSTER-v1",0.289338946273993,0.281082121695237,0.00825682457875648,0.193248766175603,0.374078292135391,0.283663529155497,0.180829525959787,0.0443113583799001,TRUE,199,199,0,"OK","P14-C006",8,20,400,0.3,"balanced","medium","regular",20,20,0,0.0025,0,0.0670000000000002
"V4-CMP-ONE-STAGE-CLUSTER-BB-RESP-v1","V4-TARGET-RESPONDENT-WEIGHTED-v1",0.289338946273993,0.281082121695237,0.00825682457875648,0.223372392808918,0.34511315066307,0.284242771735994,0.121740757854152,0.0298746178729499,TRUE,199,199,0,"OK","P14-C006",8,20,400,0.3,"balanced","medium","regular",20,20,0,0.0025,0,0.0670000000000002
"V4-CMP-IID-RESP-BB-v1","WORKING-INDEPENDENCE-RESPONDENT",0.289338946273993,0.281082121695237,0.00825682457875648,0.244281269428177,0.33863699312077,0.291459131274473,0.0943557236925934,0.0248082415637115,TRUE,199,199,0,"OK","P14-C006",8,20,400,0.3,"balanced","medium","regular",20,20,0,0.0025,0,0.0670000000000002
"V4-CMP-TWO-STAGE-FREQ-BOOT-RESP-v1","V4-TARGET-RESPONDENT-WEIGHTED-v1",0.289338946273993,0.281082121695237,0.00825682457875648,0.210584991634126,0.356320454474255,0.283452723054191,0.14573546284013,0.039355761249716,TRUE,199,199,0,"OK","P14-C006",8,20,400,0.3,"balanced","medium","regular",20,20,0,0.0025,0,0.0670000000000002
"V4-CMP-MOKKEN-TWOLEVEL-DELTA-v1","V4-TARGET-RESPONDENT-WEIGHTED-v1",0.289338946274,0.281082121695237,0.00825682457876287,0.208578748046506,0.370099144501493,0.289338946274,0.161520396454988,0.0412049399195699,TRUE,,,0,"OK","P14-C006",8,20,400,0.3,"balanced","medium","regular",20,20,0,0.0025,0,0.0670000000000002
"V4-PRI-TWO-STAGE-HBB-RESP-v1","V4-TARGET-RESPONDENT-WEIGHTED-v1",0.291558544043558,0.281082121695237,0.0104764223483214,0.219975484102419,0.362767858167315,0.291371671134867,0.142792374064896,0.034897627270126,TRUE,199,199,0,"OK","P14-C006",9,20,400,0.3,"balanced","medium","regular",20,20,0,0.0125000000000003,0,0.0690000000000026
"V4-SENS-TWO-STAGE-HBB-CLUSTER-v1","V4-TARGET-EQUAL-CLUSTER-v1",0.291558544043558,0.281082121695237,0.0104764223483214,0.218528751217915,0.37407131787353,0.296300034545722,0.155542566655616,0.0414104072341462,TRUE,199,199,0,"OK","P14-C006",9,20,400,0.3,"balanced","medium","regular",20,20,0,0.0125000000000003,0,0.0690000000000026
"V4-CMP-ONE-STAGE-CLUSTER-BB-RESP-v1","V4-TARGET-RESPONDENT-WEIGHTED-v1",0.291558544043558,0.281082121695237,0.0104764223483214,0.245061432022873,0.329520310359969,0.287290871191421,0.0844588783370962,0.0226574775708687,TRUE,199,199,0,"OK","P14-C006",9,20,400,0.3,"balanced","medium","regular",20,20,0,0.0125000000000003,0,0.0690000000000026
"V4-CMP-IID-RESP-BB-v1","WORKING-INDEPENDENCE-RESPONDENT",0.291558544043558,0.281082121695237,0.0104764223483214,0.242483602615147,0.337878278057342,0.290180940336244,0.0953946754421955,0.0241990866506323,TRUE,199,199,0,"OK","P14-C006",9,20,400,0.3,"balanced","medium","regular",20,20,0,0.0125000000000003,0,0.0690000000000026
"V4-CMP-TWO-STAGE-FREQ-BOOT-RESP-v1","V4-TARGET-RESPONDENT-WEIGHTED-v1",0.291558544043558,0.281082121695237,0.0104764223483214,0.236487527171226,0.3533926379458,0.294940082558513,0.116905110774574,0.0309936545066934,TRUE,199,199,0,"OK","P14-C006",9,20,400,0.3,"balanced","medium","regular",20,20,0,0.0125000000000003,0,0.0690000000000026
"V4-CMP-MOKKEN-TWOLEVEL-DELTA-v1","V4-TARGET-RESPONDENT-WEIGHTED-v1",0.291558544043567,0.281082121695237,0.0104764223483299,0.225475297160935,0.357641790926198,0.291558544043567,0.132166493765264,0.0337165618367929,TRUE,,,0,"OK","P14-C006",9,20,400,0.3,"balanced","medium","regular",20,20,0,0.0125000000000003,0,0.0690000000000026
"V4-PRI-TWO-STAGE-HBB-RESP-v1","V4-TARGET-RESPONDENT-WEIGHTED-v1",0.286169563457643,0.281082121695237,0.00508744176240628,0.209060722303142,0.364138128767478,0.28659942553531,0.155077406464336,0.040035480245109,TRUE,199,199,0,"OK","P14-C006",10,20,400,0.3,"balanced","medium","regular",20,20,0,0.0025,0,0.0700000000000003
"V4-SENS-TWO-STAGE-HBB-CLUSTER-v1","V4-TARGET-EQUAL-CLUSTER-v1",0.286169563457643,0.281082121695237,0.00508744176240628,0.197540394303289,0.373956715024986,0.285748554664137,0.176416320721696,0.0452219602089711,TRUE,199,199,0,"OK","P14-C006",10,20,400,0.3,"balanced","medium","regular",20,20,0,0.0025,0,0.0700000000000003
"V4-CMP-ONE-STAGE-CLUSTER-BB-RESP-v1","V4-TARGET-RESPONDENT-WEIGHTED-v1",0.286169563457643,0.281082121695237,0.00508744176240628,0.228619819299209,0.345261189816065,0.286940504557637,0.116641370516857,0.0295168616692609,TRUE,199,199,0,"OK","P14-C006",10,20,400,0.3,"balanced","medium","regular",20,20,0,0.0025,0,0.0700000000000003
"V4-CMP-IID-RESP-BB-v1","WORKING-INDEPENDENCE-RESPONDENT",0.286169563457643,0.281082121695237,0.00508744176240628,0.239639435942026,0.33507715334021,0.287358294641118,0.0954377173981838,0.0248414142530314,TRUE,199,199,0,"OK","P14-C006",10,20,400,0.3,"balanced","medium","regular",20,20,0,0.0025,0,0.0700000000000003
"V4-CMP-TWO-STAGE-FREQ-BOOT-RESP-v1","V4-TARGET-RESPONDENT-WEIGHTED-v1",0.286169563457643,0.281082121695237,0.00508744176240628,0.209998395991002,0.356464979591117,0.283231687791059,0.146466583600115,0.0368126630631792,TRUE,199,199,0,"OK","P14-C006",10,20,400,0.3,"balanced","medium","regular",20,20,0,0.0025,0,0.0700000000000003
"V4-CMP-MOKKEN-TWOLEVEL-DELTA-v1","V4-TARGET-RESPONDENT-WEIGHTED-v1",0.28616956345765,0.281082121695237,0.00508744176241371,0.211118011703647,0.361221115211654,0.28616956345765,0.150103103508008,0.0382923116679699,TRUE,,,0,"OK","P14-C006",10,20,400,0.3,"balanced","medium","regular",20,20,0,0.0025,0,0.0700000000000003
"V4-PRI-TWO-STAGE-HBB-RESP-v1","V4-TARGET-RESPONDENT-WEIGHTED-v1",0.271738670282256,0.281082121695237,-0.00934345141298087,0.194282428008729,0.353864634815194,0.274073531411962,0.159582206806466,0.0392454184649062,TRUE,199,199,0,"OK","P14-C006",11,20,400,0.3,"balanced","medium","regular",20,20,0,0,1,0.070999999999998
"V4-SENS-TWO-STAGE-HBB-CLUSTER-v1","V4-TARGET-EQUAL-CLUSTER-v1",0.271738670282256,0.281082121695237,-0.00934345141298087,0.192113090911124,0.356261954661854,0.274187522786489,0.16414886375073,0.041686211591387,TRUE,199,199,0,"OK","P14-C006",11,20,400,0.3,"balanced","medium","regular",20,20,0,0,1,0.070999999999998
"V4-CMP-ONE-STAGE-CLUSTER-BB-RESP-v1","V4-TARGET-RESPONDENT-WEIGHTED-v1",0.271738670282256,0.281082121695237,-0.00934345141298087,0.215871876773532,0.323418825000555,0.269645350887043,0.107546948227023,0.0264655202154491,TRUE,199,199,0,"OK","P14-C006",11,20,400,0.3,"balanced","medium","regular",20,20,0,0,1,0.070999999999998
"V4-CMP-IID-RESP-BB-v1","WORKING-INDEPENDENCE-RESPONDENT",0.271738670282256,0.281082121695237,-0.00934345141298087,0.227756381498562,0.32610760998252,0.276931995740541,0.0983512284839589,0.0246127405737638,TRUE,199,199,0,"OK","P14-C006",11,20,400,0.3,"balanced","medium","regular",20,20,0,0,1,0.070999999999998
"V4-CMP-TWO-STAGE-FREQ-BOOT-RESP-v1","V4-TARGET-RESPONDENT-WEIGHTED-v1",0.271738670282256,0.281082121695237,-0.00934345141298087,0.197596252183864,0.339061379861279,0.268328816022572,0.141465127677415,0.0360100257637137,TRUE,199,199,0,"OK","P14-C006",11,20,400,0.3,"balanced","medium","regular",20,20,0,0,1,0.070999999999998
"V4-CMP-MOKKEN-TWOLEVEL-DELTA-v1","V4-TARGET-RESPONDENT-WEIGHTED-v1",0.271738670282264,0.281082121695237,-0.00934345141297266,0.19981907177962,0.343658268784908,0.271738670282264,0.143839197005288,0.0366943469726672,TRUE,,,0,"OK","P14-C006",11,20,400,0.3,"balanced","medium","regular",20,20,0,0,1,0.070999999999998
"V4-PRI-TWO-STAGE-HBB-RESP-v1","V4-TARGET-RESPONDENT-WEIGHTED-v1",0.252371650690963,0.281082121695237,-0.0287104710042735,0.173344322816627,0.338319624148421,0.255831973482524,0.164975301331794,0.0403658782015025,TRUE,199,199,0,"OK","P14-C006",12,20,400,0.3,"balanced","medium","regular",20,20,0,0.005,0,0.0670000000000002
"V4-SENS-TWO-STAGE-HBB-CLUSTER-v1","V4-TARGET-EQUAL-CLUSTER-v1",0.252371650690963,0.281082121695237,-0.0287104710042735,0.1656015146372,0.345759761543096,0.255680638090148,0.180158246905896,0.0406011401282775,TRUE,199,199,0,"OK","P14-C006",12,20,400,0.3,"balanced","medium","regular",20,20,0,0.005,0,0.0670000000000002
"V4-CMP-ONE-STAGE-CLUSTER-BB-RESP-v1","V4-TARGET-RESPONDENT-WEIGHTED-v1",0.252371650690963,0.281082121695237,-0.0287104710042735,0.210212480451552,0.310483957756542,0.260348219104047,0.100271477304991,0.0258671136642231,TRUE,199,199,0,"OK","P14-C006",12,20,400,0.3,"balanced","medium","regular",20,20,0,0.005,0,0.0670000000000002
"V4-CMP-IID-RESP-BB-v1","WORKING-INDEPENDENCE-RESPONDENT",0.252371650690963,0.281082121695237,-0.0287104710042735,0.197147292632554,0.296266235689578,0.246706764161066,0.0991189430570247,0.0234721455404787,TRUE,199,199,0,"OK","P14-C006",12,20,400,0.3,"balanced","medium","regular",20,20,0,0.005,0,0.0670000000000002
"V4-CMP-TWO-STAGE-FREQ-BOOT-RESP-v1","V4-TARGET-RESPONDENT-WEIGHTED-v1",0.252371650690963,0.281082121695237,-0.0287104710042735,0.180426210869711,0.334270173228594,0.257348192049152,0.153843962358883,0.0374921395378661,TRUE,199,199,0,"OK","P14-C006",12,20,400,0.3,"balanced","medium","regular",20,20,0,0.005,0,0.0670000000000002
"V4-CMP-MOKKEN-TWOLEVEL-DELTA-v1","V4-TARGET-RESPONDENT-WEIGHTED-v1",0.25237165069097,0.281082121695237,-0.0287104710042667,0.18155546710888,0.32318783427306,0.25237165069097,0.141632367164179,0.0361313698316289,TRUE,,,0,"OK","P14-C006",12,20,400,0.3,"balanced","medium","regular",20,20,0,0.005,0,0.0670000000000002
"V4-PRI-TWO-STAGE-HBB-RESP-v1","V4-TARGET-RESPONDENT-WEIGHTED-v1",0.301867387868928,0.281082121695237,0.0207852661736912,0.232518971865332,0.39566206844724,0.314090520156286,0.163143096581908,0.0409445799455723,TRUE,199,199,0,"OK","P14-C006",13,20,400,0.3,"balanced","medium","regular",20,20,0,0.005,0,0.0820000000000007
"V4-SENS-TWO-STAGE-HBB-CLUSTER-v1","V4-TARGET-EQUAL-CLUSTER-v1",0.301867387868928,0.281082121695237,0.0207852661736912,0.225179083948566,0.37894611373229,0.302062598840428,0.153767029783724,0.0378672498785753,TRUE,199,199,0,"OK","P14-C006",13,20,400,0.3,"balanced","medium","regular",20,20,0,0.005,0,0.0820000000000007
"V4-CMP-ONE-STAGE-CLUSTER-BB-RESP-v1","V4-TARGET-RESPONDENT-WEIGHTED-v1",0.301867387868928,0.281082121695237,0.0207852661736912,0.243342691084788,0.343473285912318,0.293407988498553,0.100130594827531,0.0237012897673727,TRUE,199,199,0,"OK","P14-C006",13,20,400,0.3,"balanced","medium","regular",20,20,0,0.005,0,0.0820000000000007
"V4-CMP-IID-RESP-BB-v1","WORKING-INDEPENDENCE-RESPONDENT",0.301867387868928,0.281082121695237,0.0207852661736912,0.25350003001574,0.355757903221084,0.304628966618412,0.102257873205344,0.0265961458936345,TRUE,199,199,0,"OK","P14-C006",13,20,400,0.3,"balanced","medium","regular",20,20,0,0.005,0,0.0820000000000007
"V4-CMP-TWO-STAGE-FREQ-BOOT-RESP-v1","V4-TARGET-RESPONDENT-WEIGHTED-v1",0.301867387868928,0.281082121695237,0.0207852661736912,0.234915154030283,0.379129370908038,0.30702226246916,0.144214216877755,0.0370258051831572,TRUE,199,199,0,"OK","P14-C006",13,20,400,0.3,"balanced","medium","regular",20,20,0,0.005,0,0.0820000000000007
"V4-CMP-MOKKEN-TWOLEVEL-DELTA-v1","V4-TARGET-RESPONDENT-WEIGHTED-v1",0.301867387868933,0.281082121695237,0.0207852661736966,0.234055820948094,0.369678954789773,0.301867387868933,0.13562313384168,0.0345983739781592,TRUE,,,0,"OK","P14-C006",13,20,400,0.3,"balanced","medium","regular",20,20,0,0.005,0,0.0820000000000007
"V4-PRI-TWO-STAGE-HBB-RESP-v1","V4-TARGET-RESPONDENT-WEIGHTED-v1",0.299513843403386,0.281082121695237,0.0184317217081496,0.222004821999927,0.368950793662806,0.295477807831367,0.146945971662879,0.0376907833340318,TRUE,199,199,0,"OK","P14-C006",14,20,400,0.3,"balanced","medium","regular",20,20,0,0.00500000000000012,0,0.0670000000000002
"V4-SENS-TWO-STAGE-HBB-CLUSTER-v1","V4-TARGET-EQUAL-CLUSTER-v1",0.299513843403386,0.281082121695237,0.0184317217081496,0.219987349818986,0.388027401916732,0.304007375867859,0.168040052097746,0.0405500632002143,TRUE,199,199,0,"OK","P14-C006",14,20,400,0.3,"balanced","medium","regular",20,20,0,0.00500000000000012,0,0.0670000000000002
"V4-CMP-ONE-STAGE-CLUSTER-BB-RESP-v1","V4-TARGET-RESPONDENT-WEIGHTED-v1",0.299513843403386,0.281082121695237,0.0184317217081496,0.245455739394367,0.348362309844708,0.296909024619538,0.102906570450342,0.026828584352093,TRUE,199,199,0,"OK","P14-C006",14,20,400,0.3,"balanced","medium","regular",20,20,0,0.00500000000000012,0,0.0670000000000002
"V4-CMP-IID-RESP-BB-v1","WORKING-INDEPENDENCE-RESPONDENT",0.299513843403386,0.281082121695237,0.0184317217081496,0.251819018672964,0.354682689091978,0.303250853882471,0.102863670419014,0.0253693607703031,TRUE,199,199,0,"OK","P14-C006",14,20,400,0.3,"balanced","medium","regular",20,20,0,0.00500000000000012,0,0.0670000000000002
"V4-CMP-TWO-STAGE-FREQ-BOOT-RESP-v1","V4-TARGET-RESPONDENT-WEIGHTED-v1",0.299513843403386,0.281082121695237,0.0184317217081496,0.228651772690281,0.37014529967305,0.299398536181666,0.141493526982769,0.0372771656964838,TRUE,199,199,0,"OK","P14-C006",14,20,400,0.3,"balanced","medium","regular",20,20,0,0.00500000000000012,0,0.0670000000000002
"V4-CMP-MOKKEN-TWOLEVEL-DELTA-v1","V4-TARGET-RESPONDENT-WEIGHTED-v1",0.299513843403394,0.281082121695237,0.0184317217081575,0.229249785901764,0.369777900905024,0.299513843403394,0.14052811500326,0.0358496676754592,TRUE,,,0,"OK","P14-C006",14,20,400,0.3,"balanced","medium","regular",20,20,0,0.00500000000000012,0,0.0670000000000002
"V4-PRI-TWO-STAGE-HBB-RESP-v1","V4-TARGET-RESPONDENT-WEIGHTED-v1",0.264303077641278,0.281082121695237,-0.0167790440539586,0.170585994935629,0.341871295151943,0.256228645043786,0.171285300216314,0.0427337330449017,TRUE,199,199,0,"OK","P14-C006",15,20,400,0.3,"balanced","medium","regular",20,20,0,0,1,0.0670000000000002
"V4-SENS-TWO-STAGE-HBB-CLUSTER-v1","V4-TARGET-EQUAL-CLUSTER-v1",0.264303077641278,0.281082121695237,-0.0167790440539586,0.190873446207289,0.327372336358793,0.259122891283041,0.136498890151503,0.0364108243622836,TRUE,199,199,0,"OK","P14-C006",15,20,400,0.3,"balanced","medium","regular",20,20,0,0,1,0.0670000000000002
"V4-CMP-ONE-STAGE-CLUSTER-BB-RESP-v1","V4-TARGET-RESPONDENT-WEIGHTED-v1",0.264303077641278,0.281082121695237,-0.0167790440539586,0.214799006133631,0.316116483200884,0.265457744667258,0.101317477067253,0.0270539054187816,TRUE,199,199,0,"OK","P14-C006",15,20,400,0.3,"balanced","medium","regular",20,20,0,0,1,0.0670000000000002
"V4-CMP-IID-RESP-BB-v1","WORKING-INDEPENDENCE-RESPONDENT",0.264303077641278,0.281082121695237,-0.0167790440539586,0.210245758479042,0.30875613319083,0.259500945834936,0.0985103747117878,0.0236881810931653,TRUE,199,199,0,"OK","P14-C006",15,20,400,0.3,"balanced","medium","regular",20,20,0,0,1,0.0670000000000002
"V4-CMP-TWO-STAGE-FREQ-BOOT-RESP-v1","V4-TARGET-RESPONDENT-WEIGHTED-v1",0.264303077641278,0.281082121695237,-0.0167790440539586,0.190447627730154,0.335291393999705,0.26286951086493,0.144843766269552,0.0366588405351146,TRUE,199,199,0,"OK","P14-C006",15,20,400,0.3,"balanced","medium","regular",20,20,0,0,1,0.0670000000000002
"V4-CMP-MOKKEN-TWOLEVEL-DELTA-v1","V4-TARGET-RESPONDENT-WEIGHTED-v1",0.264303077641286,0.281082121695237,-0.0167790440539507,0.192845737142645,0.335760418139927,0.264303077641286,0.142914680997281,0.0364584967184536,TRUE,,,0,"OK","P14-C006",15,20,400,0.3,"balanced","medium","regular",20,20,0,0,1,0.0670000000000002
"V4-PRI-TWO-STAGE-HBB-RESP-v1","V4-TARGET-RESPONDENT-WEIGHTED-v1",0.274524223127338,0.281082121695237,-0.00655789856789879,0.197638758936025,0.340537500665995,0.26908812980101,0.14289874172997,0.0365422751887528,TRUE,199,199,0,"OK","P14-C006",16,20,400,0.3,"balanced","medium","regular",20,20,0,0.00250000000000006,0,0.0679999999999978
"V4-SENS-TWO-STAGE-HBB-CLUSTER-v1","V4-TARGET-EQUAL-CLUSTER-v1",0.274524223127338,0.281082121695237,-0.00655789856789879,0.193735751593147,0.34235814988868,0.268046950740914,0.148622398295533,0.0403891397565376,TRUE,199,199,0,"OK","P14-C006",16,20,400,0.3,"balanced","medium","regular",20,20,0,0.00250000000000006,0,0.0679999999999978
"V4-CMP-ONE-STAGE-CLUSTER-BB-RESP-v1","V4-TARGET-RESPONDENT-WEIGHTED-v1",0.274524223127338,0.281082121695237,-0.00655789856789879,0.235825682605194,0.319713547920189,0.277769615262692,0.0838878653149951,0.0211836236141927,TRUE,199,199,0,"OK","P14-C006",16,20,400,0.3,"balanced","medium","regular",20,20,0,0.00250000000000006,0,0.0679999999999978
"V4-CMP-IID-RESP-BB-v1","WORKING-INDEPENDENCE-RESPONDENT",0.274524223127338,0.281082121695237,-0.00655789856789879,0.21734902355456,0.322047010319024,0.269698016936792,0.104697986764464,0.0262957736166936,TRUE,199,199,0,"OK","P14-C006",16,20,400,0.3,"balanced","medium","regular",20,20,0,0.00250000000000006,0,0.0679999999999978
"V4-CMP-TWO-STAGE-FREQ-BOOT-RESP-v1","V4-TARGET-RESPONDENT-WEIGHTED-v1",0.274524223127338,0.281082121695237,-0.00655789856789879,0.205349262684003,0.336583043883151,0.270966153283577,0.131233781199148,0.0348268221159772,TRUE,199,199,0,"OK","P14-C006",16,20,400,0.3,"balanced","medium","regular",20,20,0,0.00250000000000006,0,0.0679999999999978
"V4-CMP-MOKKEN-TWOLEVEL-DELTA-v1","V4-TARGET-RESPONDENT-WEIGHTED-v1",0.274524223127343,0.281082121695237,-0.00655789856789324,0.209615723344791,0.339432722909896,0.274524223127343,0.129816999565105,0.0331171900578492,TRUE,,,0,"OK","P14-C006",16,20,400,0.3,"balanced","medium","regular",20,20,0,0.00250000000000006,0,0.0679999999999978
"V4-PRI-TWO-STAGE-HBB-RESP-v1","V4-TARGET-RESPONDENT-WEIGHTED-v1",0.31230935652532,0.281082121695237,0.0312272348300833,0.234921031975116,0.414050886374586,0.324485959174851,0.17912985439947,0.0467625036553543,TRUE,199,199,0,"OK","P14-C006",17,20,400,0.3,"balanced","medium","regular",20,20,0,0,1,0.0660000000000025
"V4-SENS-TWO-STAGE-HBB-CLUSTER-v1","V4-TARGET-EQUAL-CLUSTER-v1",0.31230935652532,0.281082121695237,0.0312272348300833,0.222541202107788,0.393158873769079,0.307850037938434,0.170617671661291,0.0412704631507864,TRUE,199,199,0,"OK","P14-C006",17,20,400,0.3,"balanced","medium","regular",20,20,0,0,1,0.0660000000000025
"V4-CMP-ONE-STAGE-CLUSTER-BB-RESP-v1","V4-TARGET-RESPONDENT-WEIGHTED-v1",0.31230935652532,0.281082121695237,0.0312272348300833,0.257629015513316,0.382215370676548,0.319922193094932,0.124586355163231,0.0315887533232057,TRUE,199,199,0,"OK","P14-C006",17,20,400,0.3,"balanced","medium","regular",20,20,0,0,1,0.0660000000000025
"V4-CMP-IID-RESP-BB-v1","WORKING-INDEPENDENCE-RESPONDENT",0.31230935652532,0.281082121695237,0.0312272348300833,0.270279797822948,0.356645076223013,0.313462437022981,0.0863652784000645,0.0228407839562147,TRUE,199,199,0,"OK","P14-C006",17,20,400,0.3,"balanced","medium","regular",20,20,0,0,1,0.0660000000000025
"V4-CMP-TWO-STAGE-FREQ-BOOT-RESP-v1","V4-TARGET-RESPONDENT-WEIGHTED-v1",0.31230935652532,0.281082121695237,0.0312272348300833,0.240802939863622,0.392791860944329,0.316797400403976,0.151988921080707,0.0391519831070606,TRUE,199,199,0,"OK","P14-C006",17,20,400,0.3,"balanced","medium","regular",20,20,0,0,1,0.0660000000000025
"V4-CMP-MOKKEN-TWOLEVEL-DELTA-v1","V4-TARGET-RESPONDENT-WEIGHTED-v1",0.312309356525326,0.281082121695237,0.0312272348300892,0.236551534998948,0.388067178051704,0.312309356525326,0.151515643052755,0.0386526600100542,TRUE,,,0,"OK","P14-C006",17,20,400,0.3,"balanced","medium","regular",20,20,0,0,1,0.0660000000000025
"V4-PRI-TWO-STAGE-HBB-RESP-v1","V4-TARGET-RESPONDENT-WEIGHTED-v1",0.323405552613875,0.281082121695237,0.0423234309186384,0.241316372491942,0.428596911763464,0.334956642127703,0.187280539271522,0.0490017395342536,TRUE,199,199,0,"OK","P14-C006",18,20,400,0.3,"balanced","medium","regular",20,20,0,0.005,0,0.0670000000000002
"V4-SENS-TWO-STAGE-HBB-CLUSTER-v1","V4-TARGET-EQUAL-CLUSTER-v1",0.323405552613875,0.281082121695237,0.0423234309186384,0.245463633288277,0.416575466657143,0.33101954997271,0.171111833368865,0.044114271995281,TRUE,199,199,0,"OK","P14-C006",18,20,400,0.3,"balanced","medium","regular",20,20,0,0.005,0,0.0670000000000002
"V4-CMP-ONE-STAGE-CLUSTER-BB-RESP-v1","V4-TARGET-RESPONDENT-WEIGHTED-v1",0.323405552613875,0.281082121695237,0.0423234309186384,0.247072750534814,0.394648198174361,0.320860474354588,0.147575447639547,0.0346383908166679,TRUE,199,199,0,"OK","P14-C006",18,20,400,0.3,"balanced","medium","regular",20,20,0,0.005,0,0.0670000000000002
"V4-CMP-IID-RESP-BB-v1","WORKING-INDEPENDENCE-RESPONDENT",0.323405552613875,0.281082121695237,0.0423234309186384,0.272358327552352,0.37531454325022,0.323836435401286,0.102956215697867,0.0281570244171257,TRUE,199,199,0,"OK","P14-C006",18,20,400,0.3,"balanced","medium","regular",20,20,0,0.005,0,0.0670000000000002
"V4-CMP-TWO-STAGE-FREQ-BOOT-RESP-v1","V4-TARGET-RESPONDENT-WEIGHTED-v1",0.323405552613875,0.281082121695237,0.0423234309186384,0.241770745289434,0.418006340271019,0.329888542780226,0.176235594981585,0.0420837349998217,TRUE,199,199,0,"OK","P14-C006",18,20,400,0.3,"balanced","medium","regular",20,20,0,0.005,0,0.0670000000000002
"V4-CMP-MOKKEN-TWOLEVEL-DELTA-v1","V4-TARGET-RESPONDENT-WEIGHTED-v1",0.323405552613884,0.281082121695237,0.042323430918647,0.232765484034804,0.414045621192964,0.323405552613884,0.18128013715816,0.0462457827256202,TRUE,,,0,"OK","P14-C006",18,20,400,0.3,"balanced","medium","regular",20,20,0,0.005,0,0.0670000000000002
"V4-PRI-TWO-STAGE-HBB-RESP-v1","V4-TARGET-RESPONDENT-WEIGHTED-v1",0.289880922107878,0.281082121695237,0.00879880041264081,0.201642178686733,0.386907774861481,0.294274976774107,0.185265596174748,0.045619085444267,TRUE,199,199,0,"OK","P14-C006",19,20,400,0.3,"balanced","medium","regular",20,20,0,0.0025,0,0.065999999999999
"V4-SENS-TWO-STAGE-HBB-CLUSTER-v1","V4-TARGET-EQUAL-CLUSTER-v1",0.289880922107878,0.281082121695237,0.00879880041264081,0.216745177365699,0.371967596727733,0.294356387046716,0.155222419362034,0.0426108965404058,TRUE,199,199,0,"OK","P14-C006",19,20,400,0.3,"balanced","medium","regular",20,20,0,0.0025,0,0.065999999999999
"V4-CMP-ONE-STAGE-CLUSTER-BB-RESP-v1","V4-TARGET-RESPONDENT-WEIGHTED-v1",0.289880922107878,0.281082121695237,0.00879880041264081,0.221605187765321,0.348876691035262,0.285240939400292,0.127271503269941,0.0313380308045207,TRUE,199,199,0,"OK","P14-C006",19,20,400,0.3,"balanced","medium","regular",20,20,0,0.0025,0,0.065999999999999
"V4-CMP-IID-RESP-BB-v1","WORKING-INDEPENDENCE-RESPONDENT",0.289880922107878,0.281082121695237,0.00879880041264081,0.240997536646092,0.339711498932213,0.290354517789153,0.0987139622861216,0.0259898163852947,TRUE,199,199,0,"OK","P14-C006",19,20,400,0.3,"balanced","medium","regular",20,20,0,0.0025,0,0.065999999999999
"V4-CMP-TWO-STAGE-FREQ-BOOT-RESP-v1","V4-TARGET-RESPONDENT-WEIGHTED-v1",0.289880922107878,0.281082121695237,0.00879880041264081,0.213177605756906,0.367586858308588,0.290382232032747,0.154409252551681,0.0400994275761171,TRUE,199,199,0,"OK","P14-C006",19,20,400,0.3,"balanced","medium","regular",20,20,0,0.0025,0,0.065999999999999
"V4-CMP-MOKKEN-TWOLEVEL-DELTA-v1","V4-TARGET-RESPONDENT-WEIGHTED-v1",0.289880922107884,0.281082121695237,0.00879880041264713,0.213237608266236,0.366524235949532,0.289880922107884,0.153286627683295,0.0391044501053083,TRUE,,,0,"OK","P14-C006",19,20,400,0.3,"balanced","medium","regular",20,20,0,0.0025,0,0.065999999999999
"V4-PRI-TWO-STAGE-HBB-RESP-v1","V4-TARGET-RESPONDENT-WEIGHTED-v1",0.299943774032599,0.281082121695237,0.018861652337362,0.210330209910513,0.383811352719337,0.297070781314925,0.173481142808824,0.0445985967311426,TRUE,199,199,0,"OK","P14-C006",20,20,400,0.3,"balanced","medium","regular",20,20,0,0.0025,0,0.0680000000000014
"V4-SENS-TWO-STAGE-HBB-CLUSTER-v1","V4-TARGET-EQUAL-CLUSTER-v1",0.299943774032599,0.281082121695237,0.018861652337362,0.198617282400376,0.384525766131319,0.291571524265848,0.185908483730943,0.0475416178465841,TRUE,199,199,0,"OK","P14-C006",20,20,400,0.3,"balanced","medium","regular",20,20,0,0.0025,0,0.0680000000000014
"V4-CMP-ONE-STAGE-CLUSTER-BB-RESP-v1","V4-TARGET-RESPONDENT-WEIGHTED-v1",0.299943774032599,0.281082121695237,0.018861652337362,0.239433905239882,0.365431526413457,0.30243271582667,0.125997621173575,0.0335513072659303,TRUE,199,199,0,"OK","P14-C006",20,20,400,0.3,"balanced","medium","regular",20,20,0,0.0025,0,0.0680000000000014
"V4-CMP-IID-RESP-BB-v1","WORKING-INDEPENDENCE-RESPONDENT",0.299943774032599,0.281082121695237,0.018861652337362,0.249177706125775,0.346439033298882,0.297808369712328,0.0972613271731072,0.0254268576636697,TRUE,199,199,0,"OK","P14-C006",20,20,400,0.3,"balanced","medium","regular",20,20,0,0.0025,0,0.0680000000000014
"V4-CMP-TWO-STAGE-FREQ-BOOT-RESP-v1","V4-TARGET-RESPONDENT-WEIGHTED-v1",0.299943774032599,0.281082121695237,0.018861652337362,0.199219930723265,0.401449194421979,0.300334562572622,0.202229263698714,0.0472971263563834,TRUE,199,199,0,"OK","P14-C006",20,20,400,0.3,"balanced","medium","regular",20,20,0,0.0025,0,0.0680000000000014
"V4-CMP-MOKKEN-TWOLEVEL-DELTA-v1","V4-TARGET-RESPONDENT-WEIGHTED-v1",0.299943774032604,0.281082121695237,0.0188616523373675,0.216898005411466,0.382989542653742,0.299943774032604,0.166091537242276,0.0423710686911557,TRUE,,,0,"OK","P14-C006",20,20,400,0.3,"balanced","medium","regular",20,20,0,0.0025,0,0.0680000000000014
"V4-PRI-TWO-STAGE-HBB-RESP-v1","V4-TARGET-RESPONDENT-WEIGHTED-v1",0.303053580760052,0.281082121695237,0.0219714590648157,0.205155710285399,0.37917601891207,0.292165864598734,0.174020308626671,0.0456703160683655,TRUE,199,199,0,"OK","P14-C006",21,20,400,0.3,"balanced","medium","regular",20,20,0,0,1,0.0670000000000002
"V4-SENS-TWO-STAGE-HBB-CLUSTER-v1","V4-TARGET-EQUAL-CLUSTER-v1",0.303053580760052,0.281082121695237,0.0219714590648157,0.231854217545234,0.371653410481496,0.301753814013365,0.139799192936261,0.0367852757280461,TRUE,199,199,0,"OK","P14-C006",21,20,400,0.3,"balanced","medium","regular",20,20,0,0,1,0.0670000000000002
"V4-CMP-ONE-STAGE-CLUSTER-BB-RESP-v1","V4-TARGET-RESPONDENT-WEIGHTED-v1",0.303053580760052,0.281082121695237,0.0219714590648157,0.235168185980035,0.35374366569521,0.294455925837623,0.118575479715175,0.0291416655345608,TRUE,199,199,0,"OK","P14-C006",21,20,400,0.3,"balanced","medium","regular",20,20,0,0,1,0.0670000000000002
"V4-CMP-IID-RESP-BB-v1","WORKING-INDEPENDENCE-RESPONDENT",0.303053580760052,0.281082121695237,0.0219714590648157,0.259893327429276,0.355240189334185,0.307566758381731,0.0953468619049088,0.0248000555957284,TRUE,199,199,0,"OK","P14-C006",21,20,400,0.3,"balanced","medium","regular",20,20,0,0,1,0.0670000000000002
"V4-CMP-TWO-STAGE-FREQ-BOOT-RESP-v1","V4-TARGET-RESPONDENT-WEIGHTED-v1",0.303053580760052,0.281082121695237,0.0219714590648157,0.230504144250337,0.378291680614237,0.304397912432287,0.1477875363639,0.0393865703069087,TRUE,199,199,0,"OK","P14-C006",21,20,400,0.3,"balanced","medium","regular",20,20,0,0,1,0.0670000000000002
"V4-CMP-MOKKEN-TWOLEVEL-DELTA-v1","V4-TARGET-RESPONDENT-WEIGHTED-v1",0.303053580760058,0.281082121695237,0.0219714590648211,0.228550943948828,0.377556217571288,0.303053580760058,0.14900527362246,0.0380122478774596,TRUE,,,0,"OK","P14-C006",21,20,400,0.3,"balanced","medium","regular",20,20,0,0,1,0.0670000000000002
"V4-PRI-TWO-STAGE-HBB-RESP-v1","V4-TARGET-RESPONDENT-WEIGHTED-v1",0.264176078224972,0.281082121695237,-0.0169060434702648,0.1786195961749,0.333863805330619,0.256241700752759,0.15524420915572,0.0405173297680547,TRUE,199,199,0,"OK","P14-C006",22,20,400,0.3,"balanced","medium","regular",20,20,0,0.01,0,0.0670000000000002
"V4-SENS-TWO-STAGE-HBB-CLUSTER-v1","V4-TARGET-EQUAL-CLUSTER-v1",0.264176078224972,0.281082121695237,-0.0169060434702648,0.193452760828776,0.328747834856327,0.261100297842551,0.135295074027551,0.0349842873037403,TRUE,199,199,0,"OK","P14-C006",22,20,400,0.3,"balanced","medium","regular",20,20,0,0.01,0,0.0670000000000002
"V4-CMP-ONE-STAGE-CLUSTER-BB-RESP-v1","V4-TARGET-RESPONDENT-WEIGHTED-v1",0.264176078224972,0.281082121695237,-0.0169060434702648,0.214874759520852,0.311387236621943,0.263130998071397,0.0965124771010912,0.0238246602565045,TRUE,199,199,0,"OK","P14-C006",22,20,400,0.3,"balanced","medium","regular",20,20,0,0.01,0,0.0670000000000002
"V4-CMP-IID-RESP-BB-v1","WORKING-INDEPENDENCE-RESPONDENT",0.264176078224972,0.281082121695237,-0.0169060434702648,0.226410283308261,0.311097965781387,0.268754124544824,0.0846876824731262,0.0223695540057415,TRUE,199,199,0,"OK","P14-C006",22,20,400,0.3,"balanced","medium","regular",20,20,0,0.01,0,0.0670000000000002
"V4-CMP-TWO-STAGE-FREQ-BOOT-RESP-v1","V4-TARGET-RESPONDENT-WEIGHTED-v1",0.264176078224972,0.281082121695237,-0.0169060434702648,0.19416573278719,0.332977863152873,0.263571797970031,0.138812130365683,0.0351975323886837,TRUE,199,199,0,"OK","P14-C006",22,20,400,0.3,"balanced","medium","regular",20,20,0,0.01,0,0.0670000000000002
"V4-CMP-MOKKEN-TWOLEVEL-DELTA-v1","V4-TARGET-RESPONDENT-WEIGHTED-v1",0.264176078224978,0.281082121695237,-0.0169060434702583,0.196905572352595,0.331446584097361,0.264176078224978,0.134541011744766,0.0343223173502188,TRUE,,,0,"OK","P14-C006",22,20,400,0.3,"balanced","medium","regular",20,20,0,0.01,0,0.0670000000000002
"V4-PRI-TWO-STAGE-HBB-RESP-v1","V4-TARGET-RESPONDENT-WEIGHTED-v1",0.248745192133708,0.281082121695237,-0.0323369295615284,0.176972716227742,0.333285908757413,0.255129312492578,0.156313192529671,0.0411651609344273,TRUE,199,199,0,"OK","P14-C006",23,20,400,0.3,"balanced","medium","regular",20,20,0,0.005,0,0.0689999999999991
"V4-SENS-TWO-STAGE-HBB-CLUSTER-v1","V4-TARGET-EQUAL-CLUSTER-v1",0.248745192133708,0.281082121695237,-0.0323369295615284,0.167863746289055,0.32104493073778,0.244454338513418,0.153181184448725,0.0388834646635293,TRUE,199,199,0,"OK","P14-C006",23,20,400,0.3,"balanced","medium","regular",20,20,0,0.005,0,0.0689999999999991
"V4-CMP-ONE-STAGE-CLUSTER-BB-RESP-v1","V4-TARGET-RESPONDENT-WEIGHTED-v1",0.248745192133708,0.281082121695237,-0.0323369295615284,0.199220876085409,0.294730107371372,0.24697549172839,0.0955092312859624,0.0242961272379564,TRUE,199,199,0,"OK","P14-C006",23,20,400,0.3,"balanced","medium","regular",20,20,0,0.005,0,0.0689999999999991
"V4-CMP-IID-RESP-BB-v1","WORKING-INDEPENDENCE-RESPONDENT",0.248745192133708,0.281082121695237,-0.0323369295615284,0.198431186495357,0.300450850359173,0.249441018427265,0.102019663863817,0.0247133305443264,TRUE,199,199,0,"OK","P14-C006",23,20,400,0.3,"balanced","medium","regular",20,20,0,0.005,0,0.0689999999999991
"V4-CMP-TWO-STAGE-FREQ-BOOT-RESP-v1","V4-TARGET-RESPONDENT-WEIGHTED-v1",0.248745192133708,0.281082121695237,-0.0323369295615284,0.177474031036405,0.31998542400064,0.248729727518523,0.142511392964235,0.0367518817947647,TRUE,199,199,0,"OK","P14-C006",23,20,400,0.3,"balanced","medium","regular",20,20,0,0.005,0,0.0689999999999991
"V4-CMP-MOKKEN-TWOLEVEL-DELTA-v1","V4-TARGET-RESPONDENT-WEIGHTED-v1",0.248745192133717,0.281082121695237,-0.03233692956152,0.179682451810516,0.317807932456917,0.248745192133717,0.138125480646401,0.0352367394849899,TRUE,,,0,"OK","P14-C006",23,20,400,0.3,"balanced","medium","regular",20,20,0,0.005,0,0.0689999999999991
"V4-PRI-TWO-STAGE-HBB-RESP-v1","V4-TARGET-RESPONDENT-WEIGHTED-v1",0.259419636144933,0.281082121695237,-0.0216624855503039,0.174600729561479,0.337411062582391,0.256005896071935,0.162810333020912,0.0437797464289174,TRUE,199,199,0,"OK","P14-C006",24,20,400,0.3,"balanced","medium","regular",20,20,0,0.00250000000000006,0,0.065999999999999
"V4-SENS-TWO-STAGE-HBB-CLUSTER-v1","V4-TARGET-EQUAL-CLUSTER-v1",0.259419636144933,0.281082121695237,-0.0216624855503039,0.180292886343763,0.350230466373781,0.265261676358772,0.169937580030018,0.0456794060014019,TRUE,199,199,0,"OK","P14-C006",24,20,400,0.3,"balanced","medium","regular",20,20,0,0.00250000000000006,0,0.065999999999999
"V4-CMP-ONE-STAGE-CLUSTER-BB-RESP-v1","V4-TARGET-RESPONDENT-WEIGHTED-v1",0.259419636144933,0.281082121695237,-0.0216624855503039,0.194780152983671,0.330507351276989,0.26264375213033,0.135727198293318,0.0335291940772709,TRUE,199,199,0,"OK","P14-C006",24,20,400,0.3,"balanced","medium","regular",20,20,0,0.00250000000000006,0,0.065999999999999
"V4-CMP-IID-RESP-BB-v1","WORKING-INDEPENDENCE-RESPONDENT",0.259419636144933,0.281082121695237,-0.0216624855503039,0.207477191036484,0.312499531455906,0.259988361246195,0.105022340419421,0.0263017078295087,TRUE,199,199,0,"OK","P14-C006",24,20,400,0.3,"balanced","medium","regular",20,20,0,0.00250000000000006,0,0.065999999999999
"V4-CMP-TWO-STAGE-FREQ-BOOT-RESP-v1","V4-TARGET-RESPONDENT-WEIGHTED-v1",0.259419636144933,0.281082121695237,-0.0216624855503039,0.167190364222545,0.351760445596265,0.259475404909405,0.184570081373719,0.0454516794581667,TRUE,199,199,0,"OK","P14-C006",24,20,400,0.3,"balanced","medium","regular",20,20,0,0.00250000000000006,0,0.065999999999999
"V4-CMP-MOKKEN-TWOLEVEL-DELTA-v1","V4-TARGET-RESPONDENT-WEIGHTED-v1",0.25941963614494,0.281082121695237,-0.0216624855502968,0.175682812746609,0.343156459543271,0.25941963614494,0.167473646796662,0.0427236541379517,TRUE,,,0,"OK","P14-C006",24,20,400,0.3,"balanced","medium","regular",20,20,0,0.00250000000000006,0,0.065999999999999
"V4-PRI-TWO-STAGE-HBB-RESP-v1","V4-TARGET-RESPONDENT-WEIGHTED-v1",0.321835250058369,0.281082121695237,0.0407531283631318,0.227945236534624,0.417973472886531,0.322959354710577,0.190028236351907,0.0461755668903513,TRUE,199,199,0,"OK","P14-C006",25,20,400,0.3,"balanced","medium","regular",20,20,0,0.00750000000000001,0,0.0790000000000006
"V4-SENS-TWO-STAGE-HBB-CLUSTER-v1","V4-TARGET-EQUAL-CLUSTER-v1",0.321835250058369,0.281082121695237,0.0407531283631318,0.244045715397366,0.415875502609583,0.329960609003475,0.171829787212217,0.0449193755089913,TRUE,199,199,0,"OK","P14-C006",25,20,400,0.3,"balanced","medium","regular",20,20,0,0.00750000000000001,0,0.0790000000000006
"V4-CMP-ONE-STAGE-CLUSTER-BB-RESP-v1","V4-TARGET-RESPONDENT-WEIGHTED-v1",0.321835250058369,0.281082121695237,0.0407531283631318,0.26642232025151,0.382610197005102,0.324516258628306,0.116187876753592,0.0307871643613793,TRUE,199,199,0,"OK","P14-C006",25,20,400,0.3,"balanced","medium","regular",20,20,0,0.00750000000000001,0,0.0790000000000006
"V4-CMP-IID-RESP-BB-v1","WORKING-INDEPENDENCE-RESPONDENT",0.321835250058369,0.281082121695237,0.0407531283631318,0.273597052385137,0.371588623142359,0.322592837763748,0.0979915707572218,0.0253663081611557,TRUE,199,199,0,"OK","P14-C006",25,20,400,0.3,"balanced","medium","regular",20,20,0,0.00750000000000001,0,0.0790000000000006
"V4-CMP-TWO-STAGE-FREQ-BOOT-RESP-v1","V4-TARGET-RESPONDENT-WEIGHTED-v1",0.321835250058369,0.281082121695237,0.0407531283631318,0.245056635141812,0.395959200270524,0.320507917706168,0.150902565128713,0.0384635465548686,TRUE,199,199,0,"OK","P14-C006",25,20,400,0.3,"balanced","medium","regular",20,20,0,0.00750000000000001,0,0.0790000000000006
"V4-CMP-MOKKEN-TWOLEVEL-DELTA-v1","V4-TARGET-RESPONDENT-WEIGHTED-v1",0.321835250058375,0.281082121695237,0.0407531283631385,0.241715261097876,0.401955239018875,0.321835250058375,0.160239977920999,0.0408782965363015,TRUE,,,0,"OK","P14-C006",25,20,400,0.3,"balanced","medium","regular",20,20,0,0.00750000000000001,0,0.0790000000000006
"V4-PRI-TWO-STAGE-HBB-RESP-v1","V4-TARGET-RESPONDENT-WEIGHTED-v1",0.298191582642279,0.281082121695237,0.0171094609470419,0.209581410819285,0.40624369774051,0.307912554279898,0.196662286921225,0.049726262554843,TRUE,199,199,0,"OK","P14-C006",26,20,400,0.3,"balanced","medium","regular",20,20,0,0.00250000000000006,0,0.065999999999999
"V4-SENS-TWO-STAGE-HBB-CLUSTER-v1","V4-TARGET-EQUAL-CLUSTER-v1",0.298191582642279,0.281082121695237,0.0171094609470419,0.204020096352696,0.388426880492307,0.296223488422502,0.184406784139611,0.0504747098818252,TRUE,199,199,0,"OK","P14-C006",26,20,400,0.3,"balanced","medium","regular",20,20,0,0.00250000000000006,0,0.065999999999999
"V4-CMP-ONE-STAGE-CLUSTER-BB-RESP-v1","V4-TARGET-RESPONDENT-WEIGHTED-v1",0.298191582642279,0.281082121695237,0.0171094609470419,0.219809983101472,0.385056454120789,0.302433218611131,0.165246471019317,0.0423228842711469,TRUE,199,199,0,"OK","P14-C006",26,20,400,0.3,"balanced","medium","regular",20,20,0,0.00250000000000006,0,0.065999999999999
"V4-CMP-IID-RESP-BB-v1","WORKING-INDEPENDENCE-RESPONDENT",0.298191582642279,0.281082121695237,0.0171094609470419,0.237370666689938,0.352758275077827,0.295064470883883,0.11538760838789,0.0282796115951064,TRUE,199,199,0,"OK","P14-C006",26,20,400,0.3,"balanced","medium","regular",20,20,0,0.00250000000000006,0,0.065999999999999
"V4-CMP-TWO-STAGE-FREQ-BOOT-RESP-v1","V4-TARGET-RESPONDENT-WEIGHTED-v1",0.298191582642279,0.281082121695237,0.0171094609470419,0.204936816546381,0.390721368046528,0.297829092296454,0.185784551500148,0.0470235826774423,TRUE,199,199,0,"OK","P14-C006",26,20,400,0.3,"balanced","medium","regular",20,20,0,0.00250000000000006,0,0.065999999999999
"V4-CMP-MOKKEN-TWOLEVEL-DELTA-v1","V4-TARGET-RESPONDENT-WEIGHTED-v1",0.298191582642285,0.281082121695237,0.0171094609470487,0.203969397259455,0.392413768025116,0.298191582642285,0.188444370765661,0.0480734269231697,TRUE,,,0,"OK","P14-C006",26,20,400,0.3,"balanced","medium","regular",20,20,0,0.00250000000000006,0,0.065999999999999
"V4-PRI-TWO-STAGE-HBB-RESP-v1","V4-TARGET-RESPONDENT-WEIGHTED-v1",0.25899416626968,0.281082121695237,-0.0220879554255566,0.183675801735002,0.354090276954545,0.268883039344773,0.170414475219542,0.0419353215468263,TRUE,199,199,0,"OK","P14-C006",27,20,400,0.3,"balanced","medium","regular",20,20,0,0,1,0.0670000000000002
"V4-SENS-TWO-STAGE-HBB-CLUSTER-v1","V4-TARGET-EQUAL-CLUSTER-v1",0.25899416626968,0.281082121695237,-0.0220879554255566,0.171946604296497,0.33649129295113,0.254218948623813,0.164544688654634,0.041516452808016,TRUE,199,199,0,"OK","P14-C006",27,20,400,0.3,"balanced","medium","regular",20,20,0,0,1,0.0670000000000002
"V4-CMP-ONE-STAGE-CLUSTER-BB-RESP-v1","V4-TARGET-RESPONDENT-WEIGHTED-v1",0.25899416626968,0.281082121695237,-0.0220879554255566,0.203724426914733,0.308247758997654,0.255986092956194,0.104523332082921,0.0257475780036483,TRUE,199,199,0,"OK","P14-C006",27,20,400,0.3,"balanced","medium","regular",20,20,0,0,1,0.0670000000000002
"V4-CMP-IID-RESP-BB-v1","WORKING-INDEPENDENCE-RESPONDENT",0.25899416626968,0.281082121695237,-0.0220879554255566,0.206743969125605,0.307392015722776,0.25706799242419,0.10064804659717,0.0245066246975401,TRUE,199,199,0,"OK","P14-C006",27,20,400,0.3,"balanced","medium","regular",20,20,0,0,1,0.0670000000000002
"V4-CMP-TWO-STAGE-FREQ-BOOT-RESP-v1","V4-TARGET-RESPONDENT-WEIGHTED-v1",0.25899416626968,0.281082121695237,-0.0220879554255566,0.183643181054624,0.31506568031636,0.249354430685492,0.131422499261737,0.0349343807887824,TRUE,199,199,0,"OK","P14-C006",27,20,400,0.3,"balanced","medium","regular",20,20,0,0,1,0.0670000000000002
"V4-CMP-MOKKEN-TWOLEVEL-DELTA-v1","V4-TARGET-RESPONDENT-WEIGHTED-v1",0.258994166269692,0.281082121695237,-0.0220879554255445,0.18856023691044,0.329428095628944,0.258994166269692,0.140867858718504,0.0359363385831708,TRUE,,,0,"OK","P14-C006",27,20,400,0.3,"balanced","medium","regular",20,20,0,0,1,0.0670000000000002
"V4-PRI-TWO-STAGE-HBB-RESP-v1","V4-TARGET-RESPONDENT-WEIGHTED-v1",0.261531106911557,0.281082121695237,-0.0195510147836799,0.191859594203535,0.356901654997877,0.274380624600706,0.165042060794343,0.0443378631970019,TRUE,199,199,0,"OK","P14-C006",28,20,400,0.3,"balanced","medium","regular",20,20,0,0.00250000000000006,0,0.0700000000000003
"V4-SENS-TWO-STAGE-HBB-CLUSTER-v1","V4-TARGET-EQUAL-CLUSTER-v1",0.261531106911557,0.281082121695237,-0.0195510147836799,0.16857685935908,0.354896754595939,0.261736806977509,0.186319895236859,0.0433281699327724,TRUE,199,199,0,"OK","P14-C006",28,20,400,0.3,"balanced","medium","regular",20,20,0,0.00250000000000006,0,0.0700000000000003
"V4-CMP-ONE-STAGE-CLUSTER-BB-RESP-v1","V4-TARGET-RESPONDENT-WEIGHTED-v1",0.261531106911557,0.281082121695237,-0.0195510147836799,0.204865627406725,0.320894490938616,0.262880059172671,0.116028863531891,0.0318672918339099,TRUE,199,199,0,"OK","P14-C006",28,20,400,0.3,"balanced","medium","regular",20,20,0,0.00250000000000006,0,0.0700000000000003
"V4-CMP-IID-RESP-BB-v1","WORKING-INDEPENDENCE-RESPONDENT",0.261531106911557,0.281082121695237,-0.0195510147836799,0.211066183001064,0.305179819111807,0.258123001056435,0.0941136361107436,0.0242802613765278,TRUE,199,199,0,"OK","P14-C006",28,20,400,0.3,"balanced","medium","regular",20,20,0,0.00250000000000006,0,0.0700000000000003
"V4-CMP-TWO-STAGE-FREQ-BOOT-RESP-v1","V4-TARGET-RESPONDENT-WEIGHTED-v1",0.261531106911557,0.281082121695237,-0.0195510147836799,0.185582124889239,0.330239392804247,0.257910758846743,0.144657267915009,0.0389485749591223,TRUE,199,199,0,"OK","P14-C006",28,20,400,0.3,"balanced","medium","regular",20,20,0,0.00250000000000006,0,0.0700000000000003
"V4-CMP-MOKKEN-TWOLEVEL-DELTA-v1","V4-TARGET-RESPONDENT-WEIGHTED-v1",0.261531106911567,0.281082121695237,-0.0195510147836697,0.182190115128677,0.340872098694457,0.261531106911567,0.15868198356578,0.0404808416933788,TRUE,,,0,"OK","P14-C006",28,20,400,0.3,"balanced","medium","regular",20,20,0,0.00250000000000006,0,0.0700000000000003
"V4-PRI-TWO-STAGE-HBB-RESP-v1","V4-TARGET-RESPONDENT-WEIGHTED-v1",0.288539598503096,0.281082121695237,0.00745747680785908,0.196144308546988,0.383542033582346,0.289843171064667,0.187397725035358,0.045814252484801,TRUE,199,199,0,"OK","P14-C006",29,20,400,0.3,"balanced","medium","regular",20,20,0,0,1,0.0689999999999991
"V4-SENS-TWO-STAGE-HBB-CLUSTER-v1","V4-TARGET-EQUAL-CLUSTER-v1",0.288539598503096,0.281082121695237,0.00745747680785908,0.203530041409558,0.378825055287396,0.291177548348477,0.175295013877838,0.0430078444557889,TRUE,199,199,0,"OK","P14-C006",29,20,400,0.3,"balanced","medium","regular",20,20,0,0,1,0.0689999999999991
"V4-CMP-ONE-STAGE-CLUSTER-BB-RESP-v1","V4-TARGET-RESPONDENT-WEIGHTED-v1",0.288539598503096,0.281082121695237,0.00745747680785908,0.229920907953023,0.342424672516184,0.286172790234603,0.112503764563161,0.0300189150810617,TRUE,199,199,0,"OK","P14-C006",29,20,400,0.3,"balanced","medium","regular",20,20,0,0,1,0.0689999999999991
"V4-CMP-IID-RESP-BB-v1","WORKING-INDEPENDENCE-RESPONDENT",0.288539598503096,0.281082121695237,0.00745747680785908,0.235994767301549,0.33709184792192,0.286543307611734,0.101097080620371,0.0254116745411078,TRUE,199,199,0,"OK","P14-C006",29,20,400,0.3,"balanced","medium","regular",20,20,0,0,1,0.0689999999999991
"V4-CMP-TWO-STAGE-FREQ-BOOT-RESP-v1","V4-TARGET-RESPONDENT-WEIGHTED-v1",0.288539598503096,0.281082121695237,0.00745747680785908,0.218275664423803,0.364505870554635,0.291390767489219,0.146230206130832,0.0350035518853168,TRUE,199,199,0,"OK","P14-C006",29,20,400,0.3,"balanced","medium","regular",20,20,0,0,1,0.0689999999999991
"V4-CMP-MOKKEN-TWOLEVEL-DELTA-v1","V4-TARGET-RESPONDENT-WEIGHTED-v1",0.288539598503102,0.281082121695237,0.00745747680786535,0.211147376704551,0.365931820301654,0.288539598503102,0.154784443597103,0.0394865530229185,TRUE,,,0,"OK","P14-C006",29,20,400,0.3,"balanced","medium","regular",20,20,0,0,1,0.0689999999999991
"V4-PRI-TWO-STAGE-HBB-RESP-v1","V4-TARGET-RESPONDENT-WEIGHTED-v1",0.257719346325456,0.281082121695237,-0.0233627753697805,0.193187234228264,0.341192463160341,0.267189848694302,0.148005228932077,0.0365005053068771,TRUE,199,199,0,"OK","P14-C006",30,20,400,0.3,"balanced","medium","regular",20,20,0,0.0025,0,0.0690000000000026
"V4-SENS-TWO-STAGE-HBB-CLUSTER-v1","V4-TARGET-EQUAL-CLUSTER-v1",0.257719346325456,0.281082121695237,-0.0233627753697805,0.185577468190611,0.330766671981668,0.25817207008614,0.145189203791057,0.0355345796894193,TRUE,199,199,0,"OK","P14-C006",30,20,400,0.3,"balanced","medium","regular",20,20,0,0.0025,0,0.0690000000000026
"V4-CMP-ONE-STAGE-CLUSTER-BB-RESP-v1","V4-TARGET-RESPONDENT-WEIGHTED-v1",0.257719346325456,0.281082121695237,-0.0233627753697805,0.227426380987036,0.295422399609778,0.261424390298407,0.0679960186227425,0.0167996391835492,TRUE,199,199,0,"OK","P14-C006",30,20,400,0.3,"balanced","medium","regular",20,20,0,0.0025,0,0.0690000000000026
"V4-CMP-IID-RESP-BB-v1","WORKING-INDEPENDENCE-RESPONDENT",0.257719346325456,0.281082121695237,-0.0233627753697805,0.202541168933926,0.310354254570066,0.256447711751996,0.10781308563614,0.0254011627944361,TRUE,199,199,0,"OK","P14-C006",30,20,400,0.3,"balanced","medium","regular",20,20,0,0.0025,0,0.0690000000000026
"V4-CMP-TWO-STAGE-FREQ-BOOT-RESP-v1","V4-TARGET-RESPONDENT-WEIGHTED-v1",0.257719346325456,0.281082121695237,-0.0233627753697805,0.196778736846999,0.320224118548173,0.258501427697586,0.123445381701174,0.0308598887713828,TRUE,199,199,0,"OK","P14-C006",30,20,400,0.3,"balanced","medium","regular",20,20,0,0.0025,0,0.0690000000000026
"V4-CMP-MOKKEN-TWOLEVEL-DELTA-v1","V4-TARGET-RESPONDENT-WEIGHTED-v1",0.257719346325467,0.281082121695237,-0.0233627753697699,0.199978149789626,0.315460542861307,0.257719346325467,0.115482393071681,0.0294603354915172,TRUE,,,0,"OK","P14-C006",30,20,400,0.3,"balanced","medium","regular",20,20,0,0.0025,0,0.0690000000000026
"V4-PRI-TWO-STAGE-HBB-RESP-v1","V4-TARGET-RESPONDENT-WEIGHTED-v1",0.305910243569482,0.281082121695237,0.0248281218742457,0.200627422817718,0.430287384166981,0.31545740349235,0.229659961349263,0.0556951542077165,TRUE,199,199,0,"OK","P14-C006",31,20,400,0.3,"balanced","medium","regular",20,20,0,0,1,0.0679999999999978
"V4-SENS-TWO-STAGE-HBB-CLUSTER-v1","V4-TARGET-EQUAL-CLUSTER-v1",0.305910243569482,0.281082121695237,0.0248281218742457,0.212919393166466,0.422686832915621,0.317803113041044,0.209767439749154,0.0548436026613299,TRUE,199,199,0,"OK","P14-C006",31,20,400,0.3,"balanced","medium","regular",20,20,0,0,1,0.0679999999999978
"V4-CMP-ONE-STAGE-CLUSTER-BB-RESP-v1","V4-TARGET-RESPONDENT-WEIGHTED-v1",0.305910243569482,0.281082121695237,0.0248281218742457,0.22214134908309,0.400929626972708,0.311535488027899,0.178788277889618,0.0446542774518796,TRUE,199,199,0,"OK","P14-C006",31,20,400,0.3,"balanced","medium","regular",20,20,0,0,1,0.0679999999999978
"V4-CMP-IID-RESP-BB-v1","WORKING-INDEPENDENCE-RESPONDENT",0.305910243569482,0.281082121695237,0.0248281218742457,0.257446023813704,0.361446417604483,0.309446220709093,0.104000393790779,0.0271717794976074,TRUE,199,199,0,"OK","P14-C006",31,20,400,0.3,"balanced","medium","regular",20,20,0,0,1,0.0679999999999978
"V4-CMP-TWO-STAGE-FREQ-BOOT-RESP-v1","V4-TARGET-RESPONDENT-WEIGHTED-v1",0.305910243569482,0.281082121695237,0.0248281218742457,0.223564166658316,0.408399160061906,0.315981663360111,0.18483499340359,0.0475952141955974,TRUE,199,199,0,"OK","P14-C006",31,20,400,0.3,"balanced","medium","regular",20,20,0,0,1,0.0679999999999978
"V4-CMP-MOKKEN-TWOLEVEL-DELTA-v1","V4-TARGET-RESPONDENT-WEIGHTED-v1",0.305910243569492,0.281082121695237,0.0248281218742556,0.20235557547232,0.409464911666665,0.305910243569492,0.207109336194345,0.0528349851905436,TRUE,,,0,"OK","P14-C006",31,20,400,0.3,"balanced","medium","regular",20,20,0,0,1,0.0679999999999978
"V4-PRI-TWO-STAGE-HBB-RESP-v1","V4-TARGET-RESPONDENT-WEIGHTED-v1",0.263464543907735,0.281082121695237,-0.0176175777875013,0.182409208734694,0.346470879449806,0.26444004409225,0.164061670715112,0.039194258548377,TRUE,199,199,0,"OK","P14-C006",32,20,400,0.3,"balanced","medium","regular",20,20,0,0.0025,0,0.0680000000000014
"V4-SENS-TWO-STAGE-HBB-CLUSTER-v1","V4-TARGET-EQUAL-CLUSTER-v1",0.263464543907735,0.281082121695237,-0.0176175777875013,0.193924929816704,0.362494862126666,0.278209895971685,0.168569932309962,0.041780588867069,TRUE,199,199,0,"OK","P14-C006",32,20,400,0.3,"balanced","medium","regular",20,20,0,0.0025,0,0.0680000000000014
"V4-CMP-ONE-STAGE-CLUSTER-BB-RESP-v1","V4-TARGET-RESPONDENT-WEIGHTED-v1",0.263464543907735,0.281082121695237,-0.0176175777875013,0.215694763830361,0.31301322304956,0.264353993439961,0.097318459219199,0.0240798238773984,TRUE,199,199,0,"OK","P14-C006",32,20,400,0.3,"balanced","medium","regular",20,20,0,0.0025,0,0.0680000000000014
"V4-CMP-IID-RESP-BB-v1","WORKING-INDEPENDENCE-RESPONDENT",0.263464543907735,0.281082121695237,-0.0176175777875013,0.217716562544523,0.319679639570167,0.268698101057345,0.101963077025644,0.026156674441529,TRUE,199,199,0,"OK","P14-C006",32,20,400,0.3,"balanced","medium","regular",20,20,0,0.0025,0,0.0680000000000014
"V4-CMP-TWO-STAGE-FREQ-BOOT-RESP-v1","V4-TARGET-RESPONDENT-WEIGHTED-v1",0.263464543907735,0.281082121695237,-0.0176175777875013,0.195141314552755,0.341551130389795,0.268346222471275,0.14640981583704,0.0337387420418908,TRUE,199,199,0,"OK","P14-C006",32,20,400,0.3,"balanced","medium","regular",20,20,0,0.0025,0,0.0680000000000014
"V4-CMP-MOKKEN-TWOLEVEL-DELTA-v1","V4-TARGET-RESPONDENT-WEIGHTED-v1",0.263464543907743,0.281082121695237,-0.017617577787494,0.196165854224377,0.330763233591109,0.263464543907743,0.134597379366732,0.0343366971098498,TRUE,,,0,"OK","P14-C006",32,20,400,0.3,"balanced","medium","regular",20,20,0,0.0025,0,0.0680000000000014
"V4-PRI-TWO-STAGE-HBB-RESP-v1","V4-TARGET-RESPONDENT-WEIGHTED-v1",0.254394398806882,0.281082121695237,-0.026687722888355,0.181402183527607,0.326125600454805,0.253763891991206,0.144723416927198,0.0371901887444899,TRUE,199,199,0,"OK","P14-C006",33,20,400,0.3,"balanced","medium","regular",20,20,0,0,1,0.0700000000000003
"V4-SENS-TWO-STAGE-HBB-CLUSTER-v1","V4-TARGET-EQUAL-CLUSTER-v1",0.254394398806882,0.281082121695237,-0.026687722888355,0.19099740969635,0.327814204038209,0.259405806867279,0.136816794341859,0.03492566360265,TRUE,199,199,0,"OK","P14-C006",33,20,400,0.3,"balanced","medium","regular",20,20,0,0,1,0.0700000000000003
"V4-CMP-ONE-STAGE-CLUSTER-BB-RESP-v1","V4-TARGET-RESPONDENT-WEIGHTED-v1",0.254394398806882,0.281082121695237,-0.026687722888355,0.198588531495397,0.294497924010233,0.246543227752815,0.0959093925148359,0.023308609507618,TRUE,199,199,0,"OK","P14-C006",33,20,400,0.3,"balanced","medium","regular",20,20,0,0,1,0.0700000000000003
"V4-CMP-IID-RESP-BB-v1","WORKING-INDEPENDENCE-RESPONDENT",0.254394398806882,0.281082121695237,-0.026687722888355,0.210039341321756,0.293205362109793,0.251622351715775,0.0831660207880369,0.0206038670804402,TRUE,199,199,0,"OK","P14-C006",33,20,400,0.3,"balanced","medium","regular",20,20,0,0,1,0.0700000000000003
"V4-CMP-TWO-STAGE-FREQ-BOOT-RESP-v1","V4-TARGET-RESPONDENT-WEIGHTED-v1",0.254394398806882,0.281082121695237,-0.026687722888355,0.196594381112623,0.318285879758591,0.257440130435607,0.121691498645968,0.0321334044436807,TRUE,199,199,0,"OK","P14-C006",33,20,400,0.3,"balanced","medium","regular",20,20,0,0,1,0.0700000000000003
"V4-CMP-MOKKEN-TWOLEVEL-DELTA-v1","V4-TARGET-RESPONDENT-WEIGHTED-v1",0.254394398806888,0.281082121695237,-0.0266877228883489,0.192670297600364,0.316118500013412,0.254394398806888,0.123448202413048,0.0314924670521478,TRUE,,,0,"OK","P14-C006",33,20,400,0.3,"balanced","medium","regular",20,20,0,0,1,0.0700000000000003
"V4-PRI-TWO-STAGE-HBB-RESP-v1","V4-TARGET-RESPONDENT-WEIGHTED-v1",0.232968829120631,0.281082121695237,-0.0481132925746054,0.158728505542441,0.311636530665262,0.235182518103851,0.15290802512282,0.0354398002845454,TRUE,199,199,0,"OK","P14-C006",34,20,400,0.3,"balanced","medium","regular",20,20,0,0.0025,0,0.0690000000000026
"V4-SENS-TWO-STAGE-HBB-CLUSTER-v1","V4-TARGET-EQUAL-CLUSTER-v1",0.232968829120631,0.281082121695237,-0.0481132925746054,0.154170695690707,0.311558436140733,0.23286456591572,0.157387740450026,0.0373951274247477,TRUE,199,199,0,"OK","P14-C006",34,20,400,0.3,"balanced","medium","regular",20,20,0,0.0025,0,0.0690000000000026
"V4-CMP-ONE-STAGE-CLUSTER-BB-RESP-v1","V4-TARGET-RESPONDENT-WEIGHTED-v1",0.232968829120631,0.281082121695237,-0.0481132925746054,0.189433897867689,0.271304214627866,0.230369056247777,0.0818703167601776,0.0203381617704698,FALSE,199,199,0,"OK","P14-C006",34,20,400,0.3,"balanced","medium","regular",20,20,0,0.0025,0,0.0690000000000026
"V4-CMP-IID-RESP-BB-v1","WORKING-INDEPENDENCE-RESPONDENT",0.232968829120631,0.281082121695237,-0.0481132925746054,0.183148910152863,0.288892781701438,0.23602084592715,0.105743871548574,0.0248865478507379,TRUE,199,199,0,"OK","P14-C006",34,20,400,0.3,"balanced","medium","regular",20,20,0,0.0025,0,0.0690000000000026
"V4-CMP-TWO-STAGE-FREQ-BOOT-RESP-v1","V4-TARGET-RESPONDENT-WEIGHTED-v1",0.232968829120631,0.281082121695237,-0.0481132925746054,0.182612201317935,0.300925245739778,0.241768723528857,0.118313044421843,0.0319439124462788,TRUE,199,199,0,"OK","P14-C006",34,20,400,0.3,"balanced","medium","regular",20,20,0,0.0025,0,0.0690000000000026
"V4-CMP-MOKKEN-TWOLEVEL-DELTA-v1","V4-TARGET-RESPONDENT-WEIGHTED-v1",0.232968829120641,0.281082121695237,-0.0481132925745958,0.169732652933763,0.296205005307518,0.232968829120641,0.126472352373755,0.0322639480550033,TRUE,,,0,"OK","P14-C006",34,20,400,0.3,"balanced","medium","regular",20,20,0,0.0025,0,0.0690000000000026
"V4-PRI-TWO-STAGE-HBB-RESP-v1","V4-TARGET-RESPONDENT-WEIGHTED-v1",0.247132982443519,0.281082121695237,-0.0339491392517175,0.158097443603465,0.327029359025504,0.242563401314485,0.168931915422038,0.0442997535468051,TRUE,199,199,0,"OK","P14-C006",35,20,400,0.3,"balanced","medium","regular",20,20,0,0,1,0.0689999999999991
"V4-SENS-TWO-STAGE-HBB-CLUSTER-v1","V4-TARGET-EQUAL-CLUSTER-v1",0.247132982443519,0.281082121695237,-0.0339491392517175,0.158523422391868,0.34620487078887,0.252364146590369,0.187681448397003,0.0464443982521911,TRUE,199,199,0,"OK","P14-C006",35,20,400,0.3,"balanced","medium","regular",20,20,0,0,1,0.0689999999999991
"V4-CMP-ONE-STAGE-CLUSTER-BB-RESP-v1","V4-TARGET-RESPONDENT-WEIGHTED-v1",0.247132982443519,0.281082121695237,-0.0339491392517175,0.176754302237871,0.305079054833906,0.240916678535888,0.128324752596035,0.0325777186829822,TRUE,199,199,0,"OK","P14-C006",35,20,400,0.3,"balanced","medium","regular",20,20,0,0,1,0.0689999999999991
"V4-CMP-IID-RESP-BB-v1","WORKING-INDEPENDENCE-RESPONDENT",0.247132982443519,0.281082121695237,-0.0339491392517175,0.197777811279643,0.305895032886286,0.251836422082964,0.108117221606643,0.0275526254604271,TRUE,199,199,0,"OK","P14-C006",35,20,400,0.3,"balanced","medium","regular",20,20,0,0,1,0.0689999999999991
"V4-CMP-TWO-STAGE-FREQ-BOOT-RESP-v1","V4-TARGET-RESPONDENT-WEIGHTED-v1",0.247132982443519,0.281082121695237,-0.0339491392517175,0.175121494850884,0.32571760213299,0.250419548491937,0.150596107282106,0.0391973960516403,TRUE,199,199,0,"OK","P14-C006",35,20,400,0.3,"balanced","medium","regular",20,20,0,0,1,0.0689999999999991
"V4-CMP-MOKKEN-TWOLEVEL-DELTA-v1","V4-TARGET-RESPONDENT-WEIGHTED-v1",0.247132982443527,0.281082121695237,-0.03394913925171,0.167070485650435,0.327195479236618,0.247132982443527,0.160124993586183,0.0408489632588223,TRUE,,,0,"OK","P14-C006",35,20,400,0.3,"balanced","medium","regular",20,20,0,0,1,0.0689999999999991
"V4-PRI-TWO-STAGE-HBB-RESP-v1","V4-TARGET-RESPONDENT-WEIGHTED-v1",0.292398154571594,0.281082121695237,0.0113160328763576,0.192206654819791,0.388295547215482,0.290251101017636,0.196088892395691,0.047174486393067,TRUE,199,199,0,"OK","P14-C006",36,20,400,0.3,"balanced","medium","regular",20,20,0,0.0025,0,0.0680000000000014
"V4-SENS-TWO-STAGE-HBB-CLUSTER-v1","V4-TARGET-EQUAL-CLUSTER-v1",0.292398154571594,0.281082121695237,0.0113160328763576,0.210702177863373,0.382596661175859,0.296649419519616,0.171894483312486,0.046035398593129,TRUE,199,199,0,"OK","P14-C006",36,20,400,0.3,"balanced","medium","regular",20,20,0,0.0025,0,0.0680000000000014
"V4-CMP-ONE-STAGE-CLUSTER-BB-RESP-v1","V4-TARGET-RESPONDENT-WEIGHTED-v1",0.292398154571594,0.281082121695237,0.0113160328763576,0.242218915793222,0.354562778930483,0.298390847361852,0.112343863137261,0.0296124042159904,TRUE,199,199,0,"OK","P14-C006",36,20,400,0.3,"balanced","medium","regular",20,20,0,0.0025,0,0.0680000000000014
"V4-CMP-IID-RESP-BB-v1","WORKING-INDEPENDENCE-RESPONDENT",0.292398154571594,0.281082121695237,0.0113160328763576,0.24035434831929,0.341356806079514,0.290855577199402,0.101002457760224,0.0252279195120171,TRUE,199,199,0,"OK","P14-C006",36,20,400,0.3,"balanced","medium","regular",20,20,0,0.0025,0,0.0680000000000014
"V4-CMP-TWO-STAGE-FREQ-BOOT-RESP-v1","V4-TARGET-RESPONDENT-WEIGHTED-v1",0.292398154571594,0.281082121695237,0.0113160328763576,0.210898171394066,0.366542434357715,0.288720302875891,0.15564426296365,0.039540984133379,TRUE,199,199,0,"OK","P14-C006",36,20,400,0.3,"balanced","medium","regular",20,20,0,0.0025,0,0.0680000000000014
"V4-CMP-MOKKEN-TWOLEVEL-DELTA-v1","V4-TARGET-RESPONDENT-WEIGHTED-v1",0.292398154571601,0.281082121695237,0.0113160328763644,0.209637353123304,0.375158956019898,0.292398154571601,0.165521602896594,0.0422256746047906,TRUE,,,0,"OK","P14-C006",36,20,400,0.3,"balanced","medium","regular",20,20,0,0.0025,0,0.0680000000000014
"V4-PRI-TWO-STAGE-HBB-RESP-v1","V4-TARGET-RESPONDENT-WEIGHTED-v1",0.291894706205537,0.281082121695237,0.0108125845103004,0.222039699137011,0.351032729181493,0.286536214159252,0.128993030044483,0.0348550061426818,TRUE,199,199,0,"OK","P14-C006",37,20,400,0.3,"balanced","medium","regular",20,20,0,0.00250000000000006,0,0.0679999999999978
"V4-SENS-TWO-STAGE-HBB-CLUSTER-v1","V4-TARGET-EQUAL-CLUSTER-v1",0.291894706205537,0.281082121695237,0.0108125845103004,0.215328489232534,0.36812574744479,0.291727118338662,0.152797258212257,0.03983242977702,TRUE,199,199,0,"OK","P14-C006",37,20,400,0.3,"balanced","medium","regular",20,20,0,0.00250000000000006,0,0.0679999999999978
"V4-CMP-ONE-STAGE-CLUSTER-BB-RESP-v1","V4-TARGET-RESPONDENT-WEIGHTED-v1",0.291894706205537,0.281082121695237,0.0108125845103004,0.250405866206379,0.339969881120401,0.29518787366339,0.0895640149140217,0.0243725471126249,TRUE,199,199,0,"OK","P14-C006",37,20,400,0.3,"balanced","medium","regular",20,20,0,0.00250000000000006,0,0.0679999999999978
"V4-CMP-IID-RESP-BB-v1","WORKING-INDEPENDENCE-RESPONDENT",0.291894706205537,0.281082121695237,0.0108125845103004,0.24764102962135,0.338692120299401,0.293166574960376,0.0910510906780512,0.0240818214377636,TRUE,199,199,0,"OK","P14-C006",37,20,400,0.3,"balanced","medium","regular",20,20,0,0.00250000000000006,0,0.0679999999999978
"V4-CMP-TWO-STAGE-FREQ-BOOT-RESP-v1","V4-TARGET-RESPONDENT-WEIGHTED-v1",0.291894706205537,0.281082121695237,0.0108125845103004,0.228290220766911,0.349814225368751,0.289052223067831,0.121524004601841,0.0307378387918156,TRUE,199,199,0,"OK","P14-C006",37,20,400,0.3,"balanced","medium","regular",20,20,0,0.00250000000000006,0,0.0679999999999978
"V4-CMP-MOKKEN-TWOLEVEL-DELTA-v1","V4-TARGET-RESPONDENT-WEIGHTED-v1",0.291894706205542,0.281082121695237,0.0108125845103054,0.227471081861291,0.356318330549793,0.291894706205542,0.128847248688502,0.0328698000842955,TRUE,,,0,"OK","P14-C006",37,20,400,0.3,"balanced","medium","regular",20,20,0,0.00250000000000006,0,0.0679999999999978
"V4-PRI-TWO-STAGE-HBB-RESP-v1","V4-TARGET-RESPONDENT-WEIGHTED-v1",0.278971307894005,0.281082121695237,-0.00211081380123174,0.188022379140122,0.363490220698664,0.275756299919393,0.175467841558542,0.0419635061079581,TRUE,199,199,0,"OK","P14-C006",38,20,400,0.3,"balanced","medium","regular",20,20,0,0,2,0.0689999999999991
"V4-SENS-TWO-STAGE-HBB-CLUSTER-v1","V4-TARGET-EQUAL-CLUSTER-v1",0.278971307894005,0.281082121695237,-0.00211081380123174,0.204039218287804,0.365290737210329,0.284664977749067,0.161251518922525,0.0427347675168899,TRUE,199,199,0,"OK","P14-C006",38,20,400,0.3,"balanced","medium","regular",20,20,0,0,2,0.0689999999999991
"V4-CMP-ONE-STAGE-CLUSTER-BB-RESP-v1","V4-TARGET-RESPONDENT-WEIGHTED-v1",0.278971307894005,0.281082121695237,-0.00211081380123174,0.224034142299166,0.334244032533673,0.279139087416419,0.110209890234507,0.027706575705789,TRUE,199,199,0,"OK","P14-C006",38,20,400,0.3,"balanced","medium","regular",20,20,0,0,2,0.0689999999999991
"V4-CMP-IID-RESP-BB-v1","WORKING-INDEPENDENCE-RESPONDENT",0.278971307894005,0.281082121695237,-0.00211081380123174,0.227712071326542,0.330534243500467,0.279123157413505,0.102822172173925,0.0256123524882349,TRUE,199,199,0,"OK","P14-C006",38,20,400,0.3,"balanced","medium","regular",20,20,0,0,2,0.0689999999999991
"V4-CMP-TWO-STAGE-FREQ-BOOT-RESP-v1","V4-TARGET-RESPONDENT-WEIGHTED-v1",0.278971307894005,0.281082121695237,-0.00211081380123174,0.208654378794718,0.344354938414031,0.276504658604374,0.135700559619312,0.0380937184714161,TRUE,199,199,0,"OK","P14-C006",38,20,400,0.3,"balanced","medium","regular",20,20,0,0,2,0.0689999999999991
"V4-CMP-MOKKEN-TWOLEVEL-DELTA-v1","V4-TARGET-RESPONDENT-WEIGHTED-v1",0.278971307894012,0.281082121695237,-0.00211081380122424,0.20810493447279,0.349837681315235,0.278971307894012,0.141732746842445,0.0361569773629553,TRUE,,,0,"OK","P14-C006",38,20,400,0.3,"balanced","medium","regular",20,20,0,0,2,0.0689999999999991
"V4-PRI-TWO-STAGE-HBB-RESP-v1","V4-TARGET-RESPONDENT-WEIGHTED-v1",0.308361224927426,0.281082121695237,0.0272791032321895,0.225500705044017,0.387856964172951,0.306678834608484,0.162356259128934,0.0393574535749887,TRUE,199,199,0,"OK","P14-C006",39,20,400,0.3,"balanced","medium","regular",20,20,0,0,1,0.0670000000000002
"V4-SENS-TWO-STAGE-HBB-CLUSTER-v1","V4-TARGET-EQUAL-CLUSTER-v1",0.308361224927426,0.281082121695237,0.0272791032321895,0.229040395653703,0.400185811499115,0.314613103576409,0.171145415845413,0.0436969947705667,TRUE,199,199,0,"OK","P14-C006",39,20,400,0.3,"balanced","medium","regular",20,20,0,0,1,0.0670000000000002
"V4-CMP-ONE-STAGE-CLUSTER-BB-RESP-v1","V4-TARGET-RESPONDENT-WEIGHTED-v1",0.308361224927426,0.281082121695237,0.0272791032321895,0.244319551046909,0.356714334695101,0.300516942871005,0.112394783648192,0.0287114500332948,TRUE,199,199,0,"OK","P14-C006",39,20,400,0.3,"balanced","medium","regular",20,20,0,0,1,0.0670000000000002
"V4-CMP-IID-RESP-BB-v1","WORKING-INDEPENDENCE-RESPONDENT",0.308361224927426,0.281082121695237,0.0272791032321895,0.261068462822972,0.364281206703509,0.312674834763241,0.103212743880537,0.0262306736099818,TRUE,199,199,0,"OK","P14-C006",39,20,400,0.3,"balanced","medium","regular",20,20,0,0,1,0.0670000000000002
"V4-CMP-TWO-STAGE-FREQ-BOOT-RESP-v1","V4-TARGET-RESPONDENT-WEIGHTED-v1",0.308361224927426,0.281082121695237,0.0272791032321895,0.217915176742438,0.380173878429027,0.299044527585733,0.162258701686589,0.0409114691226145,TRUE,199,199,0,"OK","P14-C006",39,20,400,0.3,"balanced","medium","regular",20,20,0,0,1,0.0670000000000002
"V4-CMP-MOKKEN-TWOLEVEL-DELTA-v1","V4-TARGET-RESPONDENT-WEIGHTED-v1",0.308361224927431,0.281082121695237,0.0272791032321938,0.23373745768393,0.382984992170931,0.308361224927431,0.149247534487001,0.038074050254047,TRUE,,,0,"OK","P14-C006",39,20,400,0.3,"balanced","medium","regular",20,20,0,0,1,0.0670000000000002
"V4-PRI-TWO-STAGE-HBB-RESP-v1","V4-TARGET-RESPONDENT-WEIGHTED-v1",0.281883531618854,0.281082121695237,0.000801409923617546,0.192328929364728,0.344052264929888,0.268190597147308,0.15172333556516,0.0377541888244398,TRUE,199,199,0,"OK","P14-C006",40,20,400,0.3,"balanced","medium","regular",20,20,0,0.00250000000000006,0,0.0670000000000002
"V4-SENS-TWO-STAGE-HBB-CLUSTER-v1","V4-TARGET-EQUAL-CLUSTER-v1",0.281883531618854,0.281082121695237,0.000801409923617546,0.19684966846146,0.36396616092928,0.28040791469537,0.167116492467819,0.0402670797630944,TRUE,199,199,0,"OK","P14-C006",40,20,400,0.3,"balanced","medium","regular",20,20,0,0.00250000000000006,0,0.0670000000000002
"V4-CMP-ONE-STAGE-CLUSTER-BB-RESP-v1","V4-TARGET-RESPONDENT-WEIGHTED-v1",0.281883531618854,0.281082121695237,0.000801409923617546,0.236967547665753,0.323508512198832,0.280238029932292,0.0865409645330786,0.0213934267317655,TRUE,199,199,0,"OK","P14-C006",40,20,400,0.3,"balanced","medium","regular",20,20,0,0.00250000000000006,0,0.0670000000000002
"V4-CMP-IID-RESP-BB-v1","WORKING-INDEPENDENCE-RESPONDENT",0.281883531618854,0.281082121695237,0.000801409923617546,0.232611876980202,0.326282131332859,0.279447004156531,0.0936702543526564,0.0232218286092797,TRUE,199,199,0,"OK","P14-C006",40,20,400,0.3,"balanced","medium","regular",20,20,0,0.00250000000000006,0,0.0670000000000002
"V4-CMP-TWO-STAGE-FREQ-BOOT-RESP-v1","V4-TARGET-RESPONDENT-WEIGHTED-v1",0.281883531618854,0.281082121695237,0.000801409923617546,0.201616045925539,0.347477010384627,0.274546528155083,0.145860964459088,0.034342658539109,TRUE,199,199,0,"OK","P14-C006",40,20,400,0.3,"balanced","medium","regular",20,20,0,0.00250000000000006,0,0.0670000000000002
"V4-CMP-MOKKEN-TWOLEVEL-DELTA-v1","V4-TARGET-RESPONDENT-WEIGHTED-v1",0.281883531618859,0.281082121695237,0.00080140992362232,0.215982654489784,0.347784408747934,0.281883531618859,0.131801754258151,0.0336235143343924,TRUE,,,0,"OK","P14-C006",40,20,400,0.3,"balanced","medium","regular",20,20,0,0.00250000000000006,0,0.0670000000000002
"V4-PRI-TWO-STAGE-HBB-RESP-v1","V4-TARGET-RESPONDENT-WEIGHTED-v1",0.362116000407491,0.281082121695237,0.0810338787122541,0.272478706191288,0.487978823772212,0.38022876498175,0.215500117580924,0.0509563469563042,TRUE,199,199,0,"OK","P14-C006",41,20,400,0.3,"balanced","medium","regular",20,20,0,0.005,0,0.0660000000000025
"V4-SENS-TWO-STAGE-HBB-CLUSTER-v1","V4-TARGET-EQUAL-CLUSTER-v1",0.362116000407491,0.281082121695237,0.0810338787122541,0.259404964351768,0.496988160551523,0.378196562451646,0.237583196199756,0.0533110881298072,TRUE,199,199,0,"OK","P14-C006",41,20,400,0.3,"balanced","medium","regular",20,20,0,0.005,0,0.0660000000000025
"V4-CMP-ONE-STAGE-CLUSTER-BB-RESP-v1","V4-TARGET-RESPONDENT-WEIGHTED-v1",0.362116000407491,0.281082121695237,0.0810338787122541,0.283583770249659,0.458753065766157,0.371168418007908,0.175169295516499,0.0403605964192718,FALSE,199,199,0,"OK","P14-C006",41,20,400,0.3,"balanced","medium","regular",20,20,0,0.005,0,0.0660000000000025
"V4-CMP-IID-RESP-BB-v1","WORKING-INDEPENDENCE-RESPONDENT",0.362116000407491,0.281082121695237,0.0810338787122541,0.315414238040395,0.41425624139517,0.364835239717782,0.098842003354775,0.0250079281242717,FALSE,199,199,0,"OK","P14-C006",41,20,400,0.3,"balanced","medium","regular",20,20,0,0.005,0,0.0660000000000025
"V4-CMP-TWO-STAGE-FREQ-BOOT-RESP-v1","V4-TARGET-RESPONDENT-WEIGHTED-v1",0.362116000407491,0.281082121695237,0.0810338787122541,0.273271732372707,0.448875440895919,0.361073586634313,0.175603708523212,0.045162089952809,TRUE,199,199,0,"OK","P14-C006",41,20,400,0.3,"balanced","medium","regular",20,20,0,0.005,0,0.0660000000000025
"V4-CMP-MOKKEN-TWOLEVEL-DELTA-v1","V4-TARGET-RESPONDENT-WEIGHTED-v1",0.362116000407495,0.281082121695237,0.0810338787122588,0.26557048753548,0.458661513279511,0.362116000407495,0.19309102574403,0.0492588198729946,TRUE,,,0,"OK","P14-C006",41,20,400,0.3,"balanced","medium","regular",20,20,0,0.005,0,0.0660000000000025
"V4-PRI-TWO-STAGE-HBB-RESP-v1","V4-TARGET-RESPONDENT-WEIGHTED-v1",0.279961484592752,0.281082121695237,-0.00112063710248461,0.197170111819457,0.378684869121847,0.287927490470652,0.18151475730239,0.0475360463581218,TRUE,199,199,0,"OK","P14-C006",42,20,400,0.3,"balanced","medium","regular",20,20,0,0.01,0,0.0670000000000002
"V4-SENS-TWO-STAGE-HBB-CLUSTER-v1","V4-TARGET-EQUAL-CLUSTER-v1",0.279961484592752,0.281082121695237,-0.00112063710248461,0.201957088743642,0.372082521696412,0.287019805220027,0.17012543295277,0.0450520629830579,TRUE,199,199,0,"OK","P14-C006",42,20,400,0.3,"balanced","medium","regular",20,20,0,0.01,0,0.0670000000000002
"V4-CMP-ONE-STAGE-CLUSTER-BB-RESP-v1","V4-TARGET-RESPONDENT-WEIGHTED-v1",0.279961484592752,0.281082121695237,-0.00112063710248461,0.212838528699584,0.348035894671032,0.280437211685308,0.135197365971448,0.0325165494871611,TRUE,199,199,0,"OK","P14-C006",42,20,400,0.3,"balanced","medium","regular",20,20,0,0.01,0,0.0670000000000002
"V4-CMP-IID-RESP-BB-v1","WORKING-INDEPENDENCE-RESPONDENT",0.279961484592752,0.281082121695237,-0.00112063710248461,0.228277451399977,0.333924431995769,0.281100941697873,0.105646980595791,0.0241827596840607,TRUE,199,199,0,"OK","P14-C006",42,20,400,0.3,"balanced","medium","regular",20,20,0,0.01,0,0.0670000000000002
"V4-CMP-TWO-STAGE-FREQ-BOOT-RESP-v1","V4-TARGET-RESPONDENT-WEIGHTED-v1",0.279961484592752,0.281082121695237,-0.00112063710248461,0.20459913689824,0.358350316321667,0.281474726609954,0.153751179423427,0.039325695291405,TRUE,199,199,0,"OK","P14-C006",42,20,400,0.3,"balanced","medium","regular",20,20,0,0.01,0,0.0670000000000002
"V4-CMP-MOKKEN-TWOLEVEL-DELTA-v1","V4-TARGET-RESPONDENT-WEIGHTED-v1",0.27996148459276,0.281082121695237,-0.00112063710247678,0.20304969630538,0.35687327288014,0.27996148459276,0.15382357657476,0.0392414293803612,TRUE,,,0,"OK","P14-C006",42,20,400,0.3,"balanced","medium","regular",20,20,0,0.01,0,0.0670000000000002
"V4-PRI-TWO-STAGE-HBB-RESP-v1","V4-TARGET-RESPONDENT-WEIGHTED-v1",0.271758576934285,0.281082121695237,-0.00932354476095182,0.19958447117421,0.372231870256641,0.285908170715426,0.17264739908243,0.0414843886467421,TRUE,199,199,0,"OK","P14-C006",43,20,400,0.3,"balanced","medium","regular",20,20,0,0.00250000000000006,0,0.0679999999999978
"V4-SENS-TWO-STAGE-HBB-CLUSTER-v1","V4-TARGET-EQUAL-CLUSTER-v1",0.271758576934285,0.281082121695237,-0.00932354476095182,0.194176372318257,0.354364364313275,0.274270368315766,0.160187991995018,0.0420004750167112,TRUE,199,199,0,"OK","P14-C006",43,20,400,0.3,"balanced","medium","regular",20,20,0,0.00250000000000006,0,0.0679999999999978
"V4-CMP-ONE-STAGE-CLUSTER-BB-RESP-v1","V4-TARGET-RESPONDENT-WEIGHTED-v1",0.271758576934285,0.281082121695237,-0.00932354476095182,0.224604241737072,0.317259478029215,0.270931859883143,0.0926552362921424,0.0231172204178952,TRUE,199,199,0,"OK","P14-C006",43,20,400,0.3,"balanced","medium","regular",20,20,0,0.00250000000000006,0,0.0679999999999978
"V4-CMP-IID-RESP-BB-v1","WORKING-INDEPENDENCE-RESPONDENT",0.271758576934285,0.281082121695237,-0.00932354476095182,0.225920863718159,0.31428368902303,0.270102276370594,0.0883628253048712,0.0226427253438355,TRUE,199,199,0,"OK","P14-C006",43,20,400,0.3,"balanced","medium","regular",20,20,0,0.00250000000000006,0,0.0679999999999978
"V4-CMP-TWO-STAGE-FREQ-BOOT-RESP-v1","V4-TARGET-RESPONDENT-WEIGHTED-v1",0.271758576934285,0.281082121695237,-0.00932354476095182,0.204470099118325,0.35846354520171,0.281466822160017,0.153993446083385,0.0369525597400167,TRUE,199,199,0,"OK","P14-C006",43,20,400,0.3,"balanced","medium","regular",20,20,0,0.00250000000000006,0,0.0679999999999978
"V4-CMP-MOKKEN-TWOLEVEL-DELTA-v1","V4-TARGET-RESPONDENT-WEIGHTED-v1",0.271758576934293,0.281082121695237,-0.00932354476094333,0.204184750999874,0.339332402868713,0.271758576934293,0.135147651868839,0.034477075327625,TRUE,,,0,"OK","P14-C006",43,20,400,0.3,"balanced","medium","regular",20,20,0,0.00250000000000006,0,0.0679999999999978
"V4-PRI-TWO-STAGE-HBB-RESP-v1","V4-TARGET-RESPONDENT-WEIGHTED-v1",0.251062015497059,0.281082121695237,-0.0300201061981776,0.171362632821795,0.343875738717618,0.257619185769707,0.172513105895823,0.0435646370361439,TRUE,199,199,0,"OK","P14-C006",44,20,400,0.3,"balanced","medium","regular",20,20,0,0,1,0.0820000000000007
"V4-SENS-TWO-STAGE-HBB-CLUSTER-v1","V4-TARGET-EQUAL-CLUSTER-v1",0.251062015497059,0.281082121695237,-0.0300201061981776,0.165620538625855,0.332131972907314,0.248876255766584,0.166511434281459,0.0417743986695044,TRUE,199,199,0,"OK","P14-C006",44,20,400,0.3,"balanced","medium","regular",20,20,0,0,1,0.0820000000000007
"V4-CMP-ONE-STAGE-CLUSTER-BB-RESP-v1","V4-TARGET-RESPONDENT-WEIGHTED-v1",0.251062015497059,0.281082121695237,-0.0300201061981776,0.205084864573354,0.310522107487097,0.257803486030225,0.105437242913743,0.0255452816102634,TRUE,199,199,0,"OK","P14-C006",44,20,400,0.3,"balanced","medium","regular",20,20,0,0,1,0.0820000000000007
"V4-CMP-IID-RESP-BB-v1","WORKING-INDEPENDENCE-RESPONDENT",0.251062015497059,0.281082121695237,-0.0300201061981776,0.20654073902016,0.300237422255729,0.253389080637944,0.0936966832355686,0.0228856317434781,TRUE,199,199,0,"OK","P14-C006",44,20,400,0.3,"balanced","medium","regular",20,20,0,0,1,0.0820000000000007
"V4-CMP-TWO-STAGE-FREQ-BOOT-RESP-v1","V4-TARGET-RESPONDENT-WEIGHTED-v1",0.251062015497059,0.281082121695237,-0.0300201061981776,0.19631912205159,0.317187888224642,0.256753505138116,0.120868766173051,0.0316300165361531,TRUE,199,199,0,"OK","P14-C006",44,20,400,0.3,"balanced","medium","regular",20,20,0,0,1,0.0820000000000007
"V4-CMP-MOKKEN-TWOLEVEL-DELTA-v1","V4-TARGET-RESPONDENT-WEIGHTED-v1",0.251062015497066,0.281082121695237,-0.0300201061981707,0.180842240506411,0.321281790487721,0.251062015497066,0.14043954998131,0.0358270741424535,TRUE,,,0,"OK","P14-C006",44,20,400,0.3,"balanced","medium","regular",20,20,0,0,1,0.0820000000000007
"V4-PRI-TWO-STAGE-HBB-RESP-v1","V4-TARGET-RESPONDENT-WEIGHTED-v1",0.255403211230487,0.281082121695237,-0.02567891046475,0.173432109516797,0.321409870799715,0.247420990158256,0.147977761282918,0.0373316393484043,TRUE,199,199,0,"OK","P14-C006",45,20,400,0.3,"balanced","medium","regular",20,20,0,0,1,0.0680000000000014
"V4-SENS-TWO-STAGE-HBB-CLUSTER-v1","V4-TARGET-EQUAL-CLUSTER-v1",0.255403211230487,0.281082121695237,-0.02567891046475,0.177038724449524,0.334482442458527,0.255760583454025,0.157443718009003,0.0401001134730098,TRUE,199,199,0,"OK","P14-C006",45,20,400,0.3,"balanced","medium","regular",20,20,0,0,1,0.0680000000000014
"V4-CMP-ONE-STAGE-CLUSTER-BB-RESP-v1","V4-TARGET-RESPONDENT-WEIGHTED-v1",0.255403211230487,0.281082121695237,-0.02567891046475,0.213632315399515,0.305189965447231,0.259411140423373,0.0915576500477165,0.0231214884406794,TRUE,199,199,0,"OK","P14-C006",45,20,400,0.3,"balanced","medium","regular",20,20,0,0,1,0.0680000000000014
"V4-CMP-IID-RESP-BB-v1","WORKING-INDEPENDENCE-RESPONDENT",0.255403211230487,0.281082121695237,-0.02567891046475,0.20726375004048,0.306991633932774,0.257127691986627,0.0997278838922935,0.0256469486675761,TRUE,199,199,0,"OK","P14-C006",45,20,400,0.3,"balanced","medium","regular",20,20,0,0,1,0.0680000000000014
"V4-CMP-TWO-STAGE-FREQ-BOOT-RESP-v1","V4-TARGET-RESPONDENT-WEIGHTED-v1",0.255403211230487,0.281082121695237,-0.02567891046475,0.188077413951186,0.317409902588288,0.252743658269737,0.129332488637102,0.0330272669797037,TRUE,199,199,0,"OK","P14-C006",45,20,400,0.3,"balanced","medium","regular",20,20,0,0,1,0.0680000000000014
"V4-CMP-MOKKEN-TWOLEVEL-DELTA-v1","V4-TARGET-RESPONDENT-WEIGHTED-v1",0.255403211230494,0.281082121695237,-0.0256789104647424,0.187748441123176,0.323057981337813,0.255403211230494,0.135309540214637,0.0345183741338976,TRUE,,,0,"OK","P14-C006",45,20,400,0.3,"balanced","medium","regular",20,20,0,0,1,0.0680000000000014
"V4-PRI-TWO-STAGE-HBB-RESP-v1","V4-TARGET-RESPONDENT-WEIGHTED-v1",0.242720373152963,0.281082121695237,-0.0383617485422737,0.163700927554402,0.351005365995322,0.257353146774862,0.18730443844092,0.0458452037288895,TRUE,199,199,0,"OK","P14-C006",46,20,400,0.3,"balanced","medium","regular",20,20,0,0.0025,0,0.0689999999999991
"V4-SENS-TWO-STAGE-HBB-CLUSTER-v1","V4-TARGET-EQUAL-CLUSTER-v1",0.242720373152963,0.281082121695237,-0.0383617485422737,0.166198017693988,0.345826842240575,0.256012429967281,0.179628824546587,0.0461208595488885,TRUE,199,199,0,"OK","P14-C006",46,20,400,0.3,"balanced","medium","regular",20,20,0,0.0025,0,0.0689999999999991
"V4-CMP-ONE-STAGE-CLUSTER-BB-RESP-v1","V4-TARGET-RESPONDENT-WEIGHTED-v1",0.242720373152963,0.281082121695237,-0.0383617485422737,0.17495624248419,0.33072764449713,0.25284194349066,0.15577140201294,0.039657949262747,TRUE,199,199,0,"OK","P14-C006",46,20,400,0.3,"balanced","medium","regular",20,20,0,0.0025,0,0.0689999999999991
"V4-CMP-IID-RESP-BB-v1","WORKING-INDEPENDENCE-RESPONDENT",0.242720373152963,0.281082121695237,-0.0383617485422737,0.187887328321858,0.295958426732031,0.241922877526944,0.108071098410173,0.0266905110849992,TRUE,199,199,0,"OK","P14-C006",46,20,400,0.3,"balanced","medium","regular",20,20,0,0.0025,0,0.0689999999999991
"V4-CMP-TWO-STAGE-FREQ-BOOT-RESP-v1","V4-TARGET-RESPONDENT-WEIGHTED-v1",0.242720373152963,0.281082121695237,-0.0383617485422737,0.149809177295529,0.345599871720552,0.24770452450804,0.195790694425023,0.0484698745037247,TRUE,199,199,0,"OK","P14-C006",46,20,400,0.3,"balanced","medium","regular",20,20,0,0.0025,0,0.0689999999999991
"V4-CMP-MOKKEN-TWOLEVEL-DELTA-v1","V4-TARGET-RESPONDENT-WEIGHTED-v1",0.242720373152973,0.281082121695237,-0.0383617485422639,0.150582098726139,0.334858647579806,0.242720373152973,0.184276548853667,0.0470101875103873,TRUE,,,0,"OK","P14-C006",46,20,400,0.3,"balanced","medium","regular",20,20,0,0.0025,0,0.0689999999999991
"V4-PRI-TWO-STAGE-HBB-RESP-v1","V4-TARGET-RESPONDENT-WEIGHTED-v1",0.277586256507073,0.281082121695237,-0.00349586518816353,0.197885202043792,0.361473191762483,0.279679196903138,0.163587989718691,0.0411777609892958,TRUE,199,199,0,"OK","P14-C006",47,20,400,0.3,"balanced","medium","regular",20,20,0,0.0025,0,0.0689999999999991
"V4-SENS-TWO-STAGE-HBB-CLUSTER-v1","V4-TARGET-EQUAL-CLUSTER-v1",0.277586256507073,0.281082121695237,-0.00349586518816353,0.192835079503545,0.351106606954366,0.271970843228955,0.158271527450821,0.0421539328673499,TRUE,199,199,0,"OK","P14-C006",47,20,400,0.3,"balanced","medium","regular",20,20,0,0.0025,0,0.0689999999999991
"V4-CMP-ONE-STAGE-CLUSTER-BB-RESP-v1","V4-TARGET-RESPONDENT-WEIGHTED-v1",0.277586256507073,0.281082121695237,-0.00349586518816353,0.235459521051087,0.341605868761911,0.288532694906499,0.106146347710824,0.0260993662775421,TRUE,199,199,0,"OK","P14-C006",47,20,400,0.3,"balanced","medium","regular",20,20,0,0.0025,0,0.0689999999999991
"V4-CMP-IID-RESP-BB-v1","WORKING-INDEPENDENCE-RESPONDENT",0.277586256507073,0.281082121695237,-0.00349586518816353,0.22727657282589,0.330264279843442,0.278770426334666,0.102987707017551,0.024556960356505,TRUE,199,199,0,"OK","P14-C006",47,20,400,0.3,"balanced","medium","regular",20,20,0,0.0025,0,0.0689999999999991
"V4-CMP-TWO-STAGE-FREQ-BOOT-RESP-v1","V4-TARGET-RESPONDENT-WEIGHTED-v1",0.277586256507073,0.281082121695237,-0.00349586518816353,0.197821300195015,0.350070079248326,0.27394568972167,0.152248779053311,0.0395597195784145,TRUE,199,199,0,"OK","P14-C006",47,20,400,0.3,"balanced","medium","regular",20,20,0,0.0025,0,0.0689999999999991
"V4-CMP-MOKKEN-TWOLEVEL-DELTA-v1","V4-TARGET-RESPONDENT-WEIGHTED-v1",0.277586256507081,0.281082121695237,-0.0034958651881557,0.206061229673523,0.34911128334064,0.277586256507081,0.143050053667117,0.0364930311973785,TRUE,,,0,"OK","P14-C006",47,20,400,0.3,"balanced","medium","regular",20,20,0,0.0025,0,0.0689999999999991
"V4-PRI-TWO-STAGE-HBB-RESP-v1","V4-TARGET-RESPONDENT-WEIGHTED-v1",0.284779709089453,0.281082121695237,0.003697587394216,0.206622791890864,0.369780911228393,0.288201851559629,0.163158119337529,0.0417009299983625,TRUE,199,199,0,"OK","P14-C006",48,20,400,0.3,"balanced","medium","regular",20,20,0,0.0025,0,0.0700000000000003
"V4-SENS-TWO-STAGE-HBB-CLUSTER-v1","V4-TARGET-EQUAL-CLUSTER-v1",0.284779709089453,0.281082121695237,0.003697587394216,0.202869785225162,0.348416794842019,0.27564329003359,0.145547009616858,0.038227916259614,TRUE,199,199,0,"OK","P14-C006",48,20,400,0.3,"balanced","medium","regular",20,20,0,0.0025,0,0.0700000000000003
"V4-CMP-ONE-STAGE-CLUSTER-BB-RESP-v1","V4-TARGET-RESPONDENT-WEIGHTED-v1",0.284779709089453,0.281082121695237,0.003697587394216,0.230035902340073,0.335612966834321,0.282824434587197,0.105577064494248,0.0261547354065775,TRUE,199,199,0,"OK","P14-C006",48,20,400,0.3,"balanced","medium","regular",20,20,0,0.0025,0,0.0700000000000003
"V4-CMP-IID-RESP-BB-v1","WORKING-INDEPENDENCE-RESPONDENT",0.284779709089453,0.281082121695237,0.003697587394216,0.235552305949569,0.333618867895771,0.28458558692267,0.0980665619462021,0.0244784709842593,TRUE,199,199,0,"OK","P14-C006",48,20,400,0.3,"balanced","medium","regular",20,20,0,0.0025,0,0.0700000000000003
"V4-CMP-TWO-STAGE-FREQ-BOOT-RESP-v1","V4-TARGET-RESPONDENT-WEIGHTED-v1",0.284779709089453,0.281082121695237,0.003697587394216,0.218495876198614,0.358660051262713,0.288577963730663,0.140164175064099,0.0353537723364201,TRUE,199,199,0,"OK","P14-C006",48,20,400,0.3,"balanced","medium","regular",20,20,0,0.0025,0,0.0700000000000003
"V4-CMP-MOKKEN-TWOLEVEL-DELTA-v1","V4-TARGET-RESPONDENT-WEIGHTED-v1",0.284779709089459,0.281082121695237,0.00369758739422266,0.211859738112966,0.357699680065953,0.284779709089459,0.145839941952986,0.037204750470762,TRUE,,,0,"OK","P14-C006",48,20,400,0.3,"balanced","medium","regular",20,20,0,0.0025,0,0.0700000000000003
"V4-PRI-TWO-STAGE-HBB-RESP-v1","V4-TARGET-RESPONDENT-WEIGHTED-v1",0.268968237759536,0.281082121695237,-0.0121138839357004,0.193902776091742,0.361976455044459,0.277939615568101,0.168073678952716,0.0441599082244202,TRUE,199,199,0,"OK","P14-C006",49,20,400,0.3,"balanced","medium","regular",20,20,0,0,1,0.0700000000000003
"V4-SENS-TWO-STAGE-HBB-CLUSTER-v1","V4-TARGET-EQUAL-CLUSTER-v1",0.268968237759536,0.281082121695237,-0.0121138839357004,0.188362607956999,0.343970791657291,0.266166699807145,0.155608183700292,0.0387813900663584,TRUE,199,199,0,"OK","P14-C006",49,20,400,0.3,"balanced","medium","regular",20,20,0,0,1,0.0700000000000003
"V4-CMP-ONE-STAGE-CLUSTER-BB-RESP-v1","V4-TARGET-RESPONDENT-WEIGHTED-v1",0.268968237759536,0.281082121695237,-0.0121138839357004,0.219578314704279,0.319160768721666,0.269369541712972,0.0995824540173872,0.0260363748052114,TRUE,199,199,0,"OK","P14-C006",49,20,400,0.3,"balanced","medium","regular",20,20,0,0,1,0.0700000000000003
"V4-CMP-IID-RESP-BB-v1","WORKING-INDEPENDENCE-RESPONDENT",0.268968237759536,0.281082121695237,-0.0121138839357004,0.214503508572874,0.327303326909441,0.270903417741158,0.112799818336567,0.0269998144966062,TRUE,199,199,0,"OK","P14-C006",49,20,400,0.3,"balanced","medium","regular",20,20,0,0,1,0.0700000000000003
"V4-CMP-TWO-STAGE-FREQ-BOOT-RESP-v1","V4-TARGET-RESPONDENT-WEIGHTED-v1",0.268968237759536,0.281082121695237,-0.0121138839357004,0.192622193092361,0.344348557262047,0.268485375177204,0.151726364169685,0.0381966610393463,TRUE,199,199,0,"OK","P14-C006",49,20,400,0.3,"balanced","medium","regular",20,20,0,0,1,0.0700000000000003
"V4-CMP-MOKKEN-TWOLEVEL-DELTA-v1","V4-TARGET-RESPONDENT-WEIGHTED-v1",0.268968237759544,0.281082121695237,-0.0121138839356927,0.195409622885275,0.342526852633814,0.268968237759544,0.147117229748539,0.0375305951815903,TRUE,,,0,"OK","P14-C006",49,20,400,0.3,"balanced","medium","regular",20,20,0,0,1,0.0700000000000003
"V4-PRI-TWO-STAGE-HBB-RESP-v1","V4-TARGET-RESPONDENT-WEIGHTED-v1",0.27496218060916,0.281082121695237,-0.00611994108607677,0.199580693027381,0.352623812393306,0.276102252710344,0.153043119365925,0.0388996976223829,TRUE,199,199,0,"OK","P14-C006",50,20,400,0.3,"balanced","medium","regular",20,20,0,0.005,0,0.0689999999999991
"V4-SENS-TWO-STAGE-HBB-CLUSTER-v1","V4-TARGET-EQUAL-CLUSTER-v1",0.27496218060916,0.281082121695237,-0.00611994108607677,0.214342003594806,0.357416992661719,0.285879498128262,0.143074989066912,0.0385719534759158,TRUE,199,199,0,"OK","P14-C006",50,20,400,0.3,"balanced","medium","regular",20,20,0,0.005,0,0.0689999999999991
"V4-CMP-ONE-STAGE-CLUSTER-BB-RESP-v1","V4-TARGET-RESPONDENT-WEIGHTED-v1",0.27496218060916,0.281082121695237,-0.00611994108607677,0.232359943081911,0.315452076504081,0.273906009792996,0.0830921334221698,0.0209311642536874,TRUE,199,199,0,"OK","P14-C006",50,20,400,0.3,"balanced","medium","regular",20,20,0,0.005,0,0.0689999999999991
"V4-CMP-IID-RESP-BB-v1","WORKING-INDEPENDENCE-RESPONDENT",0.27496218060916,0.281082121695237,-0.00611994108607677,0.227245795376422,0.322510882178119,0.274878338777271,0.0952650868016972,0.0233582188149116,TRUE,199,199,0,"OK","P14-C006",50,20,400,0.3,"balanced","medium","regular",20,20,0,0.005,0,0.0689999999999991
"V4-CMP-TWO-STAGE-FREQ-BOOT-RESP-v1","V4-TARGET-RESPONDENT-WEIGHTED-v1",0.27496218060916,0.281082121695237,-0.00611994108607677,0.211340209981831,0.34813123973194,0.279735724856886,0.136791029750109,0.0328629581778184,TRUE,199,199,0,"OK","P14-C006",50,20,400,0.3,"balanced","medium","regular",20,20,0,0.005,0,0.0689999999999991
"V4-CMP-MOKKEN-TWOLEVEL-DELTA-v1","V4-TARGET-RESPONDENT-WEIGHTED-v1",0.274962180609168,0.281082121695237,-0.00611994108606839,0.21229747711113,0.337626884107206,0.274962180609168,0.125329406996076,0.0319723749988923,TRUE,,,0,"OK","P14-C006",50,20,400,0.3,"balanced","medium","regular",20,20,0,0.005,0,0.0689999999999991
"V4-PRI-TWO-STAGE-HBB-RESP-v1","V4-TARGET-RESPONDENT-WEIGHTED-v1",0.282004830559427,0.281082121695237,0.000922708864189881,0.206084836047993,0.366687155778676,0.286385995913334,0.160602319730682,0.040585068931337,TRUE,199,199,0,"OK","P14-C006",51,20,400,0.3,"balanced","medium","regular",20,20,0,0.00750000000000017,0,0.0700000000000003
"V4-SENS-TWO-STAGE-HBB-CLUSTER-v1","V4-TARGET-EQUAL-CLUSTER-v1",0.282004830559427,0.281082121695237,0.000922708864189881,0.211336037971165,0.384274618929291,0.297805328450228,0.172938580958125,0.043459271565181,TRUE,199,199,0,"OK","P14-C006",51,20,400,0.3,"balanced","medium","regular",20,20,0,0.00750000000000017,0,0.0700000000000003
"V4-CMP-ONE-STAGE-CLUSTER-BB-RESP-v1","V4-TARGET-RESPONDENT-WEIGHTED-v1",0.282004830559427,0.281082121695237,0.000922708864189881,0.233359550462069,0.334835890394801,0.284097720428435,0.101476339932733,0.0258381587277152,TRUE,199,199,0,"OK","P14-C006",51,20,400,0.3,"balanced","medium","regular",20,20,0,0.00750000000000017,0,0.0700000000000003
"V4-CMP-IID-RESP-BB-v1","WORKING-INDEPENDENCE-RESPONDENT",0.282004830559427,0.281082121695237,0.000922708864189881,0.240609056137598,0.331370660167673,0.285989858152635,0.0907616040300746,0.0224971786150338,TRUE,199,199,0,"OK","P14-C006",51,20,400,0.3,"balanced","medium","regular",20,20,0,0.00750000000000017,0,0.0700000000000003
"V4-CMP-TWO-STAGE-FREQ-BOOT-RESP-v1","V4-TARGET-RESPONDENT-WEIGHTED-v1",0.282004830559427,0.281082121695237,0.000922708864189881,0.19919144709153,0.352711747231282,0.275951597161406,0.153520300139752,0.0369508498750962,TRUE,199,199,0,"OK","P14-C006",51,20,400,0.3,"balanced","medium","regular",20,20,0,0.00750000000000017,0,0.0700000000000003
"V4-CMP-MOKKEN-TWOLEVEL-DELTA-v1","V4-TARGET-RESPONDENT-WEIGHTED-v1",0.282004830559431,0.281082121695237,0.000922708864194322,0.212809611930778,0.351200049188085,0.282004830559431,0.138390437257307,0.0353043316991825,TRUE,,,0,"OK","P14-C006",51,20,400,0.3,"balanced","medium","regular",20,20,0,0.00750000000000017,0,0.0700000000000003
"V4-PRI-TWO-STAGE-HBB-RESP-v1","V4-TARGET-RESPONDENT-WEIGHTED-v1",0.245268871500041,0.281082121695237,-0.0358132501951953,0.176771832711029,0.332452177361678,0.254612005036353,0.155680344650649,0.0389639095656438,TRUE,199,199,0,"OK","P14-C006",52,20,400,0.3,"balanced","medium","regular",20,20,0,0.00250000000000003,0,0.0710000000000015
"V4-SENS-TWO-STAGE-HBB-CLUSTER-v1","V4-TARGET-EQUAL-CLUSTER-v1",0.245268871500041,0.281082121695237,-0.0358132501951953,0.168886868124183,0.33047111990731,0.249678994015747,0.161584251783126,0.0391340725317539,TRUE,199,199,0,"OK","P14-C006",52,20,400,0.3,"balanced","medium","regular",20,20,0,0.00250000000000003,0,0.0710000000000015
"V4-CMP-ONE-STAGE-CLUSTER-BB-RESP-v1","V4-TARGET-RESPONDENT-WEIGHTED-v1",0.245268871500041,0.281082121695237,-0.0358132501951953,0.192304939799947,0.29585325259768,0.244079096198814,0.103548312797733,0.0266728420517945,TRUE,199,199,0,"OK","P14-C006",52,20,400,0.3,"balanced","medium","regular",20,20,0,0.00250000000000003,0,0.0710000000000015
"V4-CMP-IID-RESP-BB-v1","WORKING-INDEPENDENCE-RESPONDENT",0.245268871500041,0.281082121695237,-0.0358132501951953,0.201699432396342,0.28395658666506,0.242828009530701,0.082257154268718,0.0219714237763287,TRUE,199,199,0,"OK","P14-C006",52,20,400,0.3,"balanced","medium","regular",20,20,0,0.00250000000000003,0,0.0710000000000015
"V4-CMP-TWO-STAGE-FREQ-BOOT-RESP-v1","V4-TARGET-RESPONDENT-WEIGHTED-v1",0.245268871500041,0.281082121695237,-0.0358132501951953,0.177860948198314,0.308728143307168,0.243294545752741,0.130867195108855,0.0356025690996766,TRUE,199,199,0,"OK","P14-C006",52,20,400,0.3,"balanced","medium","regular",20,20,0,0.00250000000000003,0,0.0710000000000015
"V4-CMP-MOKKEN-TWOLEVEL-DELTA-v1","V4-TARGET-RESPONDENT-WEIGHTED-v1",0.245268871500054,0.281082121695237,-0.035813250195183,0.17401061609569,0.316527126904417,0.245268871500054,0.142516510808727,0.0363569208242803,TRUE,,,0,"OK","P14-C006",52,20,400,0.3,"balanced","medium","regular",20,20,0,0.00250000000000003,0,0.0710000000000015
"V4-PRI-TWO-STAGE-HBB-RESP-v1","V4-TARGET-RESPONDENT-WEIGHTED-v1",0.247297835228804,0.281082121695237,-0.0337842864664329,0.179602712858654,0.32555607521327,0.252579394035962,0.145953362354616,0.036066363036857,TRUE,199,199,0,"OK","P14-C006",53,20,400,0.3,"balanced","medium","regular",20,20,0,0,1,0.0739999999999981
"V4-SENS-TWO-STAGE-HBB-CLUSTER-v1","V4-TARGET-EQUAL-CLUSTER-v1",0.247297835228804,0.281082121695237,-0.0337842864664329,0.182685578367324,0.321414579736858,0.252050079052091,0.138729001369533,0.0373093042503442,TRUE,199,199,0,"OK","P14-C006",53,20,400,0.3,"balanced","medium","regular",20,20,0,0,1,0.0739999999999981
"V4-CMP-ONE-STAGE-CLUSTER-BB-RESP-v1","V4-TARGET-RESPONDENT-WEIGHTED-v1",0.247297835228804,0.281082121695237,-0.0337842864664329,0.194467860463282,0.292449460912201,0.243458660687741,0.0979816004489197,0.0235112034085292,TRUE,199,199,0,"OK","P14-C006",53,20,400,0.3,"balanced","medium","regular",20,20,0,0,1,0.0739999999999981
"V4-CMP-IID-RESP-BB-v1","WORKING-INDEPENDENCE-RESPONDENT",0.247297835228804,0.281082121695237,-0.0337842864664329,0.201913213410507,0.303981149180088,0.252947181295298,0.102067935769581,0.0261849019167915,TRUE,199,199,0,"OK","P14-C006",53,20,400,0.3,"balanced","medium","regular",20,20,0,0,1,0.0739999999999981
"V4-CMP-TWO-STAGE-FREQ-BOOT-RESP-v1","V4-TARGET-RESPONDENT-WEIGHTED-v1",0.247297835228804,0.281082121695237,-0.0337842864664329,0.168568621921144,0.319417131783081,0.243992876852112,0.150848509861938,0.035902060255284,TRUE,199,199,0,"OK","P14-C006",53,20,400,0.3,"balanced","medium","regular",20,20,0,0,1,0.0739999999999981
"V4-CMP-MOKKEN-TWOLEVEL-DELTA-v1","V4-TARGET-RESPONDENT-WEIGHTED-v1",0.24729783522881,0.281082121695237,-0.033784286466427,0.181594033551993,0.313001636905626,0.24729783522881,0.131407603353633,0.0335229637866204,TRUE,,,0,"OK","P14-C006",53,20,400,0.3,"balanced","medium","regular",20,20,0,0,1,0.0739999999999981
"V4-PRI-TWO-STAGE-HBB-RESP-v1","V4-TARGET-RESPONDENT-WEIGHTED-v1",0.307058832035509,0.281082121695237,0.0259767103402725,0.233882681189323,0.38541713449724,0.309649907843281,0.151534453307917,0.0389665056365101,TRUE,199,199,0,"OK","P14-C006",54,20,400,0.3,"balanced","medium","regular",20,20,0,0,1,0.0670000000000002
"V4-SENS-TWO-STAGE-HBB-CLUSTER-v1","V4-TARGET-EQUAL-CLUSTER-v1",0.307058832035509,0.281082121695237,0.0259767103402725,0.225997744371319,0.370471622954537,0.298234683662928,0.144473878583218,0.0369675572978239,TRUE,199,199,0,"OK","P14-C006",54,20,400,0.3,"balanced","medium","regular",20,20,0,0,1,0.0670000000000002
"V4-CMP-ONE-STAGE-CLUSTER-BB-RESP-v1","V4-TARGET-RESPONDENT-WEIGHTED-v1",0.307058832035509,0.281082121695237,0.0259767103402725,0.250961934896953,0.345658611359679,0.298310273128316,0.0946966764627266,0.0243271908694647,TRUE,199,199,0,"OK","P14-C006",54,20,400,0.3,"balanced","medium","regular",20,20,0,0,1,0.0670000000000002
"V4-CMP-IID-RESP-BB-v1","WORKING-INDEPENDENCE-RESPONDENT",0.307058832035509,0.281082121695237,0.0259767103402725,0.26245515650579,0.352409498037007,0.307432327271398,0.0899543415312173,0.0244290894480138,TRUE,199,199,0,"OK","P14-C006",54,20,400,0.3,"balanced","medium","regular",20,20,0,0,1,0.0670000000000002
"V4-CMP-TWO-STAGE-FREQ-BOOT-RESP-v1","V4-TARGET-RESPONDENT-WEIGHTED-v1",0.307058832035509,0.281082121695237,0.0259767103402725,0.234085088629372,0.369862958840173,0.301974023734773,0.135777870210802,0.0367993568946107,TRUE,199,199,0,"OK","P14-C006",54,20,400,0.3,"balanced","medium","regular",20,20,0,0,1,0.0670000000000002
"V4-CMP-MOKKEN-TWOLEVEL-DELTA-v1","V4-TARGET-RESPONDENT-WEIGHTED-v1",0.307058832035514,0.281082121695237,0.0259767103402774,0.239579377035668,0.37453828703536,0.307058832035514,0.134958909999692,0.034428926006863,TRUE,,,0,"OK","P14-C006",54,20,400,0.3,"balanced","medium","regular",20,20,0,0,1,0.0670000000000002
"V4-PRI-TWO-STAGE-HBB-RESP-v1","V4-TARGET-RESPONDENT-WEIGHTED-v1",0.220724051050542,0.281082121695237,-0.060358070644695,0.12613721432088,0.304202547001094,0.215169880660987,0.178065332680214,0.0423074731926123,TRUE,199,199,0,"OK","P14-C006",55,20,400,0.3,"balanced","medium","regular",20,20,0,0.005,0,0.0680000000000014
"V4-SENS-TWO-STAGE-HBB-CLUSTER-v1","V4-TARGET-EQUAL-CLUSTER-v1",0.220724051050542,0.281082121695237,-0.060358070644695,0.153872870672511,0.315613662795814,0.234743266734163,0.161740792123302,0.042421279318296,TRUE,199,199,0,"OK","P14-C006",55,20,400,0.3,"balanced","medium","regular",20,20,0,0.005,0,0.0680000000000014
"V4-CMP-ONE-STAGE-CLUSTER-BB-RESP-v1","V4-TARGET-RESPONDENT-WEIGHTED-v1",0.220724051050542,0.281082121695237,-0.060358070644695,0.178749149763781,0.263803675553935,0.221276412658858,0.085054525790154,0.0227238744086001,FALSE,199,199,0,"OK","P14-C006",55,20,400,0.3,"balanced","medium","regular",20,20,0,0.005,0,0.0680000000000014
"V4-CMP-IID-RESP-BB-v1","WORKING-INDEPENDENCE-RESPONDENT",0.220724051050542,0.281082121695237,-0.060358070644695,0.176638702111412,0.263007738177018,0.219823220144215,0.0863690360656065,0.0235222841268227,FALSE,199,199,0,"OK","P14-C006",55,20,400,0.3,"balanced","medium","regular",20,20,0,0.005,0,0.0680000000000014
"V4-CMP-TWO-STAGE-FREQ-BOOT-RESP-v1","V4-TARGET-RESPONDENT-WEIGHTED-v1",0.220724051050542,0.281082121695237,-0.060358070644695,0.150726586633045,0.283665434854672,0.217196010743859,0.132938848221626,0.0340144597701144,TRUE,199,199,0,"OK","P14-C006",55,20,400,0.3,"balanced","medium","regular",20,20,0,0.005,0,0.0680000000000014
"V4-CMP-MOKKEN-TWOLEVEL-DELTA-v1","V4-TARGET-RESPONDENT-WEIGHTED-v1",0.220724051050551,0.281082121695237,-0.0603580706446861,0.151677678195435,0.289770423905667,0.220724051050551,0.138092745710232,0.0352283885825173,TRUE,,,0,"OK","P14-C006",55,20,400,0.3,"balanced","medium","regular",20,20,0,0.005,0,0.0680000000000014
"V4-PRI-TWO-STAGE-HBB-RESP-v1","V4-TARGET-RESPONDENT-WEIGHTED-v1",0.244059664003142,0.281082121695237,-0.0370224576920943,0.158407233608486,0.316866242908559,0.237636738258522,0.158459009300073,0.0400725531162377,TRUE,199,199,0,"OK","P14-C006",56,20,400,0.3,"balanced","medium","regular",20,20,0,0.00250000000000006,0,0.0689999999999991
"V4-SENS-TWO-STAGE-HBB-CLUSTER-v1","V4-TARGET-EQUAL-CLUSTER-v1",0.244059664003142,0.281082121695237,-0.0370224576920943,0.177586997904815,0.328551875074663,0.253069436489739,0.150964877169848,0.0376393762901296,TRUE,199,199,0,"OK","P14-C006",56,20,400,0.3,"balanced","medium","regular",20,20,0,0.00250000000000006,0,0.0689999999999991
"V4-CMP-ONE-STAGE-CLUSTER-BB-RESP-v1","V4-TARGET-RESPONDENT-WEIGHTED-v1",0.244059664003142,0.281082121695237,-0.0370224576920943,0.195823444199817,0.298674708240386,0.247249076220102,0.102851264040569,0.0232158140459096,TRUE,199,199,0,"OK","P14-C006",56,20,400,0.3,"balanced","medium","regular",20,20,0,0.00250000000000006,0,0.0689999999999991
"V4-CMP-IID-RESP-BB-v1","WORKING-INDEPENDENCE-RESPONDENT",0.244059664003142,0.281082121695237,-0.0370224576920943,0.19250947194292,0.297648466945596,0.245078969444258,0.105138995002676,0.0255230954848082,TRUE,199,199,0,"OK","P14-C006",56,20,400,0.3,"balanced","medium","regular",20,20,0,0.00250000000000006,0,0.0689999999999991
"V4-CMP-TWO-STAGE-FREQ-BOOT-RESP-v1","V4-TARGET-RESPONDENT-WEIGHTED-v1",0.244059664003142,0.281082121695237,-0.0370224576920943,0.172510171081239,0.314872534094715,0.243691352587977,0.142362363013476,0.0368450029701711,TRUE,199,199,0,"OK","P14-C006",56,20,400,0.3,"balanced","medium","regular",20,20,0,0.00250000000000006,0,0.0689999999999991
"V4-CMP-MOKKEN-TWOLEVEL-DELTA-v1","V4-TARGET-RESPONDENT-WEIGHTED-v1",0.244059664003149,0.281082121695237,-0.0370224576920873,0.177007493918259,0.31111183408804,0.244059664003149,0.134104340169782,0.034210919493312,TRUE,,,0,"OK","P14-C006",56,20,400,0.3,"balanced","medium","regular",20,20,0,0.00250000000000006,0,0.0689999999999991
"V4-PRI-TWO-STAGE-HBB-RESP-v1","V4-TARGET-RESPONDENT-WEIGHTED-v1",0.295213029649955,0.281082121695237,0.0141309079547178,0.210625387460921,0.37202430373304,0.29132484559698,0.161398916272119,0.041287120080514,TRUE,199,199,0,"OK","P14-C006",57,20,400,0.3,"balanced","medium","regular",20,20,0,0.00250000000000003,0,0.093
"V4-SENS-TWO-STAGE-HBB-CLUSTER-v1","V4-TARGET-EQUAL-CLUSTER-v1",0.295213029649955,0.281082121695237,0.0141309079547178,0.227835468650488,0.382174924743086,0.305005196696787,0.154339456092598,0.0408643957206372,TRUE,199,199,0,"OK","P14-C006",57,20,400,0.3,"balanced","medium","regular",20,20,0,0.00250000000000003,0,0.093
"V4-CMP-ONE-STAGE-CLUSTER-BB-RESP-v1","V4-TARGET-RESPONDENT-WEIGHTED-v1",0.295213029649955,0.281082121695237,0.0141309079547178,0.240608612726751,0.336552401294935,0.288580507010843,0.0959437885681841,0.0251053979548799,TRUE,199,199,0,"OK","P14-C006",57,20,400,0.3,"balanced","medium","regular",20,20,0,0.00250000000000003,0,0.093
"V4-CMP-IID-RESP-BB-v1","WORKING-INDEPENDENCE-RESPONDENT",0.295213029649955,0.281082121695237,0.0141309079547178,0.245381637315163,0.349433354579857,0.29740749594751,0.104051717264694,0.0243800809525182,TRUE,199,199,0,"OK","P14-C006",57,20,400,0.3,"balanced","medium","regular",20,20,0,0.00250000000000003,0,0.093
"V4-CMP-TWO-STAGE-FREQ-BOOT-RESP-v1","V4-TARGET-RESPONDENT-WEIGHTED-v1",0.295213029649955,0.281082121695237,0.0141309079547178,0.222951117539757,0.353772301956039,0.288361709747898,0.130821184416282,0.0345271776731151,TRUE,199,199,0,"OK","P14-C006",57,20,400,0.3,"balanced","medium","regular",20,20,0,0.00250000000000003,0,0.093
"V4-CMP-MOKKEN-TWOLEVEL-DELTA-v1","V4-TARGET-RESPONDENT-WEIGHTED-v1",0.295213029649966,0.281082121695237,0.0141309079547295,0.225056333206562,0.36536972609337,0.295213029649966,0.140313392886808,0.0357948906188028,TRUE,,,0,"OK","P14-C006",57,20,400,0.3,"balanced","medium","regular",20,20,0,0.00250000000000003,0,0.093
"V4-PRI-TWO-STAGE-HBB-RESP-v1","V4-TARGET-RESPONDENT-WEIGHTED-v1",0.266513985943015,0.281082121695237,-0.0145681357522221,0.192598668827385,0.359276468261738,0.275937568544562,0.166677799434354,0.0402373762656549,TRUE,199,199,0,"OK","P14-C006",58,20,400,0.3,"balanced","medium","regular",20,20,0,0,1,0.0700000000000003
"V4-SENS-TWO-STAGE-HBB-CLUSTER-v1","V4-TARGET-EQUAL-CLUSTER-v1",0.266513985943015,0.281082121695237,-0.0145681357522221,0.190451135493415,0.359329289603336,0.274890212548375,0.168878154109921,0.0423428183518807,TRUE,199,199,0,"OK","P14-C006",58,20,400,0.3,"balanced","medium","regular",20,20,0,0,1,0.0700000000000003
"V4-CMP-ONE-STAGE-CLUSTER-BB-RESP-v1","V4-TARGET-RESPONDENT-WEIGHTED-v1",0.266513985943015,0.281082121695237,-0.0145681357522221,0.217415243133106,0.311612994197402,0.264514118665254,0.0941977510642962,0.0232767848337334,TRUE,199,199,0,"OK","P14-C006",58,20,400,0.3,"balanced","medium","regular",20,20,0,0,1,0.0700000000000003
"V4-CMP-IID-RESP-BB-v1","WORKING-INDEPENDENCE-RESPONDENT",0.266513985943015,0.281082121695237,-0.0145681357522221,0.217899238806588,0.317991677685841,0.267945458246215,0.100092438879253,0.025370284909442,TRUE,199,199,0,"OK","P14-C006",58,20,400,0.3,"balanced","medium","regular",20,20,0,0,1,0.0700000000000003
"V4-CMP-TWO-STAGE-FREQ-BOOT-RESP-v1","V4-TARGET-RESPONDENT-WEIGHTED-v1",0.266513985943015,0.281082121695237,-0.0145681357522221,0.205602849106007,0.331208778059038,0.268405813582523,0.125605928953031,0.0313641648322093,TRUE,199,199,0,"OK","P14-C006",58,20,400,0.3,"balanced","medium","regular",20,20,0,0,1,0.0700000000000003
"V4-CMP-MOKKEN-TWOLEVEL-DELTA-v1","V4-TARGET-RESPONDENT-WEIGHTED-v1",0.266513985943022,0.281082121695237,-0.0145681357522146,0.199398220969335,0.333629750916709,0.266513985943022,0.134231529947374,0.0342433664613675,TRUE,,,0,"OK","P14-C006",58,20,400,0.3,"balanced","medium","regular",20,20,0,0,1,0.0700000000000003
"V4-PRI-TWO-STAGE-HBB-RESP-v1","V4-TARGET-RESPONDENT-WEIGHTED-v1",0.320116505238268,0.281082121695237,0.039034383543031,0.226593502589126,0.405696359041657,0.316144930815392,0.179102856452531,0.0444518958203838,TRUE,199,199,0,"OK","P14-C006",59,20,400,0.3,"balanced","medium","regular",20,20,0,0,1,0.0680000000000014
"V4-SENS-TWO-STAGE-HBB-CLUSTER-v1","V4-TARGET-EQUAL-CLUSTER-v1",0.320116505238268,0.281082121695237,0.039034383543031,0.230002813842878,0.420070822887007,0.325036818364943,0.190068009044128,0.0449163899305998,TRUE,199,199,0,"OK","P14-C006",59,20,400,0.3,"balanced","medium","regular",20,20,0,0,1,0.0680000000000014
"V4-CMP-ONE-STAGE-CLUSTER-BB-RESP-v1","V4-TARGET-RESPONDENT-WEIGHTED-v1",0.320116505238268,0.281082121695237,0.039034383543031,0.266028642665002,0.375339243384859,0.32068394302493,0.109310600719857,0.0268329579794962,TRUE,199,199,0,"OK","P14-C006",59,20,400,0.3,"balanced","medium","regular",20,20,0,0,1,0.0680000000000014
"V4-CMP-IID-RESP-BB-v1","WORKING-INDEPENDENCE-RESPONDENT",0.320116505238268,0.281082121695237,0.039034383543031,0.268107151427036,0.375215030448338,0.321661090937687,0.107107879021302,0.0261714268581804,TRUE,199,199,0,"OK","P14-C006",59,20,400,0.3,"balanced","medium","regular",20,20,0,0,1,0.0680000000000014
"V4-CMP-TWO-STAGE-FREQ-BOOT-RESP-v1","V4-TARGET-RESPONDENT-WEIGHTED-v1",0.320116505238268,0.281082121695237,0.039034383543031,0.244806577312629,0.389890656728222,0.317348617020426,0.145084079415593,0.036392841793827,TRUE,199,199,0,"OK","P14-C006",59,20,400,0.3,"balanced","medium","regular",20,20,0,0,1,0.0680000000000014
"V4-CMP-MOKKEN-TWOLEVEL-DELTA-v1","V4-TARGET-RESPONDENT-WEIGHTED-v1",0.320116505238272,0.281082121695237,0.0390343835430356,0.245442481343704,0.39479052913284,0.320116505238272,0.149348047789136,0.0380996918737219,TRUE,,,0,"OK","P14-C006",59,20,400,0.3,"balanced","medium","regular",20,20,0,0,1,0.0680000000000014
"V4-PRI-TWO-STAGE-HBB-RESP-v1","V4-TARGET-RESPONDENT-WEIGHTED-v1",0.25474899126786,0.281082121695237,-0.0263331304273766,0.177051092802779,0.354481498160538,0.265766295481658,0.177430405357758,0.0442164825924346,TRUE,199,199,0,"OK","P14-C006",60,20,400,0.3,"balanced","medium","regular",20,20,0,0,1,0.0679999999999978
"V4-SENS-TWO-STAGE-HBB-CLUSTER-v1","V4-TARGET-EQUAL-CLUSTER-v1",0.25474899126786,0.281082121695237,-0.0263331304273766,0.177165273996268,0.346815270674555,0.261990272335412,0.169649996678286,0.0416604810093828,TRUE,199,199,0,"OK","P14-C006",60,20,400,0.3,"balanced","medium","regular",20,20,0,0,1,0.0679999999999978
"V4-CMP-ONE-STAGE-CLUSTER-BB-RESP-v1","V4-TARGET-RESPONDENT-WEIGHTED-v1",0.25474899126786,0.281082121695237,-0.0263331304273766,0.205677471834828,0.313321512762963,0.259499492298896,0.107644040928135,0.0279036784375123,TRUE,199,199,0,"OK","P14-C006",60,20,400,0.3,"balanced","medium","regular",20,20,0,0,1,0.0679999999999978
"V4-CMP-IID-RESP-BB-v1","WORKING-INDEPENDENCE-RESPONDENT",0.25474899126786,0.281082121695237,-0.0263331304273766,0.204958677459132,0.300488270159062,0.252723473809097,0.0955295926999299,0.0246169097673404,TRUE,199,199,0,"OK","P14-C006",60,20,400,0.3,"balanced","medium","regular",20,20,0,0,1,0.0679999999999978
"V4-CMP-TWO-STAGE-FREQ-BOOT-RESP-v1","V4-TARGET-RESPONDENT-WEIGHTED-v1",0.25474899126786,0.281082121695237,-0.0263331304273766,0.161895401501702,0.324530719082285,0.243213060291994,0.162635317580583,0.0399342313976228,TRUE,199,199,0,"OK","P14-C006",60,20,400,0.3,"balanced","medium","regular",20,20,0,0,1,0.0679999999999978
"V4-CMP-MOKKEN-TWOLEVEL-DELTA-v1","V4-TARGET-RESPONDENT-WEIGHTED-v1",0.254748991267867,0.281082121695237,-0.02633313042737,0.181897669413596,0.327600313122138,0.254748991267867,0.145702643708542,0.0371697247647982,TRUE,,,0,"OK","P14-C006",60,20,400,0.3,"balanced","medium","regular",20,20,0,0,1,0.0679999999999978
