"method_id","target_id","point_estimate","truth","bias","lower","upper","center","interval_length","se_equivalent","cover","defined_draws","total_draws","invalid_fraction","status","cell_id","replication","G","N","latent_icc","size_mechanism","strength","regularity","minimum_cluster_size","maximum_cluster_size","size_effect_correlation","sample_minimum_internal_cdf_gap","sample_exact_knot_count","replication_elapsed_seconds"
"V4-PRI-TWO-STAGE-HBB-RESP-v1","V4-TARGET-RESPONDENT-WEIGHTED-v1",0.498932029783487,0.470076221909826,0.0288558078736617,0.421584392485637,0.57944938060708,0.500516886546359,0.157864988121443,0.0384171598597685,TRUE,199,199,0,"OK","P14-C004",1,20,445,0.05,"swmdk_like","strong","near_knot",8,29,-0.285780309501695,0,1,0.0739999999999998
"V4-SENS-TWO-STAGE-HBB-CLUSTER-v1","V4-TARGET-EQUAL-CLUSTER-v1",0.511321944399022,0.470076221909826,0.0412457224891967,0.43750964553949,0.58704442367864,0.512277034609065,0.14953477813915,0.0408495559744134,TRUE,199,199,0,"OK","P14-C004",1,20,445,0.05,"swmdk_like","strong","near_knot",8,29,-0.285780309501695,0,1,0.0739999999999998
"V4-CMP-ONE-STAGE-CLUSTER-BB-RESP-v1","V4-TARGET-RESPONDENT-WEIGHTED-v1",0.498932029783487,0.470076221909826,0.0288558078736617,0.442281470860525,0.54406999937641,0.493175735118468,0.101788528515885,0.0256183867499194,TRUE,199,199,0,"OK","P14-C004",1,20,445,0.05,"swmdk_like","strong","near_knot",8,29,-0.285780309501695,0,1,0.0739999999999998
"V4-CMP-IID-RESP-BB-v1","WORKING-INDEPENDENCE-RESPONDENT",0.498932029783487,0.470076221909826,0.0288558078736617,0.449498918882585,0.542701785582241,0.496100352232413,0.0932028666996554,0.0240084689655345,TRUE,199,199,0,"OK","P14-C004",1,20,445,0.05,"swmdk_like","strong","near_knot",8,29,-0.285780309501695,0,1,0.0739999999999998
"V4-CMP-TWO-STAGE-FREQ-BOOT-RESP-v1","V4-TARGET-RESPONDENT-WEIGHTED-v1",0.498932029783487,0.470076221909826,0.0288558078736617,0.422648531240056,0.56845356072977,0.495551045984913,0.145805029489713,0.0332772664203784,TRUE,199,199,0,"OK","P14-C004",1,20,445,0.05,"swmdk_like","strong","near_knot",8,29,-0.285780309501695,0,1,0.0739999999999998
"V4-CMP-MOKKEN-TWOLEVEL-DELTA-v1","V4-TARGET-RESPONDENT-WEIGHTED-v1",0.498932029783498,0.470076221909826,0.0288558078736723,0.438201798692535,0.559662260874461,0.498932029783498,0.121460462181926,0.0309853811447534,TRUE,,,0,"OK","P14-C004",1,20,445,0.05,"swmdk_like","strong","near_knot",8,29,-0.285780309501695,0,1,0.0739999999999998
"V4-PRI-TWO-STAGE-HBB-RESP-v1","V4-TARGET-RESPONDENT-WEIGHTED-v1",0.489503406363164,0.470076221909826,0.0194271844533378,0.405901940045973,0.571477376712415,0.488689658379194,0.165575436666442,0.0416813947032256,TRUE,199,199,0,"OK","P14-C004",2,20,438,0.05,"swmdk_like","strong","near_knot",10,27,-0.496468947243271,0.00456621004566204,0,0.0709999999999997
"V4-SENS-TWO-STAGE-HBB-CLUSTER-v1","V4-TARGET-EQUAL-CLUSTER-v1",0.493179576158415,0.470076221909826,0.0231033542485894,0.386320852292427,0.570083531766287,0.478202192029357,0.18376267947386,0.0470376748602082,TRUE,199,199,0,"OK","P14-C004",2,20,438,0.05,"swmdk_like","strong","near_knot",10,27,-0.496468947243271,0.00456621004566204,0,0.0709999999999997
"V4-CMP-ONE-STAGE-CLUSTER-BB-RESP-v1","V4-TARGET-RESPONDENT-WEIGHTED-v1",0.489503406363164,0.470076221909826,0.0194271844533378,0.433226862280508,0.528905161704419,0.481066011992463,0.0956782994239118,0.0234844950594077,TRUE,199,199,0,"OK","P14-C004",2,20,438,0.05,"swmdk_like","strong","near_knot",10,27,-0.496468947243271,0.00456621004566204,0,0.0709999999999997
"V4-CMP-IID-RESP-BB-v1","WORKING-INDEPENDENCE-RESPONDENT",0.489503406363164,0.470076221909826,0.0194271844533378,0.440189970422618,0.53992895544584,0.490059462934229,0.0997389850232213,0.0262121041486846,TRUE,199,199,0,"OK","P14-C004",2,20,438,0.05,"swmdk_like","strong","near_knot",10,27,-0.496468947243271,0.00456621004566204,0,0.0709999999999997
"V4-CMP-TWO-STAGE-FREQ-BOOT-RESP-v1","V4-TARGET-RESPONDENT-WEIGHTED-v1",0.489503406363164,0.470076221909826,0.0194271844533378,0.41755844942576,0.555048577164152,0.486303513294956,0.137490127738392,0.0337044718754017,TRUE,199,199,0,"OK","P14-C004",2,20,438,0.05,"swmdk_like","strong","near_knot",10,27,-0.496468947243271,0.00456621004566204,0,0.0709999999999997
"V4-CMP-MOKKEN-TWOLEVEL-DELTA-v1","V4-TARGET-RESPONDENT-WEIGHTED-v1",0.489503406363169,0.470076221909826,0.0194271844533435,0.42481528291304,0.554191529813298,0.489503406363169,0.129376246900258,0.0330047510874591,TRUE,,,0,"OK","P14-C004",2,20,438,0.05,"swmdk_like","strong","near_knot",10,27,-0.496468947243271,0.00456621004566204,0,0.0709999999999997
"V4-PRI-TWO-STAGE-HBB-RESP-v1","V4-TARGET-RESPONDENT-WEIGHTED-v1",0.476032377555231,0.470076221909826,0.00595615564540519,0.397798611642589,0.546354492388927,0.472076552015758,0.148555880746339,0.0375302215672278,TRUE,199,199,0,"OK","P14-C004",3,20,434,0.05,"swmdk_like","strong","near_knot",8,29,0.192691441699234,0.00921658986175089,0,0.0839999999999996
"V4-SENS-TWO-STAGE-HBB-CLUSTER-v1","V4-TARGET-EQUAL-CLUSTER-v1",0.473382281241415,0.470076221909826,0.00330605933158895,0.414549724787079,0.548869991970382,0.481709858378731,0.134320267183303,0.0358474958577863,TRUE,199,199,0,"OK","P14-C004",3,20,434,0.05,"swmdk_like","strong","near_knot",8,29,0.192691441699234,0.00921658986175089,0,0.0839999999999996
"V4-CMP-ONE-STAGE-CLUSTER-BB-RESP-v1","V4-TARGET-RESPONDENT-WEIGHTED-v1",0.476032377555231,0.470076221909826,0.00595615564540519,0.440458422189121,0.518379598848733,0.479419010518927,0.0779211766596116,0.0182254468361292,TRUE,199,199,0,"OK","P14-C004",3,20,434,0.05,"swmdk_like","strong","near_knot",8,29,0.192691441699234,0.00921658986175089,0,0.0839999999999996
"V4-CMP-IID-RESP-BB-v1","WORKING-INDEPENDENCE-RESPONDENT",0.476032377555231,0.470076221909826,0.00595615564540519,0.421974318900446,0.525193057102609,0.473583688001527,0.103218738202163,0.0243317315473523,TRUE,199,199,0,"OK","P14-C004",3,20,434,0.05,"swmdk_like","strong","near_knot",8,29,0.192691441699234,0.00921658986175089,0,0.0839999999999996
"V4-CMP-TWO-STAGE-FREQ-BOOT-RESP-v1","V4-TARGET-RESPONDENT-WEIGHTED-v1",0.476032377555231,0.470076221909826,0.00595615564540519,0.412157205261854,0.548673432759351,0.480415319010602,0.136516227497497,0.0343371121540438,TRUE,199,199,0,"OK","P14-C004",3,20,434,0.05,"swmdk_like","strong","near_knot",8,29,0.192691441699234,0.00921658986175089,0,0.0839999999999996
"V4-CMP-MOKKEN-TWOLEVEL-DELTA-v1","V4-TARGET-RESPONDENT-WEIGHTED-v1",0.47603237755522,0.470076221909826,0.00595615564539437,0.421808470975491,0.530256284134949,0.47603237755522,0.108447813159458,0.027665766824003,TRUE,,,0,"OK","P14-C004",3,20,434,0.05,"swmdk_like","strong","near_knot",8,29,0.192691441699234,0.00921658986175089,0,0.0839999999999996
"V4-PRI-TWO-STAGE-HBB-RESP-v1","V4-TARGET-RESPONDENT-WEIGHTED-v1",0.438361460271035,0.470076221909826,-0.0317147616387904,0.348088618437163,0.521120676689398,0.434604647563281,0.173032058252236,0.0431473682898783,TRUE,199,199,0,"OK","P14-C004",4,20,441,0.05,"swmdk_like","strong","near_knot",5,29,0.102334680811632,0.0113378684807253,0,0.072000000000001
"V4-SENS-TWO-STAGE-HBB-CLUSTER-v1","V4-TARGET-EQUAL-CLUSTER-v1",0.416565743788374,0.470076221909826,-0.0535104781214519,0.336135373358405,0.505882639821218,0.421009006589812,0.169747266462813,0.0441552924130488,TRUE,199,199,0,"OK","P14-C004",4,20,441,0.05,"swmdk_like","strong","near_knot",5,29,0.102334680811632,0.0113378684807253,0,0.072000000000001
"V4-CMP-ONE-STAGE-CLUSTER-BB-RESP-v1","V4-TARGET-RESPONDENT-WEIGHTED-v1",0.438361460271035,0.470076221909826,-0.0317147616387904,0.371321470231566,0.489464411725468,0.430392940978517,0.118142941493902,0.0289766506319478,TRUE,199,199,0,"OK","P14-C004",4,20,441,0.05,"swmdk_like","strong","near_knot",5,29,0.102334680811632,0.0113378684807253,0,0.072000000000001
"V4-CMP-IID-RESP-BB-v1","WORKING-INDEPENDENCE-RESPONDENT",0.438361460271035,0.470076221909826,-0.0317147616387904,0.391788348613715,0.488946119532819,0.440367234073267,0.0971577709191042,0.0257472019761621,TRUE,199,199,0,"OK","P14-C004",4,20,441,0.05,"swmdk_like","strong","near_knot",5,29,0.102334680811632,0.0113378684807253,0,0.072000000000001
"V4-CMP-TWO-STAGE-FREQ-BOOT-RESP-v1","V4-TARGET-RESPONDENT-WEIGHTED-v1",0.438361460271035,0.470076221909826,-0.0317147616387904,0.366235005939516,0.52663513172405,0.446435068831783,0.160400125784534,0.04215694460063,TRUE,199,199,0,"OK","P14-C004",4,20,441,0.05,"swmdk_like","strong","near_knot",5,29,0.102334680811632,0.0113378684807253,0,0.072000000000001
"V4-CMP-MOKKEN-TWOLEVEL-DELTA-v1","V4-TARGET-RESPONDENT-WEIGHTED-v1",0.438361460271024,0.470076221909826,-0.0317147616388015,0.374402682727912,0.502320237814136,0.438361460271024,0.127917555086224,0.032632628990946,TRUE,,,0,"OK","P14-C004",4,20,441,0.05,"swmdk_like","strong","near_knot",5,29,0.102334680811632,0.0113378684807253,0,0.072000000000001
"V4-PRI-TWO-STAGE-HBB-RESP-v1","V4-TARGET-RESPONDENT-WEIGHTED-v1",0.513315360053714,0.470076221909826,0.0432391381438879,0.420357955634095,0.609458197406518,0.514908076520306,0.189100241772423,0.0484908886243878,TRUE,199,199,0,"OK","P14-C004",5,20,391,0.05,"swmdk_like","strong","near_knot",8,29,-0.135076848177644,0.00255754475703324,0,0.0640000000000001
"V4-SENS-TWO-STAGE-HBB-CLUSTER-v1","V4-TARGET-EQUAL-CLUSTER-v1",0.530619958837117,0.470076221909826,0.0605437369272914,0.437471503742362,0.626568553644095,0.532020028693228,0.189097049901733,0.0475537262921742,TRUE,199,199,0,"OK","P14-C004",5,20,391,0.05,"swmdk_like","strong","near_knot",8,29,-0.135076848177644,0.00255754475703324,0,0.0640000000000001
"V4-CMP-ONE-STAGE-CLUSTER-BB-RESP-v1","V4-TARGET-RESPONDENT-WEIGHTED-v1",0.513315360053714,0.470076221909826,0.0432391381438879,0.423216240014879,0.59526643986521,0.509241339940045,0.172050199850331,0.0430102555059957,TRUE,199,199,0,"OK","P14-C004",5,20,391,0.05,"swmdk_like","strong","near_knot",8,29,-0.135076848177644,0.00255754475703324,0,0.0640000000000001
"V4-CMP-IID-RESP-BB-v1","WORKING-INDEPENDENCE-RESPONDENT",0.513315360053714,0.470076221909826,0.0432391381438879,0.466129202842957,0.56374400947531,0.514936606159133,0.097614806632353,0.0231985318732735,TRUE,199,199,0,"OK","P14-C004",5,20,391,0.05,"swmdk_like","strong","near_knot",8,29,-0.135076848177644,0.00255754475703324,0,0.0640000000000001
"V4-CMP-TWO-STAGE-FREQ-BOOT-RESP-v1","V4-TARGET-RESPONDENT-WEIGHTED-v1",0.513315360053714,0.470076221909826,0.0432391381438879,0.421472136530115,0.618640303552613,0.520056220041364,0.197168167022498,0.0483342011638679,TRUE,199,199,0,"OK","P14-C004",5,20,391,0.05,"swmdk_like","strong","near_knot",8,29,-0.135076848177644,0.00255754475703324,0,0.0640000000000001
"V4-CMP-MOKKEN-TWOLEVEL-DELTA-v1","V4-TARGET-RESPONDENT-WEIGHTED-v1",0.513315360053704,0.470076221909826,0.0432391381438786,0.436497079003814,0.590133641103594,0.513315360053704,0.15363656209978,0.0391937207294741,TRUE,,,0,"OK","P14-C004",5,20,391,0.05,"swmdk_like","strong","near_knot",8,29,-0.135076848177644,0.00255754475703324,0,0.0640000000000001
"V4-PRI-TWO-STAGE-HBB-RESP-v1","V4-TARGET-RESPONDENT-WEIGHTED-v1",0.495395272603008,0.470076221909826,0.0253190506931827,0.417626541922906,0.58785174770562,0.502739144814263,0.170225205782715,0.0421803850452859,TRUE,199,199,0,"OK","P14-C004",6,20,451,0.05,"swmdk_like","strong","near_knot",5,29,0.06995809580398,0,1,0.0689999999999991
"V4-SENS-TWO-STAGE-HBB-CLUSTER-v1","V4-TARGET-EQUAL-CLUSTER-v1",0.507458016214996,0.470076221909826,0.0373817943051706,0.427882225497412,0.583537975605711,0.505710100551561,0.155655750108299,0.0388608412847555,TRUE,199,199,0,"OK","P14-C004",6,20,451,0.05,"swmdk_like","strong","near_knot",5,29,0.06995809580398,0,1,0.0689999999999991
"V4-CMP-ONE-STAGE-CLUSTER-BB-RESP-v1","V4-TARGET-RESPONDENT-WEIGHTED-v1",0.495395272603008,0.470076221909826,0.0253190506931827,0.45048244599915,0.545603299067877,0.498042872533514,0.095120853068727,0.0255016000127941,TRUE,199,199,0,"OK","P14-C004",6,20,451,0.05,"swmdk_like","strong","near_knot",5,29,0.06995809580398,0,1,0.0689999999999991
"V4-CMP-IID-RESP-BB-v1","WORKING-INDEPENDENCE-RESPONDENT",0.495395272603008,0.470076221909826,0.0253190506931827,0.449000075917942,0.539320208232744,0.494160142075343,0.0903201323148026,0.0230341538742334,TRUE,199,199,0,"OK","P14-C004",6,20,451,0.05,"swmdk_like","strong","near_knot",5,29,0.06995809580398,0,1,0.0689999999999991
"V4-CMP-TWO-STAGE-FREQ-BOOT-RESP-v1","V4-TARGET-RESPONDENT-WEIGHTED-v1",0.495395272603008,0.470076221909826,0.0253190506931827,0.413652091691942,0.565160040165117,0.48940606592853,0.151507948473175,0.0352747957731063,TRUE,199,199,0,"OK","P14-C004",6,20,451,0.05,"swmdk_like","strong","near_knot",5,29,0.06995809580398,0,1,0.0689999999999991
"V4-CMP-MOKKEN-TWOLEVEL-DELTA-v1","V4-TARGET-RESPONDENT-WEIGHTED-v1",0.495395272603013,0.470076221909826,0.025319050693187,0.435273152060292,0.555517393145733,0.495395272603013,0.120244241085441,0.0306751149597421,TRUE,,,0,"OK","P14-C004",6,20,451,0.05,"swmdk_like","strong","near_knot",5,29,0.06995809580398,0,1,0.0689999999999991
"V4-PRI-TWO-STAGE-HBB-RESP-v1","V4-TARGET-RESPONDENT-WEIGHTED-v1",0.466530952829968,0.470076221909826,-0.00354526907985736,0.393840673685537,0.549864346503118,0.471852510094328,0.156023672817582,0.0395012069959692,TRUE,199,199,0,"OK","P14-C004",7,20,450,0.05,"swmdk_like","strong","near_knot",8,28,0.0688382354717653,0.00222222222222224,0,0.0709999999999997
"V4-SENS-TWO-STAGE-HBB-CLUSTER-v1","V4-TARGET-EQUAL-CLUSTER-v1",0.480235656980669,0.470076221909826,0.0101594350708429,0.39831254635032,0.563471901108434,0.480892223729377,0.165159354758114,0.0397593933136376,TRUE,199,199,0,"OK","P14-C004",7,20,450,0.05,"swmdk_like","strong","near_knot",8,28,0.0688382354717653,0.00222222222222224,0,0.0709999999999997
"V4-CMP-ONE-STAGE-CLUSTER-BB-RESP-v1","V4-TARGET-RESPONDENT-WEIGHTED-v1",0.466530952829968,0.470076221909826,-0.00354526907985736,0.41441569884698,0.512871790603231,0.463643744725105,0.0984560917562511,0.0244123282474402,TRUE,199,199,0,"OK","P14-C004",7,20,450,0.05,"swmdk_like","strong","near_knot",8,28,0.0688382354717653,0.00222222222222224,0,0.0709999999999997
"V4-CMP-IID-RESP-BB-v1","WORKING-INDEPENDENCE-RESPONDENT",0.466530952829968,0.470076221909826,-0.00354526907985736,0.42181244307845,0.504785277325471,0.463298860201961,0.0829728342470211,0.0222565396528813,TRUE,199,199,0,"OK","P14-C004",7,20,450,0.05,"swmdk_like","strong","near_knot",8,28,0.0688382354717653,0.00222222222222224,0,0.0709999999999997
"V4-CMP-TWO-STAGE-FREQ-BOOT-RESP-v1","V4-TARGET-RESPONDENT-WEIGHTED-v1",0.466530952829968,0.470076221909826,-0.00354526907985736,0.394612755131207,0.54038536792428,0.467499061527743,0.145772612793073,0.035540261789528,TRUE,199,199,0,"OK","P14-C004",7,20,450,0.05,"swmdk_like","strong","near_knot",8,28,0.0688382354717653,0.00222222222222224,0,0.0709999999999997
"V4-CMP-MOKKEN-TWOLEVEL-DELTA-v1","V4-TARGET-RESPONDENT-WEIGHTED-v1",0.466530952829969,0.470076221909826,-0.00354526907985669,0.406488372656315,0.526573533003623,0.466530952829969,0.120085160347309,0.0306345323930759,TRUE,,,0,"OK","P14-C004",7,20,450,0.05,"swmdk_like","strong","near_knot",8,28,0.0688382354717653,0.00222222222222224,0,0.0709999999999997
"V4-PRI-TWO-STAGE-HBB-RESP-v1","V4-TARGET-RESPONDENT-WEIGHTED-v1",0.475841996654902,0.470076221909826,0.00576577474507628,0.399530776599115,0.544774969312565,0.47215287295584,0.14524419271345,0.0371840062718682,TRUE,199,199,0,"OK","P14-C004",8,20,471,0.05,"swmdk_like","strong","near_knot",10,29,-0.114009777836554,0.00424628450106157,0,0.0730000000000004
"V4-SENS-TWO-STAGE-HBB-CLUSTER-v1","V4-TARGET-EQUAL-CLUSTER-v1",0.47706093525714,0.470076221909826,0.00698471334731465,0.40821268922699,0.554584536547712,0.481398612887351,0.146371847320722,0.039346286211252,TRUE,199,199,0,"OK","P14-C004",8,20,471,0.05,"swmdk_like","strong","near_knot",10,29,-0.114009777836554,0.00424628450106157,0,0.0730000000000004
"V4-CMP-ONE-STAGE-CLUSTER-BB-RESP-v1","V4-TARGET-RESPONDENT-WEIGHTED-v1",0.475841996654902,0.470076221909826,0.00576577474507628,0.434498067180386,0.521830047235358,0.478164057207872,0.0873319800549722,0.0235739432742877,TRUE,199,199,0,"OK","P14-C004",8,20,471,0.05,"swmdk_like","strong","near_knot",10,29,-0.114009777836554,0.00424628450106157,0,0.0730000000000004
"V4-CMP-IID-RESP-BB-v1","WORKING-INDEPENDENCE-RESPONDENT",0.475841996654902,0.470076221909826,0.00576577474507628,0.42750272230505,0.5226461813003,0.475074451802675,0.0951434589952503,0.0230784006127591,TRUE,199,199,0,"OK","P14-C004",8,20,471,0.05,"swmdk_like","strong","near_knot",10,29,-0.114009777836554,0.00424628450106157,0,0.0730000000000004
"V4-CMP-TWO-STAGE-FREQ-BOOT-RESP-v1","V4-TARGET-RESPONDENT-WEIGHTED-v1",0.475841996654902,0.470076221909826,0.00576577474507628,0.409593491671123,0.536482648694812,0.473038070182967,0.126889157023689,0.0339254194697652,TRUE,199,199,0,"OK","P14-C004",8,20,471,0.05,"swmdk_like","strong","near_knot",10,29,-0.114009777836554,0.00424628450106157,0,0.0730000000000004
"V4-CMP-MOKKEN-TWOLEVEL-DELTA-v1","V4-TARGET-RESPONDENT-WEIGHTED-v1",0.475841996654897,0.470076221909826,0.00576577474507162,0.412976204162133,0.538707789147662,0.475841996654897,0.125731584985529,0.0320749733100414,TRUE,,,0,"OK","P14-C004",8,20,471,0.05,"swmdk_like","strong","near_knot",10,29,-0.114009777836554,0.00424628450106157,0,0.0730000000000004
"V4-PRI-TWO-STAGE-HBB-RESP-v1","V4-TARGET-RESPONDENT-WEIGHTED-v1",0.482599033399492,0.470076221909826,0.0125228114896667,0.415659296205555,0.565179963184306,0.49041962969493,0.149520666978751,0.0365224227431496,TRUE,199,199,0,"OK","P14-C004",9,20,438,0.05,"swmdk_like","strong","near_knot",10,29,-0.110417536582704,0,1,0.0700000000000003
"V4-SENS-TWO-STAGE-HBB-CLUSTER-v1","V4-TARGET-EQUAL-CLUSTER-v1",0.476343130023443,0.470076221909826,0.00626690811361763,0.396850438884391,0.561302772612492,0.479076605748441,0.164452333728101,0.0390120893206186,TRUE,199,199,0,"OK","P14-C004",9,20,438,0.05,"swmdk_like","strong","near_knot",10,29,-0.110417536582704,0,1,0.0700000000000003
"V4-CMP-ONE-STAGE-CLUSTER-BB-RESP-v1","V4-TARGET-RESPONDENT-WEIGHTED-v1",0.482599033399492,0.470076221909826,0.0125228114896667,0.443648031344625,0.531154163495832,0.487401097420228,0.087506132151207,0.0231831275499324,TRUE,199,199,0,"OK","P14-C004",9,20,438,0.05,"swmdk_like","strong","near_knot",10,29,-0.110417536582704,0,1,0.0700000000000003
"V4-CMP-IID-RESP-BB-v1","WORKING-INDEPENDENCE-RESPONDENT",0.482599033399492,0.470076221909826,0.0125228114896667,0.437570739304382,0.531033437401845,0.484302088353113,0.093462698097463,0.0227347283168753,TRUE,199,199,0,"OK","P14-C004",9,20,438,0.05,"swmdk_like","strong","near_knot",10,29,-0.110417536582704,0,1,0.0700000000000003
"V4-CMP-TWO-STAGE-FREQ-BOOT-RESP-v1","V4-TARGET-RESPONDENT-WEIGHTED-v1",0.482599033399492,0.470076221909826,0.0125228114896667,0.408138791616983,0.54319982641806,0.475669309017521,0.135061034801077,0.0327256552709706,TRUE,199,199,0,"OK","P14-C004",9,20,438,0.05,"swmdk_like","strong","near_knot",10,29,-0.110417536582704,0,1,0.0700000000000003
"V4-CMP-MOKKEN-TWOLEVEL-DELTA-v1","V4-TARGET-RESPONDENT-WEIGHTED-v1",0.482599033399499,0.470076221909826,0.0125228114896737,0.423168226303059,0.54202984049594,0.482599033399499,0.11886161419288,0.030322397536497,TRUE,,,0,"OK","P14-C004",9,20,438,0.05,"swmdk_like","strong","near_knot",10,29,-0.110417536582704,0,1,0.0700000000000003
"V4-PRI-TWO-STAGE-HBB-RESP-v1","V4-TARGET-RESPONDENT-WEIGHTED-v1",0.460341517026679,0.470076221909826,-0.00973470488314665,0.36329167533428,0.549963603230712,0.456627639282496,0.186671927896432,0.0471982279283385,TRUE,199,199,0,"OK","P14-C004",10,20,362,0.05,"swmdk_like","strong","near_knot",5,29,0.0779361534121148,0.00276243093922646,0,0.0750000000000011
"V4-SENS-TWO-STAGE-HBB-CLUSTER-v1","V4-TARGET-EQUAL-CLUSTER-v1",0.455960364080276,0.470076221909826,-0.0141158578295493,0.369471921309712,0.553206924162033,0.461339422735873,0.183735002852321,0.0459518984437823,TRUE,199,199,0,"OK","P14-C004",10,20,362,0.05,"swmdk_like","strong","near_knot",5,29,0.0779361534121148,0.00276243093922646,0,0.0750000000000011
"V4-CMP-ONE-STAGE-CLUSTER-BB-RESP-v1","V4-TARGET-RESPONDENT-WEIGHTED-v1",0.460341517026679,0.470076221909826,-0.00973470488314665,0.405429422450005,0.519211376035398,0.462320399242702,0.113781953585393,0.0267245498392413,TRUE,199,199,0,"OK","P14-C004",10,20,362,0.05,"swmdk_like","strong","near_knot",5,29,0.0779361534121148,0.00276243093922646,0,0.0750000000000011
"V4-CMP-IID-RESP-BB-v1","WORKING-INDEPENDENCE-RESPONDENT",0.460341517026679,0.470076221909826,-0.00973470488314665,0.4011173356011,0.512434595067671,0.456775965334386,0.111317259466572,0.0287676078988391,TRUE,199,199,0,"OK","P14-C004",10,20,362,0.05,"swmdk_like","strong","near_knot",5,29,0.0779361534121148,0.00276243093922646,0,0.0750000000000011
"V4-CMP-TWO-STAGE-FREQ-BOOT-RESP-v1","V4-TARGET-RESPONDENT-WEIGHTED-v1",0.460341517026679,0.470076221909826,-0.00973470488314665,0.375639213272062,0.548779395412638,0.46220930434235,0.173140182140575,0.0409700573787734,TRUE,199,199,0,"OK","P14-C004",10,20,362,0.05,"swmdk_like","strong","near_knot",5,29,0.0779361534121148,0.00276243093922646,0,0.0750000000000011
"V4-CMP-MOKKEN-TWOLEVEL-DELTA-v1","V4-TARGET-RESPONDENT-WEIGHTED-v1",0.460341517026672,0.470076221909826,-0.00973470488315359,0.398540504886259,0.522142529167085,0.460341517026672,0.123602024280826,0.0315317080456025,TRUE,,,0,"OK","P14-C004",10,20,362,0.05,"swmdk_like","strong","near_knot",5,29,0.0779361534121148,0.00276243093922646,0,0.0750000000000011
"V4-PRI-TWO-STAGE-HBB-RESP-v1","V4-TARGET-RESPONDENT-WEIGHTED-v1",0.448511112641919,0.470076221909826,-0.021565109267907,0.368406091653094,0.531048343217627,0.44972721743536,0.162642251564533,0.0401627503521363,TRUE,199,199,0,"OK","P14-C004",11,20,439,0.05,"swmdk_like","strong","near_knot",5,29,0.481893768590043,0.00455580865603644,0,0.0699999999999985
"V4-SENS-TWO-STAGE-HBB-CLUSTER-v1","V4-TARGET-EQUAL-CLUSTER-v1",0.443457156689915,0.470076221909826,-0.0266190652199106,0.35074979161969,0.525499132475391,0.43812446204754,0.1747493408557,0.041518946410318,TRUE,199,199,0,"OK","P14-C004",11,20,439,0.05,"swmdk_like","strong","near_knot",5,29,0.481893768590043,0.00455580865603644,0,0.0699999999999985
"V4-CMP-ONE-STAGE-CLUSTER-BB-RESP-v1","V4-TARGET-RESPONDENT-WEIGHTED-v1",0.448511112641919,0.470076221909826,-0.021565109267907,0.407698689010254,0.498566676051908,0.453132682531081,0.0908679870416544,0.023035078649907,TRUE,199,199,0,"OK","P14-C004",11,20,439,0.05,"swmdk_like","strong","near_knot",5,29,0.481893768590043,0.00455580865603644,0,0.0699999999999985
"V4-CMP-IID-RESP-BB-v1","WORKING-INDEPENDENCE-RESPONDENT",0.448511112641919,0.470076221909826,-0.021565109267907,0.40189644930195,0.504396286896189,0.45314636809907,0.102499837594239,0.0246057958051645,TRUE,199,199,0,"OK","P14-C004",11,20,439,0.05,"swmdk_like","strong","near_knot",5,29,0.481893768590043,0.00455580865603644,0,0.0699999999999985
"V4-CMP-TWO-STAGE-FREQ-BOOT-RESP-v1","V4-TARGET-RESPONDENT-WEIGHTED-v1",0.448511112641919,0.470076221909826,-0.021565109267907,0.3786462373202,0.520871827730244,0.449759032525222,0.142225590410044,0.0357245297536553,TRUE,199,199,0,"OK","P14-C004",11,20,439,0.05,"swmdk_like","strong","near_knot",5,29,0.481893768590043,0.00455580865603644,0,0.0699999999999985
"V4-CMP-MOKKEN-TWOLEVEL-DELTA-v1","V4-TARGET-RESPONDENT-WEIGHTED-v1",0.448511112641922,0.470076221909826,-0.0215651092679042,0.391352332841951,0.505669892441892,0.448511112641922,0.114317559599941,0.0291631786353381,TRUE,,,0,"OK","P14-C004",11,20,439,0.05,"swmdk_like","strong","near_knot",5,29,0.481893768590043,0.00455580865603644,0,0.0699999999999985
"V4-PRI-TWO-STAGE-HBB-RESP-v1","V4-TARGET-RESPONDENT-WEIGHTED-v1",0.480642910161141,0.470076221909826,0.0105666882513155,0.399648877505337,0.559003483422802,0.47932618046407,0.159354605917465,0.0390430050497392,TRUE,199,199,0,"OK","P14-C004",12,20,428,0.05,"swmdk_like","strong","near_knot",15,29,0.161005349886409,0.00467289719626174,0,0.0690000000000008
"V4-SENS-TWO-STAGE-HBB-CLUSTER-v1","V4-TARGET-EQUAL-CLUSTER-v1",0.477849695655215,0.470076221909826,0.00777347374538939,0.391841635764806,0.565238339183522,0.478539987474164,0.173396703418717,0.0429200464333611,TRUE,199,199,0,"OK","P14-C004",12,20,428,0.05,"swmdk_like","strong","near_knot",15,29,0.161005349886409,0.00467289719626174,0,0.0690000000000008
"V4-CMP-ONE-STAGE-CLUSTER-BB-RESP-v1","V4-TARGET-RESPONDENT-WEIGHTED-v1",0.480642910161141,0.470076221909826,0.0105666882513155,0.438490396594846,0.523341558378846,0.480915977486846,0.0848511617839995,0.0202403954676237,TRUE,199,199,0,"OK","P14-C004",12,20,428,0.05,"swmdk_like","strong","near_knot",15,29,0.161005349886409,0.00467289719626174,0,0.0690000000000008
"V4-CMP-IID-RESP-BB-v1","WORKING-INDEPENDENCE-RESPONDENT",0.480642910161141,0.470076221909826,0.0105666882513155,0.436617189605693,0.528703560350375,0.482660374978034,0.0920863707446823,0.0237645697482777,TRUE,199,199,0,"OK","P14-C004",12,20,428,0.05,"swmdk_like","strong","near_knot",15,29,0.161005349886409,0.00467289719626174,0,0.0690000000000008
"V4-CMP-TWO-STAGE-FREQ-BOOT-RESP-v1","V4-TARGET-RESPONDENT-WEIGHTED-v1",0.480642910161141,0.470076221909826,0.0105666882513155,0.420558415520192,0.540388072998143,0.480473244259167,0.119829657477951,0.0322936220220229,TRUE,199,199,0,"OK","P14-C004",12,20,428,0.05,"swmdk_like","strong","near_knot",15,29,0.161005349886409,0.00467289719626174,0,0.0690000000000008
"V4-CMP-MOKKEN-TWOLEVEL-DELTA-v1","V4-TARGET-RESPONDENT-WEIGHTED-v1",0.480642910161135,0.470076221909826,0.010566688251309,0.419356603388143,0.541929216934126,0.480642910161135,0.122572613545983,0.0312690984407928,TRUE,,,0,"OK","P14-C004",12,20,428,0.05,"swmdk_like","strong","near_knot",15,29,0.161005349886409,0.00467289719626174,0,0.0690000000000008
"V4-PRI-TWO-STAGE-HBB-RESP-v1","V4-TARGET-RESPONDENT-WEIGHTED-v1",0.466364141807116,0.470076221909826,-0.00371208010270924,0.376587019263219,0.54372252702647,0.460154773144844,0.167135507763251,0.0428933816351164,TRUE,199,199,0,"OK","P14-C004",13,20,400,0.05,"swmdk_like","strong","near_knot",5,28,0.5475641458221,0,1,0.077
"V4-SENS-TWO-STAGE-HBB-CLUSTER-v1","V4-TARGET-EQUAL-CLUSTER-v1",0.454067655977645,0.470076221909826,-0.0160085659321807,0.364135588688024,0.536325944738225,0.450230766713125,0.172190356050201,0.0449906740852675,TRUE,199,199,0,"OK","P14-C004",13,20,400,0.05,"swmdk_like","strong","near_knot",5,28,0.5475641458221,0,1,0.077
"V4-CMP-ONE-STAGE-CLUSTER-BB-RESP-v1","V4-TARGET-RESPONDENT-WEIGHTED-v1",0.466364141807116,0.470076221909826,-0.00371208010270924,0.401223141966665,0.51146957241794,0.456346357192303,0.110246430451274,0.0286195560126667,TRUE,199,199,0,"OK","P14-C004",13,20,400,0.05,"swmdk_like","strong","near_knot",5,28,0.5475641458221,0,1,0.077
"V4-CMP-IID-RESP-BB-v1","WORKING-INDEPENDENCE-RESPONDENT",0.466364141807116,0.470076221909826,-0.00371208010270924,0.417882237596115,0.517943741901566,0.46791298974884,0.100061504305452,0.0246445593858849,TRUE,199,199,0,"OK","P14-C004",13,20,400,0.05,"swmdk_like","strong","near_knot",5,28,0.5475641458221,0,1,0.077
"V4-CMP-TWO-STAGE-FREQ-BOOT-RESP-v1","V4-TARGET-RESPONDENT-WEIGHTED-v1",0.466364141807116,0.470076221909826,-0.00371208010270924,0.388473276657602,0.536899876708394,0.462686576682998,0.148426600050792,0.039695050513207,TRUE,199,199,0,"OK","P14-C004",13,20,400,0.05,"swmdk_like","strong","near_knot",5,28,0.5475641458221,0,1,0.077
"V4-CMP-MOKKEN-TWOLEVEL-DELTA-v1","V4-TARGET-RESPONDENT-WEIGHTED-v1",0.466364141807123,0.470076221909826,-0.00371208010270291,0.402550442780588,0.530177840833658,0.466364141807123,0.12762739805307,0.0325586079794778,TRUE,,,0,"OK","P14-C004",13,20,400,0.05,"swmdk_like","strong","near_knot",5,28,0.5475641458221,0,1,0.077
"V4-PRI-TWO-STAGE-HBB-RESP-v1","V4-TARGET-RESPONDENT-WEIGHTED-v1",0.41229564434315,0.470076221909826,-0.0577805775666753,0.336258412058269,0.501402850599573,0.418830631328921,0.165144438541304,0.0400440750025024,TRUE,199,199,0,"OK","P14-C004",14,20,465,0.05,"swmdk_like","strong","near_knot",13,29,-0.2191218828891,0.0064516129032256,0,0.0730000000000004
"V4-SENS-TWO-STAGE-HBB-CLUSTER-v1","V4-TARGET-EQUAL-CLUSTER-v1",0.40843473688768,0.470076221909826,-0.0616414850221453,0.331715451407089,0.50605638865763,0.41888592003236,0.174340937250541,0.0425334857583674,TRUE,199,199,0,"OK","P14-C004",14,20,465,0.05,"swmdk_like","strong","near_knot",13,29,-0.2191218828891,0.0064516129032256,0,0.0730000000000004
"V4-CMP-ONE-STAGE-CLUSTER-BB-RESP-v1","V4-TARGET-RESPONDENT-WEIGHTED-v1",0.41229564434315,0.470076221909826,-0.0577805775666753,0.371846666345192,0.473344985425808,0.4225958258855,0.101498319080616,0.0248562418145081,TRUE,199,199,0,"OK","P14-C004",14,20,465,0.05,"swmdk_like","strong","near_knot",13,29,-0.2191218828891,0.0064516129032256,0,0.0730000000000004
"V4-CMP-IID-RESP-BB-v1","WORKING-INDEPENDENCE-RESPONDENT",0.41229564434315,0.470076221909826,-0.0577805775666753,0.35872857696285,0.45918271632434,0.408955646643595,0.10045413936149,0.0259741381033669,FALSE,199,199,0,"OK","P14-C004",14,20,465,0.05,"swmdk_like","strong","near_knot",13,29,-0.2191218828891,0.0064516129032256,0,0.0730000000000004
"V4-CMP-TWO-STAGE-FREQ-BOOT-RESP-v1","V4-TARGET-RESPONDENT-WEIGHTED-v1",0.41229564434315,0.470076221909826,-0.0577805775666753,0.333544269458482,0.471780666365974,0.402662467912228,0.138236396907493,0.0344603989638955,TRUE,199,199,0,"OK","P14-C004",14,20,465,0.05,"swmdk_like","strong","near_knot",13,29,-0.2191218828891,0.0064516129032256,0,0.0730000000000004
"V4-CMP-MOKKEN-TWOLEVEL-DELTA-v1","V4-TARGET-RESPONDENT-WEIGHTED-v1",0.412295644343141,0.470076221909826,-0.0577805775666844,0.347951895267473,0.476639393418809,0.412295644343141,0.128687498151336,0.0328290466473891,TRUE,,,0,"OK","P14-C004",14,20,465,0.05,"swmdk_like","strong","near_knot",13,29,-0.2191218828891,0.0064516129032256,0,0.0730000000000004
"V4-PRI-TWO-STAGE-HBB-RESP-v1","V4-TARGET-RESPONDENT-WEIGHTED-v1",0.462729512998418,0.470076221909826,-0.00734670891140771,0.382825884396358,0.537334567955681,0.46008022617602,0.154508683559323,0.0369070198122698,TRUE,199,199,0,"OK","P14-C004",15,20,461,0.05,"swmdk_like","strong","near_knot",5,29,0.15354308341744,0.00433839479392628,0,0.0700000000000003
"V4-SENS-TWO-STAGE-HBB-CLUSTER-v1","V4-TARGET-EQUAL-CLUSTER-v1",0.47686771836097,0.470076221909826,0.00679149645114424,0.407194361679525,0.560468248157658,0.483831304918592,0.153273886478132,0.038087667393067,TRUE,199,199,0,"OK","P14-C004",15,20,461,0.05,"swmdk_like","strong","near_knot",5,29,0.15354308341744,0.00433839479392628,0,0.0700000000000003
"V4-CMP-ONE-STAGE-CLUSTER-BB-RESP-v1","V4-TARGET-RESPONDENT-WEIGHTED-v1",0.462729512998418,0.470076221909826,-0.00734670891140771,0.413003672305683,0.496147389644266,0.454575530974975,0.0831437173385828,0.0197581919433609,TRUE,199,199,0,"OK","P14-C004",15,20,461,0.05,"swmdk_like","strong","near_knot",5,29,0.15354308341744,0.00433839479392628,0,0.0700000000000003
"V4-CMP-IID-RESP-BB-v1","WORKING-INDEPENDENCE-RESPONDENT",0.462729512998418,0.470076221909826,-0.00734670891140771,0.413609746629997,0.505424324377182,0.459517035503589,0.0918145777471854,0.0246974201529977,TRUE,199,199,0,"OK","P14-C004",15,20,461,0.05,"swmdk_like","strong","near_knot",5,29,0.15354308341744,0.00433839479392628,0,0.0700000000000003
"V4-CMP-TWO-STAGE-FREQ-BOOT-RESP-v1","V4-TARGET-RESPONDENT-WEIGHTED-v1",0.462729512998418,0.470076221909826,-0.00734670891140771,0.391974173932529,0.524215324287648,0.458094749110088,0.132241150355119,0.03341710663005,TRUE,199,199,0,"OK","P14-C004",15,20,461,0.05,"swmdk_like","strong","near_knot",5,29,0.15354308341744,0.00433839479392628,0,0.0700000000000003
"V4-CMP-MOKKEN-TWOLEVEL-DELTA-v1","V4-TARGET-RESPONDENT-WEIGHTED-v1",0.462729512998421,0.470076221909826,-0.00734670891140426,0.409386444530768,0.516072581466075,0.462729512998421,0.106686136935307,0.0272163513658501,TRUE,,,0,"OK","P14-C004",15,20,461,0.05,"swmdk_like","strong","near_knot",5,29,0.15354308341744,0.00433839479392628,0,0.0700000000000003
"V4-PRI-TWO-STAGE-HBB-RESP-v1","V4-TARGET-RESPONDENT-WEIGHTED-v1",0.430033322151594,0.470076221909826,-0.0400428997582313,0.34806258096497,0.505599039416324,0.426830810190647,0.157536458451354,0.0409494657079254,TRUE,199,199,0,"OK","P14-C004",16,20,361,0.05,"swmdk_like","strong","near_knot",5,28,-0.474717211774542,0.00277008310249305,0,0.0619999999999994
"V4-SENS-TWO-STAGE-HBB-CLUSTER-v1","V4-TARGET-EQUAL-CLUSTER-v1",0.432490701463553,0.470076221909826,-0.0375855204462726,0.344592766234178,0.515989332455709,0.430291049344943,0.171396566221531,0.0407876527442088,TRUE,199,199,0,"OK","P14-C004",16,20,361,0.05,"swmdk_like","strong","near_knot",5,28,-0.474717211774542,0.00277008310249305,0,0.0619999999999994
"V4-CMP-ONE-STAGE-CLUSTER-BB-RESP-v1","V4-TARGET-RESPONDENT-WEIGHTED-v1",0.430033322151594,0.470076221909826,-0.0400428997582313,0.381236046772867,0.471372715131125,0.426304380951996,0.0901366683582576,0.0224736356399876,TRUE,199,199,0,"OK","P14-C004",16,20,361,0.05,"swmdk_like","strong","near_knot",5,28,-0.474717211774542,0.00277008310249305,0,0.0619999999999994
"V4-CMP-IID-RESP-BB-v1","WORKING-INDEPENDENCE-RESPONDENT",0.430033322151594,0.470076221909826,-0.0400428997582313,0.381402533844657,0.489419695038962,0.435411114441809,0.108017161194305,0.0265224380414767,TRUE,199,199,0,"OK","P14-C004",16,20,361,0.05,"swmdk_like","strong","near_knot",5,28,-0.474717211774542,0.00277008310249305,0,0.0619999999999994
"V4-CMP-TWO-STAGE-FREQ-BOOT-RESP-v1","V4-TARGET-RESPONDENT-WEIGHTED-v1",0.430033322151594,0.470076221909826,-0.0400428997582313,0.352678307138116,0.49460927713384,0.423643792135978,0.141930969995724,0.038084118736145,TRUE,199,199,0,"OK","P14-C004",16,20,361,0.05,"swmdk_like","strong","near_knot",5,28,-0.474717211774542,0.00277008310249305,0,0.0619999999999994
"V4-CMP-MOKKEN-TWOLEVEL-DELTA-v1","V4-TARGET-RESPONDENT-WEIGHTED-v1",0.430033322151598,0.470076221909826,-0.0400428997582273,0.374397292142809,0.485669352160388,0.430033322151598,0.111272060017579,0.0283862512003483,TRUE,,,0,"OK","P14-C004",16,20,361,0.05,"swmdk_like","strong","near_knot",5,28,-0.474717211774542,0.00277008310249305,0,0.0619999999999994
"V4-PRI-TWO-STAGE-HBB-RESP-v1","V4-TARGET-RESPONDENT-WEIGHTED-v1",0.488016996096118,0.470076221909826,0.0179407741862924,0.415651070376526,0.560509739396097,0.488080404886311,0.144858669019571,0.0393476542817998,TRUE,199,199,0,"OK","P14-C004",17,20,366,0.05,"swmdk_like","strong","near_knot",5,29,-0.00832403080998792,0,1,0.0620000000000012
"V4-SENS-TWO-STAGE-HBB-CLUSTER-v1","V4-TARGET-EQUAL-CLUSTER-v1",0.490247914799907,0.470076221909826,0.0201716928900813,0.395920745714773,0.586672826264161,0.491296785989467,0.190752080549388,0.0484634969020781,TRUE,199,199,0,"OK","P14-C004",17,20,366,0.05,"swmdk_like","strong","near_knot",5,29,-0.00832403080998792,0,1,0.0620000000000012
"V4-CMP-ONE-STAGE-CLUSTER-BB-RESP-v1","V4-TARGET-RESPONDENT-WEIGHTED-v1",0.488016996096118,0.470076221909826,0.0179407741862924,0.449208033992911,0.532331546138503,0.490769790065707,0.0831235121455913,0.0206465419688843,TRUE,199,199,0,"OK","P14-C004",17,20,366,0.05,"swmdk_like","strong","near_knot",5,29,-0.00832403080998792,0,1,0.0620000000000012
"V4-CMP-IID-RESP-BB-v1","WORKING-INDEPENDENCE-RESPONDENT",0.488016996096118,0.470076221909826,0.0179407741862924,0.43673037862461,0.545306792633745,0.491018585629177,0.108576414009134,0.0281020937989344,TRUE,199,199,0,"OK","P14-C004",17,20,366,0.05,"swmdk_like","strong","near_knot",5,29,-0.00832403080998792,0,1,0.0620000000000012
"V4-CMP-TWO-STAGE-FREQ-BOOT-RESP-v1","V4-TARGET-RESPONDENT-WEIGHTED-v1",0.488016996096118,0.470076221909826,0.0179407741862924,0.424070351363013,0.561432303421682,0.492751327392348,0.13736195205867,0.0358667099399729,TRUE,199,199,0,"OK","P14-C004",17,20,366,0.05,"swmdk_like","strong","near_knot",5,29,-0.00832403080998792,0,1,0.0620000000000012
"V4-CMP-MOKKEN-TWOLEVEL-DELTA-v1","V4-TARGET-RESPONDENT-WEIGHTED-v1",0.488016996096118,0.470076221909826,0.0179407741862924,0.434336935773334,0.541697056418902,0.488016996096118,0.107360120645568,0.0273882891452115,TRUE,,,0,"OK","P14-C004",17,20,366,0.05,"swmdk_like","strong","near_knot",5,29,-0.00832403080998792,0,1,0.0620000000000012
"V4-PRI-TWO-STAGE-HBB-RESP-v1","V4-TARGET-RESPONDENT-WEIGHTED-v1",0.519044362098362,0.470076221909826,0.0489681401885358,0.444977238471361,0.599679347618267,0.522328293044814,0.154702109146906,0.037445631041723,TRUE,199,199,0,"OK","P14-C004",18,20,373,0.05,"swmdk_like","strong","near_knot",5,29,0.119414724722965,0,1,0.0629999999999988
"V4-SENS-TWO-STAGE-HBB-CLUSTER-v1","V4-TARGET-EQUAL-CLUSTER-v1",0.524601629503679,0.470076221909826,0.0545254075938532,0.455903486939103,0.613221217589925,0.534562352264514,0.157317730650823,0.0419373349675691,TRUE,199,199,0,"OK","P14-C004",18,20,373,0.05,"swmdk_like","strong","near_knot",5,29,0.119414724722965,0,1,0.0629999999999988
"V4-CMP-ONE-STAGE-CLUSTER-BB-RESP-v1","V4-TARGET-RESPONDENT-WEIGHTED-v1",0.519044362098362,0.470076221909826,0.0489681401885358,0.473850354168522,0.561429830236202,0.517640092202362,0.0875794760676795,0.0213843579861962,FALSE,199,199,0,"OK","P14-C004",18,20,373,0.05,"swmdk_like","strong","near_knot",5,29,0.119414724722965,0,1,0.0629999999999988
"V4-CMP-IID-RESP-BB-v1","WORKING-INDEPENDENCE-RESPONDENT",0.519044362098362,0.470076221909826,0.0489681401885358,0.475544195364284,0.570927017984218,0.523235606674251,0.0953828226199335,0.0238853501950986,FALSE,199,199,0,"OK","P14-C004",18,20,373,0.05,"swmdk_like","strong","near_knot",5,29,0.119414724722965,0,1,0.0629999999999988
"V4-CMP-TWO-STAGE-FREQ-BOOT-RESP-v1","V4-TARGET-RESPONDENT-WEIGHTED-v1",0.519044362098362,0.470076221909826,0.0489681401885358,0.448090177413794,0.579809418566041,0.513949797989918,0.131719241152247,0.0341512240542896,TRUE,199,199,0,"OK","P14-C004",18,20,373,0.05,"swmdk_like","strong","near_knot",5,29,0.119414724722965,0,1,0.0629999999999988
"V4-CMP-MOKKEN-TWOLEVEL-DELTA-v1","V4-TARGET-RESPONDENT-WEIGHTED-v1",0.519044362098364,0.470076221909826,0.0489681401885386,0.470401072807062,0.567687651389667,0.519044362098364,0.0972865785826044,0.0248184607855013,FALSE,,,0,"OK","P14-C004",18,20,373,0.05,"swmdk_like","strong","near_knot",5,29,0.119414724722965,0,1,0.0629999999999988
"V4-PRI-TWO-STAGE-HBB-RESP-v1","V4-TARGET-RESPONDENT-WEIGHTED-v1",0.485434751677468,0.470076221909826,0.015358529767642,0.401758051797705,0.563082948667003,0.482420500232354,0.161324896869298,0.0390875697138536,TRUE,199,199,0,"OK","P14-C004",19,20,381,0.05,"swmdk_like","strong","near_knot",5,28,0.0647694130856331,0,1,0.0760000000000005
"V4-SENS-TWO-STAGE-HBB-CLUSTER-v1","V4-TARGET-EQUAL-CLUSTER-v1",0.460324622777449,0.470076221909826,-0.00975159913237633,0.359542572562617,0.567977218456056,0.463759895509337,0.208434645893438,0.0523630103452514,TRUE,199,199,0,"OK","P14-C004",19,20,381,0.05,"swmdk_like","strong","near_knot",5,28,0.0647694130856331,0,1,0.0760000000000005
"V4-CMP-ONE-STAGE-CLUSTER-BB-RESP-v1","V4-TARGET-RESPONDENT-WEIGHTED-v1",0.485434751677468,0.470076221909826,0.015358529767642,0.441168076733935,0.534575259454819,0.487871668094377,0.0934071827208836,0.0232675290496021,TRUE,199,199,0,"OK","P14-C004",19,20,381,0.05,"swmdk_like","strong","near_knot",5,28,0.0647694130856331,0,1,0.0760000000000005
"V4-CMP-IID-RESP-BB-v1","WORKING-INDEPENDENCE-RESPONDENT",0.485434751677468,0.470076221909826,0.015358529767642,0.429114187039259,0.539563966057804,0.484339076548531,0.110449779018546,0.0272643694522271,TRUE,199,199,0,"OK","P14-C004",19,20,381,0.05,"swmdk_like","strong","near_knot",5,28,0.0647694130856331,0,1,0.0760000000000005
"V4-CMP-TWO-STAGE-FREQ-BOOT-RESP-v1","V4-TARGET-RESPONDENT-WEIGHTED-v1",0.485434751677468,0.470076221909826,0.015358529767642,0.416757895080552,0.569757228801283,0.493257561940918,0.152999333720731,0.036727924538769,TRUE,199,199,0,"OK","P14-C004",19,20,381,0.05,"swmdk_like","strong","near_knot",5,28,0.0647694130856331,0,1,0.0760000000000005
"V4-CMP-MOKKEN-TWOLEVEL-DELTA-v1","V4-TARGET-RESPONDENT-WEIGHTED-v1",0.485434751677478,0.470076221909826,0.0153585297676527,0.42831706827078,0.542552435084177,0.485434751677478,0.114235366813397,0.0291422107024597,TRUE,,,0,"OK","P14-C004",19,20,381,0.05,"swmdk_like","strong","near_knot",5,28,0.0647694130856331,0,1,0.0760000000000005
"V4-PRI-TWO-STAGE-HBB-RESP-v1","V4-TARGET-RESPONDENT-WEIGHTED-v1",0.493159837818277,0.470076221909826,0.0230836159084513,0.42436973761775,0.569841117090034,0.497105427353892,0.145471379472284,0.0346056112598186,TRUE,199,199,0,"OK","P14-C004",20,20,488,0.05,"swmdk_like","strong","near_knot",10,29,0.233801508532444,0.00409836065573776,0,0.0739999999999998
"V4-SENS-TWO-STAGE-HBB-CLUSTER-v1","V4-TARGET-EQUAL-CLUSTER-v1",0.493395489010805,0.470076221909826,0.0233192671009796,0.429207696569931,0.565726765246232,0.497467230908082,0.136519068676301,0.0348086588232562,TRUE,199,199,0,"OK","P14-C004",20,20,488,0.05,"swmdk_like","strong","near_knot",10,29,0.233801508532444,0.00409836065573776,0,0.0739999999999998
"V4-CMP-ONE-STAGE-CLUSTER-BB-RESP-v1","V4-TARGET-RESPONDENT-WEIGHTED-v1",0.493159837818277,0.470076221909826,0.0230836159084513,0.460671559710906,0.519811581314972,0.490241570512939,0.0591400216040656,0.0151450111480087,TRUE,199,199,0,"OK","P14-C004",20,20,488,0.05,"swmdk_like","strong","near_knot",10,29,0.233801508532444,0.00409836065573776,0,0.0739999999999998
"V4-CMP-IID-RESP-BB-v1","WORKING-INDEPENDENCE-RESPONDENT",0.493159837818277,0.470076221909826,0.0230836159084513,0.455142708951205,0.540654501702153,0.497898605326679,0.085511792750948,0.0229533512593679,TRUE,199,199,0,"OK","P14-C004",20,20,488,0.05,"swmdk_like","strong","near_knot",10,29,0.233801508532444,0.00409836065573776,0,0.0739999999999998
"V4-CMP-TWO-STAGE-FREQ-BOOT-RESP-v1","V4-TARGET-RESPONDENT-WEIGHTED-v1",0.493159837818277,0.470076221909826,0.0230836159084513,0.43948648887292,0.543933795966577,0.491710142419748,0.104447307093657,0.0277340899871216,TRUE,199,199,0,"OK","P14-C004",20,20,488,0.05,"swmdk_like","strong","near_knot",10,29,0.233801508532444,0.00409836065573776,0,0.0739999999999998
"V4-CMP-MOKKEN-TWOLEVEL-DELTA-v1","V4-TARGET-RESPONDENT-WEIGHTED-v1",0.493159837818286,0.470076221909826,0.0230836159084598,0.441926654332014,0.544393021304557,0.493159837818286,0.102466366972544,0.0261398596557858,TRUE,,,0,"OK","P14-C004",20,20,488,0.05,"swmdk_like","strong","near_knot",10,29,0.233801508532444,0.00409836065573776,0,0.0739999999999998
"V4-PRI-TWO-STAGE-HBB-RESP-v1","V4-TARGET-RESPONDENT-WEIGHTED-v1",0.455432451970099,0.470076221909826,-0.0146437699397267,0.369799656281478,0.529753144761143,0.449776400521311,0.159953488479665,0.0403927555424773,TRUE,199,199,0,"OK","P14-C004",21,20,422,0.05,"swmdk_like","strong","near_knot",5,28,0.0633619972290791,0.00236966824644552,0,0.0679999999999996
"V4-SENS-TWO-STAGE-HBB-CLUSTER-v1","V4-TARGET-EQUAL-CLUSTER-v1",0.46358362722566,0.470076221909826,-0.00649259468416619,0.374873453798496,0.558876338071544,0.46687489593502,0.184002884273048,0.0418865695663071,TRUE,199,199,0,"OK","P14-C004",21,20,422,0.05,"swmdk_like","strong","near_knot",5,28,0.0633619972290791,0.00236966824644552,0,0.0679999999999996
"V4-CMP-ONE-STAGE-CLUSTER-BB-RESP-v1","V4-TARGET-RESPONDENT-WEIGHTED-v1",0.455432451970099,0.470076221909826,-0.0146437699397267,0.403288765324845,0.497720666950385,0.450504716137615,0.0944319016255402,0.022087916425999,TRUE,199,199,0,"OK","P14-C004",21,20,422,0.05,"swmdk_like","strong","near_knot",5,28,0.0633619972290791,0.00236966824644552,0,0.0679999999999996
"V4-CMP-IID-RESP-BB-v1","WORKING-INDEPENDENCE-RESPONDENT",0.455432451970099,0.470076221909826,-0.0146437699397267,0.402757550684543,0.505133469878755,0.453945510281649,0.102375919194212,0.0262062777170738,TRUE,199,199,0,"OK","P14-C004",21,20,422,0.05,"swmdk_like","strong","near_knot",5,28,0.0633619972290791,0.00236966824644552,0,0.0679999999999996
"V4-CMP-TWO-STAGE-FREQ-BOOT-RESP-v1","V4-TARGET-RESPONDENT-WEIGHTED-v1",0.455432451970099,0.470076221909826,-0.0146437699397267,0.39561408048205,0.522544251629961,0.459079166056006,0.12693017114791,0.0314362724092862,TRUE,199,199,0,"OK","P14-C004",21,20,422,0.05,"swmdk_like","strong","near_knot",5,28,0.0633619972290791,0.00236966824644552,0,0.0679999999999996
"V4-CMP-MOKKEN-TWOLEVEL-DELTA-v1","V4-TARGET-RESPONDENT-WEIGHTED-v1",0.455432451970103,0.470076221909826,-0.0146437699397224,0.399513782856656,0.51135112108355,0.455432451970103,0.111837338226894,0.0285304574749977,TRUE,,,0,"OK","P14-C004",21,20,422,0.05,"swmdk_like","strong","near_knot",5,28,0.0633619972290791,0.00236966824644552,0,0.0679999999999996
"V4-PRI-TWO-STAGE-HBB-RESP-v1","V4-TARGET-RESPONDENT-WEIGHTED-v1",0.43562295680767,0.470076221909826,-0.0344532651021559,0.368336793302272,0.517817945236884,0.443077369269578,0.149481151934612,0.0391543539755055,TRUE,199,199,0,"OK","P14-C004",22,20,373,0.05,"swmdk_like","strong","near_knot",5,28,-0.117212618147607,0.00268096514745308,0,0.0630000000000006
"V4-SENS-TWO-STAGE-HBB-CLUSTER-v1","V4-TARGET-EQUAL-CLUSTER-v1",0.433093658929658,0.470076221909826,-0.0369825629801676,0.346487664550408,0.522377194536059,0.434432429543233,0.17588952998565,0.0468332827877838,TRUE,199,199,0,"OK","P14-C004",22,20,373,0.05,"swmdk_like","strong","near_knot",5,28,-0.117212618147607,0.00268096514745308,0,0.0630000000000006
"V4-CMP-ONE-STAGE-CLUSTER-BB-RESP-v1","V4-TARGET-RESPONDENT-WEIGHTED-v1",0.43562295680767,0.470076221909826,-0.0344532651021559,0.398831263135018,0.471401394455613,0.435116328795316,0.0725701313205954,0.0195442830814272,TRUE,199,199,0,"OK","P14-C004",22,20,373,0.05,"swmdk_like","strong","near_knot",5,28,-0.117212618147607,0.00268096514745308,0,0.0630000000000006
"V4-CMP-IID-RESP-BB-v1","WORKING-INDEPENDENCE-RESPONDENT",0.43562295680767,0.470076221909826,-0.0344532651021559,0.385079323821776,0.487872230812725,0.436475777317251,0.102792906990949,0.0276626638411047,TRUE,199,199,0,"OK","P14-C004",22,20,373,0.05,"swmdk_like","strong","near_knot",5,28,-0.117212618147607,0.00268096514745308,0,0.0630000000000006
"V4-CMP-TWO-STAGE-FREQ-BOOT-RESP-v1","V4-TARGET-RESPONDENT-WEIGHTED-v1",0.43562295680767,0.470076221909826,-0.0344532651021559,0.380530383041468,0.502355428488398,0.441442905764933,0.12182504544693,0.0314172791453423,TRUE,199,199,0,"OK","P14-C004",22,20,373,0.05,"swmdk_like","strong","near_knot",5,28,-0.117212618147607,0.00268096514745308,0,0.0630000000000006
"V4-CMP-MOKKEN-TWOLEVEL-DELTA-v1","V4-TARGET-RESPONDENT-WEIGHTED-v1",0.435622956807673,0.470076221909826,-0.0344532651021525,0.381332456340105,0.489913457275242,0.435622956807673,0.108581000935137,0.0276997439217277,TRUE,,,0,"OK","P14-C004",22,20,373,0.05,"swmdk_like","strong","near_knot",5,28,-0.117212618147607,0.00268096514745308,0,0.0630000000000006
"V4-PRI-TWO-STAGE-HBB-RESP-v1","V4-TARGET-RESPONDENT-WEIGHTED-v1",0.476357502251032,0.470076221909826,0.00628128034120579,0.398679887095419,0.557247565716248,0.477963726405834,0.158567678620829,0.0406364988804855,TRUE,199,199,0,"OK","P14-C004",23,20,464,0.05,"swmdk_like","strong","near_knot",10,29,-0.0619035263993682,0.00431034482758608,0,0.0730000000000004
"V4-SENS-TWO-STAGE-HBB-CLUSTER-v1","V4-TARGET-EQUAL-CLUSTER-v1",0.477314825548537,0.470076221909826,0.00723860363871098,0.400655078047778,0.557837878537605,0.479246478292692,0.157182800489827,0.0374380877030744,TRUE,199,199,0,"OK","P14-C004",23,20,464,0.05,"swmdk_like","strong","near_knot",10,29,-0.0619035263993682,0.00431034482758608,0,0.0730000000000004
"V4-CMP-ONE-STAGE-CLUSTER-BB-RESP-v1","V4-TARGET-RESPONDENT-WEIGHTED-v1",0.476357502251032,0.470076221909826,0.00628128034120579,0.418029923824783,0.525940276728505,0.471985100276644,0.107910352903721,0.0259570993893666,TRUE,199,199,0,"OK","P14-C004",23,20,464,0.05,"swmdk_like","strong","near_knot",10,29,-0.0619035263993682,0.00431034482758608,0,0.0730000000000004
"V4-CMP-IID-RESP-BB-v1","WORKING-INDEPENDENCE-RESPONDENT",0.476357502251032,0.470076221909826,0.00628128034120579,0.43143552881301,0.522251300924684,0.476843414868847,0.0908157721116735,0.0244339747754516,TRUE,199,199,0,"OK","P14-C004",23,20,464,0.05,"swmdk_like","strong","near_knot",10,29,-0.0619035263993682,0.00431034482758608,0,0.0730000000000004
"V4-CMP-TWO-STAGE-FREQ-BOOT-RESP-v1","V4-TARGET-RESPONDENT-WEIGHTED-v1",0.476357502251032,0.470076221909826,0.00628128034120579,0.40276986132305,0.544864451957575,0.473817156640313,0.142094590634525,0.0370167168802098,TRUE,199,199,0,"OK","P14-C004",23,20,464,0.05,"swmdk_like","strong","near_knot",10,29,-0.0619035263993682,0.00431034482758608,0,0.0730000000000004
"V4-CMP-MOKKEN-TWOLEVEL-DELTA-v1","V4-TARGET-RESPONDENT-WEIGHTED-v1",0.476357502251022,0.470076221909826,0.00628128034119618,0.410509305532285,0.542205698969758,0.476357502251022,0.131696393437473,0.0335966360801212,TRUE,,,0,"OK","P14-C004",23,20,464,0.05,"swmdk_like","strong","near_knot",10,29,-0.0619035263993682,0.00431034482758608,0,0.0730000000000004
"V4-PRI-TWO-STAGE-HBB-RESP-v1","V4-TARGET-RESPONDENT-WEIGHTED-v1",0.461552782071,0.470076221909826,-0.00852343983882614,0.384976879396462,0.559352278706342,0.472164579051402,0.17437539930988,0.043562035368506,TRUE,199,199,0,"OK","P14-C004",24,20,425,0.05,"swmdk_like","strong","near_knot",5,29,-0.116858461142324,0,1,0.0679999999999996
"V4-SENS-TWO-STAGE-HBB-CLUSTER-v1","V4-TARGET-EQUAL-CLUSTER-v1",0.450061060222717,0.470076221909826,-0.020015161687109,0.359486537759156,0.5387795124651,0.449133025112128,0.179292974705944,0.0449045989678464,TRUE,199,199,0,"OK","P14-C004",24,20,425,0.05,"swmdk_like","strong","near_knot",5,29,-0.116858461142324,0,1,0.0679999999999996
"V4-CMP-ONE-STAGE-CLUSTER-BB-RESP-v1","V4-TARGET-RESPONDENT-WEIGHTED-v1",0.461552782071,0.470076221909826,-0.00852343983882614,0.408549092904689,0.51570845578527,0.462128774344979,0.10715936288058,0.0287418507343293,TRUE,199,199,0,"OK","P14-C004",24,20,425,0.05,"swmdk_like","strong","near_knot",5,29,-0.116858461142324,0,1,0.0679999999999996
"V4-CMP-IID-RESP-BB-v1","WORKING-INDEPENDENCE-RESPONDENT",0.461552782071,0.470076221909826,-0.00852343983882614,0.418593670190984,0.5087894057011,0.463691537946042,0.0901957355101161,0.0246495547514878,TRUE,199,199,0,"OK","P14-C004",24,20,425,0.05,"swmdk_like","strong","near_knot",5,29,-0.116858461142324,0,1,0.0679999999999996
"V4-CMP-TWO-STAGE-FREQ-BOOT-RESP-v1","V4-TARGET-RESPONDENT-WEIGHTED-v1",0.461552782071,0.470076221909826,-0.00852343983882614,0.389917219951018,0.53384900903814,0.461883114494579,0.143931789087122,0.0339872094310158,TRUE,199,199,0,"OK","P14-C004",24,20,425,0.05,"swmdk_like","strong","near_knot",5,29,-0.116858461142324,0,1,0.0679999999999996
"V4-CMP-MOKKEN-TWOLEVEL-DELTA-v1","V4-TARGET-RESPONDENT-WEIGHTED-v1",0.461552782071001,0.470076221909826,-0.00852343983882492,0.400402378893501,0.5227031852485,0.461552782071001,0.122300806354999,0.0311997585975284,TRUE,,,0,"OK","P14-C004",24,20,425,0.05,"swmdk_like","strong","near_knot",5,29,-0.116858461142324,0,1,0.0679999999999996
"V4-PRI-TWO-STAGE-HBB-RESP-v1","V4-TARGET-RESPONDENT-WEIGHTED-v1",0.478079336141656,0.470076221909826,0.00800311423183042,0.39085938591701,0.542631347133407,0.466745366525209,0.151771961216396,0.038541274546854,TRUE,199,199,0,"OK","P14-C004",25,20,412,0.05,"swmdk_like","strong","near_knot",8,29,-0.185112846912235,0.00242718446601942,0,0.065999999999999
"V4-SENS-TWO-STAGE-HBB-CLUSTER-v1","V4-TARGET-EQUAL-CLUSTER-v1",0.478721842573513,0.470076221909826,0.00864562066368768,0.410048659367183,0.548169768972886,0.479109214170035,0.138121109605703,0.0369056317377046,TRUE,199,199,0,"OK","P14-C004",25,20,412,0.05,"swmdk_like","strong","near_knot",8,29,-0.185112846912235,0.00242718446601942,0,0.065999999999999
"V4-CMP-ONE-STAGE-CLUSTER-BB-RESP-v1","V4-TARGET-RESPONDENT-WEIGHTED-v1",0.478079336141656,0.470076221909826,0.00800311423183042,0.437664956655491,0.513901109348199,0.475783033001845,0.0762361526927081,0.0194794636160089,TRUE,199,199,0,"OK","P14-C004",25,20,412,0.05,"swmdk_like","strong","near_knot",8,29,-0.185112846912235,0.00242718446601942,0,0.065999999999999
"V4-CMP-IID-RESP-BB-v1","WORKING-INDEPENDENCE-RESPONDENT",0.478079336141656,0.470076221909826,0.00800311423183042,0.432557482333405,0.529646182418331,0.481101832375868,0.0970887000849255,0.0248091004656318,TRUE,199,199,0,"OK","P14-C004",25,20,412,0.05,"swmdk_like","strong","near_knot",8,29,-0.185112846912235,0.00242718446601942,0,0.065999999999999
"V4-CMP-TWO-STAGE-FREQ-BOOT-RESP-v1","V4-TARGET-RESPONDENT-WEIGHTED-v1",0.478079336141656,0.470076221909826,0.00800311423183042,0.405808569523575,0.537325714316505,0.47156714192004,0.13151714479293,0.0337785511127026,TRUE,199,199,0,"OK","P14-C004",25,20,412,0.05,"swmdk_like","strong","near_knot",8,29,-0.185112846912235,0.00242718446601942,0,0.065999999999999
"V4-CMP-MOKKEN-TWOLEVEL-DELTA-v1","V4-TARGET-RESPONDENT-WEIGHTED-v1",0.478079336141658,0.470076221909826,0.00800311423183248,0.419667053180006,0.53649161910331,0.478079336141658,0.116824565923304,0.0298027328167255,TRUE,,,0,"OK","P14-C004",25,20,412,0.05,"swmdk_like","strong","near_knot",8,29,-0.185112846912235,0.00242718446601942,0,0.065999999999999
"V4-PRI-TWO-STAGE-HBB-RESP-v1","V4-TARGET-RESPONDENT-WEIGHTED-v1",0.46664506334282,0.470076221909826,-0.00343115856700571,0.400571180787525,0.548645299045596,0.474608239916561,0.148074118258071,0.0373081857681973,TRUE,199,199,0,"OK","P14-C004",26,20,471,0.05,"swmdk_like","strong","near_knot",13,29,-0.0582598122897457,0.00212314225053079,0,0.0730000000000004
"V4-SENS-TWO-STAGE-HBB-CLUSTER-v1","V4-TARGET-EQUAL-CLUSTER-v1",0.455033595158193,0.470076221909826,-0.015042626751633,0.383320360089688,0.523831464840892,0.45357591246529,0.140511104751204,0.036746168997064,TRUE,199,199,0,"OK","P14-C004",26,20,471,0.05,"swmdk_like","strong","near_knot",13,29,-0.0582598122897457,0.00212314225053079,0,0.0730000000000004
"V4-CMP-ONE-STAGE-CLUSTER-BB-RESP-v1","V4-TARGET-RESPONDENT-WEIGHTED-v1",0.46664506334282,0.470076221909826,-0.00343115856700571,0.429531142586075,0.501596312131908,0.465563727358992,0.0720651695458326,0.0169784242019625,TRUE,199,199,0,"OK","P14-C004",26,20,471,0.05,"swmdk_like","strong","near_knot",13,29,-0.0582598122897457,0.00212314225053079,0,0.0730000000000004
"V4-CMP-IID-RESP-BB-v1","WORKING-INDEPENDENCE-RESPONDENT",0.46664506334282,0.470076221909826,-0.00343115856700571,0.422643519633338,0.516975879345908,0.469809699489623,0.0943323597125696,0.0233690381583972,TRUE,199,199,0,"OK","P14-C004",26,20,471,0.05,"swmdk_like","strong","near_knot",13,29,-0.0582598122897457,0.00212314225053079,0,0.0730000000000004
"V4-CMP-TWO-STAGE-FREQ-BOOT-RESP-v1","V4-TARGET-RESPONDENT-WEIGHTED-v1",0.46664506334282,0.470076221909826,-0.00343115856700571,0.411841323191911,0.520838160458294,0.466339741825103,0.108996837266383,0.0283897899392035,TRUE,199,199,0,"OK","P14-C004",26,20,471,0.05,"swmdk_like","strong","near_knot",13,29,-0.0582598122897457,0.00212314225053079,0,0.0730000000000004
"V4-CMP-MOKKEN-TWOLEVEL-DELTA-v1","V4-TARGET-RESPONDENT-WEIGHTED-v1",0.466645063342817,0.470076221909826,-0.0034311585670091,0.411107476983661,0.522182649701972,0.466645063342817,0.111075172718311,0.0283360239255562,TRUE,,,0,"OK","P14-C004",26,20,471,0.05,"swmdk_like","strong","near_knot",13,29,-0.0582598122897457,0.00212314225053079,0,0.0730000000000004
"V4-PRI-TWO-STAGE-HBB-RESP-v1","V4-TARGET-RESPONDENT-WEIGHTED-v1",0.457027609839113,0.470076221909826,-0.0130486120707124,0.384611366481181,0.526776815968585,0.455694091224883,0.142165449487403,0.0363584595504614,TRUE,199,199,0,"OK","P14-C004",27,20,439,0.05,"swmdk_like","strong","near_knot",5,29,-0.110988707964779,0.00683371298405466,0,0.0690000000000008
"V4-SENS-TWO-STAGE-HBB-CLUSTER-v1","V4-TARGET-EQUAL-CLUSTER-v1",0.46697934251743,0.470076221909826,-0.00309687939239567,0.384788342678239,0.566785481405644,0.475786912041941,0.181997138727405,0.0433344973214543,TRUE,199,199,0,"OK","P14-C004",27,20,439,0.05,"swmdk_like","strong","near_knot",5,29,-0.110988707964779,0.00683371298405466,0,0.0690000000000008
"V4-CMP-ONE-STAGE-CLUSTER-BB-RESP-v1","V4-TARGET-RESPONDENT-WEIGHTED-v1",0.457027609839113,0.470076221909826,-0.0130486120707124,0.419092219168838,0.510802552538307,0.464947385853573,0.0917103333694697,0.0244414825039869,TRUE,199,199,0,"OK","P14-C004",27,20,439,0.05,"swmdk_like","strong","near_knot",5,29,-0.110988707964779,0.00683371298405466,0,0.0690000000000008
"V4-CMP-IID-RESP-BB-v1","WORKING-INDEPENDENCE-RESPONDENT",0.457027609839113,0.470076221909826,-0.0130486120707124,0.413975881053757,0.506546382836553,0.460261131945155,0.0925705017827951,0.0232629840126599,TRUE,199,199,0,"OK","P14-C004",27,20,439,0.05,"swmdk_like","strong","near_knot",5,29,-0.110988707964779,0.00683371298405466,0,0.0690000000000008
"V4-CMP-TWO-STAGE-FREQ-BOOT-RESP-v1","V4-TARGET-RESPONDENT-WEIGHTED-v1",0.457027609839113,0.470076221909826,-0.0130486120707124,0.386558440689705,0.520527560992213,0.453543000840959,0.133969120302508,0.0305971798953186,TRUE,199,199,0,"OK","P14-C004",27,20,439,0.05,"swmdk_like","strong","near_knot",5,29,-0.110988707964779,0.00683371298405466,0,0.0690000000000008
"V4-CMP-MOKKEN-TWOLEVEL-DELTA-v1","V4-TARGET-RESPONDENT-WEIGHTED-v1",0.457027609839117,0.470076221909826,-0.0130486120707091,0.403759345309122,0.510295874369112,0.457027609839117,0.10653652905999,0.0271781853902257,TRUE,,,0,"OK","P14-C004",27,20,439,0.05,"swmdk_like","strong","near_knot",5,29,-0.110988707964779,0.00683371298405466,0,0.0690000000000008
"V4-PRI-TWO-STAGE-HBB-RESP-v1","V4-TARGET-RESPONDENT-WEIGHTED-v1",0.450187203066609,0.470076221909826,-0.019889018843217,0.375727703680897,0.53431501268404,0.455021358182469,0.158587309003144,0.0398388946862884,TRUE,199,199,0,"OK","P14-C004",28,20,413,0.05,"swmdk_like","strong","near_knot",8,29,-0.0924627618595249,0.00242130750605329,0,0.0679999999999996
"V4-SENS-TWO-STAGE-HBB-CLUSTER-v1","V4-TARGET-EQUAL-CLUSTER-v1",0.439485362475079,0.470076221909826,-0.0305908594347467,0.357194990319148,0.522079309838727,0.439637150078938,0.16488431951958,0.042653165309455,TRUE,199,199,0,"OK","P14-C004",28,20,413,0.05,"swmdk_like","strong","near_knot",8,29,-0.0924627618595249,0.00242130750605329,0,0.0679999999999996
"V4-CMP-ONE-STAGE-CLUSTER-BB-RESP-v1","V4-TARGET-RESPONDENT-WEIGHTED-v1",0.450187203066609,0.470076221909826,-0.019889018843217,0.407765403224571,0.494601709992537,0.451183556608554,0.0868363067679663,0.0201829270761366,TRUE,199,199,0,"OK","P14-C004",28,20,413,0.05,"swmdk_like","strong","near_knot",8,29,-0.0924627618595249,0.00242130750605329,0,0.0679999999999996
"V4-CMP-IID-RESP-BB-v1","WORKING-INDEPENDENCE-RESPONDENT",0.450187203066609,0.470076221909826,-0.019889018843217,0.39558577897493,0.493756364192231,0.44467107158358,0.0981705852173007,0.0269150949902092,TRUE,199,199,0,"OK","P14-C004",28,20,413,0.05,"swmdk_like","strong","near_knot",8,29,-0.0924627618595249,0.00242130750605329,0,0.0679999999999996
"V4-CMP-TWO-STAGE-FREQ-BOOT-RESP-v1","V4-TARGET-RESPONDENT-WEIGHTED-v1",0.450187203066609,0.470076221909826,-0.019889018843217,0.389740945345843,0.515353568570845,0.452547256958344,0.125612623225002,0.0330601108767496,TRUE,199,199,0,"OK","P14-C004",28,20,413,0.05,"swmdk_like","strong","near_knot",8,29,-0.0924627618595249,0.00242130750605329,0,0.0679999999999996
"V4-CMP-MOKKEN-TWOLEVEL-DELTA-v1","V4-TARGET-RESPONDENT-WEIGHTED-v1",0.450187203066603,0.470076221909826,-0.019889018843223,0.393049353867999,0.507325052265207,0.450187203066603,0.114275698397208,0.0291524995608594,TRUE,,,0,"OK","P14-C004",28,20,413,0.05,"swmdk_like","strong","near_knot",8,29,-0.0924627618595249,0.00242130750605329,0,0.0679999999999996
"V4-PRI-TWO-STAGE-HBB-RESP-v1","V4-TARGET-RESPONDENT-WEIGHTED-v1",0.488060698693962,0.470076221909826,0.0179844767841362,0.422806177162677,0.56108635729525,0.491946267228963,0.138280180132573,0.0353074882637159,TRUE,199,199,0,"OK","P14-C004",29,20,435,0.05,"swmdk_like","strong","near_knot",8,29,0.141191817970251,0.00689655172413772,0,0.0670000000000002
"V4-SENS-TWO-STAGE-HBB-CLUSTER-v1","V4-TARGET-EQUAL-CLUSTER-v1",0.491137027548202,0.470076221909826,0.0210608056383761,0.42220305556487,0.570642675558876,0.496422865561873,0.148439619994006,0.0381442227991722,TRUE,199,199,0,"OK","P14-C004",29,20,435,0.05,"swmdk_like","strong","near_knot",8,29,0.141191817970251,0.00689655172413772,0,0.0670000000000002
"V4-CMP-ONE-STAGE-CLUSTER-BB-RESP-v1","V4-TARGET-RESPONDENT-WEIGHTED-v1",0.488060698693962,0.470076221909826,0.0179844767841362,0.459264383864574,0.528969907903759,0.494117145884166,0.0697055240391847,0.0168766871771589,TRUE,199,199,0,"OK","P14-C004",29,20,435,0.05,"swmdk_like","strong","near_knot",8,29,0.141191817970251,0.00689655172413772,0,0.0670000000000002
"V4-CMP-IID-RESP-BB-v1","WORKING-INDEPENDENCE-RESPONDENT",0.488060698693962,0.470076221909826,0.0179844767841362,0.443479957369838,0.529956598876839,0.486718278123338,0.086476641507001,0.0234734993758639,TRUE,199,199,0,"OK","P14-C004",29,20,435,0.05,"swmdk_like","strong","near_knot",8,29,0.141191817970251,0.00689655172413772,0,0.0670000000000002
"V4-CMP-TWO-STAGE-FREQ-BOOT-RESP-v1","V4-TARGET-RESPONDENT-WEIGHTED-v1",0.488060698693962,0.470076221909826,0.0179844767841362,0.426175633347271,0.547490904542142,0.486833268944706,0.121315271194871,0.029331162100752,TRUE,199,199,0,"OK","P14-C004",29,20,435,0.05,"swmdk_like","strong","near_knot",8,29,0.141191817970251,0.00689655172413772,0,0.0670000000000002
"V4-CMP-MOKKEN-TWOLEVEL-DELTA-v1","V4-TARGET-RESPONDENT-WEIGHTED-v1",0.488060698693953,0.470076221909826,0.0179844767841271,0.433259041292168,0.542862356095737,0.488060698693953,0.109603314803569,0.027960543068165,TRUE,,,0,"OK","P14-C004",29,20,435,0.05,"swmdk_like","strong","near_knot",8,29,0.141191817970251,0.00689655172413772,0,0.0670000000000002
"V4-PRI-TWO-STAGE-HBB-RESP-v1","V4-TARGET-RESPONDENT-WEIGHTED-v1",0.470708708074162,0.470076221909826,0.000632486164336199,0.401906303766742,0.534841161338316,0.468373732552529,0.132934857571574,0.0336582169200858,TRUE,199,199,0,"OK","P14-C004",30,20,471,0.05,"swmdk_like","strong","near_knot",13,29,-0.48929184306888,0.00212314225053079,0,0.0739999999999998
"V4-SENS-TWO-STAGE-HBB-CLUSTER-v1","V4-TARGET-EQUAL-CLUSTER-v1",0.461701787200371,0.470076221909826,-0.00837443470945426,0.394703998109844,0.540105288414078,0.467404643261961,0.145401290304234,0.0377688844198865,TRUE,199,199,0,"OK","P14-C004",30,20,471,0.05,"swmdk_like","strong","near_knot",13,29,-0.48929184306888,0.00212314225053079,0,0.0739999999999998
"V4-CMP-ONE-STAGE-CLUSTER-BB-RESP-v1","V4-TARGET-RESPONDENT-WEIGHTED-v1",0.470708708074162,0.470076221909826,0.000632486164336199,0.43776566570158,0.513804877170923,0.475785271436252,0.076039211469343,0.0198249263910234,TRUE,199,199,0,"OK","P14-C004",30,20,471,0.05,"swmdk_like","strong","near_knot",13,29,-0.48929184306888,0.00212314225053079,0,0.0739999999999998
"V4-CMP-IID-RESP-BB-v1","WORKING-INDEPENDENCE-RESPONDENT",0.470708708074162,0.470076221909826,0.000632486164336199,0.418643722639783,0.514559805728585,0.466601764184184,0.0959160830888021,0.0241688669792388,TRUE,199,199,0,"OK","P14-C004",30,20,471,0.05,"swmdk_like","strong","near_knot",13,29,-0.48929184306888,0.00212314225053079,0,0.0739999999999998
"V4-CMP-TWO-STAGE-FREQ-BOOT-RESP-v1","V4-TARGET-RESPONDENT-WEIGHTED-v1",0.470708708074162,0.470076221909826,0.000632486164336199,0.407071717801437,0.523818850810024,0.46544528430573,0.116747133008587,0.0292467610296306,TRUE,199,199,0,"OK","P14-C004",30,20,471,0.05,"swmdk_like","strong","near_knot",13,29,-0.48929184306888,0.00212314225053079,0,0.0739999999999998
"V4-CMP-MOKKEN-TWOLEVEL-DELTA-v1","V4-TARGET-RESPONDENT-WEIGHTED-v1",0.470708708074159,0.470076221909826,0.000632486164332813,0.415359100842876,0.526058315305441,0.470708708074159,0.110699214462564,0.0282401144448943,TRUE,,,0,"OK","P14-C004",30,20,471,0.05,"swmdk_like","strong","near_knot",13,29,-0.48929184306888,0.00212314225053079,0,0.0739999999999998
"V4-PRI-TWO-STAGE-HBB-RESP-v1","V4-TARGET-RESPONDENT-WEIGHTED-v1",0.485933456967305,0.470076221909826,0.0158572350574797,0.385960250988942,0.567532253103428,0.476746252046185,0.181572002114486,0.0468414140666855,TRUE,199,199,0,"OK","P14-C004",31,20,428,0.05,"swmdk_like","strong","near_knot",5,29,-0.0423153532995159,0.00233644859813081,0,0.0679999999999996
"V4-SENS-TWO-STAGE-HBB-CLUSTER-v1","V4-TARGET-EQUAL-CLUSTER-v1",0.501151349093288,0.470076221909826,0.031075127183462,0.403240673848097,0.598813708623211,0.501027191235654,0.195573034775114,0.0500705417787387,TRUE,199,199,0,"OK","P14-C004",31,20,428,0.05,"swmdk_like","strong","near_knot",5,29,-0.0423153532995159,0.00233644859813081,0,0.0679999999999996
"V4-CMP-ONE-STAGE-CLUSTER-BB-RESP-v1","V4-TARGET-RESPONDENT-WEIGHTED-v1",0.485933456967305,0.470076221909826,0.0158572350574797,0.423008511641136,0.574368932115198,0.498688721878167,0.151360420474062,0.0385493197445389,TRUE,199,199,0,"OK","P14-C004",31,20,428,0.05,"swmdk_like","strong","near_knot",5,29,-0.0423153532995159,0.00233644859813081,0,0.0679999999999996
"V4-CMP-IID-RESP-BB-v1","WORKING-INDEPENDENCE-RESPONDENT",0.485933456967305,0.470076221909826,0.0158572350574797,0.440401273755171,0.541733491053316,0.491067382404244,0.101332217298145,0.0256533020123716,TRUE,199,199,0,"OK","P14-C004",31,20,428,0.05,"swmdk_like","strong","near_knot",5,29,-0.0423153532995159,0.00233644859813081,0,0.0679999999999996
"V4-CMP-TWO-STAGE-FREQ-BOOT-RESP-v1","V4-TARGET-RESPONDENT-WEIGHTED-v1",0.485933456967305,0.470076221909826,0.0158572350574797,0.399063599361673,0.567627918067449,0.483345758714561,0.168564318705775,0.0434522607667921,TRUE,199,199,0,"OK","P14-C004",31,20,428,0.05,"swmdk_like","strong","near_knot",5,29,-0.0423153532995159,0.00233644859813081,0,0.0679999999999996
"V4-CMP-MOKKEN-TWOLEVEL-DELTA-v1","V4-TARGET-RESPONDENT-WEIGHTED-v1",0.485933456967299,0.470076221909826,0.0158572350574732,0.414771221819223,0.557095692115375,0.485933456967299,0.142324470296152,0.036307929997385,TRUE,,,0,"OK","P14-C004",31,20,428,0.05,"swmdk_like","strong","near_knot",5,29,-0.0423153532995159,0.00233644859813081,0,0.0679999999999996
"V4-PRI-TWO-STAGE-HBB-RESP-v1","V4-TARGET-RESPONDENT-WEIGHTED-v1",0.487903000248479,0.470076221909826,0.0178267783386528,0.42367641891368,0.566998221396342,0.495337320155011,0.143321802482662,0.0365883467278083,TRUE,199,199,0,"OK","P14-C004",32,20,419,0.05,"swmdk_like","strong","near_knot",8,29,0.0172491967662559,0.00238663484486867,0,0.0679999999999996
"V4-SENS-TWO-STAGE-HBB-CLUSTER-v1","V4-TARGET-EQUAL-CLUSTER-v1",0.486078734941076,0.470076221909826,0.0160025130312499,0.41780190810472,0.565969273919108,0.491885591011914,0.148167365814388,0.0364381821818286,TRUE,199,199,0,"OK","P14-C004",32,20,419,0.05,"swmdk_like","strong","near_knot",8,29,0.0172491967662559,0.00238663484486867,0,0.0679999999999996
"V4-CMP-ONE-STAGE-CLUSTER-BB-RESP-v1","V4-TARGET-RESPONDENT-WEIGHTED-v1",0.487903000248479,0.470076221909826,0.0178267783386528,0.446060679578766,0.524022664336259,0.485041671957512,0.0779619847574926,0.0197579114664894,TRUE,199,199,0,"OK","P14-C004",32,20,419,0.05,"swmdk_like","strong","near_knot",8,29,0.0172491967662559,0.00238663484486867,0,0.0679999999999996
"V4-CMP-IID-RESP-BB-v1","WORKING-INDEPENDENCE-RESPONDENT",0.487903000248479,0.470076221909826,0.0178267783386528,0.442026733353598,0.536330647891717,0.489178690622658,0.0943039145381184,0.0238565445009151,TRUE,199,199,0,"OK","P14-C004",32,20,419,0.05,"swmdk_like","strong","near_knot",8,29,0.0172491967662559,0.00238663484486867,0,0.0679999999999996
"V4-CMP-TWO-STAGE-FREQ-BOOT-RESP-v1","V4-TARGET-RESPONDENT-WEIGHTED-v1",0.487903000248479,0.470076221909826,0.0178267783386528,0.424654851274501,0.543892556422607,0.484273703848554,0.119237705148105,0.0297089364189889,TRUE,199,199,0,"OK","P14-C004",32,20,419,0.05,"swmdk_like","strong","near_knot",8,29,0.0172491967662559,0.00238663484486867,0,0.0679999999999996
"V4-CMP-MOKKEN-TWOLEVEL-DELTA-v1","V4-TARGET-RESPONDENT-WEIGHTED-v1",0.48790300024847,0.470076221909826,0.017826778338644,0.432505745839318,0.543300254657622,0.48790300024847,0.110794508818304,0.0282644246762279,TRUE,,,0,"OK","P14-C004",32,20,419,0.05,"swmdk_like","strong","near_knot",8,29,0.0172491967662559,0.00238663484486867,0,0.0679999999999996
"V4-PRI-TWO-STAGE-HBB-RESP-v1","V4-TARGET-RESPONDENT-WEIGHTED-v1",0.489977165060206,0.470076221909826,0.0199009431503804,0.406112320424896,0.575475035067475,0.490793677746185,0.169362714642579,0.0417649208461367,TRUE,199,199,0,"OK","P14-C004",33,20,419,0.05,"swmdk_like","strong","near_knot",8,29,-0.291037727636063,0,1,0.0670000000000002
"V4-SENS-TWO-STAGE-HBB-CLUSTER-v1","V4-TARGET-EQUAL-CLUSTER-v1",0.4889839822208,0.470076221909826,0.0189077603109744,0.404815817835451,0.582837909916381,0.493826863875916,0.17802209208093,0.0454322811865784,TRUE,199,199,0,"OK","P14-C004",33,20,419,0.05,"swmdk_like","strong","near_knot",8,29,-0.291037727636063,0,1,0.0670000000000002
"V4-CMP-ONE-STAGE-CLUSTER-BB-RESP-v1","V4-TARGET-RESPONDENT-WEIGHTED-v1",0.489977165060206,0.470076221909826,0.0199009431503804,0.441835236822676,0.54136429779297,0.491599767307823,0.0995290609702938,0.0265105743198856,TRUE,199,199,0,"OK","P14-C004",33,20,419,0.05,"swmdk_like","strong","near_knot",8,29,-0.291037727636063,0,1,0.0670000000000002
"V4-CMP-IID-RESP-BB-v1","WORKING-INDEPENDENCE-RESPONDENT",0.489977165060206,0.470076221909826,0.0199009431503804,0.438685543361434,0.540649157566947,0.489667350464191,0.101963614205513,0.0255746922814332,TRUE,199,199,0,"OK","P14-C004",33,20,419,0.05,"swmdk_like","strong","near_knot",8,29,-0.291037727636063,0,1,0.0670000000000002
"V4-CMP-TWO-STAGE-FREQ-BOOT-RESP-v1","V4-TARGET-RESPONDENT-WEIGHTED-v1",0.489977165060206,0.470076221909826,0.0199009431503804,0.411846363991572,0.565647348584873,0.488746856288223,0.153800984593301,0.0390608393079022,TRUE,199,199,0,"OK","P14-C004",33,20,419,0.05,"swmdk_like","strong","near_knot",8,29,-0.291037727636063,0,1,0.0670000000000002
"V4-CMP-MOKKEN-TWOLEVEL-DELTA-v1","V4-TARGET-RESPONDENT-WEIGHTED-v1",0.489977165060198,0.470076221909826,0.0199009431503719,0.4242089694539,0.555745360666495,0.489977165060198,0.131536391212594,0.0335558184359857,TRUE,,,0,"OK","P14-C004",33,20,419,0.05,"swmdk_like","strong","near_knot",8,29,-0.291037727636063,0,1,0.0670000000000002
"V4-PRI-TWO-STAGE-HBB-RESP-v1","V4-TARGET-RESPONDENT-WEIGHTED-v1",0.464930846851899,0.470076221909826,-0.005145375057927,0.389765248722035,0.532323733554649,0.461044491138342,0.142558484832614,0.0371235438170919,TRUE,199,199,0,"OK","P14-C004",34,20,429,0.05,"swmdk_like","strong","near_knot",5,29,-0.0474287113688355,0,1,0.0690000000000008
"V4-SENS-TWO-STAGE-HBB-CLUSTER-v1","V4-TARGET-EQUAL-CLUSTER-v1",0.470695638854408,0.470076221909826,0.000619416944582063,0.389072951283307,0.544952793591655,0.467012872437481,0.155879842308348,0.0400055945701751,TRUE,199,199,0,"OK","P14-C004",34,20,429,0.05,"swmdk_like","strong","near_knot",5,29,-0.0474287113688355,0,1,0.0690000000000008
"V4-CMP-ONE-STAGE-CLUSTER-BB-RESP-v1","V4-TARGET-RESPONDENT-WEIGHTED-v1",0.464930846851899,0.470076221909826,-0.005145375057927,0.420514759360337,0.501724555128793,0.461119657244565,0.0812097957684561,0.0193950100300536,TRUE,199,199,0,"OK","P14-C004",34,20,429,0.05,"swmdk_like","strong","near_knot",5,29,-0.0474287113688355,0,1,0.0690000000000008
"V4-CMP-IID-RESP-BB-v1","WORKING-INDEPENDENCE-RESPONDENT",0.464930846851899,0.470076221909826,-0.005145375057927,0.406897291547924,0.516581376914623,0.461739334231273,0.109684085366699,0.027102833651273,TRUE,199,199,0,"OK","P14-C004",34,20,429,0.05,"swmdk_like","strong","near_knot",5,29,-0.0474287113688355,0,1,0.0690000000000008
"V4-CMP-TWO-STAGE-FREQ-BOOT-RESP-v1","V4-TARGET-RESPONDENT-WEIGHTED-v1",0.464930846851899,0.470076221909826,-0.005145375057927,0.404292724995252,0.523199821346891,0.463746273171071,0.11890709635164,0.0315179439241176,TRUE,199,199,0,"OK","P14-C004",34,20,429,0.05,"swmdk_like","strong","near_knot",5,29,-0.0474287113688355,0,1,0.0690000000000008
"V4-CMP-MOKKEN-TWOLEVEL-DELTA-v1","V4-TARGET-RESPONDENT-WEIGHTED-v1",0.464930846851893,0.470076221909826,-0.00514537505793294,0.411698191970052,0.518163501733733,0.464930846851893,0.106465309763681,0.0271600168685409,TRUE,,,0,"OK","P14-C004",34,20,429,0.05,"swmdk_like","strong","near_knot",5,29,-0.0474287113688355,0,1,0.0690000000000008
"V4-PRI-TWO-STAGE-HBB-RESP-v1","V4-TARGET-RESPONDENT-WEIGHTED-v1",0.454225685703883,0.470076221909826,-0.0158505362059428,0.370659163889632,0.534895831124988,0.45277749750731,0.164236667235357,0.042515481552342,TRUE,199,199,0,"OK","P14-C004",35,20,428,0.05,"swmdk_like","strong","near_knot",5,28,0.0547019345177325,0.00467289719626174,0,0.0679999999999996
"V4-SENS-TWO-STAGE-HBB-CLUSTER-v1","V4-TARGET-EQUAL-CLUSTER-v1",0.436608101698577,0.470076221909826,-0.0334681202112492,0.347390285146925,0.515542925491255,0.43146660531909,0.16815264034433,0.0430836297658447,TRUE,199,199,0,"OK","P14-C004",35,20,428,0.05,"swmdk_like","strong","near_knot",5,28,0.0547019345177325,0.00467289719626174,0,0.0679999999999996
"V4-CMP-ONE-STAGE-CLUSTER-BB-RESP-v1","V4-TARGET-RESPONDENT-WEIGHTED-v1",0.454225685703883,0.470076221909826,-0.0158505362059428,0.404257328228386,0.500875726098877,0.452566527163631,0.0966183978704905,0.0255126248333211,TRUE,199,199,0,"OK","P14-C004",35,20,428,0.05,"swmdk_like","strong","near_knot",5,28,0.0547019345177325,0.00467289719626174,0,0.0679999999999996
"V4-CMP-IID-RESP-BB-v1","WORKING-INDEPENDENCE-RESPONDENT",0.454225685703883,0.470076221909826,-0.0158505362059428,0.409197581258313,0.51568303036371,0.462440305811011,0.106485449105398,0.025450814508358,TRUE,199,199,0,"OK","P14-C004",35,20,428,0.05,"swmdk_like","strong","near_knot",5,28,0.0547019345177325,0.00467289719626174,0,0.0679999999999996
"V4-CMP-TWO-STAGE-FREQ-BOOT-RESP-v1","V4-TARGET-RESPONDENT-WEIGHTED-v1",0.454225685703883,0.470076221909826,-0.0158505362059428,0.380639714053983,0.533821369658777,0.45723054185638,0.153181655604794,0.0397974580922829,TRUE,199,199,0,"OK","P14-C004",35,20,428,0.05,"swmdk_like","strong","near_knot",5,28,0.0547019345177325,0.00467289719626174,0,0.0679999999999996
"V4-CMP-MOKKEN-TWOLEVEL-DELTA-v1","V4-TARGET-RESPONDENT-WEIGHTED-v1",0.454225685703876,0.470076221909826,-0.0158505362059493,0.393863266514671,0.514588104893082,0.454225685703876,0.120724838378411,0.0307977185628595,TRUE,,,0,"OK","P14-C004",35,20,428,0.05,"swmdk_like","strong","near_knot",5,28,0.0547019345177325,0.00467289719626174,0,0.0679999999999996
"V4-PRI-TWO-STAGE-HBB-RESP-v1","V4-TARGET-RESPONDENT-WEIGHTED-v1",0.476412101162208,0.470076221909826,0.00633587925238238,0.403594272651276,0.554589741443577,0.479092007047426,0.150995468792301,0.0356284731559951,TRUE,199,199,0,"OK","P14-C004",36,20,457,0.05,"swmdk_like","strong","near_knot",13,29,-0.0229371006267166,0,1,0.0850000000000009
"V4-SENS-TWO-STAGE-HBB-CLUSTER-v1","V4-TARGET-EQUAL-CLUSTER-v1",0.47787566019708,0.470076221909826,0.00779943828725388,0.381182091933496,0.542024521438893,0.461603306686195,0.160842429505397,0.0389981756006328,TRUE,199,199,0,"OK","P14-C004",36,20,457,0.05,"swmdk_like","strong","near_knot",13,29,-0.0229371006267166,0,1,0.0850000000000009
"V4-CMP-ONE-STAGE-CLUSTER-BB-RESP-v1","V4-TARGET-RESPONDENT-WEIGHTED-v1",0.476412101162208,0.470076221909826,0.00633587925238238,0.430873612340667,0.50981307762494,0.470343344982803,0.078939465284273,0.0191864153783509,TRUE,199,199,0,"OK","P14-C004",36,20,457,0.05,"swmdk_like","strong","near_knot",13,29,-0.0229371006267166,0,1,0.0850000000000009
"V4-CMP-IID-RESP-BB-v1","WORKING-INDEPENDENCE-RESPONDENT",0.476412101162208,0.470076221909826,0.00633587925238238,0.429940654934056,0.52889483123727,0.479417743085663,0.0989541763032142,0.0250440350783394,TRUE,199,199,0,"OK","P14-C004",36,20,457,0.05,"swmdk_like","strong","near_knot",13,29,-0.0229371006267166,0,1,0.0850000000000009
"V4-CMP-TWO-STAGE-FREQ-BOOT-RESP-v1","V4-TARGET-RESPONDENT-WEIGHTED-v1",0.476412101162208,0.470076221909826,0.00633587925238238,0.417536440506337,0.527703836590722,0.472620138548529,0.110167396084385,0.0286985232111991,TRUE,199,199,0,"OK","P14-C004",36,20,457,0.05,"swmdk_like","strong","near_knot",13,29,-0.0229371006267166,0,1,0.0850000000000009
"V4-CMP-MOKKEN-TWOLEVEL-DELTA-v1","V4-TARGET-RESPONDENT-WEIGHTED-v1",0.476412101162216,0.470076221909826,0.00633587925238993,0.420133081353749,0.532691120970683,0.476412101162216,0.112558039616934,0.028714313248809,TRUE,,,0,"OK","P14-C004",36,20,457,0.05,"swmdk_like","strong","near_knot",13,29,-0.0229371006267166,0,1,0.0850000000000009
"V4-PRI-TWO-STAGE-HBB-RESP-v1","V4-TARGET-RESPONDENT-WEIGHTED-v1",0.491233001929532,0.470076221909826,0.0211567800197063,0.419740743265044,0.555049110865445,0.487394927065244,0.135308367600401,0.0351345926092072,TRUE,199,199,0,"OK","P14-C004",37,20,448,0.05,"swmdk_like","strong","near_knot",10,28,0.21932185390344,0.00223214285714285,0,0.093
"V4-SENS-TWO-STAGE-HBB-CLUSTER-v1","V4-TARGET-EQUAL-CLUSTER-v1",0.493287625664129,0.470076221909826,0.0232114037543036,0.417781549053451,0.564750344111563,0.491265946582507,0.146968795058112,0.0399252317375262,TRUE,199,199,0,"OK","P14-C004",37,20,448,0.05,"swmdk_like","strong","near_knot",10,28,0.21932185390344,0.00223214285714285,0,0.093
"V4-CMP-ONE-STAGE-CLUSTER-BB-RESP-v1","V4-TARGET-RESPONDENT-WEIGHTED-v1",0.491233001929532,0.470076221909826,0.0211567800197063,0.455246250673866,0.538579616246409,0.496912933460138,0.0833333655725423,0.0204303889355167,TRUE,199,199,0,"OK","P14-C004",37,20,448,0.05,"swmdk_like","strong","near_knot",10,28,0.21932185390344,0.00223214285714285,0,0.093
"V4-CMP-IID-RESP-BB-v1","WORKING-INDEPENDENCE-RESPONDENT",0.491233001929532,0.470076221909826,0.0211567800197063,0.44154695400576,0.535045388642907,0.488296171324334,0.0934984346371471,0.0241263423027298,TRUE,199,199,0,"OK","P14-C004",37,20,448,0.05,"swmdk_like","strong","near_knot",10,28,0.21932185390344,0.00223214285714285,0,0.093
"V4-CMP-TWO-STAGE-FREQ-BOOT-RESP-v1","V4-TARGET-RESPONDENT-WEIGHTED-v1",0.491233001929532,0.470076221909826,0.0211567800197063,0.435088451885638,0.549306097363232,0.492197274624435,0.114217645477594,0.029731737611417,TRUE,199,199,0,"OK","P14-C004",37,20,448,0.05,"swmdk_like","strong","near_knot",10,28,0.21932185390344,0.00223214285714285,0,0.093
"V4-CMP-MOKKEN-TWOLEVEL-DELTA-v1","V4-TARGET-RESPONDENT-WEIGHTED-v1",0.491233001929523,0.470076221909826,0.0211567800196974,0.432928336901211,0.549537666957835,0.491233001929523,0.116609330056624,0.0297478246989291,TRUE,,,0,"OK","P14-C004",37,20,448,0.05,"swmdk_like","strong","near_knot",10,28,0.21932185390344,0.00223214285714285,0,0.093
"V4-PRI-TWO-STAGE-HBB-RESP-v1","V4-TARGET-RESPONDENT-WEIGHTED-v1",0.463082849704468,0.470076221909826,-0.00699337220535728,0.389433094809981,0.544101770880863,0.466767432845422,0.154668676070882,0.0391790455068164,TRUE,199,199,0,"OK","P14-C004",38,20,399,0.05,"swmdk_like","strong","near_knot",5,28,0.120498097616546,0,1,0.065999999999999
"V4-SENS-TWO-STAGE-HBB-CLUSTER-v1","V4-TARGET-EQUAL-CLUSTER-v1",0.477256549965804,0.470076221909826,0.00718032805597807,0.409337819240698,0.560777345522159,0.485057582381428,0.151439526281461,0.0385335130227396,TRUE,199,199,0,"OK","P14-C004",38,20,399,0.05,"swmdk_like","strong","near_knot",5,28,0.120498097616546,0,1,0.065999999999999
"V4-CMP-ONE-STAGE-CLUSTER-BB-RESP-v1","V4-TARGET-RESPONDENT-WEIGHTED-v1",0.463082849704468,0.470076221909826,-0.00699337220535728,0.420022201060205,0.502913770458842,0.461467985759523,0.0828915693986365,0.0216421254401528,TRUE,199,199,0,"OK","P14-C004",38,20,399,0.05,"swmdk_like","strong","near_knot",5,28,0.120498097616546,0,1,0.065999999999999
"V4-CMP-IID-RESP-BB-v1","WORKING-INDEPENDENCE-RESPONDENT",0.463082849704468,0.470076221909826,-0.00699337220535728,0.411721262215251,0.508427967854925,0.460074615035088,0.0967067056396738,0.0238653212531534,TRUE,199,199,0,"OK","P14-C004",38,20,399,0.05,"swmdk_like","strong","near_knot",5,28,0.120498097616546,0,1,0.065999999999999
"V4-CMP-TWO-STAGE-FREQ-BOOT-RESP-v1","V4-TARGET-RESPONDENT-WEIGHTED-v1",0.463082849704468,0.470076221909826,-0.00699337220535728,0.391508279381447,0.536034350005675,0.463771314693561,0.144526070624227,0.0350607963693956,TRUE,199,199,0,"OK","P14-C004",38,20,399,0.05,"swmdk_like","strong","near_knot",5,28,0.120498097616546,0,1,0.065999999999999
"V4-CMP-MOKKEN-TWOLEVEL-DELTA-v1","V4-TARGET-RESPONDENT-WEIGHTED-v1",0.463082849704486,0.470076221909826,-0.00699337220533985,0.406254379281547,0.519911320127425,0.463082849704486,0.113656940845879,0.0289946503462284,TRUE,,,0,"OK","P14-C004",38,20,399,0.05,"swmdk_like","strong","near_knot",5,28,0.120498097616546,0,1,0.065999999999999
"V4-PRI-TWO-STAGE-HBB-RESP-v1","V4-TARGET-RESPONDENT-WEIGHTED-v1",0.467220739084539,0.470076221909826,-0.00285548282528653,0.372931853541382,0.550419037852875,0.461675445697128,0.177487184311494,0.0424715106354169,TRUE,199,199,0,"OK","P14-C004",39,20,456,0.05,"swmdk_like","strong","near_knot",5,29,0.0922479985975399,0.00657894736842124,0,0.0830000000000002
"V4-SENS-TWO-STAGE-HBB-CLUSTER-v1","V4-TARGET-EQUAL-CLUSTER-v1",0.463263161267339,0.470076221909826,-0.00681306064248632,0.380895280481758,0.55250383282741,0.466699556654584,0.171608552345652,0.0446018278635709,TRUE,199,199,0,"OK","P14-C004",39,20,456,0.05,"swmdk_like","strong","near_knot",5,29,0.0922479985975399,0.00657894736842124,0,0.0830000000000002
"V4-CMP-ONE-STAGE-CLUSTER-BB-RESP-v1","V4-TARGET-RESPONDENT-WEIGHTED-v1",0.467220739084539,0.470076221909826,-0.00285548282528653,0.421369401701435,0.522964416833941,0.472166909267688,0.101595015132506,0.0245077206222064,TRUE,199,199,0,"OK","P14-C004",39,20,456,0.05,"swmdk_like","strong","near_knot",5,29,0.0922479985975399,0.00657894736842124,0,0.0830000000000002
"V4-CMP-IID-RESP-BB-v1","WORKING-INDEPENDENCE-RESPONDENT",0.467220739084539,0.470076221909826,-0.00285548282528653,0.414974606040951,0.523164614803791,0.469069610422371,0.10819000876284,0.0272068421399169,TRUE,199,199,0,"OK","P14-C004",39,20,456,0.05,"swmdk_like","strong","near_knot",5,29,0.0922479985975399,0.00657894736842124,0,0.0830000000000002
"V4-CMP-TWO-STAGE-FREQ-BOOT-RESP-v1","V4-TARGET-RESPONDENT-WEIGHTED-v1",0.467220739084539,0.470076221909826,-0.00285548282528653,0.40114045589001,0.538912675075744,0.470026565482877,0.137772219185734,0.0354546146926356,TRUE,199,199,0,"OK","P14-C004",39,20,456,0.05,"swmdk_like","strong","near_knot",5,29,0.0922479985975399,0.00657894736842124,0,0.0830000000000002
"V4-CMP-MOKKEN-TWOLEVEL-DELTA-v1","V4-TARGET-RESPONDENT-WEIGHTED-v1",0.46722073908455,0.470076221909826,-0.00285548282527587,0.406272418343281,0.528169059825818,0.46722073908455,0.121896641482537,0.0310966534191552,TRUE,,,0,"OK","P14-C004",39,20,456,0.05,"swmdk_like","strong","near_knot",5,29,0.0922479985975399,0.00657894736842124,0,0.0830000000000002
"V4-PRI-TWO-STAGE-HBB-RESP-v1","V4-TARGET-RESPONDENT-WEIGHTED-v1",0.503107866303589,0.470076221909826,0.0330316443937633,0.412870155859263,0.580326876545181,0.496598516202222,0.167456720685918,0.0416842101820477,TRUE,199,199,0,"OK","P14-C004",40,20,450,0.05,"swmdk_like","strong","near_knot",8,28,-0.0137794889580751,0.00222222222222221,0,0.0700000000000003
"V4-SENS-TWO-STAGE-HBB-CLUSTER-v1","V4-TARGET-EQUAL-CLUSTER-v1",0.511638693364047,0.470076221909826,0.041562471454221,0.437377665629188,0.584756886876772,0.51106727625298,0.147379221247584,0.0387888561110857,TRUE,199,199,0,"OK","P14-C004",40,20,450,0.05,"swmdk_like","strong","near_knot",8,28,-0.0137794889580751,0.00222222222222221,0,0.0700000000000003
"V4-CMP-ONE-STAGE-CLUSTER-BB-RESP-v1","V4-TARGET-RESPONDENT-WEIGHTED-v1",0.503107866303589,0.470076221909826,0.0330316443937633,0.466404308408903,0.538827841826623,0.502616075117763,0.0724235334177201,0.0185142550940969,TRUE,199,199,0,"OK","P14-C004",40,20,450,0.05,"swmdk_like","strong","near_knot",8,28,-0.0137794889580751,0.00222222222222221,0,0.0700000000000003
"V4-CMP-IID-RESP-BB-v1","WORKING-INDEPENDENCE-RESPONDENT",0.503107866303589,0.470076221909826,0.0330316443937633,0.458644221014592,0.549633310449425,0.504138765732009,0.0909890894348326,0.0221450961959503,TRUE,199,199,0,"OK","P14-C004",40,20,450,0.05,"swmdk_like","strong","near_knot",8,28,-0.0137794889580751,0.00222222222222221,0,0.0700000000000003
"V4-CMP-TWO-STAGE-FREQ-BOOT-RESP-v1","V4-TARGET-RESPONDENT-WEIGHTED-v1",0.503107866303589,0.470076221909826,0.0330316443937633,0.436134252834382,0.558093809187724,0.497114031011053,0.121959556353342,0.0310350648800388,TRUE,199,199,0,"OK","P14-C004",40,20,450,0.05,"swmdk_like","strong","near_knot",8,28,-0.0137794889580751,0.00222222222222221,0,0.0700000000000003
"V4-CMP-MOKKEN-TWOLEVEL-DELTA-v1","V4-TARGET-RESPONDENT-WEIGHTED-v1",0.503107866303591,0.470076221909826,0.0330316443937651,0.44646487154835,0.559750861058831,0.503107866303591,0.113285989510481,0.0289000181646363,TRUE,,,0,"OK","P14-C004",40,20,450,0.05,"swmdk_like","strong","near_knot",8,28,-0.0137794889580751,0.00222222222222221,0,0.0700000000000003
"V4-PRI-TWO-STAGE-HBB-RESP-v1","V4-TARGET-RESPONDENT-WEIGHTED-v1",0.474417422032172,0.470076221909826,0.00434120012234596,0.395103484172082,0.547483870052694,0.471293677112388,0.152380385880612,0.0401677275073166,TRUE,199,199,0,"OK","P14-C004",41,20,383,0.05,"swmdk_like","strong","near_knot",5,29,0.267246695271434,0.00261096605744124,0,0.0640000000000001
"V4-SENS-TWO-STAGE-HBB-CLUSTER-v1","V4-TARGET-EQUAL-CLUSTER-v1",0.480762126521507,0.470076221909826,0.0106859046116811,0.39426824305293,0.57156941234006,0.482918827696495,0.17730116928713,0.0463817413644472,TRUE,199,199,0,"OK","P14-C004",41,20,383,0.05,"swmdk_like","strong","near_knot",5,29,0.267246695271434,0.00261096605744124,0,0.0640000000000001
"V4-CMP-ONE-STAGE-CLUSTER-BB-RESP-v1","V4-TARGET-RESPONDENT-WEIGHTED-v1",0.474417422032172,0.470076221909826,0.00434120012234596,0.428625603342304,0.519912197044402,0.474268900193353,0.0912865937020981,0.0240883530370555,TRUE,199,199,0,"OK","P14-C004",41,20,383,0.05,"swmdk_like","strong","near_knot",5,29,0.267246695271434,0.00261096605744124,0,0.0640000000000001
"V4-CMP-IID-RESP-BB-v1","WORKING-INDEPENDENCE-RESPONDENT",0.474417422032172,0.470076221909826,0.00434120012234596,0.420408240526203,0.528639336187592,0.474523788356897,0.108231095661389,0.0285911583590124,TRUE,199,199,0,"OK","P14-C004",41,20,383,0.05,"swmdk_like","strong","near_knot",5,29,0.267246695271434,0.00261096605744124,0,0.0640000000000001
"V4-CMP-TWO-STAGE-FREQ-BOOT-RESP-v1","V4-TARGET-RESPONDENT-WEIGHTED-v1",0.474417422032172,0.470076221909826,0.00434120012234596,0.402145874216365,0.547483355504061,0.474814614860213,0.145337481287696,0.0352347912454699,TRUE,199,199,0,"OK","P14-C004",41,20,383,0.05,"swmdk_like","strong","near_knot",5,29,0.267246695271434,0.00261096605744124,0,0.0640000000000001
"V4-CMP-MOKKEN-TWOLEVEL-DELTA-v1","V4-TARGET-RESPONDENT-WEIGHTED-v1",0.474417422032174,0.470076221909826,0.00434120012234812,0.415337695478912,0.533497148585436,0.474417422032174,0.118159453106524,0.0301432715189031,TRUE,,,0,"OK","P14-C004",41,20,383,0.05,"swmdk_like","strong","near_knot",5,29,0.267246695271434,0.00261096605744124,0,0.0640000000000001
"V4-PRI-TWO-STAGE-HBB-RESP-v1","V4-TARGET-RESPONDENT-WEIGHTED-v1",0.462269581678707,0.470076221909826,-0.0078066402311191,0.386784606609369,0.544429664710383,0.465607135659876,0.157645058101014,0.0399153538640026,TRUE,199,199,0,"OK","P14-C004",42,20,439,0.05,"swmdk_like","strong","near_knot",5,29,-0.145399446589271,0,1,0.0679999999999996
"V4-SENS-TWO-STAGE-HBB-CLUSTER-v1","V4-TARGET-EQUAL-CLUSTER-v1",0.463750891055494,0.470076221909826,-0.00632533085433168,0.382366053828108,0.540822827875861,0.461594440851985,0.158456774047754,0.0397247066741745,TRUE,199,199,0,"OK","P14-C004",42,20,439,0.05,"swmdk_like","strong","near_knot",5,29,-0.145399446589271,0,1,0.0679999999999996
"V4-CMP-ONE-STAGE-CLUSTER-BB-RESP-v1","V4-TARGET-RESPONDENT-WEIGHTED-v1",0.462269581678707,0.470076221909826,-0.0078066402311191,0.420068824561376,0.518630094879358,0.469349459720367,0.0985612703179819,0.0237814416269592,TRUE,199,199,0,"OK","P14-C004",42,20,439,0.05,"swmdk_like","strong","near_knot",5,29,-0.145399446589271,0,1,0.0679999999999996
"V4-CMP-IID-RESP-BB-v1","WORKING-INDEPENDENCE-RESPONDENT",0.462269581678707,0.470076221909826,-0.0078066402311191,0.405583800263668,0.513054290210896,0.459319045237282,0.107470489947227,0.0257159559170758,TRUE,199,199,0,"OK","P14-C004",42,20,439,0.05,"swmdk_like","strong","near_knot",5,29,-0.145399446589271,0,1,0.0679999999999996
"V4-CMP-TWO-STAGE-FREQ-BOOT-RESP-v1","V4-TARGET-RESPONDENT-WEIGHTED-v1",0.462269581678707,0.470076221909826,-0.0078066402311191,0.401124595286442,0.51645100611178,0.458787800699111,0.115326410825338,0.0296081417258433,TRUE,199,199,0,"OK","P14-C004",42,20,439,0.05,"swmdk_like","strong","near_knot",5,29,-0.145399446589271,0,1,0.0679999999999996
"V4-CMP-MOKKEN-TWOLEVEL-DELTA-v1","V4-TARGET-RESPONDENT-WEIGHTED-v1",0.462269581678711,0.470076221909826,-0.00780664023111516,0.405305433636047,0.519233729721374,0.462269581678711,0.113928296085326,0.0290638748936149,TRUE,,,0,"OK","P14-C004",42,20,439,0.05,"swmdk_like","strong","near_knot",5,29,-0.145399446589271,0,1,0.0679999999999996
"V4-PRI-TWO-STAGE-HBB-RESP-v1","V4-TARGET-RESPONDENT-WEIGHTED-v1",0.477426801072136,0.470076221909826,0.00735057916231063,0.406265395646253,0.544573523399639,0.475419459522946,0.138308127753386,0.0351309368789066,TRUE,199,199,0,"OK","P14-C004",43,20,444,0.05,"swmdk_like","strong","near_knot",5,29,0.38226889066725,0.00450450450450451,0,0.0709999999999997
"V4-SENS-TWO-STAGE-HBB-CLUSTER-v1","V4-TARGET-EQUAL-CLUSTER-v1",0.47843745284922,0.470076221909826,0.00836123093939473,0.391221861961034,0.562814093093856,0.477017977527445,0.171592231132822,0.0413629140753055,TRUE,199,199,0,"OK","P14-C004",43,20,444,0.05,"swmdk_like","strong","near_knot",5,29,0.38226889066725,0.00450450450450451,0,0.0709999999999997
"V4-CMP-ONE-STAGE-CLUSTER-BB-RESP-v1","V4-TARGET-RESPONDENT-WEIGHTED-v1",0.477426801072136,0.470076221909826,0.00735057916231063,0.448143938687771,0.52135850906076,0.484751223874265,0.0732145703729888,0.0176566227397225,TRUE,199,199,0,"OK","P14-C004",43,20,444,0.05,"swmdk_like","strong","near_knot",5,29,0.38226889066725,0.00450450450450451,0,0.0709999999999997
"V4-CMP-IID-RESP-BB-v1","WORKING-INDEPENDENCE-RESPONDENT",0.477426801072136,0.470076221909826,0.00735057916231063,0.432761694608251,0.527460202517348,0.4801109485628,0.0946985079090968,0.0237055249284218,TRUE,199,199,0,"OK","P14-C004",43,20,444,0.05,"swmdk_like","strong","near_knot",5,29,0.38226889066725,0.00450450450450451,0,0.0709999999999997
"V4-CMP-TWO-STAGE-FREQ-BOOT-RESP-v1","V4-TARGET-RESPONDENT-WEIGHTED-v1",0.477426801072136,0.470076221909826,0.00735057916231063,0.406344304779605,0.544221413468516,0.475282859124061,0.137877108688911,0.0354142295211557,TRUE,199,199,0,"OK","P14-C004",43,20,444,0.05,"swmdk_like","strong","near_knot",5,29,0.38226889066725,0.00450450450450451,0,0.0709999999999997
"V4-CMP-MOKKEN-TWOLEVEL-DELTA-v1","V4-TARGET-RESPONDENT-WEIGHTED-v1",0.477426801072143,0.470076221909826,0.00735057916231702,0.42365841015335,0.531195191990936,0.477426801072143,0.107536781837586,0.0274333566039535,TRUE,,,0,"OK","P14-C004",43,20,444,0.05,"swmdk_like","strong","near_knot",5,29,0.38226889066725,0.00450450450450451,0,0.0709999999999997
"V4-PRI-TWO-STAGE-HBB-RESP-v1","V4-TARGET-RESPONDENT-WEIGHTED-v1",0.496824560641908,0.470076221909826,0.0267483387320823,0.401195482279968,0.575066569597799,0.488131025938883,0.173871087317831,0.0449016389985497,TRUE,199,199,0,"OK","P14-C004",44,20,432,0.05,"swmdk_like","strong","near_knot",5,29,0.163258025265855,0.0092592592592593,0,0.0690000000000008
"V4-SENS-TWO-STAGE-HBB-CLUSTER-v1","V4-TARGET-EQUAL-CLUSTER-v1",0.497485334884124,0.470076221909826,0.0274091129742979,0.419084220246992,0.585018153817314,0.502051187032153,0.165933933570323,0.0442077091010044,TRUE,199,199,0,"OK","P14-C004",44,20,432,0.05,"swmdk_like","strong","near_knot",5,29,0.163258025265855,0.0092592592592593,0,0.0690000000000008
"V4-CMP-ONE-STAGE-CLUSTER-BB-RESP-v1","V4-TARGET-RESPONDENT-WEIGHTED-v1",0.496824560641908,0.470076221909826,0.0267483387320823,0.442165834279862,0.548448493282297,0.49530716378108,0.106282659002434,0.0288014777201921,TRUE,199,199,0,"OK","P14-C004",44,20,432,0.05,"swmdk_like","strong","near_knot",5,29,0.163258025265855,0.0092592592592593,0,0.0690000000000008
"V4-CMP-IID-RESP-BB-v1","WORKING-INDEPENDENCE-RESPONDENT",0.496824560641908,0.470076221909826,0.0267483387320823,0.44478925179573,0.544152434266446,0.494470843031088,0.0993631824707155,0.0240176248442757,TRUE,199,199,0,"OK","P14-C004",44,20,432,0.05,"swmdk_like","strong","near_knot",5,29,0.163258025265855,0.0092592592592593,0,0.0690000000000008
"V4-CMP-TWO-STAGE-FREQ-BOOT-RESP-v1","V4-TARGET-RESPONDENT-WEIGHTED-v1",0.496824560641908,0.470076221909826,0.0267483387320823,0.428237908657031,0.557451035978123,0.492844472317577,0.129213127321091,0.036855835550286,TRUE,199,199,0,"OK","P14-C004",44,20,432,0.05,"swmdk_like","strong","near_knot",5,29,0.163258025265855,0.0092592592592593,0,0.0690000000000008
"V4-CMP-MOKKEN-TWOLEVEL-DELTA-v1","V4-TARGET-RESPONDENT-WEIGHTED-v1",0.496824560641916,0.470076221909826,0.0267483387320905,0.434851398851716,0.558797722432117,0.496824560641916,0.123946323580401,0.031619541113529,TRUE,,,0,"OK","P14-C004",44,20,432,0.05,"swmdk_like","strong","near_knot",5,29,0.163258025265855,0.0092592592592593,0,0.0690000000000008
"V4-PRI-TWO-STAGE-HBB-RESP-v1","V4-TARGET-RESPONDENT-WEIGHTED-v1",0.462992001616952,0.470076221909826,-0.00708422029287359,0.383616477493674,0.561068741454342,0.472342609474008,0.177452263960668,0.0429793256954551,TRUE,199,199,0,"OK","P14-C004",45,20,419,0.05,"swmdk_like","strong","near_knot",5,29,-0.432515475425391,0,1,0.0700000000000003
"V4-SENS-TWO-STAGE-HBB-CLUSTER-v1","V4-TARGET-EQUAL-CLUSTER-v1",0.462284466535253,0.470076221909826,-0.00779175537457283,0.389910747928588,0.547481722766171,0.46869623534738,0.157570974837584,0.0382152324998937,TRUE,199,199,0,"OK","P14-C004",45,20,419,0.05,"swmdk_like","strong","near_knot",5,29,-0.432515475425391,0,1,0.0700000000000003
"V4-CMP-ONE-STAGE-CLUSTER-BB-RESP-v1","V4-TARGET-RESPONDENT-WEIGHTED-v1",0.462992001616952,0.470076221909826,-0.00708422029287359,0.415241795136706,0.506277509244808,0.460759652190757,0.0910357141081021,0.0248777866973664,TRUE,199,199,0,"OK","P14-C004",45,20,419,0.05,"swmdk_like","strong","near_knot",5,29,-0.432515475425391,0,1,0.0700000000000003
"V4-CMP-IID-RESP-BB-v1","WORKING-INDEPENDENCE-RESPONDENT",0.462992001616952,0.470076221909826,-0.00708422029287359,0.418086761319932,0.508318571302133,0.463202666311033,0.090231809982201,0.0233525674844624,TRUE,199,199,0,"OK","P14-C004",45,20,419,0.05,"swmdk_like","strong","near_knot",5,29,-0.432515475425391,0,1,0.0700000000000003
"V4-CMP-TWO-STAGE-FREQ-BOOT-RESP-v1","V4-TARGET-RESPONDENT-WEIGHTED-v1",0.462992001616952,0.470076221909826,-0.00708422029287359,0.391044294095587,0.543668415389004,0.467356354742296,0.152624121293417,0.0346603379039026,TRUE,199,199,0,"OK","P14-C004",45,20,419,0.05,"swmdk_like","strong","near_knot",5,29,-0.432515475425391,0,1,0.0700000000000003
"V4-CMP-MOKKEN-TWOLEVEL-DELTA-v1","V4-TARGET-RESPONDENT-WEIGHTED-v1",0.462992001616944,0.470076221909826,-0.00708422029288186,0.408429194455909,0.517554808777979,0.462992001616944,0.10912561432207,0.0278386784611448,TRUE,,,0,"OK","P14-C004",45,20,419,0.05,"swmdk_like","strong","near_knot",5,29,-0.432515475425391,0,1,0.0700000000000003
"V4-PRI-TWO-STAGE-HBB-RESP-v1","V4-TARGET-RESPONDENT-WEIGHTED-v1",0.457635538401053,0.470076221909826,-0.0124406835087723,0.363884688139075,0.537956075323594,0.450920381731335,0.174071387184519,0.0432657285348637,TRUE,199,199,0,"OK","P14-C004",46,20,395,0.05,"swmdk_like","strong","near_knot",5,29,-0.0489543699655173,0.00253164556962027,0,0.0649999999999995
"V4-SENS-TWO-STAGE-HBB-CLUSTER-v1","V4-TARGET-EQUAL-CLUSTER-v1",0.457104621152942,0.470076221909826,-0.0129716007568835,0.367760172277081,0.555120227494811,0.461440199885946,0.187360055217729,0.0496676040296107,TRUE,199,199,0,"OK","P14-C004",46,20,395,0.05,"swmdk_like","strong","near_knot",5,29,-0.0489543699655173,0.00253164556962027,0,0.0649999999999995
"V4-CMP-ONE-STAGE-CLUSTER-BB-RESP-v1","V4-TARGET-RESPONDENT-WEIGHTED-v1",0.457635538401053,0.470076221909826,-0.0124406835087723,0.403363577044294,0.511544063309626,0.45745382017696,0.108180486265332,0.0270737482495817,TRUE,199,199,0,"OK","P14-C004",46,20,395,0.05,"swmdk_like","strong","near_knot",5,29,-0.0489543699655173,0.00253164556962027,0,0.0649999999999995
"V4-CMP-IID-RESP-BB-v1","WORKING-INDEPENDENCE-RESPONDENT",0.457635538401053,0.470076221909826,-0.0124406835087723,0.407360237487729,0.502334451409997,0.454847344448863,0.094974213922268,0.0247020905873211,TRUE,199,199,0,"OK","P14-C004",46,20,395,0.05,"swmdk_like","strong","near_knot",5,29,-0.0489543699655173,0.00253164556962027,0,0.0649999999999995
"V4-CMP-TWO-STAGE-FREQ-BOOT-RESP-v1","V4-TARGET-RESPONDENT-WEIGHTED-v1",0.457635538401053,0.470076221909826,-0.0124406835087723,0.360591096844458,0.524640734409751,0.442615915627105,0.164049637565293,0.040770252388689,TRUE,199,199,0,"OK","P14-C004",46,20,395,0.05,"swmdk_like","strong","near_knot",5,29,-0.0489543699655173,0.00253164556962027,0,0.0649999999999995
"V4-CMP-MOKKEN-TWOLEVEL-DELTA-v1","V4-TARGET-RESPONDENT-WEIGHTED-v1",0.457635538401058,0.470076221909826,-0.0124406835087681,0.399080793225801,0.516190283576314,0.457635538401058,0.117109490350513,0.0298754189552099,TRUE,,,0,"OK","P14-C004",46,20,395,0.05,"swmdk_like","strong","near_knot",5,29,-0.0489543699655173,0.00253164556962027,0,0.0649999999999995
"V4-PRI-TWO-STAGE-HBB-RESP-v1","V4-TARGET-RESPONDENT-WEIGHTED-v1",0.506617221840427,0.470076221909826,0.0365409999306016,0.446376655667458,0.586123704163626,0.516250179915542,0.139747048496168,0.0348189949843818,TRUE,199,199,0,"OK","P14-C004",47,20,467,0.05,"swmdk_like","strong","near_knot",13,28,0.170492156241408,0,1,0.0719999999999992
"V4-SENS-TWO-STAGE-HBB-CLUSTER-v1","V4-TARGET-EQUAL-CLUSTER-v1",0.508090773662893,0.470076221909826,0.0380145517530674,0.434299268665348,0.581638914194647,0.507969091429998,0.147339645529299,0.0359629111526138,TRUE,199,199,0,"OK","P14-C004",47,20,467,0.05,"swmdk_like","strong","near_knot",13,28,0.170492156241408,0,1,0.0719999999999992
"V4-CMP-ONE-STAGE-CLUSTER-BB-RESP-v1","V4-TARGET-RESPONDENT-WEIGHTED-v1",0.506617221840427,0.470076221909826,0.0365409999306016,0.472585419532446,0.545534004675164,0.509059712103805,0.0729485851427177,0.020246509204416,FALSE,199,199,0,"OK","P14-C004",47,20,467,0.05,"swmdk_like","strong","near_knot",13,28,0.170492156241408,0,1,0.0719999999999992
"V4-CMP-IID-RESP-BB-v1","WORKING-INDEPENDENCE-RESPONDENT",0.506617221840427,0.470076221909826,0.0365409999306016,0.470241820191725,0.546902540801772,0.508572180496749,0.0766607206100476,0.0202963675198842,FALSE,199,199,0,"OK","P14-C004",47,20,467,0.05,"swmdk_like","strong","near_knot",13,28,0.170492156241408,0,1,0.0719999999999992
"V4-CMP-TWO-STAGE-FREQ-BOOT-RESP-v1","V4-TARGET-RESPONDENT-WEIGHTED-v1",0.506617221840427,0.470076221909826,0.0365409999306016,0.452193560688017,0.563568498077531,0.507881029382774,0.111374937389514,0.0302112888349606,TRUE,199,199,0,"OK","P14-C004",47,20,467,0.05,"swmdk_like","strong","near_knot",13,28,0.170492156241408,0,1,0.0719999999999992
"V4-CMP-MOKKEN-TWOLEVEL-DELTA-v1","V4-TARGET-RESPONDENT-WEIGHTED-v1",0.506617221840437,0.470076221909826,0.0365409999306115,0.448748707887618,0.564485735793257,0.506617221840437,0.115737027905639,0.0295252945509605,TRUE,,,0,"OK","P14-C004",47,20,467,0.05,"swmdk_like","strong","near_knot",13,28,0.170492156241408,0,1,0.0719999999999992
"V4-PRI-TWO-STAGE-HBB-RESP-v1","V4-TARGET-RESPONDENT-WEIGHTED-v1",0.456228340956961,0.470076221909826,-0.013847880952865,0.3634945099896,0.527881816803511,0.445688163396555,0.164387306813911,0.0391096236466093,TRUE,199,199,0,"OK","P14-C004",48,20,394,0.05,"swmdk_like","strong","near_knot",5,28,-0.198888757529291,0.00253807106598986,0,0.0640000000000001
"V4-SENS-TWO-STAGE-HBB-CLUSTER-v1","V4-TARGET-EQUAL-CLUSTER-v1",0.451680823636154,0.470076221909826,-0.0183953982736719,0.357823086570522,0.532826613128244,0.445324849849383,0.175003526557722,0.0423693414927673,TRUE,199,199,0,"OK","P14-C004",48,20,394,0.05,"swmdk_like","strong","near_knot",5,28,-0.198888757529291,0.00253807106598986,0,0.0640000000000001
"V4-CMP-ONE-STAGE-CLUSTER-BB-RESP-v1","V4-TARGET-RESPONDENT-WEIGHTED-v1",0.456228340956961,0.470076221909826,-0.013847880952865,0.410084997057497,0.513376417537548,0.461730707297523,0.103291420480051,0.0234383080891871,TRUE,199,199,0,"OK","P14-C004",48,20,394,0.05,"swmdk_like","strong","near_knot",5,28,-0.198888757529291,0.00253807106598986,0,0.0640000000000001
"V4-CMP-IID-RESP-BB-v1","WORKING-INDEPENDENCE-RESPONDENT",0.456228340956961,0.470076221909826,-0.013847880952865,0.409041470107133,0.504768576857308,0.45690502348222,0.0957271067501744,0.0243956400974695,TRUE,199,199,0,"OK","P14-C004",48,20,394,0.05,"swmdk_like","strong","near_knot",5,28,-0.198888757529291,0.00253807106598986,0,0.0640000000000001
"V4-CMP-TWO-STAGE-FREQ-BOOT-RESP-v1","V4-TARGET-RESPONDENT-WEIGHTED-v1",0.456228340956961,0.470076221909826,-0.013847880952865,0.390023032778163,0.532447944073867,0.461235488426015,0.142424911295704,0.0349246001922928,TRUE,199,199,0,"OK","P14-C004",48,20,394,0.05,"swmdk_like","strong","near_knot",5,28,-0.198888757529291,0.00253807106598986,0,0.0640000000000001
"V4-CMP-MOKKEN-TWOLEVEL-DELTA-v1","V4-TARGET-RESPONDENT-WEIGHTED-v1",0.456228340956967,0.470076221909826,-0.0138478809528583,0.395664996182787,0.516791685731148,0.456228340956967,0.121126689548361,0.0309002335001544,TRUE,,,0,"OK","P14-C004",48,20,394,0.05,"swmdk_like","strong","near_knot",5,28,-0.198888757529291,0.00253807106598986,0,0.0640000000000001
"V4-PRI-TWO-STAGE-HBB-RESP-v1","V4-TARGET-RESPONDENT-WEIGHTED-v1",0.46147819979469,0.470076221909826,-0.00859802211513538,0.401531972255158,0.535884227450984,0.468708099853071,0.134352255195826,0.0342550495997054,TRUE,199,199,0,"OK","P14-C004",49,20,443,0.05,"swmdk_like","strong","near_knot",5,29,-0.252549444458214,0,2,0.0709999999999997
"V4-SENS-TWO-STAGE-HBB-CLUSTER-v1","V4-TARGET-EQUAL-CLUSTER-v1",0.47969961180517,0.470076221909826,0.00962338989534439,0.382535629916771,0.582513847175183,0.482524738545977,0.199978217258412,0.050439598670626,TRUE,199,199,0,"OK","P14-C004",49,20,443,0.05,"swmdk_like","strong","near_knot",5,29,-0.252549444458214,0,2,0.0709999999999997
"V4-CMP-ONE-STAGE-CLUSTER-BB-RESP-v1","V4-TARGET-RESPONDENT-WEIGHTED-v1",0.46147819979469,0.470076221909826,-0.00859802211513538,0.424390442270573,0.496926439196808,0.46065844073369,0.0725359969262348,0.0177544654845468,TRUE,199,199,0,"OK","P14-C004",49,20,443,0.05,"swmdk_like","strong","near_knot",5,29,-0.252549444458214,0,2,0.0709999999999997
"V4-CMP-IID-RESP-BB-v1","WORKING-INDEPENDENCE-RESPONDENT",0.46147819979469,0.470076221909826,-0.00859802211513538,0.412736203977092,0.50820025117586,0.460468227576476,0.0954640471987681,0.0242913896870229,TRUE,199,199,0,"OK","P14-C004",49,20,443,0.05,"swmdk_like","strong","near_knot",5,29,-0.252549444458214,0,2,0.0709999999999997
"V4-CMP-TWO-STAGE-FREQ-BOOT-RESP-v1","V4-TARGET-RESPONDENT-WEIGHTED-v1",0.46147819979469,0.470076221909826,-0.00859802211513538,0.401314241700313,0.528012884055961,0.464663562878137,0.126698642355648,0.0306585195353036,TRUE,199,199,0,"OK","P14-C004",49,20,443,0.05,"swmdk_like","strong","near_knot",5,29,-0.252549444458214,0,2,0.0709999999999997
"V4-CMP-MOKKEN-TWOLEVEL-DELTA-v1","V4-TARGET-RESPONDENT-WEIGHTED-v1",0.461478199794695,0.470076221909826,-0.00859802211513089,0.409325115411314,0.513631284178076,0.461478199794695,0.104306168766762,0.0266092054725279,TRUE,,,0,"OK","P14-C004",49,20,443,0.05,"swmdk_like","strong","near_knot",5,29,-0.252549444458214,0,2,0.0709999999999997
"V4-PRI-TWO-STAGE-HBB-RESP-v1","V4-TARGET-RESPONDENT-WEIGHTED-v1",0.471333557536254,0.470076221909826,0.00125733562642877,0.393050729103839,0.557175919549895,0.475113324326867,0.164125190446055,0.044933160707949,TRUE,199,199,0,"OK","P14-C004",50,20,425,0.05,"swmdk_like","strong","near_knot",8,29,-0.0811069725464572,0.00705882352941167,0,0.0680000000000014
"V4-SENS-TWO-STAGE-HBB-CLUSTER-v1","V4-TARGET-EQUAL-CLUSTER-v1",0.495480106539096,0.470076221909826,0.0254038846292704,0.399770350615335,0.582271593593535,0.491020972104435,0.182501242978199,0.0478639267408927,TRUE,199,199,0,"OK","P14-C004",50,20,425,0.05,"swmdk_like","strong","near_knot",8,29,-0.0811069725464572,0.00705882352941167,0,0.0680000000000014
"V4-CMP-ONE-STAGE-CLUSTER-BB-RESP-v1","V4-TARGET-RESPONDENT-WEIGHTED-v1",0.471333557536254,0.470076221909826,0.00125733562642877,0.426440280296833,0.526911495594907,0.47667588794587,0.100471215298074,0.0276043588651046,TRUE,199,199,0,"OK","P14-C004",50,20,425,0.05,"swmdk_like","strong","near_knot",8,29,-0.0811069725464572,0.00705882352941167,0,0.0680000000000014
"V4-CMP-IID-RESP-BB-v1","WORKING-INDEPENDENCE-RESPONDENT",0.471333557536254,0.470076221909826,0.00125733562642877,0.428072321110178,0.531600655984186,0.479836488547182,0.103528334874009,0.0278460396357816,TRUE,199,199,0,"OK","P14-C004",50,20,425,0.05,"swmdk_like","strong","near_knot",8,29,-0.0811069725464572,0.00705882352941167,0,0.0680000000000014
"V4-CMP-TWO-STAGE-FREQ-BOOT-RESP-v1","V4-TARGET-RESPONDENT-WEIGHTED-v1",0.471333557536254,0.470076221909826,0.00125733562642877,0.397672550370925,0.541355946256539,0.469514248313732,0.143683395885614,0.0363649553771356,TRUE,199,199,0,"OK","P14-C004",50,20,425,0.05,"swmdk_like","strong","near_knot",8,29,-0.0811069725464572,0.00705882352941167,0,0.0680000000000014
"V4-CMP-MOKKEN-TWOLEVEL-DELTA-v1","V4-TARGET-RESPONDENT-WEIGHTED-v1",0.471333557536258,0.470076221909826,0.0012573356264321,0.403694212584363,0.538972902488153,0.471333557536258,0.13527868990379,0.0345105040120254,TRUE,,,0,"OK","P14-C004",50,20,425,0.05,"swmdk_like","strong","near_knot",8,29,-0.0811069725464572,0.00705882352941167,0,0.0680000000000014
"V4-PRI-TWO-STAGE-HBB-RESP-v1","V4-TARGET-RESPONDENT-WEIGHTED-v1",0.502000183784105,0.470076221909826,0.0319239618742793,0.420458074361488,0.579768383061606,0.500113228711547,0.159310308700118,0.0396530916421115,TRUE,199,199,0,"OK","P14-C004",51,20,392,0.05,"swmdk_like","strong","near_knot",5,29,-0.140293020405461,0.00255102040816324,0,0.0769999999999982
"V4-SENS-TWO-STAGE-HBB-CLUSTER-v1","V4-TARGET-EQUAL-CLUSTER-v1",0.500843404140746,0.470076221909826,0.0307671822309201,0.424200093622275,0.573076352020114,0.498638222821195,0.148876258397839,0.0391661455941543,TRUE,199,199,0,"OK","P14-C004",51,20,392,0.05,"swmdk_like","strong","near_knot",5,29,-0.140293020405461,0.00255102040816324,0,0.0769999999999982
"V4-CMP-ONE-STAGE-CLUSTER-BB-RESP-v1","V4-TARGET-RESPONDENT-WEIGHTED-v1",0.502000183784105,0.470076221909826,0.0319239618742793,0.453858018897728,0.556440453062185,0.505149235979956,0.102582434164457,0.0260941934655039,TRUE,199,199,0,"OK","P14-C004",51,20,392,0.05,"swmdk_like","strong","near_knot",5,29,-0.140293020405461,0.00255102040816324,0,0.0769999999999982
"V4-CMP-IID-RESP-BB-v1","WORKING-INDEPENDENCE-RESPONDENT",0.502000183784105,0.470076221909826,0.0319239618742793,0.447860776589725,0.546821066837131,0.497340921713428,0.0989602902474066,0.0236460278070255,TRUE,199,199,0,"OK","P14-C004",51,20,392,0.05,"swmdk_like","strong","near_knot",5,29,-0.140293020405461,0.00255102040816324,0,0.0769999999999982
"V4-CMP-TWO-STAGE-FREQ-BOOT-RESP-v1","V4-TARGET-RESPONDENT-WEIGHTED-v1",0.502000183784105,0.470076221909826,0.0319239618742793,0.42775923099203,0.562445689158853,0.495102460075441,0.134686458166823,0.0353877993885541,TRUE,199,199,0,"OK","P14-C004",51,20,392,0.05,"swmdk_like","strong","near_knot",5,29,-0.140293020405461,0.00255102040816324,0,0.0769999999999982
"V4-CMP-MOKKEN-TWOLEVEL-DELTA-v1","V4-TARGET-RESPONDENT-WEIGHTED-v1",0.502000183784115,0.470076221909826,0.0319239618742889,0.446604627686374,0.557395739881855,0.502000183784115,0.11079111219548,0.0282635581748916,TRUE,,,0,"OK","P14-C004",51,20,392,0.05,"swmdk_like","strong","near_knot",5,29,-0.140293020405461,0.00255102040816324,0,0.0769999999999982
"V4-PRI-TWO-STAGE-HBB-RESP-v1","V4-TARGET-RESPONDENT-WEIGHTED-v1",0.443643659391795,0.470076221909826,-0.0264325625180309,0.359824966438032,0.535884875314499,0.447854920876266,0.176059908876466,0.0419648893561317,TRUE,199,199,0,"OK","P14-C004",52,20,429,0.05,"swmdk_like","strong","near_knot",5,29,0.170604095151005,0.00466200466200462,0,0.0690000000000026
"V4-SENS-TWO-STAGE-HBB-CLUSTER-v1","V4-TARGET-EQUAL-CLUSTER-v1",0.436075619876509,0.470076221909826,-0.0340006020333165,0.340941053070539,0.510395269907459,0.425668161488999,0.16945421683692,0.043653295128765,TRUE,199,199,0,"OK","P14-C004",52,20,429,0.05,"swmdk_like","strong","near_knot",5,29,0.170604095151005,0.00466200466200462,0,0.0690000000000026
"V4-CMP-ONE-STAGE-CLUSTER-BB-RESP-v1","V4-TARGET-RESPONDENT-WEIGHTED-v1",0.443643659391795,0.470076221909826,-0.0264325625180309,0.391967045064703,0.488618025539312,0.440292535302007,0.0966509804746091,0.026323776353032,TRUE,199,199,0,"OK","P14-C004",52,20,429,0.05,"swmdk_like","strong","near_knot",5,29,0.170604095151005,0.00466200466200462,0,0.0690000000000026
"V4-CMP-IID-RESP-BB-v1","WORKING-INDEPENDENCE-RESPONDENT",0.443643659391795,0.470076221909826,-0.0264325625180309,0.387082612815847,0.494554791846027,0.440818702330937,0.10747217903018,0.0259827420279533,TRUE,199,199,0,"OK","P14-C004",52,20,429,0.05,"swmdk_like","strong","near_knot",5,29,0.170604095151005,0.00466200466200462,0,0.0690000000000026
"V4-CMP-TWO-STAGE-FREQ-BOOT-RESP-v1","V4-TARGET-RESPONDENT-WEIGHTED-v1",0.443643659391795,0.470076221909826,-0.0264325625180309,0.361904771116767,0.498332070586081,0.430118420851424,0.136427299469314,0.0333874639065573,TRUE,199,199,0,"OK","P14-C004",52,20,429,0.05,"swmdk_like","strong","near_knot",5,29,0.170604095151005,0.00466200466200462,0,0.0690000000000026
"V4-CMP-MOKKEN-TWOLEVEL-DELTA-v1","V4-TARGET-RESPONDENT-WEIGHTED-v1",0.443643659391789,0.470076221909826,-0.0264325625180368,0.378917029814317,0.508370288969261,0.443643659391789,0.129453259154945,0.0330243974318037,TRUE,,,0,"OK","P14-C004",52,20,429,0.05,"swmdk_like","strong","near_knot",5,29,0.170604095151005,0.00466200466200462,0,0.0690000000000026
"V4-PRI-TWO-STAGE-HBB-RESP-v1","V4-TARGET-RESPONDENT-WEIGHTED-v1",0.565294336463542,0.470076221909826,0.0952181145537165,0.500503427751481,0.62421293170339,0.562358179727436,0.123709503951909,0.0336987151584022,FALSE,199,199,0,"OK","P14-C004",53,20,457,0.05,"swmdk_like","strong","near_knot",10,29,-0.100121189872915,0.00437636761487958,0,0.070999999999998
"V4-SENS-TWO-STAGE-HBB-CLUSTER-v1","V4-TARGET-EQUAL-CLUSTER-v1",0.557508956042176,0.470076221909826,0.0874327341323505,0.486463678912259,0.631259164560457,0.558861421736358,0.144795485648197,0.0380147904104571,FALSE,199,199,0,"OK","P14-C004",53,20,457,0.05,"swmdk_like","strong","near_knot",10,29,-0.100121189872915,0.00437636761487958,0,0.070999999999998
"V4-CMP-ONE-STAGE-CLUSTER-BB-RESP-v1","V4-TARGET-RESPONDENT-WEIGHTED-v1",0.565294336463542,0.470076221909826,0.0952181145537165,0.53072296467411,0.598577745553007,0.564650355113558,0.0678547808788966,0.0177183808290314,FALSE,199,199,0,"OK","P14-C004",53,20,457,0.05,"swmdk_like","strong","near_knot",10,29,-0.100121189872915,0.00437636761487958,0,0.070999999999998
"V4-CMP-IID-RESP-BB-v1","WORKING-INDEPENDENCE-RESPONDENT",0.565294336463542,0.470076221909826,0.0952181145537165,0.519904836224626,0.604311920104835,0.562108378164731,0.0844070838802098,0.0213701947321392,FALSE,199,199,0,"OK","P14-C004",53,20,457,0.05,"swmdk_like","strong","near_knot",10,29,-0.100121189872915,0.00437636761487958,0,0.070999999999998
"V4-CMP-TWO-STAGE-FREQ-BOOT-RESP-v1","V4-TARGET-RESPONDENT-WEIGHTED-v1",0.565294336463542,0.470076221909826,0.0952181145537165,0.49776807150973,0.626107186562032,0.561937629035881,0.128339115052303,0.0307977663569329,FALSE,199,199,0,"OK","P14-C004",53,20,457,0.05,"swmdk_like","strong","near_knot",10,29,-0.100121189872915,0.00437636761487958,0,0.070999999999998
"V4-CMP-MOKKEN-TWOLEVEL-DELTA-v1","V4-TARGET-RESPONDENT-WEIGHTED-v1",0.565294336463549,0.470076221909826,0.0952181145537235,0.511025071671483,0.619563601255615,0.565294336463549,0.108538529584132,0.0276889091943194,FALSE,,,0,"OK","P14-C004",53,20,457,0.05,"swmdk_like","strong","near_knot",10,29,-0.100121189872915,0.00437636761487958,0,0.070999999999998
"V4-PRI-TWO-STAGE-HBB-RESP-v1","V4-TARGET-RESPONDENT-WEIGHTED-v1",0.468255388319929,0.470076221909826,-0.00182083358989704,0.398378524036901,0.547988467484007,0.473183495760454,0.149609943447106,0.0406239569796469,TRUE,199,199,0,"OK","P14-C004",54,20,459,0.05,"swmdk_like","strong","near_knot",5,29,-0.315072175296561,0.00435729847494559,0,0.0700000000000003
"V4-SENS-TWO-STAGE-HBB-CLUSTER-v1","V4-TARGET-EQUAL-CLUSTER-v1",0.494405900948426,0.470076221909826,0.0243296790385998,0.407401990973586,0.585877204885878,0.496639597929732,0.178475213912292,0.0422053317501901,TRUE,199,199,0,"OK","P14-C004",54,20,459,0.05,"swmdk_like","strong","near_knot",5,29,-0.315072175296561,0.00435729847494559,0,0.0700000000000003
"V4-CMP-ONE-STAGE-CLUSTER-BB-RESP-v1","V4-TARGET-RESPONDENT-WEIGHTED-v1",0.468255388319929,0.470076221909826,-0.00182083358989704,0.426570344182238,0.515851258619707,0.471210801400973,0.0892809144374695,0.0236924378230439,TRUE,199,199,0,"OK","P14-C004",54,20,459,0.05,"swmdk_like","strong","near_knot",5,29,-0.315072175296561,0.00435729847494559,0,0.0700000000000003
"V4-CMP-IID-RESP-BB-v1","WORKING-INDEPENDENCE-RESPONDENT",0.468255388319929,0.470076221909826,-0.00182083358989704,0.414560378676059,0.514756569897253,0.464658474286656,0.100196191221194,0.0257053018660807,TRUE,199,199,0,"OK","P14-C004",54,20,459,0.05,"swmdk_like","strong","near_knot",5,29,-0.315072175296561,0.00435729847494559,0,0.0700000000000003
"V4-CMP-TWO-STAGE-FREQ-BOOT-RESP-v1","V4-TARGET-RESPONDENT-WEIGHTED-v1",0.468255388319929,0.470076221909826,-0.00182083358989704,0.391227648550024,0.532724020878111,0.461975834714068,0.141496372328087,0.0334127411738568,TRUE,199,199,0,"OK","P14-C004",54,20,459,0.05,"swmdk_like","strong","near_knot",5,29,-0.315072175296561,0.00435729847494559,0,0.0700000000000003
"V4-CMP-MOKKEN-TWOLEVEL-DELTA-v1","V4-TARGET-RESPONDENT-WEIGHTED-v1",0.468255388319924,0.470076221909826,-0.00182083358990198,0.411516733129343,0.524994043510504,0.468255388319924,0.113477310381161,0.0289488254060422,TRUE,,,0,"OK","P14-C004",54,20,459,0.05,"swmdk_like","strong","near_knot",5,29,-0.315072175296561,0.00435729847494559,0,0.0700000000000003
"V4-PRI-TWO-STAGE-HBB-RESP-v1","V4-TARGET-RESPONDENT-WEIGHTED-v1",0.492674031611535,0.470076221909826,0.0225978097017089,0.413988429419158,0.581881265874934,0.497934847647046,0.167892836455775,0.0408230972582418,TRUE,199,199,0,"OK","P14-C004",55,20,421,0.05,"swmdk_like","strong","near_knot",5,28,-0.0416866377142416,0.00712589073634207,0,0.0680000000000014
"V4-SENS-TWO-STAGE-HBB-CLUSTER-v1","V4-TARGET-EQUAL-CLUSTER-v1",0.48951137069786,0.470076221909826,0.0194351487880348,0.39222423557931,0.574496264353123,0.483360249966216,0.182272028773813,0.0438749673470121,TRUE,199,199,0,"OK","P14-C004",55,20,421,0.05,"swmdk_like","strong","near_knot",5,28,-0.0416866377142416,0.00712589073634207,0,0.0680000000000014
"V4-CMP-ONE-STAGE-CLUSTER-BB-RESP-v1","V4-TARGET-RESPONDENT-WEIGHTED-v1",0.492674031611535,0.470076221909826,0.0225978097017089,0.446526371272988,0.536073290958061,0.491299831115525,0.0895469196850728,0.0242991283980503,TRUE,199,199,0,"OK","P14-C004",55,20,421,0.05,"swmdk_like","strong","near_knot",5,28,-0.0416866377142416,0.00712589073634207,0,0.0680000000000014
"V4-CMP-IID-RESP-BB-v1","WORKING-INDEPENDENCE-RESPONDENT",0.492674031611535,0.470076221909826,0.0225978097017089,0.450998741850519,0.537639629851548,0.494319185851033,0.086640888001029,0.0246173183285864,TRUE,199,199,0,"OK","P14-C004",55,20,421,0.05,"swmdk_like","strong","near_knot",5,28,-0.0416866377142416,0.00712589073634207,0,0.0680000000000014
"V4-CMP-TWO-STAGE-FREQ-BOOT-RESP-v1","V4-TARGET-RESPONDENT-WEIGHTED-v1",0.492674031611535,0.470076221909826,0.0225978097017089,0.421478993321342,0.563280550937264,0.492379772129303,0.141801557615922,0.0349631707741568,TRUE,199,199,0,"OK","P14-C004",55,20,421,0.05,"swmdk_like","strong","near_knot",5,28,-0.0416866377142416,0.00712589073634207,0,0.0680000000000014
"V4-CMP-MOKKEN-TWOLEVEL-DELTA-v1","V4-TARGET-RESPONDENT-WEIGHTED-v1",0.492674031611539,0.470076221909826,0.0225978097017133,0.432231736272937,0.553116326950141,0.492674031611539,0.120884590677203,0.0308384724491688,TRUE,,,0,"OK","P14-C004",55,20,421,0.05,"swmdk_like","strong","near_knot",5,28,-0.0416866377142416,0.00712589073634207,0,0.0680000000000014
"V4-PRI-TWO-STAGE-HBB-RESP-v1","V4-TARGET-RESPONDENT-WEIGHTED-v1",0.50264722614743,0.470076221909826,0.0325710042376048,0.437309004897308,0.580457957116394,0.508883481006851,0.143148952219086,0.0383238168286298,TRUE,199,199,0,"OK","P14-C004",56,20,438,0.05,"swmdk_like","strong","near_knot",8,29,0.0093047784364212,0.00228310502283102,0,0.0809999999999995
"V4-SENS-TWO-STAGE-HBB-CLUSTER-v1","V4-TARGET-EQUAL-CLUSTER-v1",0.494260510808061,0.470076221909826,0.0241842888982355,0.414754203520764,0.558991739120383,0.486872971320574,0.14423753559962,0.0397148519748871,TRUE,199,199,0,"OK","P14-C004",56,20,438,0.05,"swmdk_like","strong","near_knot",8,29,0.0093047784364212,0.00228310502283102,0,0.0809999999999995
"V4-CMP-ONE-STAGE-CLUSTER-BB-RESP-v1","V4-TARGET-RESPONDENT-WEIGHTED-v1",0.50264722614743,0.470076221909826,0.0325710042376048,0.462410502807422,0.554096492242303,0.508253497524862,0.0916859894348811,0.0252663496274399,TRUE,199,199,0,"OK","P14-C004",56,20,438,0.05,"swmdk_like","strong","near_knot",8,29,0.0093047784364212,0.00228310502283102,0,0.0809999999999995
"V4-CMP-IID-RESP-BB-v1","WORKING-INDEPENDENCE-RESPONDENT",0.50264722614743,0.470076221909826,0.0325710042376048,0.456404455812824,0.552672923696844,0.504538689754834,0.0962684678840199,0.0231897696195063,TRUE,199,199,0,"OK","P14-C004",56,20,438,0.05,"swmdk_like","strong","near_knot",8,29,0.0093047784364212,0.00228310502283102,0,0.0809999999999995
"V4-CMP-TWO-STAGE-FREQ-BOOT-RESP-v1","V4-TARGET-RESPONDENT-WEIGHTED-v1",0.50264722614743,0.470076221909826,0.0325710042376048,0.454294896195993,0.568626569683806,0.511460732939899,0.114331673487813,0.0299686679292119,TRUE,199,199,0,"OK","P14-C004",56,20,438,0.05,"swmdk_like","strong","near_knot",8,29,0.0093047784364212,0.00228310502283102,0,0.0809999999999995
"V4-CMP-MOKKEN-TWOLEVEL-DELTA-v1","V4-TARGET-RESPONDENT-WEIGHTED-v1",0.502647226147437,0.470076221909826,0.0325710042376116,0.444395717794742,0.560898734500133,0.502647226147437,0.11650301670539,0.029720703447704,TRUE,,,0,"OK","P14-C004",56,20,438,0.05,"swmdk_like","strong","near_knot",8,29,0.0093047784364212,0.00228310502283102,0,0.0809999999999995
"V4-PRI-TWO-STAGE-HBB-RESP-v1","V4-TARGET-RESPONDENT-WEIGHTED-v1",0.485817719473085,0.470076221909826,0.0157414975632597,0.407011355309357,0.572745853031544,0.48987860417045,0.165734497722187,0.0396596772470095,TRUE,199,199,0,"OK","P14-C004",57,20,412,0.05,"swmdk_like","strong","near_knot",5,29,0.117292283533261,0.00485436893203883,0,0.065999999999999
"V4-SENS-TWO-STAGE-HBB-CLUSTER-v1","V4-TARGET-EQUAL-CLUSTER-v1",0.515405556851884,0.470076221909826,0.0453293349420585,0.431352909948341,0.621959126252718,0.52665601810053,0.190606216304377,0.044399287180738,TRUE,199,199,0,"OK","P14-C004",57,20,412,0.05,"swmdk_like","strong","near_knot",5,29,0.117292283533261,0.00485436893203883,0,0.065999999999999
"V4-CMP-ONE-STAGE-CLUSTER-BB-RESP-v1","V4-TARGET-RESPONDENT-WEIGHTED-v1",0.485817719473085,0.470076221909826,0.0157414975632597,0.435686399482383,0.532186119103676,0.48393625929303,0.0964997196212932,0.0265438264013479,TRUE,199,199,0,"OK","P14-C004",57,20,412,0.05,"swmdk_like","strong","near_knot",5,29,0.117292283533261,0.00485436893203883,0,0.065999999999999
"V4-CMP-IID-RESP-BB-v1","WORKING-INDEPENDENCE-RESPONDENT",0.485817719473085,0.470076221909826,0.0157414975632597,0.433966787312224,0.535479692117848,0.484723239715036,0.101512904805624,0.0245917689517705,TRUE,199,199,0,"OK","P14-C004",57,20,412,0.05,"swmdk_like","strong","near_knot",5,29,0.117292283533261,0.00485436893203883,0,0.065999999999999
"V4-CMP-TWO-STAGE-FREQ-BOOT-RESP-v1","V4-TARGET-RESPONDENT-WEIGHTED-v1",0.485817719473085,0.470076221909826,0.0157414975632597,0.411812107159542,0.569019671119625,0.490415889139584,0.157207563960083,0.0376609283041239,TRUE,199,199,0,"OK","P14-C004",57,20,412,0.05,"swmdk_like","strong","near_knot",5,29,0.117292283533261,0.00485436893203883,0,0.065999999999999
"V4-CMP-MOKKEN-TWOLEVEL-DELTA-v1","V4-TARGET-RESPONDENT-WEIGHTED-v1",0.485817719473088,0.470076221909826,0.0157414975632622,0.421851561930799,0.549783877015377,0.485817719473088,0.127932315084579,0.0326363943658385,TRUE,,,0,"OK","P14-C004",57,20,412,0.05,"swmdk_like","strong","near_knot",5,29,0.117292283533261,0.00485436893203883,0,0.065999999999999
"V4-PRI-TWO-STAGE-HBB-RESP-v1","V4-TARGET-RESPONDENT-WEIGHTED-v1",0.473807397758202,0.470076221909826,0.00373117584837585,0.394618595506867,0.552392150224893,0.47350537286588,0.157773554718025,0.037741441384702,TRUE,199,199,0,"OK","P14-C004",58,20,464,0.05,"swmdk_like","strong","near_knot",13,29,0.299152805815661,0.0107758620689652,0,0.0719999999999992
"V4-SENS-TWO-STAGE-HBB-CLUSTER-v1","V4-TARGET-EQUAL-CLUSTER-v1",0.474806588866929,0.470076221909826,0.00473036695710338,0.40344995357056,0.541426489738287,0.472438221654423,0.137976536167727,0.0373428448091512,TRUE,199,199,0,"OK","P14-C004",58,20,464,0.05,"swmdk_like","strong","near_knot",13,29,0.299152805815661,0.0107758620689652,0,0.0719999999999992
"V4-CMP-ONE-STAGE-CLUSTER-BB-RESP-v1","V4-TARGET-RESPONDENT-WEIGHTED-v1",0.473807397758202,0.470076221909826,0.00373117584837585,0.427429513221729,0.507319453382382,0.467374483302055,0.0798899401606528,0.0203597229065083,TRUE,199,199,0,"OK","P14-C004",58,20,464,0.05,"swmdk_like","strong","near_knot",13,29,0.299152805815661,0.0107758620689652,0,0.0719999999999992
"V4-CMP-IID-RESP-BB-v1","WORKING-INDEPENDENCE-RESPONDENT",0.473807397758202,0.470076221909826,0.00373117584837585,0.426508586132721,0.510355697656057,0.468432141894389,0.0838471115233362,0.0210166362514822,TRUE,199,199,0,"OK","P14-C004",58,20,464,0.05,"swmdk_like","strong","near_knot",13,29,0.299152805815661,0.0107758620689652,0,0.0719999999999992
"V4-CMP-TWO-STAGE-FREQ-BOOT-RESP-v1","V4-TARGET-RESPONDENT-WEIGHTED-v1",0.473807397758202,0.470076221909826,0.00373117584837585,0.411152422283272,0.539711867145729,0.4754321447145,0.128559444862456,0.0312154284798786,TRUE,199,199,0,"OK","P14-C004",58,20,464,0.05,"swmdk_like","strong","near_knot",13,29,0.299152805815661,0.0107758620689652,0,0.0719999999999992
"V4-CMP-MOKKEN-TWOLEVEL-DELTA-v1","V4-TARGET-RESPONDENT-WEIGHTED-v1",0.473807397758191,0.470076221909826,0.00373117584836574,0.41538512349574,0.532229672020642,0.473807397758191,0.116844548524902,0.0298078305128454,TRUE,,,0,"OK","P14-C004",58,20,464,0.05,"swmdk_like","strong","near_knot",13,29,0.299152805815661,0.0107758620689652,0,0.0719999999999992
"V4-PRI-TWO-STAGE-HBB-RESP-v1","V4-TARGET-RESPONDENT-WEIGHTED-v1",0.467300437966662,0.470076221909826,-0.00277578394316386,0.396902669815792,0.539956174404858,0.468429422110325,0.143053504589066,0.0370261912705831,TRUE,199,199,0,"OK","P14-C004",59,20,459,0.05,"swmdk_like","strong","near_knot",8,28,-0.321339323939772,0.00435729847494559,0,0.0700000000000003
"V4-SENS-TWO-STAGE-HBB-CLUSTER-v1","V4-TARGET-EQUAL-CLUSTER-v1",0.469902887898155,0.470076221909826,-0.000173334011670689,0.385622772360924,0.541105493744325,0.463364133052624,0.155482721383401,0.0400034888651941,TRUE,199,199,0,"OK","P14-C004",59,20,459,0.05,"swmdk_like","strong","near_knot",8,28,-0.321339323939772,0.00435729847494559,0,0.0700000000000003
"V4-CMP-ONE-STAGE-CLUSTER-BB-RESP-v1","V4-TARGET-RESPONDENT-WEIGHTED-v1",0.467300437966662,0.470076221909826,-0.00277578394316386,0.409392272604496,0.505065072226995,0.457228672415746,0.0956727996224991,0.0227979275902053,TRUE,199,199,0,"OK","P14-C004",59,20,459,0.05,"swmdk_like","strong","near_knot",8,28,-0.321339323939772,0.00435729847494559,0,0.0700000000000003
"V4-CMP-IID-RESP-BB-v1","WORKING-INDEPENDENCE-RESPONDENT",0.467300437966662,0.470076221909826,-0.00277578394316386,0.420244770729399,0.51025270134306,0.465248736036229,0.0900079306136613,0.0244804766093995,TRUE,199,199,0,"OK","P14-C004",59,20,459,0.05,"swmdk_like","strong","near_knot",8,28,-0.321339323939772,0.00435729847494559,0,0.0700000000000003
"V4-CMP-TWO-STAGE-FREQ-BOOT-RESP-v1","V4-TARGET-RESPONDENT-WEIGHTED-v1",0.467300437966662,0.470076221909826,-0.00277578394316386,0.403203564008432,0.53064218475438,0.466922874381406,0.127438620745948,0.0318181921207628,TRUE,199,199,0,"OK","P14-C004",59,20,459,0.05,"swmdk_like","strong","near_knot",8,28,-0.321339323939772,0.00435729847494559,0,0.0700000000000003
"V4-CMP-MOKKEN-TWOLEVEL-DELTA-v1","V4-TARGET-RESPONDENT-WEIGHTED-v1",0.467300437966655,0.470076221909826,-0.0027757839431703,0.410320126624017,0.524280749309293,0.467300437966655,0.113960622685276,0.0290721216267704,TRUE,,,0,"OK","P14-C004",59,20,459,0.05,"swmdk_like","strong","near_knot",8,28,-0.321339323939772,0.00435729847494559,0,0.0700000000000003
"V4-PRI-TWO-STAGE-HBB-RESP-v1","V4-TARGET-RESPONDENT-WEIGHTED-v1",0.469715152704692,0.470076221909826,-0.000361069205134179,0.394416656711761,0.535608238819815,0.465012447765788,0.141191582108055,0.0356213596920127,TRUE,199,199,0,"OK","P14-C004",60,20,421,0.05,"swmdk_like","strong","near_knot",10,29,-0.00513518408852212,0.00237529691211402,0,0.0680000000000014
"V4-SENS-TWO-STAGE-HBB-CLUSTER-v1","V4-TARGET-EQUAL-CLUSTER-v1",0.465969841750587,0.470076221909826,-0.00410638015923914,0.38950195274415,0.536744343202774,0.463123147973462,0.147242390458624,0.0413750097371981,TRUE,199,199,0,"OK","P14-C004",60,20,421,0.05,"swmdk_like","strong","near_knot",10,29,-0.00513518408852212,0.00237529691211402,0,0.0680000000000014
"V4-CMP-ONE-STAGE-CLUSTER-BB-RESP-v1","V4-TARGET-RESPONDENT-WEIGHTED-v1",0.469715152704692,0.470076221909826,-0.000361069205134179,0.425979472970515,0.536628306693253,0.481303889831884,0.110648833722738,0.02794779319967,TRUE,199,199,0,"OK","P14-C004",60,20,421,0.05,"swmdk_like","strong","near_knot",10,29,-0.00513518408852212,0.00237529691211402,0,0.0680000000000014
"V4-CMP-IID-RESP-BB-v1","WORKING-INDEPENDENCE-RESPONDENT",0.469715152704692,0.470076221909826,-0.000361069205134179,0.434725089521412,0.519233946534897,0.476979518028155,0.0845088570134848,0.0227068497411956,TRUE,199,199,0,"OK","P14-C004",60,20,421,0.05,"swmdk_like","strong","near_knot",10,29,-0.00513518408852212,0.00237529691211402,0,0.0680000000000014
"V4-CMP-TWO-STAGE-FREQ-BOOT-RESP-v1","V4-TARGET-RESPONDENT-WEIGHTED-v1",0.469715152704692,0.470076221909826,-0.000361069205134179,0.408779518802679,0.54178198418111,0.475280751491895,0.133002465378431,0.0352502403105889,TRUE,199,199,0,"OK","P14-C004",60,20,421,0.05,"swmdk_like","strong","near_knot",10,29,-0.00513518408852212,0.00237529691211402,0,0.0680000000000014
"V4-CMP-MOKKEN-TWOLEVEL-DELTA-v1","V4-TARGET-RESPONDENT-WEIGHTED-v1",0.469715152704694,0.470076221909826,-0.000361069205131404,0.405513752136946,0.533916553272442,0.469715152704694,0.128402801135496,0.0327564185230751,TRUE,,,0,"OK","P14-C004",60,20,421,0.05,"swmdk_like","strong","near_knot",10,29,-0.00513518408852212,0.00237529691211402,0,0.0680000000000014
