"method_id","target_id","point_estimate","truth","bias","lower","upper","center","interval_length","se_equivalent","cover","defined_draws","total_draws","invalid_fraction","status","cell_id","replication","G","N","latent_icc","size_mechanism","strength","regularity","minimum_cluster_size","maximum_cluster_size","size_effect_correlation","sample_minimum_internal_cdf_gap","sample_exact_knot_count","replication_elapsed_seconds"
"V4-PRI-TWO-STAGE-HBB-RESP-v1","V4-TARGET-RESPONDENT-WEIGHTED-v1",0.493026730047715,0.452050087355035,0.0409766426926798,0.396593021933805,0.580764656393356,0.488678839163581,0.184171634459551,0.0509229301787866,TRUE,199,199,0,"OK","P14-C003",1,20,346,0.3,"informative","strong","exact_knot",9,27,0.993316956291407,0,1,0.0619999999999994
"V4-SENS-TWO-STAGE-HBB-CLUSTER-v1","V4-TARGET-EQUAL-CLUSTER-v1",0.486847229784161,0.457956271629311,0.0288909581548492,0.368941355508269,0.576435236783738,0.472688296146004,0.207493881275469,0.05061320273958,TRUE,199,199,0,"OK","P14-C003",1,20,346,0.3,"informative","strong","exact_knot",9,27,0.993316956291407,0,1,0.0619999999999994
"V4-CMP-ONE-STAGE-CLUSTER-BB-RESP-v1","V4-TARGET-RESPONDENT-WEIGHTED-v1",0.493026730047715,0.452050087355035,0.0409766426926798,0.421801173744516,0.575237672284566,0.498519423014541,0.15343649854005,0.0379943811308504,TRUE,199,199,0,"OK","P14-C003",1,20,346,0.3,"informative","strong","exact_knot",9,27,0.993316956291407,0,1,0.0619999999999994
"V4-CMP-IID-RESP-BB-v1","WORKING-INDEPENDENCE-RESPONDENT",0.493026730047715,0.452050087355035,0.0409766426926798,0.433910074139756,0.550504227814508,0.492207150977132,0.116594153674752,0.0286145383515941,TRUE,199,199,0,"OK","P14-C003",1,20,346,0.3,"informative","strong","exact_knot",9,27,0.993316956291407,0,1,0.0619999999999994
"V4-CMP-TWO-STAGE-FREQ-BOOT-RESP-v1","V4-TARGET-RESPONDENT-WEIGHTED-v1",0.493026730047715,0.452050087355035,0.0409766426926798,0.393432721398346,0.608078385523661,0.500755553461003,0.214645664125315,0.0525131449535336,TRUE,199,199,0,"OK","P14-C003",1,20,346,0.3,"informative","strong","exact_knot",9,27,0.993316956291407,0,1,0.0619999999999994
"V4-CMP-MOKKEN-TWOLEVEL-DELTA-v1","V4-TARGET-RESPONDENT-WEIGHTED-v1",0.493026730047707,0.452050087355035,0.0409766426926721,0.413738484860282,0.572314975235132,0.493026730047707,0.15857649037485,0.0404539296705657,TRUE,,,0,"OK","P14-C003",1,20,346,0.3,"informative","strong","exact_knot",9,27,0.993316956291407,0,1,0.0619999999999994
"V4-PRI-TWO-STAGE-HBB-RESP-v1","V4-TARGET-RESPONDENT-WEIGHTED-v1",0.445277354946413,0.452050087355035,-0.00677273240862175,0.3589124645361,0.544158737704777,0.451535601120438,0.185246273168677,0.0487963767268312,TRUE,199,199,0,"OK","P14-C003",2,20,348,0.3,"informative","strong","exact_knot",7,27,0.985595520040767,0,1,0.0760000000000005
"V4-SENS-TWO-STAGE-HBB-CLUSTER-v1","V4-TARGET-EQUAL-CLUSTER-v1",0.47597679530361,0.457956271629311,0.0180205236742982,0.374113330938686,0.593286544458288,0.483699937698487,0.219173213519603,0.0553989515473743,TRUE,199,199,0,"OK","P14-C003",2,20,348,0.3,"informative","strong","exact_knot",7,27,0.985595520040767,0,1,0.0760000000000005
"V4-CMP-ONE-STAGE-CLUSTER-BB-RESP-v1","V4-TARGET-RESPONDENT-WEIGHTED-v1",0.445277354946413,0.452050087355035,-0.00677273240862175,0.387321439992891,0.533855018962023,0.460588229477457,0.146533578969132,0.0365704527968688,TRUE,199,199,0,"OK","P14-C003",2,20,348,0.3,"informative","strong","exact_knot",7,27,0.985595520040767,0,1,0.0760000000000005
"V4-CMP-IID-RESP-BB-v1","WORKING-INDEPENDENCE-RESPONDENT",0.445277354946413,0.452050087355035,-0.00677273240862175,0.406443686052515,0.506735783352173,0.456589734702344,0.100292097299658,0.0255076761883469,TRUE,199,199,0,"OK","P14-C003",2,20,348,0.3,"informative","strong","exact_knot",7,27,0.985595520040767,0,1,0.0760000000000005
"V4-CMP-TWO-STAGE-FREQ-BOOT-RESP-v1","V4-TARGET-RESPONDENT-WEIGHTED-v1",0.445277354946413,0.452050087355035,-0.00677273240862175,0.374160999429273,0.537865042863274,0.456013021146274,0.163704043434001,0.0448891348032646,TRUE,199,199,0,"OK","P14-C003",2,20,348,0.3,"informative","strong","exact_knot",7,27,0.985595520040767,0,1,0.0760000000000005
"V4-CMP-MOKKEN-TWOLEVEL-DELTA-v1","V4-TARGET-RESPONDENT-WEIGHTED-v1",0.445277354946405,0.452050087355035,-0.00677273240863024,0.362625724661387,0.527928985231423,0.445277354946405,0.165303260570036,0.0421699740081775,TRUE,,,0,"OK","P14-C003",2,20,348,0.3,"informative","strong","exact_knot",7,27,0.985595520040767,0,1,0.0760000000000005
"V4-PRI-TWO-STAGE-HBB-RESP-v1","V4-TARGET-RESPONDENT-WEIGHTED-v1",0.421876067781006,0.452050087355035,-0.030174019574029,0.339397649367235,0.505349596936385,0.42237362315181,0.16595194756915,0.0412343410594985,TRUE,199,199,0,"OK","P14-C003",3,20,325,0.3,"informative","strong","exact_knot",9,25,0.997355072591894,0,1,0.0600000000000005
"V4-SENS-TWO-STAGE-HBB-CLUSTER-v1","V4-TARGET-EQUAL-CLUSTER-v1",0.425001154549039,0.457956271629311,-0.0329551170802727,0.3187663604247,0.522147173187162,0.420456766805931,0.203380812762462,0.0487646258912849,TRUE,199,199,0,"OK","P14-C003",3,20,325,0.3,"informative","strong","exact_knot",9,25,0.997355072591894,0,1,0.0600000000000005
"V4-CMP-ONE-STAGE-CLUSTER-BB-RESP-v1","V4-TARGET-RESPONDENT-WEIGHTED-v1",0.421876067781006,0.452050087355035,-0.030174019574029,0.38155862642337,0.471366123427095,0.426462374925232,0.0898074970037255,0.0250707157981675,TRUE,199,199,0,"OK","P14-C003",3,20,325,0.3,"informative","strong","exact_knot",9,25,0.997355072591894,0,1,0.0600000000000005
"V4-CMP-IID-RESP-BB-v1","WORKING-INDEPENDENCE-RESPONDENT",0.421876067781006,0.452050087355035,-0.030174019574029,0.368066932368722,0.479205188196158,0.42363606028244,0.111138255827437,0.0283710868060609,TRUE,199,199,0,"OK","P14-C003",3,20,325,0.3,"informative","strong","exact_knot",9,25,0.997355072591894,0,1,0.0600000000000005
"V4-CMP-TWO-STAGE-FREQ-BOOT-RESP-v1","V4-TARGET-RESPONDENT-WEIGHTED-v1",0.421876067781006,0.452050087355035,-0.030174019574029,0.347195585164109,0.503781780815908,0.425488682990009,0.156586195651799,0.0404620475282762,TRUE,199,199,0,"OK","P14-C003",3,20,325,0.3,"informative","strong","exact_knot",9,25,0.997355072591894,0,1,0.0600000000000005
"V4-CMP-MOKKEN-TWOLEVEL-DELTA-v1","V4-TARGET-RESPONDENT-WEIGHTED-v1",0.421876067781004,0.452050087355035,-0.0301740195740313,0.349185460129142,0.494566675432865,0.421876067781004,0.145381215303723,0.03708772621601,TRUE,,,0,"OK","P14-C003",3,20,325,0.3,"informative","strong","exact_knot",9,25,0.997355072591894,0,1,0.0600000000000005
"V4-PRI-TWO-STAGE-HBB-RESP-v1","V4-TARGET-RESPONDENT-WEIGHTED-v1",0.454491495269446,0.452050087355035,0.00244140791441133,0.3499970265877,0.550940204417415,0.450468615502557,0.200943177829715,0.0490440992651167,TRUE,199,199,0,"OK","P14-C003",4,20,268,0.3,"informative","strong","exact_knot",6,21,0.978599802851634,0,1,0.052999999999999
"V4-SENS-TWO-STAGE-HBB-CLUSTER-v1","V4-TARGET-EQUAL-CLUSTER-v1",0.471375205829999,0.457956271629311,0.0134189342006876,0.376320472089698,0.599765514964036,0.488042993526867,0.223445042874338,0.0559142861862196,TRUE,199,199,0,"OK","P14-C003",4,20,268,0.3,"informative","strong","exact_knot",6,21,0.978599802851634,0,1,0.052999999999999
"V4-CMP-ONE-STAGE-CLUSTER-BB-RESP-v1","V4-TARGET-RESPONDENT-WEIGHTED-v1",0.454491495269446,0.452050087355035,0.00244140791441133,0.391096280327229,0.526692745570683,0.458894512948956,0.135596465243453,0.0333862460848246,TRUE,199,199,0,"OK","P14-C003",4,20,268,0.3,"informative","strong","exact_knot",6,21,0.978599802851634,0,1,0.052999999999999
"V4-CMP-IID-RESP-BB-v1","WORKING-INDEPENDENCE-RESPONDENT",0.454491495269446,0.452050087355035,0.00244140791441133,0.406677503076516,0.515809016709359,0.461243259892937,0.109131513632844,0.0272478730292494,TRUE,199,199,0,"OK","P14-C003",4,20,268,0.3,"informative","strong","exact_knot",6,21,0.978599802851634,0,1,0.052999999999999
"V4-CMP-TWO-STAGE-FREQ-BOOT-RESP-v1","V4-TARGET-RESPONDENT-WEIGHTED-v1",0.454491495269446,0.452050087355035,0.00244140791441133,0.352065044625131,0.53609519918776,0.444080121906446,0.184030154562629,0.0470710292736561,TRUE,199,199,0,"OK","P14-C003",4,20,268,0.3,"informative","strong","exact_knot",6,21,0.978599802851634,0,1,0.052999999999999
"V4-CMP-MOKKEN-TWOLEVEL-DELTA-v1","V4-TARGET-RESPONDENT-WEIGHTED-v1",0.454491495269452,0.452050087355035,0.0024414079144171,0.372449544217062,0.536533446321843,0.454491495269452,0.164083902104781,0.0418589074592835,TRUE,,,0,"OK","P14-C003",4,20,268,0.3,"informative","strong","exact_knot",6,21,0.978599802851634,0,1,0.052999999999999
"V4-PRI-TWO-STAGE-HBB-RESP-v1","V4-TARGET-RESPONDENT-WEIGHTED-v1",0.406393284916806,0.452050087355035,-0.0456568024382287,0.325508271244543,0.494262496064723,0.409885383654633,0.16875422482018,0.0432788786720247,TRUE,199,199,0,"OK","P14-C003",5,20,287,0.3,"informative","strong","exact_knot",6,23,0.981559516931132,0,3,0.0570000000000004
"V4-SENS-TWO-STAGE-HBB-CLUSTER-v1","V4-TARGET-EQUAL-CLUSTER-v1",0.429498807551215,0.457956271629311,-0.0284574640780967,0.349091902572772,0.540319159666219,0.444705531119496,0.191227257093447,0.0524226145171804,TRUE,199,199,0,"OK","P14-C003",5,20,287,0.3,"informative","strong","exact_knot",6,23,0.981559516931132,0,3,0.0570000000000004
"V4-CMP-ONE-STAGE-CLUSTER-BB-RESP-v1","V4-TARGET-RESPONDENT-WEIGHTED-v1",0.406393284916806,0.452050087355035,-0.0456568024382287,0.351489049648921,0.465196450983282,0.408342750316101,0.113707401334361,0.0265715677224701,TRUE,199,199,0,"OK","P14-C003",5,20,287,0.3,"informative","strong","exact_knot",6,23,0.981559516931132,0,3,0.0570000000000004
"V4-CMP-IID-RESP-BB-v1","WORKING-INDEPENDENCE-RESPONDENT",0.406393284916806,0.452050087355035,-0.0456568024382287,0.352049167220504,0.463715730868139,0.407882449044321,0.111666563647634,0.028248001582322,TRUE,199,199,0,"OK","P14-C003",5,20,287,0.3,"informative","strong","exact_knot",6,23,0.981559516931132,0,3,0.0570000000000004
"V4-CMP-TWO-STAGE-FREQ-BOOT-RESP-v1","V4-TARGET-RESPONDENT-WEIGHTED-v1",0.406393284916806,0.452050087355035,-0.0456568024382287,0.323915180726346,0.495311295698409,0.409613238212377,0.171396114972063,0.0434014476190339,TRUE,199,199,0,"OK","P14-C003",5,20,287,0.3,"informative","strong","exact_knot",6,23,0.981559516931132,0,3,0.0570000000000004
"V4-CMP-MOKKEN-TWOLEVEL-DELTA-v1","V4-TARGET-RESPONDENT-WEIGHTED-v1",0.406393284916806,0.452050087355035,-0.0456568024382291,0.324461027322257,0.488325542511355,0.406393284916806,0.163864515189098,0.041802940380956,TRUE,,,0,"OK","P14-C003",5,20,287,0.3,"informative","strong","exact_knot",6,23,0.981559516931132,0,3,0.0570000000000004
"V4-PRI-TWO-STAGE-HBB-RESP-v1","V4-TARGET-RESPONDENT-WEIGHTED-v1",0.407207101672664,0.452050087355035,-0.0448429856823715,0.324883108516784,0.502551407259854,0.413717257888319,0.177668298743069,0.0449674783796514,TRUE,199,199,0,"OK","P14-C003",6,20,362,0.3,"informative","strong","exact_knot",9,26,0.993642665142157,0,2,0.0630000000000006
"V4-SENS-TWO-STAGE-HBB-CLUSTER-v1","V4-TARGET-EQUAL-CLUSTER-v1",0.417077553214234,0.457956271629311,-0.0408787184150772,0.343288525231829,0.523386913421992,0.43333771932691,0.180098388190164,0.0458327396968561,TRUE,199,199,0,"OK","P14-C003",6,20,362,0.3,"informative","strong","exact_knot",9,26,0.993642665142157,0,2,0.0630000000000006
"V4-CMP-ONE-STAGE-CLUSTER-BB-RESP-v1","V4-TARGET-RESPONDENT-WEIGHTED-v1",0.407207101672664,0.452050087355035,-0.0448429856823715,0.355216979878988,0.464988028193808,0.410102504036398,0.109771048314821,0.0292877676863117,TRUE,199,199,0,"OK","P14-C003",6,20,362,0.3,"informative","strong","exact_knot",9,26,0.993642665142157,0,2,0.0630000000000006
"V4-CMP-IID-RESP-BB-v1","WORKING-INDEPENDENCE-RESPONDENT",0.407207101672664,0.452050087355035,-0.0448429856823715,0.352219265541567,0.462905732981583,0.407562499261575,0.110686467440016,0.0280591514750322,TRUE,199,199,0,"OK","P14-C003",6,20,362,0.3,"informative","strong","exact_knot",9,26,0.993642665142157,0,2,0.0630000000000006
"V4-CMP-TWO-STAGE-FREQ-BOOT-RESP-v1","V4-TARGET-RESPONDENT-WEIGHTED-v1",0.407207101672664,0.452050087355035,-0.0448429856823715,0.326604931611627,0.50095869618894,0.413781813900284,0.174353764577313,0.0437199286239024,TRUE,199,199,0,"OK","P14-C003",6,20,362,0.3,"informative","strong","exact_knot",9,26,0.993642665142157,0,2,0.0630000000000006
"V4-CMP-MOKKEN-TWOLEVEL-DELTA-v1","V4-TARGET-RESPONDENT-WEIGHTED-v1",0.407207101672651,0.452050087355035,-0.0448429856823837,0.329886003520607,0.484528199824696,0.407207101672651,0.154642196304088,0.0394502647813649,TRUE,,,0,"OK","P14-C003",6,20,362,0.3,"informative","strong","exact_knot",9,26,0.993642665142157,0,2,0.0630000000000006
"V4-PRI-TWO-STAGE-HBB-RESP-v1","V4-TARGET-RESPONDENT-WEIGHTED-v1",0.476363834466454,0.452050087355035,0.0243137471114193,0.397061786808055,0.576966299723851,0.487014043265953,0.179904512915796,0.0483903230144655,TRUE,199,199,0,"OK","P14-C003",7,20,313,0.3,"informative","strong","exact_knot",6,25,0.98740823095039,0.00319488817891372,0,0.0559999999999992
"V4-SENS-TWO-STAGE-HBB-CLUSTER-v1","V4-TARGET-EQUAL-CLUSTER-v1",0.506479679137631,0.457956271629311,0.0485234075083195,0.429143626785047,0.594346462332066,0.511745044558557,0.165202835547018,0.0443084325844239,TRUE,199,199,0,"OK","P14-C003",7,20,313,0.3,"informative","strong","exact_knot",6,25,0.98740823095039,0.00319488817891372,0,0.0559999999999992
"V4-CMP-ONE-STAGE-CLUSTER-BB-RESP-v1","V4-TARGET-RESPONDENT-WEIGHTED-v1",0.476363834466454,0.452050087355035,0.0243137471114193,0.409474810301125,0.547198771386553,0.478336790843839,0.137723961085428,0.0348533969061177,TRUE,199,199,0,"OK","P14-C003",7,20,313,0.3,"informative","strong","exact_knot",6,25,0.98740823095039,0.00319488817891372,0,0.0559999999999992
"V4-CMP-IID-RESP-BB-v1","WORKING-INDEPENDENCE-RESPONDENT",0.476363834466454,0.452050087355035,0.0243137471114193,0.424869172391295,0.528781943230721,0.476825557811008,0.103912770839426,0.0280632403002962,TRUE,199,199,0,"OK","P14-C003",7,20,313,0.3,"informative","strong","exact_knot",6,25,0.98740823095039,0.00319488817891372,0,0.0559999999999992
"V4-CMP-TWO-STAGE-FREQ-BOOT-RESP-v1","V4-TARGET-RESPONDENT-WEIGHTED-v1",0.476363834466454,0.452050087355035,0.0243137471114193,0.392782530730014,0.560630895335078,0.476706713032546,0.167848364605065,0.0421265336461549,TRUE,199,199,0,"OK","P14-C003",7,20,313,0.3,"informative","strong","exact_knot",6,25,0.98740823095039,0.00319488817891372,0,0.0559999999999992
"V4-CMP-MOKKEN-TWOLEVEL-DELTA-v1","V4-TARGET-RESPONDENT-WEIGHTED-v1",0.476363834466447,0.452050087355035,0.0243137471114117,0.396279630574911,0.556448038357983,0.476363834466447,0.160168407783073,0.0408600385125595,TRUE,,,0,"OK","P14-C003",7,20,313,0.3,"informative","strong","exact_knot",6,25,0.98740823095039,0.00319488817891372,0,0.0559999999999992
"V4-PRI-TWO-STAGE-HBB-RESP-v1","V4-TARGET-RESPONDENT-WEIGHTED-v1",0.489571849843679,0.452050087355035,0.0375217624886438,0.416535346175074,0.577634283208093,0.497084814691583,0.161098937033019,0.0434087474383068,TRUE,199,199,0,"OK","P14-C003",8,20,344,0.3,"informative","strong","exact_knot",10,24,0.997542775082402,0.00290697674418605,0,0.0609999999999999
"V4-SENS-TWO-STAGE-HBB-CLUSTER-v1","V4-TARGET-EQUAL-CLUSTER-v1",0.495022994623233,0.457956271629311,0.037066722993921,0.415726590355466,0.582955905463728,0.499341247909597,0.167229315108262,0.0438862819218745,TRUE,199,199,0,"OK","P14-C003",8,20,344,0.3,"informative","strong","exact_knot",10,24,0.997542775082402,0.00290697674418605,0,0.0609999999999999
"V4-CMP-ONE-STAGE-CLUSTER-BB-RESP-v1","V4-TARGET-RESPONDENT-WEIGHTED-v1",0.489571849843679,0.452050087355035,0.0375217624886438,0.438655884670326,0.536696098593305,0.487675991631815,0.0980402139229796,0.0243908276876128,TRUE,199,199,0,"OK","P14-C003",8,20,344,0.3,"informative","strong","exact_knot",10,24,0.997542775082402,0.00290697674418605,0,0.0609999999999999
"V4-CMP-IID-RESP-BB-v1","WORKING-INDEPENDENCE-RESPONDENT",0.489571849843679,0.452050087355035,0.0375217624886438,0.438020172914916,0.550796153424656,0.494408163169786,0.11277598050974,0.0277409191881409,TRUE,199,199,0,"OK","P14-C003",8,20,344,0.3,"informative","strong","exact_knot",10,24,0.997542775082402,0.00290697674418605,0,0.0609999999999999
"V4-CMP-TWO-STAGE-FREQ-BOOT-RESP-v1","V4-TARGET-RESPONDENT-WEIGHTED-v1",0.489571849843679,0.452050087355035,0.0375217624886438,0.42720486541339,0.558976786641941,0.493090826027666,0.131771921228552,0.03270263197637,TRUE,199,199,0,"OK","P14-C003",8,20,344,0.3,"informative","strong","exact_knot",10,24,0.997542775082402,0.00290697674418605,0,0.0609999999999999
"V4-CMP-MOKKEN-TWOLEVEL-DELTA-v1","V4-TARGET-RESPONDENT-WEIGHTED-v1",0.489571849843683,0.452050087355035,0.0375217624886481,0.42332995534298,0.555813744344386,0.489571849843683,0.132483789001406,0.0337975059864419,TRUE,,,0,"OK","P14-C003",8,20,344,0.3,"informative","strong","exact_knot",10,24,0.997542775082402,0.00290697674418605,0,0.0609999999999999
"V4-PRI-TWO-STAGE-HBB-RESP-v1","V4-TARGET-RESPONDENT-WEIGHTED-v1",0.509757118752656,0.452050087355035,0.0577070313976211,0.436217416187613,0.592946875315184,0.514582145751399,0.156729459127571,0.0408747164447267,TRUE,199,199,0,"OK","P14-C003",9,20,353,0.3,"informative","strong","exact_knot",9,27,0.992185714463981,0.00283286118980164,0,0.0620000000000012
"V4-SENS-TWO-STAGE-HBB-CLUSTER-v1","V4-TARGET-EQUAL-CLUSTER-v1",0.502864245680295,0.457956271629311,0.044907974050984,0.420507013962729,0.601956423349146,0.511231718655938,0.181449409386417,0.0466678181409546,TRUE,199,199,0,"OK","P14-C003",9,20,353,0.3,"informative","strong","exact_knot",9,27,0.992185714463981,0.00283286118980164,0,0.0620000000000012
"V4-CMP-ONE-STAGE-CLUSTER-BB-RESP-v1","V4-TARGET-RESPONDENT-WEIGHTED-v1",0.509757118752656,0.452050087355035,0.0577070313976211,0.451086790732706,0.567427855685976,0.509257323209341,0.11634106495327,0.0301333172274385,TRUE,199,199,0,"OK","P14-C003",9,20,353,0.3,"informative","strong","exact_knot",9,27,0.992185714463981,0.00283286118980164,0,0.0620000000000012
"V4-CMP-IID-RESP-BB-v1","WORKING-INDEPENDENCE-RESPONDENT",0.509757118752656,0.452050087355035,0.0577070313976211,0.462381226984105,0.558594387262068,0.510487807123087,0.096213160277963,0.0225670790392443,FALSE,199,199,0,"OK","P14-C003",9,20,353,0.3,"informative","strong","exact_knot",9,27,0.992185714463981,0.00283286118980164,0,0.0620000000000012
"V4-CMP-TWO-STAGE-FREQ-BOOT-RESP-v1","V4-TARGET-RESPONDENT-WEIGHTED-v1",0.509757118752656,0.452050087355035,0.0577070313976211,0.431583488358613,0.590793009789084,0.511188249073849,0.15920952143047,0.0393717748033005,TRUE,199,199,0,"OK","P14-C003",9,20,353,0.3,"informative","strong","exact_knot",9,27,0.992185714463981,0.00283286118980164,0,0.0620000000000012
"V4-CMP-MOKKEN-TWOLEVEL-DELTA-v1","V4-TARGET-RESPONDENT-WEIGHTED-v1",0.509757118752644,0.452050087355035,0.0577070313976084,0.440633290052283,0.578880947453004,0.509757118752644,0.138247657400722,0.0352679075970787,TRUE,,,0,"OK","P14-C003",9,20,353,0.3,"informative","strong","exact_knot",9,27,0.992185714463981,0.00283286118980164,0,0.0620000000000012
"V4-PRI-TWO-STAGE-HBB-RESP-v1","V4-TARGET-RESPONDENT-WEIGHTED-v1",0.460716645026069,0.452050087355035,0.00866655767103341,0.377740052945343,0.560102590739314,0.468921321842329,0.182362537793971,0.0434119255249751,TRUE,199,199,0,"OK","P14-C003",10,20,356,0.3,"informative","strong","exact_knot",12,25,0.997882046479848,0,4,0.0629999999999988
"V4-SENS-TWO-STAGE-HBB-CLUSTER-v1","V4-TARGET-EQUAL-CLUSTER-v1",0.459574551306558,0.457956271629311,0.00161827967724626,0.369397537694443,0.559259272479549,0.464328405086996,0.189861734785105,0.0456527134503947,TRUE,199,199,0,"OK","P14-C003",10,20,356,0.3,"informative","strong","exact_knot",12,25,0.997882046479848,0,4,0.0629999999999988
"V4-CMP-ONE-STAGE-CLUSTER-BB-RESP-v1","V4-TARGET-RESPONDENT-WEIGHTED-v1",0.460716645026069,0.452050087355035,0.00866655767103341,0.405092131384492,0.500592020742169,0.452842076063331,0.0954998893576765,0.0263805329777135,TRUE,199,199,0,"OK","P14-C003",10,20,356,0.3,"informative","strong","exact_knot",12,25,0.997882046479848,0,4,0.0629999999999988
"V4-CMP-IID-RESP-BB-v1","WORKING-INDEPENDENCE-RESPONDENT",0.460716645026069,0.452050087355035,0.00866655767103341,0.410102921952978,0.520561817888895,0.465332369920937,0.110458895935917,0.0279936490245251,TRUE,199,199,0,"OK","P14-C003",10,20,356,0.3,"informative","strong","exact_knot",12,25,0.997882046479848,0,4,0.0629999999999988
"V4-CMP-TWO-STAGE-FREQ-BOOT-RESP-v1","V4-TARGET-RESPONDENT-WEIGHTED-v1",0.460716645026069,0.452050087355035,0.00866655767103341,0.387283439260793,0.528347014032681,0.457815226646737,0.141063574771888,0.0356848996910575,TRUE,199,199,0,"OK","P14-C003",10,20,356,0.3,"informative","strong","exact_knot",12,25,0.997882046479848,0,4,0.0629999999999988
"V4-CMP-MOKKEN-TWOLEVEL-DELTA-v1","V4-TARGET-RESPONDENT-WEIGHTED-v1",0.460716645026083,0.452050087355035,0.00866655767104779,0.391271447278199,0.530161842773967,0.460716645026083,0.138890395495768,0.035431874409764,TRUE,,,0,"OK","P14-C003",10,20,356,0.3,"informative","strong","exact_knot",12,25,0.997882046479848,0,4,0.0629999999999988
"V4-PRI-TWO-STAGE-HBB-RESP-v1","V4-TARGET-RESPONDENT-WEIGHTED-v1",0.502070336071312,0.452050087355035,0.0500202487162774,0.421869395958353,0.601729856114712,0.511799626036533,0.179860460156359,0.0469559683092231,TRUE,199,199,0,"OK","P14-C003",11,20,306,0.3,"informative","strong","exact_knot",7,24,0.989315774054897,0,1,0.0579999999999998
"V4-SENS-TWO-STAGE-HBB-CLUSTER-v1","V4-TARGET-EQUAL-CLUSTER-v1",0.507103331103128,0.457956271629311,0.049147059473817,0.420971912956261,0.605059286471877,0.513015599714069,0.184087373515615,0.0453204462347303,TRUE,199,199,0,"OK","P14-C003",11,20,306,0.3,"informative","strong","exact_knot",7,24,0.989315774054897,0,1,0.0579999999999998
"V4-CMP-ONE-STAGE-CLUSTER-BB-RESP-v1","V4-TARGET-RESPONDENT-WEIGHTED-v1",0.502070336071312,0.452050087355035,0.0500202487162774,0.441129581105414,0.558638797887068,0.499884189496241,0.117509216781654,0.0301872758309683,TRUE,199,199,0,"OK","P14-C003",11,20,306,0.3,"informative","strong","exact_knot",7,24,0.989315774054897,0,1,0.0579999999999998
"V4-CMP-IID-RESP-BB-v1","WORKING-INDEPENDENCE-RESPONDENT",0.502070336071312,0.452050087355035,0.0500202487162774,0.448018821599531,0.556988787857958,0.502503804728745,0.108969966258427,0.0275980721357206,TRUE,199,199,0,"OK","P14-C003",11,20,306,0.3,"informative","strong","exact_knot",7,24,0.989315774054897,0,1,0.0579999999999998
"V4-CMP-TWO-STAGE-FREQ-BOOT-RESP-v1","V4-TARGET-RESPONDENT-WEIGHTED-v1",0.502070336071312,0.452050087355035,0.0500202487162774,0.420145348019832,0.584277764525308,0.50221155627257,0.164132416505476,0.04412320564368,TRUE,199,199,0,"OK","P14-C003",11,20,306,0.3,"informative","strong","exact_knot",7,24,0.989315774054897,0,1,0.0579999999999998
"V4-CMP-MOKKEN-TWOLEVEL-DELTA-v1","V4-TARGET-RESPONDENT-WEIGHTED-v1",0.50207033607131,0.452050087355035,0.0500202487162751,0.428795552132098,0.575345120010522,0.50207033607131,0.146549567878424,0.0373857808190324,TRUE,,,0,"OK","P14-C003",11,20,306,0.3,"informative","strong","exact_knot",7,24,0.989315774054897,0,1,0.0579999999999998
"V4-PRI-TWO-STAGE-HBB-RESP-v1","V4-TARGET-RESPONDENT-WEIGHTED-v1",0.414835891946172,0.452050087355035,-0.0372141954088632,0.322252515666612,0.528254209326621,0.425253362496617,0.20600169366001,0.0496527438881483,TRUE,199,199,0,"OK","P14-C003",12,20,349,0.3,"informative","strong","exact_knot",8,26,0.995694047685049,0,1,0.0630000000000006
"V4-SENS-TWO-STAGE-HBB-CLUSTER-v1","V4-TARGET-EQUAL-CLUSTER-v1",0.431505091807482,0.457956271629311,-0.0264511798218291,0.329524078126128,0.549099238370182,0.439311658248155,0.219575160244055,0.0554804888294852,TRUE,199,199,0,"OK","P14-C003",12,20,349,0.3,"informative","strong","exact_knot",8,26,0.995694047685049,0,1,0.0630000000000006
"V4-CMP-ONE-STAGE-CLUSTER-BB-RESP-v1","V4-TARGET-RESPONDENT-WEIGHTED-v1",0.414835891946172,0.452050087355035,-0.0372141954088632,0.353732531093783,0.496444080556338,0.425088305825061,0.142711549462555,0.0363430214117389,TRUE,199,199,0,"OK","P14-C003",12,20,349,0.3,"informative","strong","exact_knot",8,26,0.995694047685049,0,1,0.0630000000000006
"V4-CMP-IID-RESP-BB-v1","WORKING-INDEPENDENCE-RESPONDENT",0.414835891946172,0.452050087355035,-0.0372141954088632,0.359695230761449,0.47439010567072,0.417042668216084,0.114694874909272,0.0285077909144735,TRUE,199,199,0,"OK","P14-C003",12,20,349,0.3,"informative","strong","exact_knot",8,26,0.995694047685049,0,1,0.0630000000000006
"V4-CMP-TWO-STAGE-FREQ-BOOT-RESP-v1","V4-TARGET-RESPONDENT-WEIGHTED-v1",0.414835891946172,0.452050087355035,-0.0372141954088632,0.333529150001352,0.494837024498698,0.414183087250025,0.161307874497346,0.0428704990614368,TRUE,199,199,0,"OK","P14-C003",12,20,349,0.3,"informative","strong","exact_knot",8,26,0.995694047685049,0,1,0.0630000000000006
"V4-CMP-MOKKEN-TWOLEVEL-DELTA-v1","V4-TARGET-RESPONDENT-WEIGHTED-v1",0.414835891946167,0.452050087355035,-0.0372141954088678,0.328045535910596,0.501626247981739,0.414835891946167,0.173580712071143,0.0442816075806304,TRUE,,,0,"OK","P14-C003",12,20,349,0.3,"informative","strong","exact_knot",8,26,0.995694047685049,0,1,0.0630000000000006
"V4-PRI-TWO-STAGE-HBB-RESP-v1","V4-TARGET-RESPONDENT-WEIGHTED-v1",0.469070480601738,0.452050087355035,0.0170203932467028,0.383649598850126,0.583954204002766,0.483801901426446,0.20030460515264,0.0495749436901172,TRUE,199,199,0,"OK","P14-C003",13,20,317,0.3,"informative","strong","exact_knot",8,23,0.993994735827732,0,1,0.0719999999999992
"V4-SENS-TWO-STAGE-HBB-CLUSTER-v1","V4-TARGET-EQUAL-CLUSTER-v1",0.495395339307888,0.457956271629311,0.0374390676785769,0.38012462895304,0.599643564389276,0.489884096671158,0.219518935436236,0.0580880481810064,TRUE,199,199,0,"OK","P14-C003",13,20,317,0.3,"informative","strong","exact_knot",8,23,0.993994735827732,0,1,0.0719999999999992
"V4-CMP-ONE-STAGE-CLUSTER-BB-RESP-v1","V4-TARGET-RESPONDENT-WEIGHTED-v1",0.469070480601738,0.452050087355035,0.0170203932467028,0.409386705791765,0.546269184880282,0.477827945336023,0.136882479088516,0.0356521950705781,TRUE,199,199,0,"OK","P14-C003",13,20,317,0.3,"informative","strong","exact_knot",8,23,0.993994735827732,0,1,0.0719999999999992
"V4-CMP-IID-RESP-BB-v1","WORKING-INDEPENDENCE-RESPONDENT",0.469070480601738,0.452050087355035,0.0170203932467028,0.41471712845978,0.518842977648058,0.466780053053919,0.104125849188278,0.0258697455432514,TRUE,199,199,0,"OK","P14-C003",13,20,317,0.3,"informative","strong","exact_knot",8,23,0.993994735827732,0,1,0.0719999999999992
"V4-CMP-TWO-STAGE-FREQ-BOOT-RESP-v1","V4-TARGET-RESPONDENT-WEIGHTED-v1",0.469070480601738,0.452050087355035,0.0170203932467028,0.381418038104825,0.586296513934622,0.483857276019724,0.204878475829797,0.0543077131311097,TRUE,199,199,0,"OK","P14-C003",13,20,317,0.3,"informative","strong","exact_knot",8,23,0.993994735827732,0,1,0.0719999999999992
"V4-CMP-MOKKEN-TWOLEVEL-DELTA-v1","V4-TARGET-RESPONDENT-WEIGHTED-v1",0.469070480601743,0.452050087355035,0.0170203932467075,0.380550802314608,0.557590158888877,0.469070480601743,0.177039356574269,0.045163931064737,TRUE,,,0,"OK","P14-C003",13,20,317,0.3,"informative","strong","exact_knot",8,23,0.993994735827732,0,1,0.0719999999999992
"V4-PRI-TWO-STAGE-HBB-RESP-v1","V4-TARGET-RESPONDENT-WEIGHTED-v1",0.473789281657667,0.452050087355035,0.0217391943026324,0.386229427652857,0.563734058144634,0.474981742898745,0.177504630491777,0.0449493869337674,TRUE,199,199,0,"OK","P14-C003",14,20,336,0.3,"informative","strong","exact_knot",7,28,0.986231180636483,0,1,0.0620000000000012
"V4-SENS-TWO-STAGE-HBB-CLUSTER-v1","V4-TARGET-EQUAL-CLUSTER-v1",0.497123095451002,0.457956271629311,0.0391668238216906,0.381328229515645,0.605806178103335,0.49356720380949,0.22447794858769,0.0573852784788222,TRUE,199,199,0,"OK","P14-C003",14,20,336,0.3,"informative","strong","exact_knot",7,28,0.986231180636483,0,1,0.0620000000000012
"V4-CMP-ONE-STAGE-CLUSTER-BB-RESP-v1","V4-TARGET-RESPONDENT-WEIGHTED-v1",0.473789281657667,0.452050087355035,0.0217391943026324,0.400711440032014,0.530612829266298,0.465662134649156,0.129901389234284,0.0302832127020422,TRUE,199,199,0,"OK","P14-C003",14,20,336,0.3,"informative","strong","exact_knot",7,28,0.986231180636483,0,1,0.0620000000000012
"V4-CMP-IID-RESP-BB-v1","WORKING-INDEPENDENCE-RESPONDENT",0.473789281657667,0.452050087355035,0.0217391943026324,0.4238465305134,0.535105929761243,0.479476230137321,0.111259399247843,0.0275761995705256,TRUE,199,199,0,"OK","P14-C003",14,20,336,0.3,"informative","strong","exact_knot",7,28,0.986231180636483,0,1,0.0620000000000012
"V4-CMP-TWO-STAGE-FREQ-BOOT-RESP-v1","V4-TARGET-RESPONDENT-WEIGHTED-v1",0.473789281657667,0.452050087355035,0.0217391943026324,0.388362593391735,0.557315355281963,0.472838974336849,0.168952761890228,0.0440632474826362,TRUE,199,199,0,"OK","P14-C003",14,20,336,0.3,"informative","strong","exact_knot",7,28,0.986231180636483,0,1,0.0620000000000012
"V4-CMP-MOKKEN-TWOLEVEL-DELTA-v1","V4-TARGET-RESPONDENT-WEIGHTED-v1",0.47378928165766,0.452050087355035,0.0217391943026252,0.393135009627703,0.554443553687617,0.47378928165766,0.161308544059914,0.0411508949481458,TRUE,,,0,"OK","P14-C003",14,20,336,0.3,"informative","strong","exact_knot",7,28,0.986231180636483,0,1,0.0620000000000012
"V4-PRI-TWO-STAGE-HBB-RESP-v1","V4-TARGET-RESPONDENT-WEIGHTED-v1",0.400803096598322,0.452050087355035,-0.0512469907567131,0.317736263241387,0.50578302159498,0.411759642418184,0.188046758353593,0.0445824274722842,TRUE,199,199,0,"OK","P14-C003",15,20,346,0.3,"informative","strong","exact_knot",7,25,0.987759878765288,0,2,0.0619999999999994
"V4-SENS-TWO-STAGE-HBB-CLUSTER-v1","V4-TARGET-EQUAL-CLUSTER-v1",0.421294401035528,0.457956271629311,-0.0366618705937838,0.341150662285093,0.53827775792381,0.439714210104452,0.197127095638717,0.0507352609518606,TRUE,199,199,0,"OK","P14-C003",15,20,346,0.3,"informative","strong","exact_knot",7,25,0.987759878765288,0,2,0.0619999999999994
"V4-CMP-ONE-STAGE-CLUSTER-BB-RESP-v1","V4-TARGET-RESPONDENT-WEIGHTED-v1",0.400803096598322,0.452050087355035,-0.0512469907567131,0.349878176256843,0.473670472821911,0.411774324539377,0.123792296565068,0.0309708871017162,TRUE,199,199,0,"OK","P14-C003",15,20,346,0.3,"informative","strong","exact_knot",7,25,0.987759878765288,0,2,0.0619999999999994
"V4-CMP-IID-RESP-BB-v1","WORKING-INDEPENDENCE-RESPONDENT",0.400803096598322,0.452050087355035,-0.0512469907567131,0.350816344052774,0.455870399899261,0.403343371976017,0.105054055846488,0.0276633849374672,TRUE,199,199,0,"OK","P14-C003",15,20,346,0.3,"informative","strong","exact_knot",7,25,0.987759878765288,0,2,0.0619999999999994
"V4-CMP-TWO-STAGE-FREQ-BOOT-RESP-v1","V4-TARGET-RESPONDENT-WEIGHTED-v1",0.400803096598322,0.452050087355035,-0.0512469907567131,0.325085515293638,0.484621708317457,0.404853611805548,0.159536193023819,0.0395945117991161,TRUE,199,199,0,"OK","P14-C003",15,20,346,0.3,"informative","strong","exact_knot",7,25,0.987759878765288,0,2,0.0619999999999994
"V4-CMP-MOKKEN-TWOLEVEL-DELTA-v1","V4-TARGET-RESPONDENT-WEIGHTED-v1",0.400803096598313,0.452050087355035,-0.0512469907567225,0.321682415581529,0.479923777615096,0.400803096598313,0.158241362033567,0.040368436175806,TRUE,,,0,"OK","P14-C003",15,20,346,0.3,"informative","strong","exact_knot",7,25,0.987759878765288,0,2,0.0619999999999994
"V4-PRI-TWO-STAGE-HBB-RESP-v1","V4-TARGET-RESPONDENT-WEIGHTED-v1",0.416405239593786,0.452050087355035,-0.0356448477612488,0.322143816977398,0.510477484532993,0.416310650755195,0.188333667555595,0.0444410083856022,TRUE,199,199,0,"OK","P14-C003",16,20,331,0.3,"informative","strong","exact_knot",7,24,0.98868947933425,0,1,0.0600000000000005
"V4-SENS-TWO-STAGE-HBB-CLUSTER-v1","V4-TARGET-EQUAL-CLUSTER-v1",0.419323936316711,0.457956271629311,-0.0386323353126007,0.344019129539323,0.510088346751058,0.427053738145191,0.166069217211735,0.0432750468750641,TRUE,199,199,0,"OK","P14-C003",16,20,331,0.3,"informative","strong","exact_knot",7,24,0.98868947933425,0,1,0.0600000000000005
"V4-CMP-ONE-STAGE-CLUSTER-BB-RESP-v1","V4-TARGET-RESPONDENT-WEIGHTED-v1",0.416405239593786,0.452050087355035,-0.0356448477612488,0.372871031523529,0.466371019278378,0.419621025400953,0.0934999877548492,0.0232124250379759,TRUE,199,199,0,"OK","P14-C003",16,20,331,0.3,"informative","strong","exact_knot",7,24,0.98868947933425,0,1,0.0600000000000005
"V4-CMP-IID-RESP-BB-v1","WORKING-INDEPENDENCE-RESPONDENT",0.416405239593786,0.452050087355035,-0.0356448477612488,0.357140878424501,0.471927719376591,0.414534298900546,0.11478684095209,0.0269977102279446,TRUE,199,199,0,"OK","P14-C003",16,20,331,0.3,"informative","strong","exact_knot",7,24,0.98868947933425,0,1,0.0600000000000005
"V4-CMP-TWO-STAGE-FREQ-BOOT-RESP-v1","V4-TARGET-RESPONDENT-WEIGHTED-v1",0.416405239593786,0.452050087355035,-0.0356448477612488,0.348240583166229,0.485192374776588,0.416716478971408,0.136951791610359,0.0340011238328129,TRUE,199,199,0,"OK","P14-C003",16,20,331,0.3,"informative","strong","exact_knot",7,24,0.98868947933425,0,1,0.0600000000000005
"V4-CMP-MOKKEN-TWOLEVEL-DELTA-v1","V4-TARGET-RESPONDENT-WEIGHTED-v1",0.416405239593793,0.452050087355035,-0.0356448477612419,0.34827661928451,0.484533859903076,0.416405239593793,0.136257240618566,0.0347601388835065,TRUE,,,0,"OK","P14-C003",16,20,331,0.3,"informative","strong","exact_knot",7,24,0.98868947933425,0,1,0.0600000000000005
"V4-PRI-TWO-STAGE-HBB-RESP-v1","V4-TARGET-RESPONDENT-WEIGHTED-v1",0.455488176980426,0.452050087355035,0.00343808962539105,0.358284775315058,0.550880274299325,0.454582524807191,0.192595498984267,0.0487792404848855,TRUE,199,199,0,"OK","P14-C003",17,20,343,0.3,"informative","strong","exact_knot",8,25,0.995903574006197,0.00291545189504372,0,0.0589999999999993
"V4-SENS-TWO-STAGE-HBB-CLUSTER-v1","V4-TARGET-EQUAL-CLUSTER-v1",0.468020391125748,0.457956271629311,0.0100641194964369,0.368890275108244,0.561670562780797,0.465280418944521,0.192780287672554,0.0501348336502964,TRUE,199,199,0,"OK","P14-C003",17,20,343,0.3,"informative","strong","exact_knot",8,25,0.995903574006197,0.00291545189504372,0,0.0589999999999993
"V4-CMP-ONE-STAGE-CLUSTER-BB-RESP-v1","V4-TARGET-RESPONDENT-WEIGHTED-v1",0.455488176980426,0.452050087355035,0.00343808962539105,0.386871095517077,0.512451092867779,0.449661094192428,0.125579997350702,0.031098321604214,TRUE,199,199,0,"OK","P14-C003",17,20,343,0.3,"informative","strong","exact_knot",8,25,0.995903574006197,0.00291545189504372,0,0.0589999999999993
"V4-CMP-IID-RESP-BB-v1","WORKING-INDEPENDENCE-RESPONDENT",0.455488176980426,0.452050087355035,0.00343808962539105,0.399397732815772,0.50876190779864,0.454079820307206,0.109364174982868,0.0280727184860557,TRUE,199,199,0,"OK","P14-C003",17,20,343,0.3,"informative","strong","exact_knot",8,25,0.995903574006197,0.00291545189504372,0,0.0589999999999993
"V4-CMP-TWO-STAGE-FREQ-BOOT-RESP-v1","V4-TARGET-RESPONDENT-WEIGHTED-v1",0.455488176980426,0.452050087355035,0.00343808962539105,0.38167391641448,0.532891250746764,0.457282583580622,0.151217334332284,0.0396348199758322,TRUE,199,199,0,"OK","P14-C003",17,20,343,0.3,"informative","strong","exact_knot",8,25,0.995903574006197,0.00291545189504372,0,0.0589999999999993
"V4-CMP-MOKKEN-TWOLEVEL-DELTA-v1","V4-TARGET-RESPONDENT-WEIGHTED-v1",0.455488176980426,0.452050087355035,0.00343808962539055,0.379078491670074,0.531897862290777,0.455488176980426,0.152819370620703,0.0389852496847194,TRUE,,,0,"OK","P14-C003",17,20,343,0.3,"informative","strong","exact_knot",8,25,0.995903574006197,0.00291545189504372,0,0.0589999999999993
"V4-PRI-TWO-STAGE-HBB-RESP-v1","V4-TARGET-RESPONDENT-WEIGHTED-v1",0.478584859809952,0.452050087355035,0.0265347724549165,0.396023822074298,0.575075878033453,0.485549850053876,0.179052055959155,0.0463865266162283,TRUE,199,199,0,"OK","P14-C003",18,20,281,0.3,"informative","strong","exact_knot",9,24,0.995955788061074,0,2,0.0549999999999997
"V4-SENS-TWO-STAGE-HBB-CLUSTER-v1","V4-TARGET-EQUAL-CLUSTER-v1",0.469982168943835,0.457956271629311,0.0120258973145235,0.362827166468238,0.56779156582243,0.465309366145334,0.204964399354193,0.0494713593865743,TRUE,199,199,0,"OK","P14-C003",18,20,281,0.3,"informative","strong","exact_knot",9,24,0.995955788061074,0,2,0.0549999999999997
"V4-CMP-ONE-STAGE-CLUSTER-BB-RESP-v1","V4-TARGET-RESPONDENT-WEIGHTED-v1",0.478584859809952,0.452050087355035,0.0265347724549165,0.420529684682234,0.551551343022778,0.486040513852506,0.131021658340545,0.0333876792547541,TRUE,199,199,0,"OK","P14-C003",18,20,281,0.3,"informative","strong","exact_knot",9,24,0.995955788061074,0,2,0.0549999999999997
"V4-CMP-IID-RESP-BB-v1","WORKING-INDEPENDENCE-RESPONDENT",0.478584859809952,0.452050087355035,0.0265347724549165,0.429250708020662,0.536400389572417,0.482825548796539,0.107149681551755,0.0289108488321902,TRUE,199,199,0,"OK","P14-C003",18,20,281,0.3,"informative","strong","exact_knot",9,24,0.995955788061074,0,2,0.0549999999999997
"V4-CMP-TWO-STAGE-FREQ-BOOT-RESP-v1","V4-TARGET-RESPONDENT-WEIGHTED-v1",0.478584859809952,0.452050087355035,0.0265347724549165,0.397949172122798,0.57339503490749,0.485672103515144,0.175445862784692,0.0446934295529819,TRUE,199,199,0,"OK","P14-C003",18,20,281,0.3,"informative","strong","exact_knot",9,24,0.995955788061074,0,2,0.0549999999999997
"V4-CMP-MOKKEN-TWOLEVEL-DELTA-v1","V4-TARGET-RESPONDENT-WEIGHTED-v1",0.478584859809952,0.452050087355035,0.026534772454917,0.400720358055998,0.556449361563907,0.478584859809952,0.155729003507909,0.0397275166116009,TRUE,,,0,"OK","P14-C003",18,20,281,0.3,"informative","strong","exact_knot",9,24,0.995955788061074,0,2,0.0549999999999997
"V4-PRI-TWO-STAGE-HBB-RESP-v1","V4-TARGET-RESPONDENT-WEIGHTED-v1",0.533171923173192,0.452050087355035,0.0811218358181571,0.454047985849574,0.618666067491155,0.536357026670365,0.164618081641581,0.0407282068176951,FALSE,199,199,0,"OK","P14-C003",19,20,354,0.3,"informative","strong","exact_knot",7,28,0.995672273944244,0,1,0.0660000000000007
"V4-SENS-TWO-STAGE-HBB-CLUSTER-v1","V4-TARGET-EQUAL-CLUSTER-v1",0.527038342592576,0.457956271629311,0.0690820709632644,0.442659656397878,0.607101891545578,0.524880773971728,0.1644422351477,0.0392255888005324,TRUE,199,199,0,"OK","P14-C003",19,20,354,0.3,"informative","strong","exact_knot",7,28,0.995672273944244,0,1,0.0660000000000007
"V4-CMP-ONE-STAGE-CLUSTER-BB-RESP-v1","V4-TARGET-RESPONDENT-WEIGHTED-v1",0.533171923173192,0.452050087355035,0.0811218358181571,0.467801530680152,0.57295275442587,0.520377142553011,0.105151223745718,0.0251065194724858,FALSE,199,199,0,"OK","P14-C003",19,20,354,0.3,"informative","strong","exact_knot",7,28,0.995672273944244,0,1,0.0660000000000007
"V4-CMP-IID-RESP-BB-v1","WORKING-INDEPENDENCE-RESPONDENT",0.533171923173192,0.452050087355035,0.0811218358181571,0.485765632133501,0.582655434625198,0.53421053337935,0.0968898024916962,0.0238980470257319,FALSE,199,199,0,"OK","P14-C003",19,20,354,0.3,"informative","strong","exact_knot",7,28,0.995672273944244,0,1,0.0660000000000007
"V4-CMP-TWO-STAGE-FREQ-BOOT-RESP-v1","V4-TARGET-RESPONDENT-WEIGHTED-v1",0.533171923173192,0.452050087355035,0.0811218358181571,0.460561544087597,0.6009107489479,0.530736146517748,0.140349204860303,0.037218396911714,FALSE,199,199,0,"OK","P14-C003",19,20,354,0.3,"informative","strong","exact_knot",7,28,0.995672273944244,0,1,0.0660000000000007
"V4-CMP-MOKKEN-TWOLEVEL-DELTA-v1","V4-TARGET-RESPONDENT-WEIGHTED-v1",0.533171923173192,0.452050087355035,0.0811218358181573,0.470184826106527,0.596159020239858,0.533171923173192,0.125974194133331,0.0321368645360323,FALSE,,,0,"OK","P14-C003",19,20,354,0.3,"informative","strong","exact_knot",7,28,0.995672273944244,0,1,0.0660000000000007
"V4-PRI-TWO-STAGE-HBB-RESP-v1","V4-TARGET-RESPONDENT-WEIGHTED-v1",0.402246286384595,0.452050087355035,-0.0498038009704396,0.311799462452124,0.491430912532387,0.401615187492256,0.179631450080263,0.0478864840283243,TRUE,199,199,0,"OK","P14-C003",20,20,379,0.3,"informative","strong","exact_knot",10,26,0.992686247015042,0,1,0.0679999999999996
"V4-SENS-TWO-STAGE-HBB-CLUSTER-v1","V4-TARGET-EQUAL-CLUSTER-v1",0.407980036931923,0.457956271629311,-0.0499762346973888,0.292579662196046,0.515935126736436,0.404257394466241,0.223355464540391,0.055069613693561,TRUE,199,199,0,"OK","P14-C003",20,20,379,0.3,"informative","strong","exact_knot",10,26,0.992686247015042,0,1,0.0679999999999996
"V4-CMP-ONE-STAGE-CLUSTER-BB-RESP-v1","V4-TARGET-RESPONDENT-WEIGHTED-v1",0.402246286384595,0.452050087355035,-0.0498038009704396,0.312732178171276,0.469341213034018,0.391036695602647,0.156609034862743,0.0382263692919416,TRUE,199,199,0,"OK","P14-C003",20,20,379,0.3,"informative","strong","exact_knot",10,26,0.992686247015042,0,1,0.0679999999999996
"V4-CMP-IID-RESP-BB-v1","WORKING-INDEPENDENCE-RESPONDENT",0.402246286384595,0.452050087355035,-0.0498038009704396,0.352129236269239,0.450103030576642,0.401116133422941,0.0979737943074028,0.023669583297242,FALSE,199,199,0,"OK","P14-C003",20,20,379,0.3,"informative","strong","exact_knot",10,26,0.992686247015042,0,1,0.0679999999999996
"V4-CMP-TWO-STAGE-FREQ-BOOT-RESP-v1","V4-TARGET-RESPONDENT-WEIGHTED-v1",0.402246286384595,0.452050087355035,-0.0498038009704396,0.300389806005408,0.487953146382687,0.394171476194048,0.187563340377279,0.0432847916710519,TRUE,199,199,0,"OK","P14-C003",20,20,379,0.3,"informative","strong","exact_knot",10,26,0.992686247015042,0,1,0.0679999999999996
"V4-CMP-MOKKEN-TWOLEVEL-DELTA-v1","V4-TARGET-RESPONDENT-WEIGHTED-v1",0.402246286384591,0.452050087355035,-0.0498038009704437,0.315912174667468,0.488580398101714,0.402246286384591,0.172668223434246,0.0440488255897126,TRUE,,,0,"OK","P14-C003",20,20,379,0.3,"informative","strong","exact_knot",10,26,0.992686247015042,0,1,0.0679999999999996
"V4-PRI-TWO-STAGE-HBB-RESP-v1","V4-TARGET-RESPONDENT-WEIGHTED-v1",0.511649003762556,0.452050087355035,0.059598916407521,0.43850272712483,0.608676121478729,0.52358942430178,0.170173394353899,0.0426603786413685,TRUE,199,199,0,"OK","P14-C003",21,20,348,0.3,"informative","strong","exact_knot",7,28,0.986743236527707,0,1,0.0649999999999995
"V4-SENS-TWO-STAGE-HBB-CLUSTER-v1","V4-TARGET-EQUAL-CLUSTER-v1",0.514777116796689,0.457956271629311,0.0568208451673778,0.422667265826609,0.628739247322729,0.525703256574669,0.20607198149612,0.050074806317121,TRUE,199,199,0,"OK","P14-C003",21,20,348,0.3,"informative","strong","exact_knot",7,28,0.986743236527707,0,1,0.0649999999999995
"V4-CMP-ONE-STAGE-CLUSTER-BB-RESP-v1","V4-TARGET-RESPONDENT-WEIGHTED-v1",0.511649003762556,0.452050087355035,0.059598916407521,0.460224726146022,0.571901571243782,0.516063148694902,0.11167684509776,0.0281166571849774,FALSE,199,199,0,"OK","P14-C003",21,20,348,0.3,"informative","strong","exact_knot",7,28,0.986743236527707,0,1,0.0649999999999995
"V4-CMP-IID-RESP-BB-v1","WORKING-INDEPENDENCE-RESPONDENT",0.511649003762556,0.452050087355035,0.059598916407521,0.456820519864786,0.564504223406748,0.510662371635767,0.107683703541962,0.0274078422899494,FALSE,199,199,0,"OK","P14-C003",21,20,348,0.3,"informative","strong","exact_knot",7,28,0.986743236527707,0,1,0.0649999999999995
"V4-CMP-TWO-STAGE-FREQ-BOOT-RESP-v1","V4-TARGET-RESPONDENT-WEIGHTED-v1",0.511649003762556,0.452050087355035,0.059598916407521,0.419180176981859,0.602386933359532,0.510783555170695,0.183206756377672,0.0443939305166245,TRUE,199,199,0,"OK","P14-C003",21,20,348,0.3,"informative","strong","exact_knot",7,28,0.986743236527707,0,1,0.0649999999999995
"V4-CMP-MOKKEN-TWOLEVEL-DELTA-v1","V4-TARGET-RESPONDENT-WEIGHTED-v1",0.511649003762549,0.452050087355035,0.0595989164075137,0.441746264878421,0.581551742646676,0.511649003762549,0.139805477768255,0.0356653180545721,TRUE,,,0,"OK","P14-C003",21,20,348,0.3,"informative","strong","exact_knot",7,28,0.986743236527707,0,1,0.0649999999999995
"V4-PRI-TWO-STAGE-HBB-RESP-v1","V4-TARGET-RESPONDENT-WEIGHTED-v1",0.441342565732799,0.452050087355035,-0.0107075216222362,0.329639066056274,0.525437203408968,0.427538134732621,0.195798137352694,0.0496501506845414,TRUE,199,199,0,"OK","P14-C003",22,20,353,0.3,"informative","strong","exact_knot",10,28,0.975766927787405,0,3,0.0780000000000012
"V4-SENS-TWO-STAGE-HBB-CLUSTER-v1","V4-TARGET-EQUAL-CLUSTER-v1",0.434407077390154,0.457956271629311,-0.0235491942391575,0.348066411674529,0.542559153774259,0.445312782724394,0.19449274209973,0.0506336499476404,TRUE,199,199,0,"OK","P14-C003",22,20,353,0.3,"informative","strong","exact_knot",10,28,0.975766927787405,0,3,0.0780000000000012
"V4-CMP-ONE-STAGE-CLUSTER-BB-RESP-v1","V4-TARGET-RESPONDENT-WEIGHTED-v1",0.441342565732799,0.452050087355035,-0.0107075216222362,0.361061254339112,0.51235400161248,0.436707627975796,0.151292747273368,0.0376004695035208,TRUE,199,199,0,"OK","P14-C003",22,20,353,0.3,"informative","strong","exact_knot",10,28,0.975766927787405,0,3,0.0780000000000012
"V4-CMP-IID-RESP-BB-v1","WORKING-INDEPENDENCE-RESPONDENT",0.441342565732799,0.452050087355035,-0.0107075216222362,0.390671613540518,0.49536338437185,0.443017498956184,0.104691770831331,0.026934429654958,TRUE,199,199,0,"OK","P14-C003",22,20,353,0.3,"informative","strong","exact_knot",10,28,0.975766927787405,0,3,0.0780000000000012
"V4-CMP-TWO-STAGE-FREQ-BOOT-RESP-v1","V4-TARGET-RESPONDENT-WEIGHTED-v1",0.441342565732799,0.452050087355035,-0.0107075216222362,0.334171812135238,0.516571540105431,0.425371676120334,0.182399727970193,0.0485376059018672,TRUE,199,199,0,"OK","P14-C003",22,20,353,0.3,"informative","strong","exact_knot",10,28,0.975766927787405,0,3,0.0780000000000012
"V4-CMP-MOKKEN-TWOLEVEL-DELTA-v1","V4-TARGET-RESPONDENT-WEIGHTED-v1",0.441342565732785,0.452050087355035,-0.0107075216222505,0.357460404374906,0.525224727090663,0.441342565732785,0.167764322715758,0.042797807520715,TRUE,,,0,"OK","P14-C003",22,20,353,0.3,"informative","strong","exact_knot",10,28,0.975766927787405,0,3,0.0780000000000012
"V4-PRI-TWO-STAGE-HBB-RESP-v1","V4-TARGET-RESPONDENT-WEIGHTED-v1",0.421024934657436,0.452050087355035,-0.0310251526975986,0.345846890855071,0.520513891757433,0.433180391306252,0.174667000902362,0.0440344281975772,TRUE,199,199,0,"OK","P14-C003",23,20,315,0.3,"informative","strong","exact_knot",10,24,0.996872748366361,0,2,0.0629999999999988
"V4-SENS-TWO-STAGE-HBB-CLUSTER-v1","V4-TARGET-EQUAL-CLUSTER-v1",0.410821951792748,0.457956271629311,-0.0471343198365637,0.32506846408692,0.510214831833953,0.417641647960437,0.185146367747032,0.0440644249447362,TRUE,199,199,0,"OK","P14-C003",23,20,315,0.3,"informative","strong","exact_knot",10,24,0.996872748366361,0,2,0.0629999999999988
"V4-CMP-ONE-STAGE-CLUSTER-BB-RESP-v1","V4-TARGET-RESPONDENT-WEIGHTED-v1",0.421024934657436,0.452050087355035,-0.0310251526975986,0.375956377656002,0.469169575491848,0.422562976573925,0.093213197835846,0.0230034715390135,TRUE,199,199,0,"OK","P14-C003",23,20,315,0.3,"informative","strong","exact_knot",10,24,0.996872748366361,0,2,0.0629999999999988
"V4-CMP-IID-RESP-BB-v1","WORKING-INDEPENDENCE-RESPONDENT",0.421024934657436,0.452050087355035,-0.0310251526975986,0.372248974965161,0.482333070379988,0.427291022672574,0.110084095414827,0.0281452981147094,TRUE,199,199,0,"OK","P14-C003",23,20,315,0.3,"informative","strong","exact_knot",10,24,0.996872748366361,0,2,0.0629999999999988
"V4-CMP-TWO-STAGE-FREQ-BOOT-RESP-v1","V4-TARGET-RESPONDENT-WEIGHTED-v1",0.421024934657436,0.452050087355035,-0.0310251526975986,0.354091932231558,0.49812895981307,0.426110446022314,0.144037027581512,0.0369162783557796,TRUE,199,199,0,"OK","P14-C003",23,20,315,0.3,"informative","strong","exact_knot",10,24,0.996872748366361,0,2,0.0629999999999988
"V4-CMP-MOKKEN-TWOLEVEL-DELTA-v1","V4-TARGET-RESPONDENT-WEIGHTED-v1",0.421024934657434,0.452050087355035,-0.0310251526976009,0.352651950853971,0.489397918460897,0.421024934657434,0.136745967606926,0.0348848164266181,TRUE,,,0,"OK","P14-C003",23,20,315,0.3,"informative","strong","exact_knot",10,24,0.996872748366361,0,2,0.0629999999999988
"V4-PRI-TWO-STAGE-HBB-RESP-v1","V4-TARGET-RESPONDENT-WEIGHTED-v1",0.461495565991678,0.452050087355035,0.00944547863664308,0.382946598994548,0.55502897919281,0.468987789093679,0.172082380198262,0.0471852070025895,TRUE,199,199,0,"OK","P14-C003",24,20,327,0.3,"informative","strong","exact_knot",9,25,0.994299295225679,0,1,0.0620000000000012
"V4-SENS-TWO-STAGE-HBB-CLUSTER-v1","V4-TARGET-EQUAL-CLUSTER-v1",0.465950331119141,0.457956271629311,0.00799405948982962,0.371481065147362,0.541850156909531,0.456665611028447,0.170369091762169,0.0452411579436046,TRUE,199,199,0,"OK","P14-C003",24,20,327,0.3,"informative","strong","exact_knot",9,25,0.994299295225679,0,1,0.0620000000000012
"V4-CMP-ONE-STAGE-CLUSTER-BB-RESP-v1","V4-TARGET-RESPONDENT-WEIGHTED-v1",0.461495565991678,0.452050087355035,0.00944547863664308,0.406713018888079,0.523988125381049,0.465350572134564,0.11727510649297,0.0318909708458905,TRUE,199,199,0,"OK","P14-C003",24,20,327,0.3,"informative","strong","exact_knot",9,25,0.994299295225679,0,1,0.0620000000000012
"V4-CMP-IID-RESP-BB-v1","WORKING-INDEPENDENCE-RESPONDENT",0.461495565991678,0.452050087355035,0.00944547863664308,0.416424504825508,0.514015695466189,0.465220100145849,0.0975911906406811,0.025309064185604,TRUE,199,199,0,"OK","P14-C003",24,20,327,0.3,"informative","strong","exact_knot",9,25,0.994299295225679,0,1,0.0620000000000012
"V4-CMP-TWO-STAGE-FREQ-BOOT-RESP-v1","V4-TARGET-RESPONDENT-WEIGHTED-v1",0.461495565991678,0.452050087355035,0.00944547863664308,0.378408507572474,0.551107506372872,0.464758006972673,0.172698998800398,0.0437463221871754,TRUE,199,199,0,"OK","P14-C003",24,20,327,0.3,"informative","strong","exact_knot",9,25,0.994299295225679,0,1,0.0620000000000012
"V4-CMP-MOKKEN-TWOLEVEL-DELTA-v1","V4-TARGET-RESPONDENT-WEIGHTED-v1",0.461495565991669,0.452050087355035,0.00944547863663342,0.382638470929585,0.540352661053752,0.461495565991669,0.157714190124166,0.0402339510746615,TRUE,,,0,"OK","P14-C003",24,20,327,0.3,"informative","strong","exact_knot",9,25,0.994299295225679,0,1,0.0620000000000012
"V4-PRI-TWO-STAGE-HBB-RESP-v1","V4-TARGET-RESPONDENT-WEIGHTED-v1",0.431987993759803,0.452050087355035,-0.0200620935952324,0.3648489846875,0.519380271128278,0.442114627907889,0.154531286440778,0.0380692931132343,TRUE,199,199,0,"OK","P14-C003",25,20,364,0.3,"informative","strong","exact_knot",8,24,0.997661855862439,0,1,0.065999999999999
"V4-SENS-TWO-STAGE-HBB-CLUSTER-v1","V4-TARGET-EQUAL-CLUSTER-v1",0.439265292975077,0.457956271629311,-0.0186909786542345,0.35302180537403,0.53964703481939,0.44633442009671,0.18662522944536,0.0454477431352153,TRUE,199,199,0,"OK","P14-C003",25,20,364,0.3,"informative","strong","exact_knot",8,24,0.997661855862439,0,1,0.065999999999999
"V4-CMP-ONE-STAGE-CLUSTER-BB-RESP-v1","V4-TARGET-RESPONDENT-WEIGHTED-v1",0.431987993759803,0.452050087355035,-0.0200620935952324,0.386713350696125,0.477133479380722,0.431923415038423,0.0904201286845976,0.021662955383065,TRUE,199,199,0,"OK","P14-C003",25,20,364,0.3,"informative","strong","exact_knot",8,24,0.997661855862439,0,1,0.065999999999999
"V4-CMP-IID-RESP-BB-v1","WORKING-INDEPENDENCE-RESPONDENT",0.431987993759803,0.452050087355035,-0.0200620935952324,0.384046479876877,0.481825424751287,0.432935952314082,0.0977789448744108,0.0254896027220052,TRUE,199,199,0,"OK","P14-C003",25,20,364,0.3,"informative","strong","exact_knot",8,24,0.997661855862439,0,1,0.065999999999999
"V4-CMP-TWO-STAGE-FREQ-BOOT-RESP-v1","V4-TARGET-RESPONDENT-WEIGHTED-v1",0.431987993759803,0.452050087355035,-0.0200620935952324,0.356439735817043,0.510534539032321,0.433487137424682,0.154094803215278,0.0375655194984032,TRUE,199,199,0,"OK","P14-C003",25,20,364,0.3,"informative","strong","exact_knot",8,24,0.997661855862439,0,1,0.065999999999999
"V4-CMP-MOKKEN-TWOLEVEL-DELTA-v1","V4-TARGET-RESPONDENT-WEIGHTED-v1",0.431987993759804,0.452050087355035,-0.0200620935952314,0.364981045986945,0.498994941532662,0.431987993759804,0.134013895545717,0.0341878464611598,TRUE,,,0,"OK","P14-C003",25,20,364,0.3,"informative","strong","exact_knot",8,24,0.997661855862439,0,1,0.065999999999999
"V4-PRI-TWO-STAGE-HBB-RESP-v1","V4-TARGET-RESPONDENT-WEIGHTED-v1",0.444120627824642,0.452050087355035,-0.00792945953039315,0.367697270645093,0.531770365349604,0.449733817997349,0.164073094704511,0.0439780639418781,TRUE,199,199,0,"OK","P14-C003",26,20,319,0.3,"informative","strong","exact_knot",7,24,0.994516837972193,0,2,0.0609999999999999
"V4-SENS-TWO-STAGE-HBB-CLUSTER-v1","V4-TARGET-EQUAL-CLUSTER-v1",0.454328487587166,0.457956271629311,-0.00362778404214592,0.358403570596327,0.550552321308466,0.454477945952397,0.192148750712139,0.0476573159060638,TRUE,199,199,0,"OK","P14-C003",26,20,319,0.3,"informative","strong","exact_knot",7,24,0.994516837972193,0,2,0.0609999999999999
"V4-CMP-ONE-STAGE-CLUSTER-BB-RESP-v1","V4-TARGET-RESPONDENT-WEIGHTED-v1",0.444120627824642,0.452050087355035,-0.00792945953039315,0.396139374352184,0.497488622987251,0.446813998669718,0.101349248635067,0.0238801545310821,TRUE,199,199,0,"OK","P14-C003",26,20,319,0.3,"informative","strong","exact_knot",7,24,0.994516837972193,0,2,0.0609999999999999
"V4-CMP-IID-RESP-BB-v1","WORKING-INDEPENDENCE-RESPONDENT",0.444120627824642,0.452050087355035,-0.00792945953039315,0.396269460730602,0.498254469987235,0.447261965358919,0.101985009256633,0.0267748441623008,TRUE,199,199,0,"OK","P14-C003",26,20,319,0.3,"informative","strong","exact_knot",7,24,0.994516837972193,0,2,0.0609999999999999
"V4-CMP-TWO-STAGE-FREQ-BOOT-RESP-v1","V4-TARGET-RESPONDENT-WEIGHTED-v1",0.444120627824642,0.452050087355035,-0.00792945953039315,0.374558781113766,0.519072746247559,0.446815763680663,0.144513965133794,0.036390843574132,TRUE,199,199,0,"OK","P14-C003",26,20,319,0.3,"informative","strong","exact_knot",7,24,0.994516837972193,0,2,0.0609999999999999
"V4-CMP-MOKKEN-TWOLEVEL-DELTA-v1","V4-TARGET-RESPONDENT-WEIGHTED-v1",0.444120627824643,0.452050087355035,-0.00792945953039242,0.375501348267579,0.512739907381707,0.444120627824643,0.137238559114128,0.0350104798344889,TRUE,,,0,"OK","P14-C003",26,20,319,0.3,"informative","strong","exact_knot",7,24,0.994516837972193,0,2,0.0609999999999999
"V4-PRI-TWO-STAGE-HBB-RESP-v1","V4-TARGET-RESPONDENT-WEIGHTED-v1",0.39684854736462,0.452050087355035,-0.0552015399904147,0.309003988258288,0.512482356881946,0.410743172570117,0.203478368623659,0.0488737866522679,TRUE,199,199,0,"OK","P14-C003",27,20,382,0.3,"informative","strong","exact_knot",12,27,0.992727295624753,0,2,0.0690000000000008
"V4-SENS-TWO-STAGE-HBB-CLUSTER-v1","V4-TARGET-EQUAL-CLUSTER-v1",0.387414408792911,0.457956271629311,-0.0705418628364007,0.300667359117737,0.491734408093322,0.396200883605529,0.191067048975586,0.0507435624989707,TRUE,199,199,0,"OK","P14-C003",27,20,382,0.3,"informative","strong","exact_knot",12,27,0.992727295624753,0,2,0.0690000000000008
"V4-CMP-ONE-STAGE-CLUSTER-BB-RESP-v1","V4-TARGET-RESPONDENT-WEIGHTED-v1",0.39684854736462,0.452050087355035,-0.0552015399904147,0.32981980698781,0.472498165420447,0.401158986204129,0.142678358432637,0.0344641480561563,TRUE,199,199,0,"OK","P14-C003",27,20,382,0.3,"informative","strong","exact_knot",12,27,0.992727295624753,0,2,0.0690000000000008
"V4-CMP-IID-RESP-BB-v1","WORKING-INDEPENDENCE-RESPONDENT",0.39684854736462,0.452050087355035,-0.0552015399904147,0.354182675817274,0.451815518281181,0.402999097049228,0.0976328424639068,0.0243231619438023,FALSE,199,199,0,"OK","P14-C003",27,20,382,0.3,"informative","strong","exact_knot",12,27,0.992727295624753,0,2,0.0690000000000008
"V4-CMP-TWO-STAGE-FREQ-BOOT-RESP-v1","V4-TARGET-RESPONDENT-WEIGHTED-v1",0.39684854736462,0.452050087355035,-0.0552015399904147,0.298403879386205,0.493821133200334,0.396112506293269,0.195417253814129,0.0461917023078193,TRUE,199,199,0,"OK","P14-C003",27,20,382,0.3,"informative","strong","exact_knot",12,27,0.992727295624753,0,2,0.0690000000000008
"V4-CMP-MOKKEN-TWOLEVEL-DELTA-v1","V4-TARGET-RESPONDENT-WEIGHTED-v1",0.396848547364633,0.452050087355035,-0.0552015399904023,0.317243659016355,0.47645343571291,0.396848547364633,0.159209776696555,0.0406154852722759,TRUE,,,0,"OK","P14-C003",27,20,382,0.3,"informative","strong","exact_knot",12,27,0.992727295624753,0,2,0.0690000000000008
"V4-PRI-TWO-STAGE-HBB-RESP-v1","V4-TARGET-RESPONDENT-WEIGHTED-v1",0.464121830117391,0.452050087355035,0.0120717427623562,0.369016792510028,0.556804226575126,0.462910509542577,0.187787434065097,0.0460318144150504,TRUE,199,199,0,"OK","P14-C003",28,20,352,0.3,"informative","strong","exact_knot",8,24,0.993685484710612,0,1,0.0640000000000001
"V4-SENS-TWO-STAGE-HBB-CLUSTER-v1","V4-TARGET-EQUAL-CLUSTER-v1",0.482074625115462,0.457956271629311,0.0241183534861507,0.398781646438192,0.583796008315121,0.491288827376656,0.18501436187693,0.0427470697352593,TRUE,199,199,0,"OK","P14-C003",28,20,352,0.3,"informative","strong","exact_knot",8,24,0.993685484710612,0,1,0.0640000000000001
"V4-CMP-ONE-STAGE-CLUSTER-BB-RESP-v1","V4-TARGET-RESPONDENT-WEIGHTED-v1",0.464121830117391,0.452050087355035,0.0120717427623562,0.423307596189365,0.509732068978992,0.466519832584179,0.086424472789627,0.0229599918152098,TRUE,199,199,0,"OK","P14-C003",28,20,352,0.3,"informative","strong","exact_knot",8,24,0.993685484710612,0,1,0.0640000000000001
"V4-CMP-IID-RESP-BB-v1","WORKING-INDEPENDENCE-RESPONDENT",0.464121830117391,0.452050087355035,0.0120717427623562,0.413126279667606,0.535759331378753,0.474442805523179,0.122633051711147,0.0303379918231085,TRUE,199,199,0,"OK","P14-C003",28,20,352,0.3,"informative","strong","exact_knot",8,24,0.993685484710612,0,1,0.0640000000000001
"V4-CMP-TWO-STAGE-FREQ-BOOT-RESP-v1","V4-TARGET-RESPONDENT-WEIGHTED-v1",0.464121830117391,0.452050087355035,0.0120717427623562,0.384106855419479,0.52927126289478,0.45668905915713,0.145164407475302,0.0357636974941336,TRUE,199,199,0,"OK","P14-C003",28,20,352,0.3,"informative","strong","exact_knot",8,24,0.993685484710612,0,1,0.0640000000000001
"V4-CMP-MOKKEN-TWOLEVEL-DELTA-v1","V4-TARGET-RESPONDENT-WEIGHTED-v1",0.464121830117392,0.452050087355035,0.0120717427623567,0.394375094693105,0.533868565541679,0.464121830117392,0.139493470848574,0.0355857229900348,TRUE,,,0,"OK","P14-C003",28,20,352,0.3,"informative","strong","exact_knot",8,24,0.993685484710612,0,1,0.0640000000000001
"V4-PRI-TWO-STAGE-HBB-RESP-v1","V4-TARGET-RESPONDENT-WEIGHTED-v1",0.477722149594951,0.452050087355035,0.0256720622399155,0.410079426997209,0.566023574862199,0.488051500929704,0.15594414786499,0.0402122340496269,TRUE,199,199,0,"OK","P14-C003",29,20,344,0.3,"informative","strong","exact_knot",7,27,0.994086582206892,0,1,0.0749999999999993
"V4-SENS-TWO-STAGE-HBB-CLUSTER-v1","V4-TARGET-EQUAL-CLUSTER-v1",0.490536794563455,0.457956271629311,0.0325805229341433,0.401041395395462,0.571867739109919,0.48645456725269,0.170826343714457,0.0433460912829608,TRUE,199,199,0,"OK","P14-C003",29,20,344,0.3,"informative","strong","exact_knot",7,27,0.994086582206892,0,1,0.0749999999999993
"V4-CMP-ONE-STAGE-CLUSTER-BB-RESP-v1","V4-TARGET-RESPONDENT-WEIGHTED-v1",0.477722149594951,0.452050087355035,0.0256720622399155,0.431615095032145,0.527554793994994,0.479584944513569,0.095939698962849,0.0252258355687878,TRUE,199,199,0,"OK","P14-C003",29,20,344,0.3,"informative","strong","exact_knot",7,27,0.994086582206892,0,1,0.0749999999999993
"V4-CMP-IID-RESP-BB-v1","WORKING-INDEPENDENCE-RESPONDENT",0.477722149594951,0.452050087355035,0.0256720622399155,0.428912702479409,0.536453285699202,0.482682994089305,0.107540583219793,0.0261167822362401,TRUE,199,199,0,"OK","P14-C003",29,20,344,0.3,"informative","strong","exact_knot",7,27,0.994086582206892,0,1,0.0749999999999993
"V4-CMP-TWO-STAGE-FREQ-BOOT-RESP-v1","V4-TARGET-RESPONDENT-WEIGHTED-v1",0.477722149594951,0.452050087355035,0.0256720622399155,0.418308293525491,0.557635683497633,0.487971988511562,0.139327389972142,0.0343367064075113,TRUE,199,199,0,"OK","P14-C003",29,20,344,0.3,"informative","strong","exact_knot",7,27,0.994086582206892,0,1,0.0749999999999993
"V4-CMP-MOKKEN-TWOLEVEL-DELTA-v1","V4-TARGET-RESPONDENT-WEIGHTED-v1",0.477722149594955,0.452050087355035,0.0256720622399196,0.408145225999635,0.547299073190275,0.477722149594955,0.13915384719064,0.0354990827097508,TRUE,,,0,"OK","P14-C003",29,20,344,0.3,"informative","strong","exact_knot",7,27,0.994086582206892,0,1,0.0749999999999993
"V4-PRI-TWO-STAGE-HBB-RESP-v1","V4-TARGET-RESPONDENT-WEIGHTED-v1",0.450065751134246,0.452050087355035,-0.00198433622078936,0.363378210796789,0.529314809504506,0.446346510150648,0.165936598707717,0.0433421605779085,TRUE,199,199,0,"OK","P14-C003",30,20,321,0.3,"informative","strong","exact_knot",9,27,0.994825335091555,0,2,0.0609999999999999
"V4-SENS-TWO-STAGE-HBB-CLUSTER-v1","V4-TARGET-EQUAL-CLUSTER-v1",0.437602099350463,0.457956271629311,-0.0203541722788481,0.358810870645383,0.554248509086836,0.456529689866109,0.195437638441453,0.0476440678452012,TRUE,199,199,0,"OK","P14-C003",30,20,321,0.3,"informative","strong","exact_knot",9,27,0.994825335091555,0,2,0.0609999999999999
"V4-CMP-ONE-STAGE-CLUSTER-BB-RESP-v1","V4-TARGET-RESPONDENT-WEIGHTED-v1",0.450065751134246,0.452050087355035,-0.00198433622078936,0.392293043090276,0.517320461813956,0.454806752452116,0.12502741872368,0.0320284213728254,TRUE,199,199,0,"OK","P14-C003",30,20,321,0.3,"informative","strong","exact_knot",9,27,0.994825335091555,0,2,0.0609999999999999
"V4-CMP-IID-RESP-BB-v1","WORKING-INDEPENDENCE-RESPONDENT",0.450065751134246,0.452050087355035,-0.00198433622078936,0.403503078302277,0.507737891972812,0.455620485137544,0.104234813670534,0.0276360516242895,TRUE,199,199,0,"OK","P14-C003",30,20,321,0.3,"informative","strong","exact_knot",9,27,0.994825335091555,0,2,0.0609999999999999
"V4-CMP-TWO-STAGE-FREQ-BOOT-RESP-v1","V4-TARGET-RESPONDENT-WEIGHTED-v1",0.450065751134246,0.452050087355035,-0.00198433622078936,0.369028309209312,0.532826177871079,0.450927243540195,0.163797868661767,0.0445777816508561,TRUE,199,199,0,"OK","P14-C003",30,20,321,0.3,"informative","strong","exact_knot",9,27,0.994825335091555,0,2,0.0609999999999999
"V4-CMP-MOKKEN-TWOLEVEL-DELTA-v1","V4-TARGET-RESPONDENT-WEIGHTED-v1",0.450065751134245,0.452050087355035,-0.0019843362207897,0.376240904564079,0.523890597704412,0.450065751134245,0.147649693140333,0.0376664301754969,TRUE,,,0,"OK","P14-C003",30,20,321,0.3,"informative","strong","exact_knot",9,27,0.994825335091555,0,2,0.0609999999999999
"V4-PRI-TWO-STAGE-HBB-RESP-v1","V4-TARGET-RESPONDENT-WEIGHTED-v1",0.433828265677268,0.452050087355035,-0.018221821677767,0.350337963470849,0.524447152731499,0.437392558101174,0.17410918926065,0.0425598428727072,TRUE,199,199,0,"OK","P14-C003",31,20,367,0.3,"informative","strong","exact_knot",10,27,0.993836810463662,0,2,0.0650000000000013
"V4-SENS-TWO-STAGE-HBB-CLUSTER-v1","V4-TARGET-EQUAL-CLUSTER-v1",0.435683808592208,0.457956271629311,-0.0222724630371039,0.352088984944995,0.532074334609181,0.442081659777088,0.179985349664186,0.0473164640296165,TRUE,199,199,0,"OK","P14-C003",31,20,367,0.3,"informative","strong","exact_knot",10,27,0.993836810463662,0,2,0.0650000000000013
"V4-CMP-ONE-STAGE-CLUSTER-BB-RESP-v1","V4-TARGET-RESPONDENT-WEIGHTED-v1",0.433828265677268,0.452050087355035,-0.018221821677767,0.384234534436305,0.489249619975747,0.436742077206026,0.105015085539442,0.0253851082733371,TRUE,199,199,0,"OK","P14-C003",31,20,367,0.3,"informative","strong","exact_knot",10,27,0.993836810463662,0,2,0.0650000000000013
"V4-CMP-IID-RESP-BB-v1","WORKING-INDEPENDENCE-RESPONDENT",0.433828265677268,0.452050087355035,-0.018221821677767,0.386957116318522,0.487632527365117,0.43729482184182,0.100675411046594,0.0256719916116752,TRUE,199,199,0,"OK","P14-C003",31,20,367,0.3,"informative","strong","exact_knot",10,27,0.993836810463662,0,2,0.0650000000000013
"V4-CMP-TWO-STAGE-FREQ-BOOT-RESP-v1","V4-TARGET-RESPONDENT-WEIGHTED-v1",0.433828265677268,0.452050087355035,-0.018221821677767,0.369158374877871,0.515176397976306,0.442167386427088,0.146018023098436,0.0368869581409217,TRUE,199,199,0,"OK","P14-C003",31,20,367,0.3,"informative","strong","exact_knot",10,27,0.993836810463662,0,2,0.0650000000000013
"V4-CMP-MOKKEN-TWOLEVEL-DELTA-v1","V4-TARGET-RESPONDENT-WEIGHTED-v1",0.433828265677247,0.452050087355035,-0.0182218216777885,0.364845630611819,0.502810900742674,0.433828265677247,0.137965270130855,0.0351958687045036,TRUE,,,0,"OK","P14-C003",31,20,367,0.3,"informative","strong","exact_knot",10,27,0.993836810463662,0,2,0.0650000000000013
"V4-PRI-TWO-STAGE-HBB-RESP-v1","V4-TARGET-RESPONDENT-WEIGHTED-v1",0.407652450823866,0.452050087355035,-0.0443976365311688,0.326574800770192,0.501322501203529,0.413948650986861,0.174747700433337,0.0417515051745246,TRUE,199,199,0,"OK","P14-C003",32,20,336,0.3,"informative","strong","exact_knot",9,26,0.992521344880777,0,1,0.0629999999999988
"V4-SENS-TWO-STAGE-HBB-CLUSTER-v1","V4-TARGET-EQUAL-CLUSTER-v1",0.418893325385709,0.457956271629311,-0.0390629462436022,0.343856865525161,0.50876631706019,0.426311591292676,0.164909451535029,0.0423345721971066,TRUE,199,199,0,"OK","P14-C003",32,20,336,0.3,"informative","strong","exact_knot",9,26,0.992521344880777,0,1,0.0629999999999988
"V4-CMP-ONE-STAGE-CLUSTER-BB-RESP-v1","V4-TARGET-RESPONDENT-WEIGHTED-v1",0.407652450823866,0.452050087355035,-0.0443976365311688,0.359187926666883,0.461922874146343,0.410555400406613,0.102734947479461,0.0257869486480514,TRUE,199,199,0,"OK","P14-C003",32,20,336,0.3,"informative","strong","exact_knot",9,26,0.992521344880777,0,1,0.0629999999999988
"V4-CMP-IID-RESP-BB-v1","WORKING-INDEPENDENCE-RESPONDENT",0.407652450823866,0.452050087355035,-0.0443976365311688,0.358359910598952,0.458758608708736,0.408559259653844,0.100398698109784,0.0279863204144396,TRUE,199,199,0,"OK","P14-C003",32,20,336,0.3,"informative","strong","exact_knot",9,26,0.992521344880777,0,1,0.0629999999999988
"V4-CMP-TWO-STAGE-FREQ-BOOT-RESP-v1","V4-TARGET-RESPONDENT-WEIGHTED-v1",0.407652450823866,0.452050087355035,-0.0443976365311688,0.338024770637362,0.483771331736951,0.410898051187157,0.145746561099589,0.0381516856064293,TRUE,199,199,0,"OK","P14-C003",32,20,336,0.3,"informative","strong","exact_knot",9,26,0.992521344880777,0,1,0.0629999999999988
"V4-CMP-MOKKEN-TWOLEVEL-DELTA-v1","V4-TARGET-RESPONDENT-WEIGHTED-v1",0.407652450823857,0.452050087355035,-0.0443976365311778,0.333088984390948,0.482215917256767,0.407652450823857,0.149126932865819,0.0380432839690203,TRUE,,,0,"OK","P14-C003",32,20,336,0.3,"informative","strong","exact_knot",9,26,0.992521344880777,0,1,0.0629999999999988
"V4-PRI-TWO-STAGE-HBB-RESP-v1","V4-TARGET-RESPONDENT-WEIGHTED-v1",0.434718508720786,0.452050087355035,-0.0173315786342494,0.358303903934305,0.504651569668604,0.431477736801455,0.146347665734299,0.0367387841693792,TRUE,199,199,0,"OK","P14-C003",33,20,341,0.3,"informative","strong","exact_knot",10,24,0.995750711034696,0,3,0.0660000000000007
"V4-SENS-TWO-STAGE-HBB-CLUSTER-v1","V4-TARGET-EQUAL-CLUSTER-v1",0.435540537996804,0.457956271629311,-0.0224157336325075,0.366454911748746,0.539817731314433,0.45313632153159,0.173362819565688,0.0433064326154354,TRUE,199,199,0,"OK","P14-C003",33,20,341,0.3,"informative","strong","exact_knot",10,24,0.995750711034696,0,3,0.0660000000000007
"V4-CMP-ONE-STAGE-CLUSTER-BB-RESP-v1","V4-TARGET-RESPONDENT-WEIGHTED-v1",0.434718508720786,0.452050087355035,-0.0173315786342494,0.392645760500983,0.480374340423119,0.436510050462051,0.087728579922136,0.0223328493954525,TRUE,199,199,0,"OK","P14-C003",33,20,341,0.3,"informative","strong","exact_knot",10,24,0.995750711034696,0,3,0.0660000000000007
"V4-CMP-IID-RESP-BB-v1","WORKING-INDEPENDENCE-RESPONDENT",0.434718508720786,0.452050087355035,-0.0173315786342494,0.385028655255035,0.484075626500935,0.434552140877985,0.0990469712459,0.0249754619733455,TRUE,199,199,0,"OK","P14-C003",33,20,341,0.3,"informative","strong","exact_knot",10,24,0.995750711034696,0,3,0.0660000000000007
"V4-CMP-TWO-STAGE-FREQ-BOOT-RESP-v1","V4-TARGET-RESPONDENT-WEIGHTED-v1",0.434718508720786,0.452050087355035,-0.0173315786342494,0.36298448746095,0.502655404023667,0.432819945742309,0.139670916562717,0.0343193437622022,TRUE,199,199,0,"OK","P14-C003",33,20,341,0.3,"informative","strong","exact_knot",10,24,0.995750711034696,0,3,0.0660000000000007
"V4-CMP-MOKKEN-TWOLEVEL-DELTA-v1","V4-TARGET-RESPONDENT-WEIGHTED-v1",0.434718508720785,0.452050087355035,-0.0173315786342506,0.370765159125327,0.498671858316242,0.434718508720785,0.127906699190914,0.0326298595790091,TRUE,,,0,"OK","P14-C003",33,20,341,0.3,"informative","strong","exact_knot",10,24,0.995750711034696,0,3,0.0660000000000007
"V4-PRI-TWO-STAGE-HBB-RESP-v1","V4-TARGET-RESPONDENT-WEIGHTED-v1",0.456702519880686,0.452050087355035,0.00465243252565112,0.368577003703148,0.548646659844685,0.458611831773916,0.180069656141537,0.0456393276943344,TRUE,199,199,0,"OK","P14-C003",34,20,352,0.3,"informative","strong","exact_knot",8,23,0.992957656402531,0,2,0.0649999999999995
"V4-SENS-TWO-STAGE-HBB-CLUSTER-v1","V4-TARGET-EQUAL-CLUSTER-v1",0.458061044837403,0.457956271629311,0.000104773208091158,0.370176694965267,0.558362228602357,0.464269461783812,0.18818553363709,0.0448608480544747,TRUE,199,199,0,"OK","P14-C003",34,20,352,0.3,"informative","strong","exact_knot",8,23,0.992957656402531,0,2,0.0649999999999995
"V4-CMP-ONE-STAGE-CLUSTER-BB-RESP-v1","V4-TARGET-RESPONDENT-WEIGHTED-v1",0.456702519880686,0.452050087355035,0.00465243252565112,0.412998899388177,0.517090431323351,0.465044665355764,0.104091531935174,0.0255631546871789,TRUE,199,199,0,"OK","P14-C003",34,20,352,0.3,"informative","strong","exact_knot",8,23,0.992957656402531,0,2,0.0649999999999995
"V4-CMP-IID-RESP-BB-v1","WORKING-INDEPENDENCE-RESPONDENT",0.456702519880686,0.452050087355035,0.00465243252565112,0.40829289883498,0.515903542680988,0.462098220757984,0.107610643846008,0.0260352475722692,TRUE,199,199,0,"OK","P14-C003",34,20,352,0.3,"informative","strong","exact_knot",8,23,0.992957656402531,0,2,0.0649999999999995
"V4-CMP-TWO-STAGE-FREQ-BOOT-RESP-v1","V4-TARGET-RESPONDENT-WEIGHTED-v1",0.456702519880686,0.452050087355035,0.00465243252565112,0.379556688044696,0.527491088554342,0.453523888299519,0.147934400509646,0.0379492558843377,TRUE,199,199,0,"OK","P14-C003",34,20,352,0.3,"informative","strong","exact_knot",8,23,0.992957656402531,0,2,0.0649999999999995
"V4-CMP-MOKKEN-TWOLEVEL-DELTA-v1","V4-TARGET-RESPONDENT-WEIGHTED-v1",0.456702519880687,0.452050087355035,0.00465243252565167,0.388399756405623,0.52500528335575,0.456702519880687,0.136605526950127,0.0348489890701191,TRUE,,,0,"OK","P14-C003",34,20,352,0.3,"informative","strong","exact_knot",8,23,0.992957656402531,0,2,0.0649999999999995
"V4-PRI-TWO-STAGE-HBB-RESP-v1","V4-TARGET-RESPONDENT-WEIGHTED-v1",0.487649785226725,0.452050087355035,0.0355996978716898,0.388661579269349,0.58165998540035,0.48516078233485,0.192998406131001,0.0494844643506311,TRUE,199,199,0,"OK","P14-C003",35,20,338,0.3,"informative","strong","exact_knot",7,27,0.989825323253407,0.00295857988165679,0,0.0750000000000011
"V4-SENS-TWO-STAGE-HBB-CLUSTER-v1","V4-TARGET-EQUAL-CLUSTER-v1",0.516475016429421,0.457956271629311,0.0585187448001092,0.388823697591696,0.615949238971119,0.502386468281408,0.227125541379423,0.0550484524190427,TRUE,199,199,0,"OK","P14-C003",35,20,338,0.3,"informative","strong","exact_knot",7,27,0.989825323253407,0.00295857988165679,0,0.0750000000000011
"V4-CMP-ONE-STAGE-CLUSTER-BB-RESP-v1","V4-TARGET-RESPONDENT-WEIGHTED-v1",0.487649785226725,0.452050087355035,0.0355996978716898,0.427652184829293,0.562254306786486,0.49495324580789,0.134602121957193,0.0360999435908924,TRUE,199,199,0,"OK","P14-C003",35,20,338,0.3,"informative","strong","exact_knot",7,27,0.989825323253407,0.00295857988165679,0,0.0750000000000011
"V4-CMP-IID-RESP-BB-v1","WORKING-INDEPENDENCE-RESPONDENT",0.487649785226725,0.452050087355035,0.0355996978716898,0.434620411883676,0.548025858304696,0.491323135094186,0.11340544642102,0.0271892311277303,TRUE,199,199,0,"OK","P14-C003",35,20,338,0.3,"informative","strong","exact_knot",7,27,0.989825323253407,0.00295857988165679,0,0.0750000000000011
"V4-CMP-TWO-STAGE-FREQ-BOOT-RESP-v1","V4-TARGET-RESPONDENT-WEIGHTED-v1",0.487649785226725,0.452050087355035,0.0355996978716898,0.401199415918162,0.580686849941396,0.490943132929779,0.179487434023234,0.0458916332848199,TRUE,199,199,0,"OK","P14-C003",35,20,338,0.3,"informative","strong","exact_knot",7,27,0.989825323253407,0.00295857988165679,0,0.0750000000000011
"V4-CMP-MOKKEN-TWOLEVEL-DELTA-v1","V4-TARGET-RESPONDENT-WEIGHTED-v1",0.487649785226725,0.452050087355035,0.0355996978716897,0.406036897265003,0.569262673188447,0.487649785226725,0.163225775923444,0.0416399936965547,TRUE,,,0,"OK","P14-C003",35,20,338,0.3,"informative","strong","exact_knot",7,27,0.989825323253407,0.00295857988165679,0,0.0750000000000011
"V4-PRI-TWO-STAGE-HBB-RESP-v1","V4-TARGET-RESPONDENT-WEIGHTED-v1",0.401229514598075,0.452050087355035,-0.0508205727569596,0.321098738030278,0.488565411676202,0.40483207485324,0.167466673645923,0.0391510571780146,TRUE,199,199,0,"OK","P14-C003",36,20,343,0.3,"informative","strong","exact_knot",11,23,0.997293238842551,0,1,0.0729999999999986
"V4-SENS-TWO-STAGE-HBB-CLUSTER-v1","V4-TARGET-EQUAL-CLUSTER-v1",0.403333934675273,0.457956271629311,-0.0546223369540388,0.338509446532993,0.479327934767261,0.408918690650127,0.140818488234268,0.0377196610997259,TRUE,199,199,0,"OK","P14-C003",36,20,343,0.3,"informative","strong","exact_knot",11,23,0.997293238842551,0,1,0.0729999999999986
"V4-CMP-ONE-STAGE-CLUSTER-BB-RESP-v1","V4-TARGET-RESPONDENT-WEIGHTED-v1",0.401229514598075,0.452050087355035,-0.0508205727569596,0.365622422737982,0.434889784787942,0.400256103762962,0.0692673620499602,0.017579530695849,FALSE,199,199,0,"OK","P14-C003",36,20,343,0.3,"informative","strong","exact_knot",11,23,0.997293238842551,0,1,0.0729999999999986
"V4-CMP-IID-RESP-BB-v1","WORKING-INDEPENDENCE-RESPONDENT",0.401229514598075,0.452050087355035,-0.0508205727569596,0.347506596741791,0.45922451299861,0.4033655548702,0.111717916256819,0.0265803501146784,TRUE,199,199,0,"OK","P14-C003",36,20,343,0.3,"informative","strong","exact_knot",11,23,0.997293238842551,0,1,0.0729999999999986
"V4-CMP-TWO-STAGE-FREQ-BOOT-RESP-v1","V4-TARGET-RESPONDENT-WEIGHTED-v1",0.401229514598075,0.452050087355035,-0.0508205727569596,0.332005402274032,0.466048621311782,0.399027011792907,0.13404321903775,0.0335064492409017,TRUE,199,199,0,"OK","P14-C003",36,20,343,0.3,"informative","strong","exact_knot",11,23,0.997293238842551,0,1,0.0729999999999986
"V4-CMP-MOKKEN-TWOLEVEL-DELTA-v1","V4-TARGET-RESPONDENT-WEIGHTED-v1",0.401229514598074,0.452050087355035,-0.0508205727569609,0.339727579257082,0.462731449939066,0.401229514598074,0.123003870681984,0.0313791150378841,TRUE,,,0,"OK","P14-C003",36,20,343,0.3,"informative","strong","exact_knot",11,23,0.997293238842551,0,1,0.0729999999999986
"V4-PRI-TWO-STAGE-HBB-RESP-v1","V4-TARGET-RESPONDENT-WEIGHTED-v1",0.448152333510151,0.452050087355035,-0.00389775384488383,0.365165668007276,0.536126255122694,0.450645961564985,0.170960587115419,0.0437332683884037,TRUE,199,199,0,"OK","P14-C003",37,20,330,0.3,"informative","strong","exact_knot",8,26,0.995168659060859,0.00303030303030299,0,0.0670000000000002
"V4-SENS-TWO-STAGE-HBB-CLUSTER-v1","V4-TARGET-EQUAL-CLUSTER-v1",0.456222389994619,0.457956271629311,-0.00173388163469268,0.37210564654682,0.564616393582327,0.468361020064574,0.192510747035507,0.0498616117640024,TRUE,199,199,0,"OK","P14-C003",37,20,330,0.3,"informative","strong","exact_knot",8,26,0.995168659060859,0.00303030303030299,0,0.0670000000000002
"V4-CMP-ONE-STAGE-CLUSTER-BB-RESP-v1","V4-TARGET-RESPONDENT-WEIGHTED-v1",0.448152333510151,0.452050087355035,-0.00389775384488383,0.388846966051629,0.503001597074709,0.445924281563169,0.114154631023081,0.0289582098333066,TRUE,199,199,0,"OK","P14-C003",37,20,330,0.3,"informative","strong","exact_knot",8,26,0.995168659060859,0.00303030303030299,0,0.0670000000000002
"V4-CMP-IID-RESP-BB-v1","WORKING-INDEPENDENCE-RESPONDENT",0.448152333510151,0.452050087355035,-0.00389775384488383,0.394875856848208,0.50183240907692,0.448354132962564,0.106956552228712,0.0284525378325836,TRUE,199,199,0,"OK","P14-C003",37,20,330,0.3,"informative","strong","exact_knot",8,26,0.995168659060859,0.00303030303030299,0,0.0670000000000002
"V4-CMP-TWO-STAGE-FREQ-BOOT-RESP-v1","V4-TARGET-RESPONDENT-WEIGHTED-v1",0.448152333510151,0.452050087355035,-0.00389775384488383,0.378508540272335,0.537681643831415,0.458095092051875,0.15917310355908,0.0410320724562676,TRUE,199,199,0,"OK","P14-C003",37,20,330,0.3,"informative","strong","exact_knot",8,26,0.995168659060859,0.00303030303030299,0,0.0670000000000002
"V4-CMP-MOKKEN-TWOLEVEL-DELTA-v1","V4-TARGET-RESPONDENT-WEIGHTED-v1",0.448152333510144,0.452050087355035,-0.00389775384489083,0.37591077890204,0.520393888118249,0.448152333510144,0.144483109216209,0.0368586133102121,TRUE,,,0,"OK","P14-C003",37,20,330,0.3,"informative","strong","exact_knot",8,26,0.995168659060859,0.00303030303030299,0,0.0670000000000002
"V4-PRI-TWO-STAGE-HBB-RESP-v1","V4-TARGET-RESPONDENT-WEIGHTED-v1",0.47825521030268,0.452050087355035,0.0262051229476454,0.399229191347622,0.551849997476385,0.475539594412004,0.152620806128763,0.0392671673370541,TRUE,199,199,0,"OK","P14-C003",38,20,338,0.3,"informative","strong","exact_knot",7,27,0.991654076070433,0.00295857988165679,0,0.0620000000000012
"V4-SENS-TWO-STAGE-HBB-CLUSTER-v1","V4-TARGET-EQUAL-CLUSTER-v1",0.49188588181966,0.457956271629311,0.033929610190349,0.42218626416271,0.591825622009165,0.507005943085938,0.169639357846455,0.0429786439054617,TRUE,199,199,0,"OK","P14-C003",38,20,338,0.3,"informative","strong","exact_knot",7,27,0.991654076070433,0.00295857988165679,0,0.0620000000000012
"V4-CMP-ONE-STAGE-CLUSTER-BB-RESP-v1","V4-TARGET-RESPONDENT-WEIGHTED-v1",0.47825521030268,0.452050087355035,0.0262051229476454,0.439963785258965,0.515928561931397,0.477946173595181,0.0759647766724325,0.0199688866467826,TRUE,199,199,0,"OK","P14-C003",38,20,338,0.3,"informative","strong","exact_knot",7,27,0.991654076070433,0.00295857988165679,0,0.0620000000000012
"V4-CMP-IID-RESP-BB-v1","WORKING-INDEPENDENCE-RESPONDENT",0.47825521030268,0.452050087355035,0.0262051229476454,0.433649251080254,0.531746497731621,0.482697874405938,0.0980972466513675,0.026163330383288,TRUE,199,199,0,"OK","P14-C003",38,20,338,0.3,"informative","strong","exact_knot",7,27,0.991654076070433,0.00295857988165679,0,0.0620000000000012
"V4-CMP-TWO-STAGE-FREQ-BOOT-RESP-v1","V4-TARGET-RESPONDENT-WEIGHTED-v1",0.47825521030268,0.452050087355035,0.0262051229476454,0.411054358115406,0.552145272273321,0.481599815194363,0.141090914157916,0.035856316448677,TRUE,199,199,0,"OK","P14-C003",38,20,338,0.3,"informative","strong","exact_knot",7,27,0.991654076070433,0.00295857988165679,0,0.0620000000000012
"V4-CMP-MOKKEN-TWOLEVEL-DELTA-v1","V4-TARGET-RESPONDENT-WEIGHTED-v1",0.478255210302679,0.452050087355035,0.0262051229476442,0.412882190626606,0.543628229978753,0.478255210302679,0.130746039352147,0.0333541943585329,TRUE,,,0,"OK","P14-C003",38,20,338,0.3,"informative","strong","exact_knot",7,27,0.991654076070433,0.00295857988165679,0,0.0620000000000012
"V4-PRI-TWO-STAGE-HBB-RESP-v1","V4-TARGET-RESPONDENT-WEIGHTED-v1",0.467803703591432,0.452050087355035,0.0157536162363973,0.367198976573922,0.560772117225778,0.46398554689985,0.193573140651856,0.0493661326792257,TRUE,199,199,0,"OK","P14-C003",39,20,341,0.3,"informative","strong","exact_knot",8,27,0.991902414241923,0.00293255131964809,0,0.0599999999999987
"V4-SENS-TWO-STAGE-HBB-CLUSTER-v1","V4-TARGET-EQUAL-CLUSTER-v1",0.474214497219962,0.457956271629311,0.0162582255906509,0.37247936372306,0.554925287819817,0.463702325771438,0.182445924096757,0.0469928291349639,TRUE,199,199,0,"OK","P14-C003",39,20,341,0.3,"informative","strong","exact_knot",8,27,0.991902414241923,0.00293255131964809,0,0.0599999999999987
"V4-CMP-ONE-STAGE-CLUSTER-BB-RESP-v1","V4-TARGET-RESPONDENT-WEIGHTED-v1",0.467803703591432,0.452050087355035,0.0157536162363973,0.411250358528505,0.50776053982137,0.459505449174937,0.0965101812928648,0.0240685730954888,TRUE,199,199,0,"OK","P14-C003",39,20,341,0.3,"informative","strong","exact_knot",8,27,0.991902414241923,0.00293255131964809,0,0.0599999999999987
"V4-CMP-IID-RESP-BB-v1","WORKING-INDEPENDENCE-RESPONDENT",0.467803703591432,0.452050087355035,0.0157536162363973,0.408133321360206,0.527541600529331,0.467837460944769,0.119408279169125,0.0293699514658148,TRUE,199,199,0,"OK","P14-C003",39,20,341,0.3,"informative","strong","exact_knot",8,27,0.991902414241923,0.00293255131964809,0,0.0599999999999987
"V4-CMP-TWO-STAGE-FREQ-BOOT-RESP-v1","V4-TARGET-RESPONDENT-WEIGHTED-v1",0.467803703591432,0.452050087355035,0.0157536162363973,0.391205354972574,0.543994795983538,0.467600075478056,0.152789441010964,0.0386922107475586,TRUE,199,199,0,"OK","P14-C003",39,20,341,0.3,"informative","strong","exact_knot",8,27,0.991902414241923,0.00293255131964809,0,0.0599999999999987
"V4-CMP-MOKKEN-TWOLEVEL-DELTA-v1","V4-TARGET-RESPONDENT-WEIGHTED-v1",0.467803703591431,0.452050087355035,0.0157536162363957,0.398469329289301,0.53713807789356,0.467803703591431,0.138668748604259,0.0353753307963975,TRUE,,,0,"OK","P14-C003",39,20,341,0.3,"informative","strong","exact_knot",8,27,0.991902414241923,0.00293255131964809,0,0.0599999999999987
"V4-PRI-TWO-STAGE-HBB-RESP-v1","V4-TARGET-RESPONDENT-WEIGHTED-v1",0.462667495489836,0.452050087355035,0.0106174081348005,0.372546584066344,0.562641694190922,0.467594139128633,0.190095110124577,0.0491634574922046,TRUE,199,199,0,"OK","P14-C003",40,20,305,0.3,"informative","strong","exact_knot",8,23,0.99566269942316,0,1,0.0570000000000004
"V4-SENS-TWO-STAGE-HBB-CLUSTER-v1","V4-TARGET-EQUAL-CLUSTER-v1",0.462470792206183,0.457956271629311,0.00451452057687113,0.36574712218443,0.552211235863663,0.458979179024047,0.186464113679233,0.0476019952124571,TRUE,199,199,0,"OK","P14-C003",40,20,305,0.3,"informative","strong","exact_knot",8,23,0.99566269942316,0,1,0.0570000000000004
"V4-CMP-ONE-STAGE-CLUSTER-BB-RESP-v1","V4-TARGET-RESPONDENT-WEIGHTED-v1",0.462667495489836,0.452050087355035,0.0106174081348005,0.386335129670692,0.519467652665423,0.452901391168057,0.133132522994731,0.0338109461999069,TRUE,199,199,0,"OK","P14-C003",40,20,305,0.3,"informative","strong","exact_knot",8,23,0.99566269942316,0,1,0.0570000000000004
"V4-CMP-IID-RESP-BB-v1","WORKING-INDEPENDENCE-RESPONDENT",0.462667495489836,0.452050087355035,0.0106174081348005,0.412948684539596,0.524409372963237,0.468679028751417,0.111460688423641,0.0283436731498629,TRUE,199,199,0,"OK","P14-C003",40,20,305,0.3,"informative","strong","exact_knot",8,23,0.99566269942316,0,1,0.0570000000000004
"V4-CMP-TWO-STAGE-FREQ-BOOT-RESP-v1","V4-TARGET-RESPONDENT-WEIGHTED-v1",0.462667495489836,0.452050087355035,0.0106174081348005,0.358715926705152,0.560943027981751,0.459829477343451,0.202227101276599,0.04994287047977,TRUE,199,199,0,"OK","P14-C003",40,20,305,0.3,"informative","strong","exact_knot",8,23,0.99566269942316,0,1,0.0570000000000004
"V4-CMP-MOKKEN-TWOLEVEL-DELTA-v1","V4-TARGET-RESPONDENT-WEIGHTED-v1",0.462667495489848,0.452050087355035,0.0106174081348124,0.383822823299506,0.541512167680189,0.462667495489848,0.157689344380683,0.0402276127583252,TRUE,,,0,"OK","P14-C003",40,20,305,0.3,"informative","strong","exact_knot",8,23,0.99566269942316,0,1,0.0570000000000004
"V4-PRI-TWO-STAGE-HBB-RESP-v1","V4-TARGET-RESPONDENT-WEIGHTED-v1",0.436636735116572,0.452050087355035,-0.0154133522384632,0.361176665316285,0.514756137898427,0.437966401607356,0.153579472582142,0.0404460583389644,TRUE,199,199,0,"OK","P14-C003",41,20,340,0.3,"informative","strong","exact_knot",7,24,0.987283425725398,0,2,0.0749999999999993
"V4-SENS-TWO-STAGE-HBB-CLUSTER-v1","V4-TARGET-EQUAL-CLUSTER-v1",0.462187765816987,0.457956271629311,0.00423149418767543,0.379202868518307,0.559238467570355,0.469220668044331,0.180035599052048,0.0465110141947225,TRUE,199,199,0,"OK","P14-C003",41,20,340,0.3,"informative","strong","exact_knot",7,24,0.987283425725398,0,2,0.0749999999999993
"V4-CMP-ONE-STAGE-CLUSTER-BB-RESP-v1","V4-TARGET-RESPONDENT-WEIGHTED-v1",0.436636735116572,0.452050087355035,-0.0154133522384632,0.393723340065053,0.500697931757581,0.447210635911317,0.106974591692527,0.0252067371604302,TRUE,199,199,0,"OK","P14-C003",41,20,340,0.3,"informative","strong","exact_knot",7,24,0.987283425725398,0,2,0.0749999999999993
"V4-CMP-IID-RESP-BB-v1","WORKING-INDEPENDENCE-RESPONDENT",0.436636735116572,0.452050087355035,-0.0154133522384632,0.383528387026396,0.483930757236117,0.433729572131257,0.10040237020972,0.0247355231571827,TRUE,199,199,0,"OK","P14-C003",41,20,340,0.3,"informative","strong","exact_knot",7,24,0.987283425725398,0,2,0.0749999999999993
"V4-CMP-TWO-STAGE-FREQ-BOOT-RESP-v1","V4-TARGET-RESPONDENT-WEIGHTED-v1",0.436636735116572,0.452050087355035,-0.0154133522384632,0.366810888853626,0.504177955352121,0.435494422102874,0.137367066498495,0.0371203242503997,TRUE,199,199,0,"OK","P14-C003",41,20,340,0.3,"informative","strong","exact_knot",7,24,0.987283425725398,0,2,0.0749999999999993
"V4-CMP-MOKKEN-TWOLEVEL-DELTA-v1","V4-TARGET-RESPONDENT-WEIGHTED-v1",0.436636735116568,0.452050087355035,-0.0154133522384669,0.362585064323988,0.510688405909148,0.436636735116568,0.14810334158516,0.0377821589461288,TRUE,,,0,"OK","P14-C003",41,20,340,0.3,"informative","strong","exact_knot",7,24,0.987283425725398,0,2,0.0749999999999993
"V4-PRI-TWO-STAGE-HBB-RESP-v1","V4-TARGET-RESPONDENT-WEIGHTED-v1",0.45700924153971,0.452050087355035,0.0049591541846753,0.373802317272744,0.547952072941873,0.460877195107308,0.174149755669129,0.0419713389617997,TRUE,199,199,0,"OK","P14-C003",42,20,328,0.3,"informative","strong","exact_knot",9,24,0.996901327682772,0.00304878048780488,0,0.0600000000000005
"V4-SENS-TWO-STAGE-HBB-CLUSTER-v1","V4-TARGET-EQUAL-CLUSTER-v1",0.467286996954078,0.457956271629311,0.00933072532476681,0.387496867287973,0.565758565828793,0.476627716558383,0.178261698540819,0.045787686577064,TRUE,199,199,0,"OK","P14-C003",42,20,328,0.3,"informative","strong","exact_knot",9,24,0.996901327682772,0.00304878048780488,0,0.0600000000000005
"V4-CMP-ONE-STAGE-CLUSTER-BB-RESP-v1","V4-TARGET-RESPONDENT-WEIGHTED-v1",0.45700924153971,0.452050087355035,0.0049591541846753,0.39592765148842,0.498960770452538,0.447444210970479,0.103033118964118,0.0275671506831928,TRUE,199,199,0,"OK","P14-C003",42,20,328,0.3,"informative","strong","exact_knot",9,24,0.996901327682772,0.00304878048780488,0,0.0600000000000005
"V4-CMP-IID-RESP-BB-v1","WORKING-INDEPENDENCE-RESPONDENT",0.45700924153971,0.452050087355035,0.0049591541846753,0.399986670993367,0.51363282525611,0.456809748124738,0.113646154262743,0.0278065199911505,TRUE,199,199,0,"OK","P14-C003",42,20,328,0.3,"informative","strong","exact_knot",9,24,0.996901327682772,0.00304878048780488,0,0.0600000000000005
"V4-CMP-TWO-STAGE-FREQ-BOOT-RESP-v1","V4-TARGET-RESPONDENT-WEIGHTED-v1",0.45700924153971,0.452050087355035,0.0049591541846753,0.373957241172971,0.554135782607642,0.464046511890306,0.180178541434671,0.0443578754535452,TRUE,199,199,0,"OK","P14-C003",42,20,328,0.3,"informative","strong","exact_knot",9,24,0.996901327682772,0.00304878048780488,0,0.0600000000000005
"V4-CMP-MOKKEN-TWOLEVEL-DELTA-v1","V4-TARGET-RESPONDENT-WEIGHTED-v1",0.457009241539711,0.452050087355035,0.00495915418467557,0.387724534484677,0.526293948594744,0.457009241539711,0.138569414110067,0.0353499898985606,TRUE,,,0,"OK","P14-C003",42,20,328,0.3,"informative","strong","exact_knot",9,24,0.996901327682772,0.00304878048780488,0,0.0600000000000005
"V4-PRI-TWO-STAGE-HBB-RESP-v1","V4-TARGET-RESPONDENT-WEIGHTED-v1",0.471267620798114,0.452050087355035,0.0192175334430785,0.396471981997833,0.55799687388752,0.477234427942677,0.161524891889687,0.0418793282304217,TRUE,199,199,0,"OK","P14-C003",43,20,318,0.3,"informative","strong","exact_knot",9,25,0.99613873486258,0,1,0.059000000000001
"V4-SENS-TWO-STAGE-HBB-CLUSTER-v1","V4-TARGET-EQUAL-CLUSTER-v1",0.477176643088397,0.457956271629311,0.0192203714590855,0.37753903090339,0.577050253558407,0.477294642230899,0.199511222655018,0.0492869306007608,TRUE,199,199,0,"OK","P14-C003",43,20,318,0.3,"informative","strong","exact_knot",9,25,0.99613873486258,0,1,0.059000000000001
"V4-CMP-ONE-STAGE-CLUSTER-BB-RESP-v1","V4-TARGET-RESPONDENT-WEIGHTED-v1",0.471267620798114,0.452050087355035,0.0192175334430785,0.419070323508092,0.527780100491358,0.473425211999725,0.108709776983266,0.0273625752238435,TRUE,199,199,0,"OK","P14-C003",43,20,318,0.3,"informative","strong","exact_knot",9,25,0.99613873486258,0,1,0.059000000000001
"V4-CMP-IID-RESP-BB-v1","WORKING-INDEPENDENCE-RESPONDENT",0.471267620798114,0.452050087355035,0.0192175334430785,0.421197697973582,0.523439364636674,0.472318531305128,0.102241666663092,0.0243161243008464,TRUE,199,199,0,"OK","P14-C003",43,20,318,0.3,"informative","strong","exact_knot",9,25,0.99613873486258,0,1,0.059000000000001
"V4-CMP-TWO-STAGE-FREQ-BOOT-RESP-v1","V4-TARGET-RESPONDENT-WEIGHTED-v1",0.471267620798114,0.452050087355035,0.0192175334430785,0.404779345734543,0.536815444888379,0.470797395311461,0.132036099153836,0.0370756949936712,TRUE,199,199,0,"OK","P14-C003",43,20,318,0.3,"informative","strong","exact_knot",9,25,0.99613873486258,0,1,0.059000000000001
"V4-CMP-MOKKEN-TWOLEVEL-DELTA-v1","V4-TARGET-RESPONDENT-WEIGHTED-v1",0.471267620798117,0.452050087355035,0.0192175334430824,0.399020161342449,0.543515080253786,0.471267620798117,0.144494918911337,0.0368616260429005,TRUE,,,0,"OK","P14-C003",43,20,318,0.3,"informative","strong","exact_knot",9,25,0.99613873486258,0,1,0.059000000000001
"V4-PRI-TWO-STAGE-HBB-RESP-v1","V4-TARGET-RESPONDENT-WEIGHTED-v1",0.503028106867934,0.452050087355035,0.0509780195128987,0.411411724811377,0.614946179361376,0.513178952086376,0.20353445455,0.0491411394710551,TRUE,199,199,0,"OK","P14-C003",44,20,327,0.3,"informative","strong","exact_knot",7,24,0.987887489174964,0,3,0.0589999999999993
"V4-SENS-TWO-STAGE-HBB-CLUSTER-v1","V4-TARGET-EQUAL-CLUSTER-v1",0.522798794306838,0.457956271629311,0.0648425226775269,0.434710890463842,0.624958935216165,0.529834912840004,0.190248044752323,0.0505396038481582,TRUE,199,199,0,"OK","P14-C003",44,20,327,0.3,"informative","strong","exact_knot",7,24,0.987887489174964,0,3,0.0589999999999993
"V4-CMP-ONE-STAGE-CLUSTER-BB-RESP-v1","V4-TARGET-RESPONDENT-WEIGHTED-v1",0.503028106867934,0.452050087355035,0.0509780195128987,0.428008061680586,0.573007421489757,0.500507741585171,0.144999359809172,0.0341353587468463,TRUE,199,199,0,"OK","P14-C003",44,20,327,0.3,"informative","strong","exact_knot",7,24,0.987887489174964,0,3,0.0589999999999993
"V4-CMP-IID-RESP-BB-v1","WORKING-INDEPENDENCE-RESPONDENT",0.503028106867934,0.452050087355035,0.0509780195128987,0.447329805042321,0.552747191737017,0.500038498389669,0.105417386694696,0.027475676521221,TRUE,199,199,0,"OK","P14-C003",44,20,327,0.3,"informative","strong","exact_knot",7,24,0.987887489174964,0,3,0.0589999999999993
"V4-CMP-TWO-STAGE-FREQ-BOOT-RESP-v1","V4-TARGET-RESPONDENT-WEIGHTED-v1",0.503028106867934,0.452050087355035,0.0509780195128987,0.421982294437174,0.596356605647976,0.509169450042575,0.174374311210802,0.0425260075960361,TRUE,199,199,0,"OK","P14-C003",44,20,327,0.3,"informative","strong","exact_knot",7,24,0.987887489174964,0,3,0.0589999999999993
"V4-CMP-MOKKEN-TWOLEVEL-DELTA-v1","V4-TARGET-RESPONDENT-WEIGHTED-v1",0.503028106867925,0.452050087355035,0.0509780195128898,0.419890668391194,0.586165545344656,0.503028106867925,0.166274876953462,0.0424178398850738,TRUE,,,0,"OK","P14-C003",44,20,327,0.3,"informative","strong","exact_knot",7,24,0.987887489174964,0,3,0.0589999999999993
"V4-PRI-TWO-STAGE-HBB-RESP-v1","V4-TARGET-RESPONDENT-WEIGHTED-v1",0.462362330104445,0.452050087355035,0.0103122427494095,0.367450499228342,0.552537246459117,0.459993872843729,0.185086747230776,0.0413629213617067,TRUE,199,199,0,"OK","P14-C003",45,20,326,0.3,"informative","strong","exact_knot",7,25,0.99087574340253,0,3,0.0600000000000005
"V4-SENS-TWO-STAGE-HBB-CLUSTER-v1","V4-TARGET-EQUAL-CLUSTER-v1",0.464799962413339,0.457956271629311,0.00684369078402786,0.362853474058431,0.56525942510158,0.464056449580006,0.202405951043149,0.051334075947521,TRUE,199,199,0,"OK","P14-C003",45,20,326,0.3,"informative","strong","exact_knot",7,25,0.99087574340253,0,3,0.0600000000000005
"V4-CMP-ONE-STAGE-CLUSTER-BB-RESP-v1","V4-TARGET-RESPONDENT-WEIGHTED-v1",0.462362330104445,0.452050087355035,0.0103122427494095,0.403343891887664,0.518619586211584,0.460981739049624,0.11527569432392,0.0290315264845063,TRUE,199,199,0,"OK","P14-C003",45,20,326,0.3,"informative","strong","exact_knot",7,25,0.99087574340253,0,3,0.0600000000000005
"V4-CMP-IID-RESP-BB-v1","WORKING-INDEPENDENCE-RESPONDENT",0.462362330104445,0.452050087355035,0.0103122427494095,0.407564335555866,0.520199252606558,0.463881794081212,0.112634917050692,0.0282243534266469,TRUE,199,199,0,"OK","P14-C003",45,20,326,0.3,"informative","strong","exact_knot",7,25,0.99087574340253,0,3,0.0600000000000005
"V4-CMP-TWO-STAGE-FREQ-BOOT-RESP-v1","V4-TARGET-RESPONDENT-WEIGHTED-v1",0.462362330104445,0.452050087355035,0.0103122427494095,0.374474234991694,0.550652908814469,0.462563571903082,0.176178673822776,0.0443512578526216,TRUE,199,199,0,"OK","P14-C003",45,20,326,0.3,"informative","strong","exact_knot",7,25,0.99087574340253,0,3,0.0600000000000005
"V4-CMP-MOKKEN-TWOLEVEL-DELTA-v1","V4-TARGET-RESPONDENT-WEIGHTED-v1",0.462362330104449,0.452050087355035,0.0103122427494139,0.391120327005735,0.533604333203163,0.462362330104449,0.142484006197429,0.036348628679232,TRUE,,,0,"OK","P14-C003",45,20,326,0.3,"informative","strong","exact_knot",7,25,0.99087574340253,0,3,0.0600000000000005
"V4-PRI-TWO-STAGE-HBB-RESP-v1","V4-TARGET-RESPONDENT-WEIGHTED-v1",0.466381287731805,0.452050087355035,0.0143312003767695,0.363744003090685,0.566972926808136,0.46535846494941,0.20322892371745,0.0518475300009168,TRUE,199,199,0,"OK","P14-C003",46,20,329,0.3,"informative","strong","exact_knot",9,26,0.994038458458969,0,2,0.0599999999999987
"V4-SENS-TWO-STAGE-HBB-CLUSTER-v1","V4-TARGET-EQUAL-CLUSTER-v1",0.448579511359799,0.457956271629311,-0.00937676026951212,0.354272493785447,0.553528067511042,0.453900280648244,0.199255573725595,0.0523041575716963,TRUE,199,199,0,"OK","P14-C003",46,20,329,0.3,"informative","strong","exact_knot",9,26,0.994038458458969,0,2,0.0599999999999987
"V4-CMP-ONE-STAGE-CLUSTER-BB-RESP-v1","V4-TARGET-RESPONDENT-WEIGHTED-v1",0.466381287731805,0.452050087355035,0.0143312003767695,0.396135390737964,0.549168360848845,0.472651875793404,0.153032970110881,0.0388887673462029,TRUE,199,199,0,"OK","P14-C003",46,20,329,0.3,"informative","strong","exact_knot",9,26,0.994038458458969,0,2,0.0599999999999987
"V4-CMP-IID-RESP-BB-v1","WORKING-INDEPENDENCE-RESPONDENT",0.466381287731805,0.452050087355035,0.0143312003767695,0.414333082122307,0.51828294617614,0.466308014149223,0.103949864053832,0.0264423615069272,TRUE,199,199,0,"OK","P14-C003",46,20,329,0.3,"informative","strong","exact_knot",9,26,0.994038458458969,0,2,0.0599999999999987
"V4-CMP-TWO-STAGE-FREQ-BOOT-RESP-v1","V4-TARGET-RESPONDENT-WEIGHTED-v1",0.466381287731805,0.452050087355035,0.0143312003767695,0.358417920999434,0.560921528898409,0.459669724948921,0.202503607898975,0.052615059659923,TRUE,199,199,0,"OK","P14-C003",46,20,329,0.3,"informative","strong","exact_knot",9,26,0.994038458458969,0,2,0.0599999999999987
"V4-CMP-MOKKEN-TWOLEVEL-DELTA-v1","V4-TARGET-RESPONDENT-WEIGHTED-v1",0.466381287731809,0.452050087355035,0.0143312003767737,0.384405224522574,0.548357350941043,0.466381287731809,0.163952126418469,0.0418252905950576,TRUE,,,0,"OK","P14-C003",46,20,329,0.3,"informative","strong","exact_knot",9,26,0.994038458458969,0,2,0.0599999999999987
"V4-PRI-TWO-STAGE-HBB-RESP-v1","V4-TARGET-RESPONDENT-WEIGHTED-v1",0.429292716671419,0.452050087355035,-0.0227573706836165,0.338813364623961,0.521711047535168,0.430262206079564,0.182897682911206,0.0475831976652464,TRUE,199,199,0,"OK","P14-C003",47,20,343,0.3,"informative","strong","exact_knot",7,26,0.994512711008416,0,3,0.0630000000000006
"V4-SENS-TWO-STAGE-HBB-CLUSTER-v1","V4-TARGET-EQUAL-CLUSTER-v1",0.428984223821149,0.457956271629311,-0.0289720478081625,0.337960612141447,0.530845735937011,0.434403174039229,0.192885123795564,0.049418284118716,TRUE,199,199,0,"OK","P14-C003",47,20,343,0.3,"informative","strong","exact_knot",7,26,0.994512711008416,0,3,0.0630000000000006
"V4-CMP-ONE-STAGE-CLUSTER-BB-RESP-v1","V4-TARGET-RESPONDENT-WEIGHTED-v1",0.429292716671419,0.452050087355035,-0.0227573706836165,0.35879353803571,0.490706531063078,0.424750034549394,0.131912993027368,0.032829975391623,TRUE,199,199,0,"OK","P14-C003",47,20,343,0.3,"informative","strong","exact_knot",7,26,0.994512711008416,0,3,0.0630000000000006
"V4-CMP-IID-RESP-BB-v1","WORKING-INDEPENDENCE-RESPONDENT",0.429292716671419,0.452050087355035,-0.0227573706836165,0.379432754951673,0.494868111067243,0.437150433009458,0.11543535611557,0.0284383760448049,TRUE,199,199,0,"OK","P14-C003",47,20,343,0.3,"informative","strong","exact_knot",7,26,0.994512711008416,0,3,0.0630000000000006
"V4-CMP-TWO-STAGE-FREQ-BOOT-RESP-v1","V4-TARGET-RESPONDENT-WEIGHTED-v1",0.429292716671419,0.452050087355035,-0.0227573706836165,0.350858765082637,0.506763840162777,0.428811302622707,0.15590507508014,0.0415206989041147,TRUE,199,199,0,"OK","P14-C003",47,20,343,0.3,"informative","strong","exact_knot",7,26,0.994512711008416,0,3,0.0630000000000006
"V4-CMP-MOKKEN-TWOLEVEL-DELTA-v1","V4-TARGET-RESPONDENT-WEIGHTED-v1",0.429292716671419,0.452050087355035,-0.022757370683616,0.354919691546698,0.50366574179614,0.429292716671419,0.148746050249442,0.037946118250828,TRUE,,,0,"OK","P14-C003",47,20,343,0.3,"informative","strong","exact_knot",7,26,0.994512711008416,0,3,0.0630000000000006
"V4-PRI-TWO-STAGE-HBB-RESP-v1","V4-TARGET-RESPONDENT-WEIGHTED-v1",0.471967346314177,0.452050087355035,0.0199172589591416,0.396477649574665,0.56491601417964,0.480696831877153,0.168438364604975,0.0440169753743834,TRUE,199,199,0,"OK","P14-C003",48,20,356,0.3,"informative","strong","exact_knot",6,27,0.988805003221784,0,1,0.0609999999999999
"V4-SENS-TWO-STAGE-HBB-CLUSTER-v1","V4-TARGET-EQUAL-CLUSTER-v1",0.508720153374946,0.457956271629311,0.0507638817456343,0.401625640526083,0.600827968566089,0.501226804546086,0.199202328040005,0.0497283837820973,TRUE,199,199,0,"OK","P14-C003",48,20,356,0.3,"informative","strong","exact_knot",6,27,0.988805003221784,0,1,0.0609999999999999
"V4-CMP-ONE-STAGE-CLUSTER-BB-RESP-v1","V4-TARGET-RESPONDENT-WEIGHTED-v1",0.471967346314177,0.452050087355035,0.0199172589591416,0.4148396024053,0.54569783071106,0.48026871655818,0.130858228305761,0.0326011831496076,TRUE,199,199,0,"OK","P14-C003",48,20,356,0.3,"informative","strong","exact_knot",6,27,0.988805003221784,0,1,0.0609999999999999
"V4-CMP-IID-RESP-BB-v1","WORKING-INDEPENDENCE-RESPONDENT",0.471967346314177,0.452050087355035,0.0199172589591416,0.419233994606808,0.528750183145582,0.473992088876195,0.109516188538774,0.0251009445939075,TRUE,199,199,0,"OK","P14-C003",48,20,356,0.3,"informative","strong","exact_knot",6,27,0.988805003221784,0,1,0.0609999999999999
"V4-CMP-TWO-STAGE-FREQ-BOOT-RESP-v1","V4-TARGET-RESPONDENT-WEIGHTED-v1",0.471967346314177,0.452050087355035,0.0199172589591416,0.382619297249051,0.562164633152631,0.472391965200841,0.17954533590358,0.046218171507733,TRUE,199,199,0,"OK","P14-C003",48,20,356,0.3,"informative","strong","exact_knot",6,27,0.988805003221784,0,1,0.0609999999999999
"V4-CMP-MOKKEN-TWOLEVEL-DELTA-v1","V4-TARGET-RESPONDENT-WEIGHTED-v1",0.471967346314194,0.452050087355035,0.0199172589591588,0.390701174992671,0.553233517635716,0.471967346314194,0.162532342643045,0.0414630942009852,TRUE,,,0,"OK","P14-C003",48,20,356,0.3,"informative","strong","exact_knot",6,27,0.988805003221784,0,1,0.0609999999999999
"V4-PRI-TWO-STAGE-HBB-RESP-v1","V4-TARGET-RESPONDENT-WEIGHTED-v1",0.50260196444486,0.452050087355035,0.0505518770898245,0.418525168116326,0.584051796267083,0.501288482191705,0.165526628150757,0.0416116956967803,TRUE,199,199,0,"OK","P14-C003",49,20,364,0.3,"informative","strong","exact_knot",8,25,0.994700368850056,0.00274725274725274,0,0.0609999999999999
"V4-SENS-TWO-STAGE-HBB-CLUSTER-v1","V4-TARGET-EQUAL-CLUSTER-v1",0.511110176930039,0.457956271629311,0.0531539053007274,0.432182220373748,0.589288029298935,0.510735124836342,0.157105808925187,0.0400405963959122,TRUE,199,199,0,"OK","P14-C003",49,20,364,0.3,"informative","strong","exact_knot",8,25,0.994700368850056,0.00274725274725274,0,0.0609999999999999
"V4-CMP-ONE-STAGE-CLUSTER-BB-RESP-v1","V4-TARGET-RESPONDENT-WEIGHTED-v1",0.50260196444486,0.452050087355035,0.0505518770898245,0.457810756942072,0.551595781875505,0.504703269408788,0.0937850249334328,0.0242792224739203,FALSE,199,199,0,"OK","P14-C003",49,20,364,0.3,"informative","strong","exact_knot",8,25,0.994700368850056,0.00274725274725274,0,0.0609999999999999
"V4-CMP-IID-RESP-BB-v1","WORKING-INDEPENDENCE-RESPONDENT",0.50260196444486,0.452050087355035,0.0505518770898245,0.455198752184993,0.554523205709512,0.504860978947252,0.0993244535245198,0.0263805975881339,FALSE,199,199,0,"OK","P14-C003",49,20,364,0.3,"informative","strong","exact_knot",8,25,0.994700368850056,0.00274725274725274,0,0.0609999999999999
"V4-CMP-TWO-STAGE-FREQ-BOOT-RESP-v1","V4-TARGET-RESPONDENT-WEIGHTED-v1",0.50260196444486,0.452050087355035,0.0505518770898245,0.441357546044487,0.571639728055509,0.506498637049998,0.130282182011022,0.0340041450593519,TRUE,199,199,0,"OK","P14-C003",49,20,364,0.3,"informative","strong","exact_knot",8,25,0.994700368850056,0.00274725274725274,0,0.0609999999999999
"V4-CMP-MOKKEN-TWOLEVEL-DELTA-v1","V4-TARGET-RESPONDENT-WEIGHTED-v1",0.50260196444486,0.452050087355035,0.0505518770898248,0.437260325281912,0.567943603607808,0.50260196444486,0.130683278325897,0.0333381835984512,TRUE,,,0,"OK","P14-C003",49,20,364,0.3,"informative","strong","exact_knot",8,25,0.994700368850056,0.00274725274725274,0,0.0609999999999999
"V4-PRI-TWO-STAGE-HBB-RESP-v1","V4-TARGET-RESPONDENT-WEIGHTED-v1",0.445079366613581,0.452050087355035,-0.00697072074145394,0.329781264469539,0.542074259241764,0.435927761855652,0.212292994772224,0.0543604883556248,TRUE,199,199,0,"OK","P14-C003",50,20,331,0.3,"informative","strong","exact_knot",9,25,0.995509648923302,0,2,0.0609999999999999
"V4-SENS-TWO-STAGE-HBB-CLUSTER-v1","V4-TARGET-EQUAL-CLUSTER-v1",0.439671910832596,0.457956271629311,-0.0182843607967159,0.344657619238632,0.526525585295474,0.435591602267053,0.181867966056841,0.0495982470976686,TRUE,199,199,0,"OK","P14-C003",50,20,331,0.3,"informative","strong","exact_knot",9,25,0.995509648923302,0,2,0.0609999999999999
"V4-CMP-ONE-STAGE-CLUSTER-BB-RESP-v1","V4-TARGET-RESPONDENT-WEIGHTED-v1",0.445079366613581,0.452050087355035,-0.00697072074145394,0.378796730916561,0.510910927824924,0.444853829370743,0.132114196908363,0.0341971368623312,TRUE,199,199,0,"OK","P14-C003",50,20,331,0.3,"informative","strong","exact_knot",9,25,0.995509648923302,0,2,0.0609999999999999
"V4-CMP-IID-RESP-BB-v1","WORKING-INDEPENDENCE-RESPONDENT",0.445079366613581,0.452050087355035,-0.00697072074145394,0.392434853169304,0.50368955304635,0.448062203107827,0.111254699877046,0.0278994853161791,TRUE,199,199,0,"OK","P14-C003",50,20,331,0.3,"informative","strong","exact_knot",9,25,0.995509648923302,0,2,0.0609999999999999
"V4-CMP-TWO-STAGE-FREQ-BOOT-RESP-v1","V4-TARGET-RESPONDENT-WEIGHTED-v1",0.445079366613581,0.452050087355035,-0.00697072074145394,0.330214720699813,0.542928160808311,0.436571440754062,0.212713440108499,0.0507416895162646,TRUE,199,199,0,"OK","P14-C003",50,20,331,0.3,"informative","strong","exact_knot",9,25,0.995509648923302,0,2,0.0609999999999999
"V4-CMP-MOKKEN-TWOLEVEL-DELTA-v1","V4-TARGET-RESPONDENT-WEIGHTED-v1",0.445079366613587,0.452050087355035,-0.0069707207414485,0.359843000609371,0.530315732617802,0.445079366613587,0.170472732008432,0.043488740954706,TRUE,,,0,"OK","P14-C003",50,20,331,0.3,"informative","strong","exact_knot",9,25,0.995509648923302,0,2,0.0609999999999999
"V4-PRI-TWO-STAGE-HBB-RESP-v1","V4-TARGET-RESPONDENT-WEIGHTED-v1",0.431382811505017,0.452050087355035,-0.0206672758500178,0.359121796611728,0.51433673523339,0.436729265922559,0.155214938621662,0.0426193925189996,TRUE,199,199,0,"OK","P14-C003",51,20,356,0.3,"informative","strong","exact_knot",10,26,0.995794878454889,0,3,0.0640000000000001
"V4-SENS-TWO-STAGE-HBB-CLUSTER-v1","V4-TARGET-EQUAL-CLUSTER-v1",0.433344557286891,0.457956271629311,-0.0246117143424205,0.342288787678646,0.53166627318027,0.436977530429458,0.189377485501624,0.0468825611651251,TRUE,199,199,0,"OK","P14-C003",51,20,356,0.3,"informative","strong","exact_knot",10,26,0.995794878454889,0,3,0.0640000000000001
"V4-CMP-ONE-STAGE-CLUSTER-BB-RESP-v1","V4-TARGET-RESPONDENT-WEIGHTED-v1",0.431382811505017,0.452050087355035,-0.0206672758500178,0.369151200991422,0.478331992209809,0.423741596600615,0.109180791218387,0.0281247287041852,TRUE,199,199,0,"OK","P14-C003",51,20,356,0.3,"informative","strong","exact_knot",10,26,0.995794878454889,0,3,0.0640000000000001
"V4-CMP-IID-RESP-BB-v1","WORKING-INDEPENDENCE-RESPONDENT",0.431382811505017,0.452050087355035,-0.0206672758500178,0.374097711690656,0.493102847842796,0.433600279766726,0.119005136152141,0.0281563035778002,TRUE,199,199,0,"OK","P14-C003",51,20,356,0.3,"informative","strong","exact_knot",10,26,0.995794878454889,0,3,0.0640000000000001
"V4-CMP-TWO-STAGE-FREQ-BOOT-RESP-v1","V4-TARGET-RESPONDENT-WEIGHTED-v1",0.431382811505017,0.452050087355035,-0.0206672758500178,0.342464296078438,0.505111055979667,0.423787676029053,0.162646759901229,0.0412847467437654,TRUE,199,199,0,"OK","P14-C003",51,20,356,0.3,"informative","strong","exact_knot",10,26,0.995794878454889,0,3,0.0640000000000001
"V4-CMP-MOKKEN-TWOLEVEL-DELTA-v1","V4-TARGET-RESPONDENT-WEIGHTED-v1",0.431382811505031,0.452050087355035,-0.0206672758500041,0.359479471358398,0.503286151651664,0.431382811505031,0.143806680293267,0.0366860517406431,TRUE,,,0,"OK","P14-C003",51,20,356,0.3,"informative","strong","exact_knot",10,26,0.995794878454889,0,3,0.0640000000000001
"V4-PRI-TWO-STAGE-HBB-RESP-v1","V4-TARGET-RESPONDENT-WEIGHTED-v1",0.410775673222772,0.452050087355035,-0.0412744141322626,0.315525923043528,0.500892448143323,0.408209185593425,0.185366525099794,0.0461499004761705,TRUE,199,199,0,"OK","P14-C003",52,20,333,0.3,"informative","strong","exact_knot",12,26,0.990632810211348,0,2,0.059000000000001
"V4-SENS-TWO-STAGE-HBB-CLUSTER-v1","V4-TARGET-EQUAL-CLUSTER-v1",0.396723083723822,0.457956271629311,-0.0612331879054897,0.311453042799678,0.47787493467108,0.394663988735379,0.166421891871402,0.0439839286585989,TRUE,199,199,0,"OK","P14-C003",52,20,333,0.3,"informative","strong","exact_knot",12,26,0.990632810211348,0,2,0.059000000000001
"V4-CMP-ONE-STAGE-CLUSTER-BB-RESP-v1","V4-TARGET-RESPONDENT-WEIGHTED-v1",0.410775673222772,0.452050087355035,-0.0412744141322626,0.34656111610919,0.476680974425765,0.411621045267477,0.130119858316575,0.0329998403131295,TRUE,199,199,0,"OK","P14-C003",52,20,333,0.3,"informative","strong","exact_knot",12,26,0.990632810211348,0,2,0.059000000000001
"V4-CMP-IID-RESP-BB-v1","WORKING-INDEPENDENCE-RESPONDENT",0.410775673222772,0.452050087355035,-0.0412744141322626,0.368427954185136,0.468838837690566,0.418633395937851,0.10041088350543,0.0258431322681586,TRUE,199,199,0,"OK","P14-C003",52,20,333,0.3,"informative","strong","exact_knot",12,26,0.990632810211348,0,2,0.059000000000001
"V4-CMP-TWO-STAGE-FREQ-BOOT-RESP-v1","V4-TARGET-RESPONDENT-WEIGHTED-v1",0.410775673222772,0.452050087355035,-0.0412744141322626,0.33591353889323,0.499708150626196,0.417810844759713,0.163794611732967,0.0412109356320145,TRUE,199,199,0,"OK","P14-C003",52,20,333,0.3,"informative","strong","exact_knot",12,26,0.990632810211348,0,2,0.059000000000001
"V4-CMP-MOKKEN-TWOLEVEL-DELTA-v1","V4-TARGET-RESPONDENT-WEIGHTED-v1",0.410775673222764,0.452050087355035,-0.0412744141322713,0.332886006968161,0.488665339477367,0.410775673222764,0.155779332509206,0.0397403558784686,TRUE,,,0,"OK","P14-C003",52,20,333,0.3,"informative","strong","exact_knot",12,26,0.990632810211348,0,2,0.059000000000001
"V4-PRI-TWO-STAGE-HBB-RESP-v1","V4-TARGET-RESPONDENT-WEIGHTED-v1",0.459989034964706,0.452050087355035,0.00793894760967107,0.37445949866187,0.553332590075782,0.463896044368826,0.178873091413912,0.0449266298113943,TRUE,199,199,0,"OK","P14-C003",53,20,367,0.3,"informative","strong","exact_knot",12,25,0.995667977165897,0,1,0.0629999999999988
"V4-SENS-TWO-STAGE-HBB-CLUSTER-v1","V4-TARGET-EQUAL-CLUSTER-v1",0.461689072462367,0.457956271629311,0.00373280083305516,0.389377157538247,0.556348814954493,0.47286298624637,0.166971657416246,0.0433890226416284,TRUE,199,199,0,"OK","P14-C003",53,20,367,0.3,"informative","strong","exact_knot",12,25,0.995667977165897,0,1,0.0629999999999988
"V4-CMP-ONE-STAGE-CLUSTER-BB-RESP-v1","V4-TARGET-RESPONDENT-WEIGHTED-v1",0.459989034964706,0.452050087355035,0.00793894760967107,0.408025746033218,0.512826414574375,0.460426080303797,0.104800668541158,0.0256147924438654,TRUE,199,199,0,"OK","P14-C003",53,20,367,0.3,"informative","strong","exact_knot",12,25,0.995667977165897,0,1,0.0629999999999988
"V4-CMP-IID-RESP-BB-v1","WORKING-INDEPENDENCE-RESPONDENT",0.459989034964706,0.452050087355035,0.00793894760967107,0.416157275013951,0.519863610728982,0.468010442871466,0.103706335715031,0.0262170451537345,TRUE,199,199,0,"OK","P14-C003",53,20,367,0.3,"informative","strong","exact_knot",12,25,0.995667977165897,0,1,0.0629999999999988
"V4-CMP-TWO-STAGE-FREQ-BOOT-RESP-v1","V4-TARGET-RESPONDENT-WEIGHTED-v1",0.459989034964706,0.452050087355035,0.00793894760967107,0.382446726814424,0.53392726427825,0.458186995546337,0.151480537463826,0.0382242489743437,TRUE,199,199,0,"OK","P14-C003",53,20,367,0.3,"informative","strong","exact_knot",12,25,0.995667977165897,0,1,0.0629999999999988
"V4-CMP-MOKKEN-TWOLEVEL-DELTA-v1","V4-TARGET-RESPONDENT-WEIGHTED-v1",0.459989034964688,0.452050087355035,0.00793894760965336,0.390195431309743,0.529782638619634,0.459989034964688,0.139587207309891,0.0356096357920189,TRUE,,,0,"OK","P14-C003",53,20,367,0.3,"informative","strong","exact_knot",12,25,0.995667977165897,0,1,0.0629999999999988
"V4-PRI-TWO-STAGE-HBB-RESP-v1","V4-TARGET-RESPONDENT-WEIGHTED-v1",0.484372161770085,0.452050087355035,0.0323220744150494,0.379896068757032,0.571467703060774,0.475681885908903,0.191571634303742,0.0474851881312579,TRUE,199,199,0,"OK","P14-C003",54,20,325,0.3,"informative","strong","exact_knot",7,26,0.993179068940593,0,2,0.059000000000001
"V4-SENS-TWO-STAGE-HBB-CLUSTER-v1","V4-TARGET-EQUAL-CLUSTER-v1",0.495329073846492,0.457956271629311,0.0373728022171801,0.402862241627556,0.592999748862434,0.497930995244995,0.190137507234878,0.047906756311305,TRUE,199,199,0,"OK","P14-C003",54,20,325,0.3,"informative","strong","exact_knot",7,26,0.993179068940593,0,2,0.059000000000001
"V4-CMP-ONE-STAGE-CLUSTER-BB-RESP-v1","V4-TARGET-RESPONDENT-WEIGHTED-v1",0.484372161770085,0.452050087355035,0.0323220744150494,0.412363986638428,0.547017645869894,0.479690816254161,0.134653659231465,0.0336962463211214,TRUE,199,199,0,"OK","P14-C003",54,20,325,0.3,"informative","strong","exact_knot",7,26,0.993179068940593,0,2,0.059000000000001
"V4-CMP-IID-RESP-BB-v1","WORKING-INDEPENDENCE-RESPONDENT",0.484372161770085,0.452050087355035,0.0323220744150494,0.433205991018587,0.536006986619465,0.484606488819026,0.102800995600878,0.0269465793525231,TRUE,199,199,0,"OK","P14-C003",54,20,325,0.3,"informative","strong","exact_knot",7,26,0.993179068940593,0,2,0.059000000000001
"V4-CMP-TWO-STAGE-FREQ-BOOT-RESP-v1","V4-TARGET-RESPONDENT-WEIGHTED-v1",0.484372161770085,0.452050087355035,0.0323220744150494,0.395656808516775,0.564293927104201,0.479975367810488,0.168637118587426,0.0428874190946813,TRUE,199,199,0,"OK","P14-C003",54,20,325,0.3,"informative","strong","exact_knot",7,26,0.993179068940593,0,2,0.059000000000001
"V4-CMP-MOKKEN-TWOLEVEL-DELTA-v1","V4-TARGET-RESPONDENT-WEIGHTED-v1",0.484372161770085,0.452050087355035,0.0323220744150497,0.410894340351202,0.557849983188968,0.484372161770085,0.146955642837766,0.0374893732734207,TRUE,,,0,"OK","P14-C003",54,20,325,0.3,"informative","strong","exact_knot",7,26,0.993179068940593,0,2,0.059000000000001
"V4-PRI-TWO-STAGE-HBB-RESP-v1","V4-TARGET-RESPONDENT-WEIGHTED-v1",0.502166390178498,0.452050087355035,0.0501163028234624,0.402331654397827,0.591487829030963,0.496909741714395,0.189156174633136,0.0480266868027516,TRUE,199,199,0,"OK","P14-C003",55,20,353,0.3,"informative","strong","exact_knot",9,28,0.98788800638022,0,4,0.0619999999999994
"V4-SENS-TWO-STAGE-HBB-CLUSTER-v1","V4-TARGET-EQUAL-CLUSTER-v1",0.508847690592965,0.457956271629311,0.0508914189636538,0.43028296536999,0.605750732881256,0.518016849125623,0.175467767511266,0.0465115584694141,TRUE,199,199,0,"OK","P14-C003",55,20,353,0.3,"informative","strong","exact_knot",9,28,0.98788800638022,0,4,0.0619999999999994
"V4-CMP-ONE-STAGE-CLUSTER-BB-RESP-v1","V4-TARGET-RESPONDENT-WEIGHTED-v1",0.502166390178498,0.452050087355035,0.0501163028234624,0.432705577030019,0.562321763663879,0.497513670346949,0.129616186633861,0.0342157749223614,TRUE,199,199,0,"OK","P14-C003",55,20,353,0.3,"informative","strong","exact_knot",9,28,0.98788800638022,0,4,0.0619999999999994
"V4-CMP-IID-RESP-BB-v1","WORKING-INDEPENDENCE-RESPONDENT",0.502166390178498,0.452050087355035,0.0501163028234624,0.453695624879533,0.556295894772488,0.50499575982601,0.102600269892955,0.0257408666629549,FALSE,199,199,0,"OK","P14-C003",55,20,353,0.3,"informative","strong","exact_knot",9,28,0.98788800638022,0,4,0.0619999999999994
"V4-CMP-TWO-STAGE-FREQ-BOOT-RESP-v1","V4-TARGET-RESPONDENT-WEIGHTED-v1",0.502166390178498,0.452050087355035,0.0501163028234624,0.419691875230046,0.585892244004648,0.502792059617347,0.166200368774602,0.0384200824104773,TRUE,199,199,0,"OK","P14-C003",55,20,353,0.3,"informative","strong","exact_knot",9,28,0.98788800638022,0,4,0.0619999999999994
"V4-CMP-MOKKEN-TWOLEVEL-DELTA-v1","V4-TARGET-RESPONDENT-WEIGHTED-v1",0.502166390178487,0.452050087355035,0.0501163028234521,0.424396479703844,0.57993630065313,0.502166390178487,0.155539820949286,0.0396792548679885,TRUE,,,0,"OK","P14-C003",55,20,353,0.3,"informative","strong","exact_knot",9,28,0.98788800638022,0,4,0.0619999999999994
"V4-PRI-TWO-STAGE-HBB-RESP-v1","V4-TARGET-RESPONDENT-WEIGHTED-v1",0.444590842528921,0.452050087355035,-0.00745924482611371,0.374175405663115,0.544846738726128,0.459511072194621,0.170671333063013,0.0431937575887513,TRUE,199,199,0,"OK","P14-C003",56,20,330,0.3,"informative","strong","exact_knot",9,25,0.992611703768364,0,1,0.0600000000000005
"V4-SENS-TWO-STAGE-HBB-CLUSTER-v1","V4-TARGET-EQUAL-CLUSTER-v1",0.45416995430949,0.457956271629311,-0.00378631731982187,0.368277940938889,0.560338422725188,0.464308181832039,0.192060481786298,0.0471907278429901,TRUE,199,199,0,"OK","P14-C003",56,20,330,0.3,"informative","strong","exact_knot",9,25,0.992611703768364,0,1,0.0600000000000005
"V4-CMP-ONE-STAGE-CLUSTER-BB-RESP-v1","V4-TARGET-RESPONDENT-WEIGHTED-v1",0.444590842528921,0.452050087355035,-0.00745924482611371,0.389199347754284,0.482691006163397,0.435945176958841,0.0934916584091128,0.020883407199916,TRUE,199,199,0,"OK","P14-C003",56,20,330,0.3,"informative","strong","exact_knot",9,25,0.992611703768364,0,1,0.0600000000000005
"V4-CMP-IID-RESP-BB-v1","WORKING-INDEPENDENCE-RESPONDENT",0.444590842528921,0.452050087355035,-0.00745924482611371,0.394194938830021,0.509982775831245,0.452088857330633,0.115787837001224,0.0280505619847537,TRUE,199,199,0,"OK","P14-C003",56,20,330,0.3,"informative","strong","exact_knot",9,25,0.992611703768364,0,1,0.0600000000000005
"V4-CMP-TWO-STAGE-FREQ-BOOT-RESP-v1","V4-TARGET-RESPONDENT-WEIGHTED-v1",0.444590842528921,0.452050087355035,-0.00745924482611371,0.386479472775732,0.508729650788228,0.44760456178198,0.122250178012496,0.0330433316698796,TRUE,199,199,0,"OK","P14-C003",56,20,330,0.3,"informative","strong","exact_knot",9,25,0.992611703768364,0,1,0.0600000000000005
"V4-CMP-MOKKEN-TWOLEVEL-DELTA-v1","V4-TARGET-RESPONDENT-WEIGHTED-v1",0.444590842528912,0.452050087355035,-0.00745924482612265,0.379204635804711,0.509977049253113,0.444590842528912,0.130772413448402,0.0333609225679447,TRUE,,,0,"OK","P14-C003",56,20,330,0.3,"informative","strong","exact_knot",9,25,0.992611703768364,0,1,0.0600000000000005
"V4-PRI-TWO-STAGE-HBB-RESP-v1","V4-TARGET-RESPONDENT-WEIGHTED-v1",0.462746058191865,0.452050087355035,0.0106959708368303,0.381375033368782,0.547442495423142,0.464408764395962,0.16606746205436,0.0414399110908477,TRUE,199,199,0,"OK","P14-C003",57,20,333,0.3,"informative","strong","exact_knot",10,26,0.996579337235462,0,4,0.0619999999999994
"V4-SENS-TWO-STAGE-HBB-CLUSTER-v1","V4-TARGET-EQUAL-CLUSTER-v1",0.458981643185057,0.457956271629311,0.00102537155574511,0.362792173933665,0.557629656723068,0.460210915328366,0.194837482789403,0.0451971443833401,TRUE,199,199,0,"OK","P14-C003",57,20,333,0.3,"informative","strong","exact_knot",10,26,0.996579337235462,0,4,0.0619999999999994
"V4-CMP-ONE-STAGE-CLUSTER-BB-RESP-v1","V4-TARGET-RESPONDENT-WEIGHTED-v1",0.462746058191865,0.452050087355035,0.0106959708368303,0.41421157842158,0.509961992606086,0.462086785513833,0.0957504141845054,0.0251557625264464,TRUE,199,199,0,"OK","P14-C003",57,20,333,0.3,"informative","strong","exact_knot",10,26,0.996579337235462,0,4,0.0619999999999994
"V4-CMP-IID-RESP-BB-v1","WORKING-INDEPENDENCE-RESPONDENT",0.462746058191865,0.452050087355035,0.0106959708368303,0.4140121991933,0.510586878124403,0.462299538658852,0.0965746789311035,0.0256440607862526,TRUE,199,199,0,"OK","P14-C003",57,20,333,0.3,"informative","strong","exact_knot",10,26,0.996579337235462,0,4,0.0619999999999994
"V4-CMP-TWO-STAGE-FREQ-BOOT-RESP-v1","V4-TARGET-RESPONDENT-WEIGHTED-v1",0.462746058191865,0.452050087355035,0.0106959708368303,0.382782150767228,0.53929571734489,0.461038934056059,0.156513566577662,0.0379450730441096,TRUE,199,199,0,"OK","P14-C003",57,20,333,0.3,"informative","strong","exact_knot",10,26,0.996579337235462,0,4,0.0619999999999994
"V4-CMP-MOKKEN-TWOLEVEL-DELTA-v1","V4-TARGET-RESPONDENT-WEIGHTED-v1",0.462746058191857,0.452050087355035,0.0106959708368221,0.394476168036148,0.531015948347566,0.462746058191857,0.136539780311418,0.0348322166602107,TRUE,,,0,"OK","P14-C003",57,20,333,0.3,"informative","strong","exact_knot",10,26,0.996579337235462,0,4,0.0619999999999994
"V4-PRI-TWO-STAGE-HBB-RESP-v1","V4-TARGET-RESPONDENT-WEIGHTED-v1",0.449038229552773,0.452050087355035,-0.00301185780226182,0.380252952251149,0.530899599256115,0.455576275753632,0.150646647004965,0.0406047010430105,TRUE,199,199,0,"OK","P14-C003",58,20,304,0.3,"informative","strong","exact_knot",8,25,0.99046034074166,0,2,0.0579999999999998
"V4-SENS-TWO-STAGE-HBB-CLUSTER-v1","V4-TARGET-EQUAL-CLUSTER-v1",0.443165623179329,0.457956271629311,-0.0147906484499828,0.350139917014997,0.541742364797699,0.445941140906348,0.191602447782701,0.0474233572696622,TRUE,199,199,0,"OK","P14-C003",58,20,304,0.3,"informative","strong","exact_knot",8,25,0.99046034074166,0,2,0.0579999999999998
"V4-CMP-ONE-STAGE-CLUSTER-BB-RESP-v1","V4-TARGET-RESPONDENT-WEIGHTED-v1",0.449038229552773,0.452050087355035,-0.00301185780226182,0.404068326183255,0.497466004245603,0.450767165214429,0.0933976780623479,0.0230455928353034,TRUE,199,199,0,"OK","P14-C003",58,20,304,0.3,"informative","strong","exact_knot",8,25,0.99046034074166,0,2,0.0579999999999998
"V4-CMP-IID-RESP-BB-v1","WORKING-INDEPENDENCE-RESPONDENT",0.449038229552773,0.452050087355035,-0.00301185780226182,0.390736363867584,0.511357048009437,0.451046705938511,0.120620684141853,0.0299740548845715,TRUE,199,199,0,"OK","P14-C003",58,20,304,0.3,"informative","strong","exact_knot",8,25,0.99046034074166,0,2,0.0579999999999998
"V4-CMP-TWO-STAGE-FREQ-BOOT-RESP-v1","V4-TARGET-RESPONDENT-WEIGHTED-v1",0.449038229552773,0.452050087355035,-0.00301185780226182,0.373792730135598,0.522232016131643,0.448012373133621,0.148439285996045,0.037692117528527,TRUE,199,199,0,"OK","P14-C003",58,20,304,0.3,"informative","strong","exact_knot",8,25,0.99046034074166,0,2,0.0579999999999998
"V4-CMP-MOKKEN-TWOLEVEL-DELTA-v1","V4-TARGET-RESPONDENT-WEIGHTED-v1",0.449038229552782,0.452050087355035,-0.00301185780225316,0.381920699451733,0.516155759653831,0.449038229552782,0.134235060202097,0.0342442670531006,TRUE,,,0,"OK","P14-C003",58,20,304,0.3,"informative","strong","exact_knot",8,25,0.99046034074166,0,2,0.0579999999999998
"V4-PRI-TWO-STAGE-HBB-RESP-v1","V4-TARGET-RESPONDENT-WEIGHTED-v1",0.463747629719019,0.452050087355035,0.0116975423639842,0.377397655200909,0.545314689137173,0.461356172169041,0.167917033936263,0.0437696131491874,TRUE,199,199,0,"OK","P14-C003",59,20,336,0.3,"informative","strong","exact_knot",9,25,0.997818342652499,0,4,0.0620000000000012
"V4-SENS-TWO-STAGE-HBB-CLUSTER-v1","V4-TARGET-EQUAL-CLUSTER-v1",0.470725661666163,0.457956271629311,0.0127693900368516,0.38307646183211,0.573686795940706,0.478381628886408,0.190610334108595,0.0490845099219058,TRUE,199,199,0,"OK","P14-C003",59,20,336,0.3,"informative","strong","exact_knot",9,25,0.997818342652499,0,4,0.0620000000000012
"V4-CMP-ONE-STAGE-CLUSTER-BB-RESP-v1","V4-TARGET-RESPONDENT-WEIGHTED-v1",0.463747629719019,0.452050087355035,0.0116975423639842,0.407565279843398,0.513920893019581,0.46074308643149,0.106355613176183,0.0287058127432323,TRUE,199,199,0,"OK","P14-C003",59,20,336,0.3,"informative","strong","exact_knot",9,25,0.997818342652499,0,4,0.0620000000000012
"V4-CMP-IID-RESP-BB-v1","WORKING-INDEPENDENCE-RESPONDENT",0.463747629719019,0.452050087355035,0.0116975423639842,0.409935727665036,0.513848202776614,0.461891965220825,0.103912475111577,0.027388780660424,TRUE,199,199,0,"OK","P14-C003",59,20,336,0.3,"informative","strong","exact_knot",9,25,0.997818342652499,0,4,0.0620000000000012
"V4-CMP-TWO-STAGE-FREQ-BOOT-RESP-v1","V4-TARGET-RESPONDENT-WEIGHTED-v1",0.463747629719019,0.452050087355035,0.0116975423639842,0.380489701236096,0.559395896019249,0.469942798627673,0.178906194783153,0.0440445330594463,TRUE,199,199,0,"OK","P14-C003",59,20,336,0.3,"informative","strong","exact_knot",9,25,0.997818342652499,0,4,0.0620000000000012
"V4-CMP-MOKKEN-TWOLEVEL-DELTA-v1","V4-TARGET-RESPONDENT-WEIGHTED-v1",0.463747629719013,0.452050087355035,0.0116975423639783,0.390719201222044,0.536776058215983,0.463747629719013,0.146056856993938,0.0372600869572136,TRUE,,,0,"OK","P14-C003",59,20,336,0.3,"informative","strong","exact_knot",9,25,0.997818342652499,0,4,0.0620000000000012
"V4-PRI-TWO-STAGE-HBB-RESP-v1","V4-TARGET-RESPONDENT-WEIGHTED-v1",0.423412292288112,0.452050087355035,-0.028637795066923,0.34711489725525,0.523535960093904,0.435325428674577,0.176421062838654,0.0437421944842493,TRUE,199,199,0,"OK","P14-C003",60,20,391,0.3,"informative","strong","exact_knot",9,25,0.993656047428752,0,1,0.0669999999999984
"V4-SENS-TWO-STAGE-HBB-CLUSTER-v1","V4-TARGET-EQUAL-CLUSTER-v1",0.43795342340464,0.457956271629311,-0.0200028482246717,0.36204834223395,0.539560350925236,0.450804346579593,0.177512008691287,0.0431648778114816,TRUE,199,199,0,"OK","P14-C003",60,20,391,0.3,"informative","strong","exact_knot",9,25,0.993656047428752,0,1,0.0669999999999984
"V4-CMP-ONE-STAGE-CLUSTER-BB-RESP-v1","V4-TARGET-RESPONDENT-WEIGHTED-v1",0.423412292288112,0.452050087355035,-0.028637795066923,0.380719313854759,0.487958138369625,0.434338726112192,0.107238824514867,0.0276110301352417,TRUE,199,199,0,"OK","P14-C003",60,20,391,0.3,"informative","strong","exact_knot",9,25,0.993656047428752,0,1,0.0669999999999984
"V4-CMP-IID-RESP-BB-v1","WORKING-INDEPENDENCE-RESPONDENT",0.423412292288112,0.452050087355035,-0.028637795066923,0.370644575772395,0.478358759341727,0.424501667557061,0.107714183569332,0.0280347850146049,TRUE,199,199,0,"OK","P14-C003",60,20,391,0.3,"informative","strong","exact_knot",9,25,0.993656047428752,0,1,0.0669999999999984
"V4-CMP-TWO-STAGE-FREQ-BOOT-RESP-v1","V4-TARGET-RESPONDENT-WEIGHTED-v1",0.423412292288112,0.452050087355035,-0.028637795066923,0.348289692598774,0.533158234182684,0.440723963390729,0.184868541583909,0.0429365442428529,TRUE,199,199,0,"OK","P14-C003",60,20,391,0.3,"informative","strong","exact_knot",9,25,0.993656047428752,0,1,0.0669999999999984
"V4-CMP-MOKKEN-TWOLEVEL-DELTA-v1","V4-TARGET-RESPONDENT-WEIGHTED-v1",0.423412292288089,0.452050087355035,-0.028637795066946,0.349045758729818,0.49777882584636,0.423412292288089,0.148733067116543,0.0379428061662689,TRUE,,,0,"OK","P14-C003",60,20,391,0.3,"informative","strong","exact_knot",9,25,0.993656047428752,0,1,0.0669999999999984
