"method_id","target_id","point_estimate","truth","bias","lower","upper","center","interval_length","se_equivalent","cover","defined_draws","total_draws","invalid_fraction","status","cell_id","replication","G","N","latent_icc","size_mechanism","strength","regularity","minimum_cluster_size","maximum_cluster_size","size_effect_correlation","sample_minimum_internal_cdf_gap","sample_exact_knot_count","replication_elapsed_seconds"
"V4-PRI-TWO-STAGE-HBB-RESP-v1","V4-TARGET-RESPONDENT-WEIGHTED-v1",0.12022805422665,0.116036133120185,0.00419192110646542,0.0524327178602961,0.190325167920766,0.121378942890531,0.13789245006047,0.0341698482481355,TRUE,199,199,0,"OK","P14-C005",1,20,347,0.17,"informative","weak","exact_knot",8,28,0.984183146915,0.0028818443804034,0,0.0620000000000012
"V4-SENS-TWO-STAGE-HBB-CLUSTER-v1","V4-TARGET-EQUAL-CLUSTER-v1",0.110829808830714,0.117439750744257,-0.00660994191354267,0.0407185558314655,0.177523620185904,0.109121088008685,0.136805064354438,0.0338989168368916,TRUE,199,199,0,"OK","P14-C005",1,20,347,0.17,"informative","weak","exact_knot",8,28,0.984183146915,0.0028818443804034,0,0.0620000000000012
"V4-CMP-ONE-STAGE-CLUSTER-BB-RESP-v1","V4-TARGET-RESPONDENT-WEIGHTED-v1",0.12022805422665,0.116036133120185,0.00419192110646542,0.073132554387469,0.157987400646826,0.115559977517147,0.0848548462593567,0.0205368268671428,TRUE,199,199,0,"OK","P14-C005",1,20,347,0.17,"informative","weak","exact_knot",8,28,0.984183146915,0.0028818443804034,0,0.0620000000000012
"V4-CMP-IID-RESP-BB-v1","WORKING-INDEPENDENCE-RESPONDENT",0.12022805422665,0.116036133120185,0.00419192110646542,0.0782258126919478,0.16178945485241,0.120007633772179,0.0835636421604619,0.0212835359074578,TRUE,199,199,0,"OK","P14-C005",1,20,347,0.17,"informative","weak","exact_knot",8,28,0.984183146915,0.0028818443804034,0,0.0620000000000012
"V4-CMP-TWO-STAGE-FREQ-BOOT-RESP-v1","V4-TARGET-RESPONDENT-WEIGHTED-v1",0.12022805422665,0.116036133120185,0.00419192110646542,0.0511148160065493,0.184318407799581,0.117716611903065,0.133203591793032,0.0322180747874227,TRUE,199,199,0,"OK","P14-C005",1,20,347,0.17,"informative","weak","exact_knot",8,28,0.984183146915,0.0028818443804034,0,0.0620000000000012
"V4-CMP-MOKKEN-TWOLEVEL-DELTA-v1","V4-TARGET-RESPONDENT-WEIGHTED-v1",0.120228054226644,0.116036133120185,0.0041919211064587,0.0667594444951447,0.173696663958143,0.120228054226644,0.106937219462998,0.0272804042080633,TRUE,,,0,"OK","P14-C005",1,20,347,0.17,"informative","weak","exact_knot",8,28,0.984183146915,0.0028818443804034,0,0.0620000000000012
"V4-PRI-TWO-STAGE-HBB-RESP-v1","V4-TARGET-RESPONDENT-WEIGHTED-v1",0.0981729440145511,0.116036133120185,-0.0178631891056339,0.0270792968395127,0.181606597811515,0.104342947325514,0.154527300972002,0.0398724401312944,TRUE,199,199,0,"OK","P14-C005",2,20,257,0.17,"informative","weak","exact_knot",6,22,0.98435226909345,0,2,0.0539999999999985
"V4-SENS-TWO-STAGE-HBB-CLUSTER-v1","V4-TARGET-EQUAL-CLUSTER-v1",0.107816643547728,0.117439750744257,-0.00962310719652851,0.0361022801412216,0.242796603029722,0.139449441585472,0.2066943228885,0.0489107016341372,TRUE,199,199,0,"OK","P14-C005",2,20,257,0.17,"informative","weak","exact_knot",6,22,0.98435226909345,0,2,0.0539999999999985
"V4-CMP-ONE-STAGE-CLUSTER-BB-RESP-v1","V4-TARGET-RESPONDENT-WEIGHTED-v1",0.0981729440145511,0.116036133120185,-0.0178631891056339,0.0499735030849938,0.156273984659498,0.103123743872246,0.106300481574504,0.0272735939666183,TRUE,199,199,0,"OK","P14-C005",2,20,257,0.17,"informative","weak","exact_knot",6,22,0.98435226909345,0,2,0.0539999999999985
"V4-CMP-IID-RESP-BB-v1","WORKING-INDEPENDENCE-RESPONDENT",0.0981729440145511,0.116036133120185,-0.0178631891056339,0.0524555900115642,0.158374136213834,0.105414863112699,0.10591854620227,0.0268873459150503,TRUE,199,199,0,"OK","P14-C005",2,20,257,0.17,"informative","weak","exact_knot",6,22,0.98435226909345,0,2,0.0539999999999985
"V4-CMP-TWO-STAGE-FREQ-BOOT-RESP-v1","V4-TARGET-RESPONDENT-WEIGHTED-v1",0.0981729440145511,0.116036133120185,-0.0178631891056339,0.0357952998914364,0.165586088666166,0.100690694278801,0.129790788774729,0.0337503255736913,TRUE,199,199,0,"OK","P14-C005",2,20,257,0.17,"informative","weak","exact_knot",6,22,0.98435226909345,0,2,0.0539999999999985
"V4-CMP-MOKKEN-TWOLEVEL-DELTA-v1","V4-TARGET-RESPONDENT-WEIGHTED-v1",0.0981729440145481,0.116036133120185,-0.0178631891056369,0.0325931463992764,0.16375274162982,0.0981729440145481,0.131159595230543,0.033459695245707,TRUE,,,0,"OK","P14-C005",2,20,257,0.17,"informative","weak","exact_knot",6,22,0.98435226909345,0,2,0.0539999999999985
"V4-PRI-TWO-STAGE-HBB-RESP-v1","V4-TARGET-RESPONDENT-WEIGHTED-v1",0.121098880182713,0.116036133120185,0.00506274706252825,0.0525890090021764,0.203163309570945,0.127876159286561,0.150574300568769,0.035817422175044,TRUE,199,199,0,"OK","P14-C005",3,20,368,0.17,"informative","weak","exact_knot",7,24,0.988440431034025,0.00271739130434784,0,0.0640000000000001
"V4-SENS-TWO-STAGE-HBB-CLUSTER-v1","V4-TARGET-EQUAL-CLUSTER-v1",0.128357047845912,0.117439750744257,0.0109172971016552,0.0487826745364208,0.217566249630739,0.13317446208358,0.168783575094319,0.0416263624582545,TRUE,199,199,0,"OK","P14-C005",3,20,368,0.17,"informative","weak","exact_knot",7,24,0.988440431034025,0.00271739130434784,0,0.0640000000000001
"V4-CMP-ONE-STAGE-CLUSTER-BB-RESP-v1","V4-TARGET-RESPONDENT-WEIGHTED-v1",0.121098880182713,0.116036133120185,0.00506274706252825,0.078416029301169,0.167242757970808,0.122829393635989,0.0888267286696392,0.0224830847551719,TRUE,199,199,0,"OK","P14-C005",3,20,368,0.17,"informative","weak","exact_knot",7,24,0.988440431034025,0.00271739130434784,0,0.0640000000000001
"V4-CMP-IID-RESP-BB-v1","WORKING-INDEPENDENCE-RESPONDENT",0.121098880182713,0.116036133120185,0.00506274706252825,0.0794459701850896,0.170336408406949,0.124891189296019,0.0908904382218591,0.021612606306726,TRUE,199,199,0,"OK","P14-C005",3,20,368,0.17,"informative","weak","exact_knot",7,24,0.988440431034025,0.00271739130434784,0,0.0640000000000001
"V4-CMP-TWO-STAGE-FREQ-BOOT-RESP-v1","V4-TARGET-RESPONDENT-WEIGHTED-v1",0.121098880182713,0.116036133120185,0.00506274706252825,0.0531433015291195,0.189247741581952,0.121195521555536,0.136104440052833,0.0329264893210104,TRUE,199,199,0,"OK","P14-C005",3,20,368,0.17,"informative","weak","exact_knot",7,24,0.988440431034025,0.00271739130434784,0,0.0640000000000001
"V4-CMP-MOKKEN-TWOLEVEL-DELTA-v1","V4-TARGET-RESPONDENT-WEIGHTED-v1",0.121098880182724,0.116036133120185,0.00506274706253861,0.0624333943661802,0.179764365999267,0.121098880182724,0.117330971633087,0.0299319203206229,TRUE,,,0,"OK","P14-C005",3,20,368,0.17,"informative","weak","exact_knot",7,24,0.988440431034025,0.00271739130434784,0,0.0640000000000001
"V4-PRI-TWO-STAGE-HBB-RESP-v1","V4-TARGET-RESPONDENT-WEIGHTED-v1",0.166604828499334,0.116036133120185,0.0505686953791486,0.0923602393418345,0.247687412546975,0.170023825944405,0.15532717320514,0.0394166122727166,TRUE,199,199,0,"OK","P14-C005",4,20,326,0.17,"informative","weak","exact_knot",6,26,0.99200997795675,0,1,0.0579999999999998
"V4-SENS-TWO-STAGE-HBB-CLUSTER-v1","V4-TARGET-EQUAL-CLUSTER-v1",0.181654174002387,0.117439750744257,0.0642144232581304,0.106469513506698,0.267260861984271,0.186865187745485,0.160791348477573,0.0404389000249872,TRUE,199,199,0,"OK","P14-C005",4,20,326,0.17,"informative","weak","exact_knot",6,26,0.99200997795675,0,1,0.0579999999999998
"V4-CMP-ONE-STAGE-CLUSTER-BB-RESP-v1","V4-TARGET-RESPONDENT-WEIGHTED-v1",0.166604828499334,0.116036133120185,0.0505686953791486,0.115494920103199,0.227313674999513,0.171404297551356,0.111818754896315,0.0254539294992808,TRUE,199,199,0,"OK","P14-C005",4,20,326,0.17,"informative","weak","exact_knot",6,26,0.99200997795675,0,1,0.0579999999999998
"V4-CMP-IID-RESP-BB-v1","WORKING-INDEPENDENCE-RESPONDENT",0.166604828499334,0.116036133120185,0.0505686953791486,0.123802317186151,0.228095274669912,0.175948795928032,0.104292957483761,0.0239030189743095,FALSE,199,199,0,"OK","P14-C005",4,20,326,0.17,"informative","weak","exact_knot",6,26,0.99200997795675,0,1,0.0579999999999998
"V4-CMP-TWO-STAGE-FREQ-BOOT-RESP-v1","V4-TARGET-RESPONDENT-WEIGHTED-v1",0.166604828499334,0.116036133120185,0.0505686953791486,0.10855309570213,0.240462075669736,0.174507585685933,0.131908979967605,0.0348964029706017,TRUE,199,199,0,"OK","P14-C005",4,20,326,0.17,"informative","weak","exact_knot",6,26,0.99200997795675,0,1,0.0579999999999998
"V4-CMP-MOKKEN-TWOLEVEL-DELTA-v1","V4-TARGET-RESPONDENT-WEIGHTED-v1",0.166604828499342,0.116036133120185,0.0505686953791565,0.108521333351849,0.224688323646834,0.166604828499342,0.116166990294984,0.0296349808494683,TRUE,,,0,"OK","P14-C005",4,20,326,0.17,"informative","weak","exact_knot",6,26,0.99200997795675,0,1,0.0579999999999998
"V4-PRI-TWO-STAGE-HBB-RESP-v1","V4-TARGET-RESPONDENT-WEIGHTED-v1",0.0805393825181206,0.116036133120185,-0.0354967506020644,0.0231357929653996,0.155447185022821,0.0892914889941102,0.132311392057421,0.0347687458493966,TRUE,199,199,0,"OK","P14-C005",5,20,355,0.17,"informative","weak","exact_knot",11,24,0.996465541657226,0,2,0.0630000000000024
"V4-SENS-TWO-STAGE-HBB-CLUSTER-v1","V4-TARGET-EQUAL-CLUSTER-v1",0.0913389701436719,0.117439750744257,-0.0261007806005851,0.0390650936580224,0.163811496807552,0.101438295232787,0.12474640314953,0.031440095378793,TRUE,199,199,0,"OK","P14-C005",5,20,355,0.17,"informative","weak","exact_knot",11,24,0.996465541657226,0,2,0.0630000000000024
"V4-CMP-ONE-STAGE-CLUSTER-BB-RESP-v1","V4-TARGET-RESPONDENT-WEIGHTED-v1",0.0805393825181206,0.116036133120185,-0.0354967506020644,0.0438527463500329,0.116695211232929,0.0802739787914808,0.0728424648828959,0.018703646054712,TRUE,199,199,0,"OK","P14-C005",5,20,355,0.17,"informative","weak","exact_knot",11,24,0.996465541657226,0,2,0.0630000000000024
"V4-CMP-IID-RESP-BB-v1","WORKING-INDEPENDENCE-RESPONDENT",0.0805393825181206,0.116036133120185,-0.0354967506020644,0.0467778585495572,0.125735778631327,0.0862568185904418,0.0789579200817694,0.0210977744384737,TRUE,199,199,0,"OK","P14-C005",5,20,355,0.17,"informative","weak","exact_knot",11,24,0.996465541657226,0,2,0.0630000000000024
"V4-CMP-TWO-STAGE-FREQ-BOOT-RESP-v1","V4-TARGET-RESPONDENT-WEIGHTED-v1",0.0805393825181206,0.116036133120185,-0.0354967506020644,0.0283774178407253,0.133816474126299,0.0810969459835122,0.105439056285574,0.0275386464267733,TRUE,199,199,0,"OK","P14-C005",5,20,355,0.17,"informative","weak","exact_knot",11,24,0.996465541657226,0,2,0.0630000000000024
"V4-CMP-MOKKEN-TWOLEVEL-DELTA-v1","V4-TARGET-RESPONDENT-WEIGHTED-v1",0.0805393825181188,0.116036133120185,-0.0354967506020663,0.0273320084753509,0.133746756560887,0.0805393825181188,0.106414748085536,0.0271471182442437,TRUE,,,0,"OK","P14-C005",5,20,355,0.17,"informative","weak","exact_knot",11,24,0.996465541657226,0,2,0.0630000000000024
"V4-PRI-TWO-STAGE-HBB-RESP-v1","V4-TARGET-RESPONDENT-WEIGHTED-v1",0.108410082910427,0.116036133120185,-0.00762605020975779,0.0462203805859276,0.183467480059882,0.114843930322905,0.137247099473955,0.0331733350032128,TRUE,199,199,0,"OK","P14-C005",6,20,338,0.17,"informative","weak","exact_knot",7,25,0.994800699511776,0.00295857988165682,0,0.0599999999999987
"V4-SENS-TWO-STAGE-HBB-CLUSTER-v1","V4-TARGET-EQUAL-CLUSTER-v1",0.0948983387139501,0.117439750744257,-0.0225414120303068,0.0170969545389983,0.163918821163784,0.0905078878513911,0.146821866624785,0.0357699150872393,TRUE,199,199,0,"OK","P14-C005",6,20,338,0.17,"informative","weak","exact_knot",7,25,0.994800699511776,0.00295857988165682,0,0.0599999999999987
"V4-CMP-ONE-STAGE-CLUSTER-BB-RESP-v1","V4-TARGET-RESPONDENT-WEIGHTED-v1",0.108410082910427,0.116036133120185,-0.00762605020975779,0.0703562949076641,0.14112580807389,0.105741051490777,0.0707695131662258,0.0168937932741671,TRUE,199,199,0,"OK","P14-C005",6,20,338,0.17,"informative","weak","exact_knot",7,25,0.994800699511776,0.00295857988165682,0,0.0599999999999987
"V4-CMP-IID-RESP-BB-v1","WORKING-INDEPENDENCE-RESPONDENT",0.108410082910427,0.116036133120185,-0.00762605020975779,0.0663829054490799,0.153766349525412,0.110074627487246,0.0873834440763318,0.0236101337822519,TRUE,199,199,0,"OK","P14-C005",6,20,338,0.17,"informative","weak","exact_knot",7,25,0.994800699511776,0.00295857988165682,0,0.0599999999999987
"V4-CMP-TWO-STAGE-FREQ-BOOT-RESP-v1","V4-TARGET-RESPONDENT-WEIGHTED-v1",0.108410082910427,0.116036133120185,-0.00762605020975779,0.0494612393549828,0.169590929851896,0.10952608460344,0.120129690496914,0.0307148007803243,TRUE,199,199,0,"OK","P14-C005",6,20,338,0.17,"informative","weak","exact_knot",7,25,0.994800699511776,0.00295857988165682,0,0.0599999999999987
"V4-CMP-MOKKEN-TWOLEVEL-DELTA-v1","V4-TARGET-RESPONDENT-WEIGHTED-v1",0.108410082910427,0.116036133120185,-0.00762605020975816,0.0588280269417185,0.157992138879135,0.108410082910427,0.0991641119374168,0.0252974321772264,TRUE,,,0,"OK","P14-C005",6,20,338,0.17,"informative","weak","exact_knot",7,25,0.994800699511776,0.00295857988165682,0,0.0599999999999987
"V4-PRI-TWO-STAGE-HBB-RESP-v1","V4-TARGET-RESPONDENT-WEIGHTED-v1",0.100347123424128,0.116036133120185,-0.0156890096960569,0.0324550907645864,0.168785722578533,0.10062040667156,0.136330631813947,0.0347022224992146,TRUE,199,199,0,"OK","P14-C005",7,20,331,0.17,"informative","weak","exact_knot",7,28,0.991381234411501,0,1,0.059000000000001
"V4-SENS-TWO-STAGE-HBB-CLUSTER-v1","V4-TARGET-EQUAL-CLUSTER-v1",0.0954966522945903,0.117439750744257,-0.0219430984496666,0.0313407889529575,0.178760110309709,0.105050449631333,0.147419321356751,0.0352313070026777,TRUE,199,199,0,"OK","P14-C005",7,20,331,0.17,"informative","weak","exact_knot",7,28,0.991381234411501,0,1,0.059000000000001
"V4-CMP-ONE-STAGE-CLUSTER-BB-RESP-v1","V4-TARGET-RESPONDENT-WEIGHTED-v1",0.100347123424128,0.116036133120185,-0.0156890096960569,0.0636650701277951,0.135755937122271,0.0997105036250331,0.072090866994476,0.0181723662283702,TRUE,199,199,0,"OK","P14-C005",7,20,331,0.17,"informative","weak","exact_knot",7,28,0.991381234411501,0,1,0.059000000000001
"V4-CMP-IID-RESP-BB-v1","WORKING-INDEPENDENCE-RESPONDENT",0.100347123424128,0.116036133120185,-0.0156890096960569,0.0672281095387278,0.14957301659371,0.108400563066219,0.0823449070549827,0.0206952506597806,TRUE,199,199,0,"OK","P14-C005",7,20,331,0.17,"informative","weak","exact_knot",7,28,0.991381234411501,0,1,0.059000000000001
"V4-CMP-TWO-STAGE-FREQ-BOOT-RESP-v1","V4-TARGET-RESPONDENT-WEIGHTED-v1",0.100347123424128,0.116036133120185,-0.0156890096960569,0.042118144841581,0.165220197842391,0.103669171341986,0.12310205300081,0.0302079970616536,TRUE,199,199,0,"OK","P14-C005",7,20,331,0.17,"informative","weak","exact_knot",7,28,0.991381234411501,0,1,0.059000000000001
"V4-CMP-MOKKEN-TWOLEVEL-DELTA-v1","V4-TARGET-RESPONDENT-WEIGHTED-v1",0.10034712342414,0.116036133120185,-0.0156890096960446,0.0483345003499748,0.152359746498306,0.10034712342414,0.104025246148331,0.0265375402223891,TRUE,,,0,"OK","P14-C005",7,20,331,0.17,"informative","weak","exact_knot",7,28,0.991381234411501,0,1,0.059000000000001
"V4-PRI-TWO-STAGE-HBB-RESP-v1","V4-TARGET-RESPONDENT-WEIGHTED-v1",0.0990304757677468,0.116036133120185,-0.0170056573524383,0.0393420850980366,0.171096396355016,0.105219240726526,0.13175431125698,0.0330452967830522,TRUE,199,199,0,"OK","P14-C005",8,20,358,0.17,"informative","weak","exact_knot",8,25,0.99637955359219,0.0027932960893855,0,0.0749999999999993
"V4-SENS-TWO-STAGE-HBB-CLUSTER-v1","V4-TARGET-EQUAL-CLUSTER-v1",0.10175628582865,0.117439750744257,-0.0156834649156072,0.0428874644353106,0.177293363071422,0.110090413753366,0.134405898636112,0.0365928396754856,TRUE,199,199,0,"OK","P14-C005",8,20,358,0.17,"informative","weak","exact_knot",8,25,0.99637955359219,0.0027932960893855,0,0.0749999999999993
"V4-CMP-ONE-STAGE-CLUSTER-BB-RESP-v1","V4-TARGET-RESPONDENT-WEIGHTED-v1",0.0990304757677468,0.116036133120185,-0.0170056573524383,0.0662252440817436,0.141039916932349,0.103632580507046,0.0748146728506054,0.0189961959339666,TRUE,199,199,0,"OK","P14-C005",8,20,358,0.17,"informative","weak","exact_knot",8,25,0.99637955359219,0.0027932960893855,0,0.0749999999999993
"V4-CMP-IID-RESP-BB-v1","WORKING-INDEPENDENCE-RESPONDENT",0.0990304757677468,0.116036133120185,-0.0170056573524383,0.0546415329767367,0.140776476868902,0.0977090049228194,0.0861349438921653,0.0218306629044417,TRUE,199,199,0,"OK","P14-C005",8,20,358,0.17,"informative","weak","exact_knot",8,25,0.99637955359219,0.0027932960893855,0,0.0749999999999993
"V4-CMP-TWO-STAGE-FREQ-BOOT-RESP-v1","V4-TARGET-RESPONDENT-WEIGHTED-v1",0.0990304757677468,0.116036133120185,-0.0170056573524383,0.0528781767500257,0.169053876055082,0.110966026402554,0.116175699305057,0.0293467742773529,TRUE,199,199,0,"OK","P14-C005",8,20,358,0.17,"informative","weak","exact_knot",8,25,0.99637955359219,0.0027932960893855,0,0.0749999999999993
"V4-CMP-MOKKEN-TWOLEVEL-DELTA-v1","V4-TARGET-RESPONDENT-WEIGHTED-v1",0.0990304757677338,0.116036133120185,-0.0170056573524512,0.0460931108384121,0.151967840697056,0.0990304757677338,0.105874729858643,0.0270093559610712,TRUE,,,0,"OK","P14-C005",8,20,358,0.17,"informative","weak","exact_knot",8,25,0.99637955359219,0.0027932960893855,0,0.0749999999999993
"V4-PRI-TWO-STAGE-HBB-RESP-v1","V4-TARGET-RESPONDENT-WEIGHTED-v1",0.124897665364324,0.116036133120185,0.00886153224413919,0.0561970713149125,0.202910915074389,0.129553993194651,0.146713843759477,0.0359381057687401,TRUE,199,199,0,"OK","P14-C005",9,20,304,0.17,"informative","weak","exact_knot",6,24,0.98874961490123,0,4,0.0689999999999991
"V4-SENS-TWO-STAGE-HBB-CLUSTER-v1","V4-TARGET-EQUAL-CLUSTER-v1",0.132763577841628,0.117439750744257,0.0153238270973706,0.0696916486460698,0.201215614594899,0.135453631620485,0.13152396594883,0.0353106908093187,TRUE,199,199,0,"OK","P14-C005",9,20,304,0.17,"informative","weak","exact_knot",6,24,0.98874961490123,0,4,0.0689999999999991
"V4-CMP-ONE-STAGE-CLUSTER-BB-RESP-v1","V4-TARGET-RESPONDENT-WEIGHTED-v1",0.124897665364324,0.116036133120185,0.00886153224413919,0.0987780899390518,0.152934828779766,0.125856459359409,0.0541567388407139,0.0136769990114978,TRUE,199,199,0,"OK","P14-C005",9,20,304,0.17,"informative","weak","exact_knot",6,24,0.98874961490123,0,4,0.0689999999999991
"V4-CMP-IID-RESP-BB-v1","WORKING-INDEPENDENCE-RESPONDENT",0.124897665364324,0.116036133120185,0.00886153224413919,0.0842421556068015,0.169637428838351,0.126939792222576,0.0853952732315494,0.0232708015867559,TRUE,199,199,0,"OK","P14-C005",9,20,304,0.17,"informative","weak","exact_knot",6,24,0.98874961490123,0,4,0.0689999999999991
"V4-CMP-TWO-STAGE-FREQ-BOOT-RESP-v1","V4-TARGET-RESPONDENT-WEIGHTED-v1",0.124897665364324,0.116036133120185,0.00886153224413919,0.0770194537763153,0.186739637014093,0.131879545395204,0.109720183237778,0.0275886349942697,TRUE,199,199,0,"OK","P14-C005",9,20,304,0.17,"informative","weak","exact_knot",6,24,0.98874961490123,0,4,0.0689999999999991
"V4-CMP-MOKKEN-TWOLEVEL-DELTA-v1","V4-TARGET-RESPONDENT-WEIGHTED-v1",0.124897665364334,0.116036133120185,0.00886153224414941,0.0741331746325573,0.175662156096112,0.124897665364334,0.101528981463554,0.0259007263052796,TRUE,,,0,"OK","P14-C005",9,20,304,0.17,"informative","weak","exact_knot",6,24,0.98874961490123,0,4,0.0689999999999991
"V4-PRI-TWO-STAGE-HBB-RESP-v1","V4-TARGET-RESPONDENT-WEIGHTED-v1",0.103415822445415,0.116036133120185,-0.0126203106747701,0.0442692517343259,0.180707751687901,0.112488501711114,0.136438499953575,0.0353128492094303,TRUE,199,199,0,"OK","P14-C005",10,20,362,0.17,"informative","weak","exact_knot",10,27,0.995264829161242,0,4,0.0640000000000001
"V4-SENS-TWO-STAGE-HBB-CLUSTER-v1","V4-TARGET-EQUAL-CLUSTER-v1",0.105134450026637,0.117439750744257,-0.0123053007176196,0.0386984439363407,0.178353179567822,0.108525811752081,0.139654735631481,0.0361525432506555,TRUE,199,199,0,"OK","P14-C005",10,20,362,0.17,"informative","weak","exact_knot",10,27,0.995264829161242,0,4,0.0640000000000001
"V4-CMP-ONE-STAGE-CLUSTER-BB-RESP-v1","V4-TARGET-RESPONDENT-WEIGHTED-v1",0.103415822445415,0.116036133120185,-0.0126203106747701,0.056761061366216,0.14755047652494,0.102155768945578,0.0907894151587243,0.0223177493179865,TRUE,199,199,0,"OK","P14-C005",10,20,362,0.17,"informative","weak","exact_knot",10,27,0.995264829161242,0,4,0.0640000000000001
"V4-CMP-IID-RESP-BB-v1","WORKING-INDEPENDENCE-RESPONDENT",0.103415822445415,0.116036133120185,-0.0126203106747701,0.0589281517119784,0.151688856086532,0.105308503899255,0.0927607043745535,0.0224221532412369,TRUE,199,199,0,"OK","P14-C005",10,20,362,0.17,"informative","weak","exact_knot",10,27,0.995264829161242,0,4,0.0640000000000001
"V4-CMP-TWO-STAGE-FREQ-BOOT-RESP-v1","V4-TARGET-RESPONDENT-WEIGHTED-v1",0.103415822445415,0.116036133120185,-0.0126203106747701,0.050453325097329,0.166576913222659,0.108515119159994,0.11612358812533,0.0289460767078014,TRUE,199,199,0,"OK","P14-C005",10,20,362,0.17,"informative","weak","exact_knot",10,27,0.995264829161242,0,4,0.0640000000000001
"V4-CMP-MOKKEN-TWOLEVEL-DELTA-v1","V4-TARGET-RESPONDENT-WEIGHTED-v1",0.103415822445408,0.116036133120185,-0.0126203106747772,0.0478027948338209,0.159028850056995,0.103415822445408,0.111226055223174,0.028374515067754,TRUE,,,0,"OK","P14-C005",10,20,362,0.17,"informative","weak","exact_knot",10,27,0.995264829161242,0,4,0.0640000000000001
"V4-PRI-TWO-STAGE-HBB-RESP-v1","V4-TARGET-RESPONDENT-WEIGHTED-v1",0.140162607062591,0.116036133120185,0.024126473942406,0.0776930413571829,0.221949975035274,0.149821508196229,0.144256933678091,0.035424782357337,TRUE,199,199,0,"OK","P14-C005",11,20,384,0.17,"informative","weak","exact_knot",10,27,0.990108920792859,0.00260416666666663,0,0.0629999999999988
"V4-SENS-TWO-STAGE-HBB-CLUSTER-v1","V4-TARGET-EQUAL-CLUSTER-v1",0.134651521435935,0.117439750744257,0.0172117706916781,0.0781217260906458,0.211716625467909,0.144919175779277,0.133594899377263,0.0353376866174663,TRUE,199,199,0,"OK","P14-C005",11,20,384,0.17,"informative","weak","exact_knot",10,27,0.990108920792859,0.00260416666666663,0,0.0629999999999988
"V4-CMP-ONE-STAGE-CLUSTER-BB-RESP-v1","V4-TARGET-RESPONDENT-WEIGHTED-v1",0.140162607062591,0.116036133120185,0.024126473942406,0.0955339747194382,0.17952450999682,0.137529242358129,0.0839905352773822,0.0219732878543307,TRUE,199,199,0,"OK","P14-C005",11,20,384,0.17,"informative","weak","exact_knot",10,27,0.990108920792859,0.00260416666666663,0,0.0629999999999988
"V4-CMP-IID-RESP-BB-v1","WORKING-INDEPENDENCE-RESPONDENT",0.140162607062591,0.116036133120185,0.024126473942406,0.102036718534794,0.184803592540232,0.143420155537513,0.0827668740054381,0.0205227495442994,TRUE,199,199,0,"OK","P14-C005",11,20,384,0.17,"informative","weak","exact_knot",10,27,0.990108920792859,0.00260416666666663,0,0.0629999999999988
"V4-CMP-TWO-STAGE-FREQ-BOOT-RESP-v1","V4-TARGET-RESPONDENT-WEIGHTED-v1",0.140162607062591,0.116036133120185,0.024126473942406,0.0791097490625787,0.208222883049204,0.143666316055892,0.129113133986626,0.0323144195959903,TRUE,199,199,0,"OK","P14-C005",11,20,384,0.17,"informative","weak","exact_knot",10,27,0.990108920792859,0.00260416666666663,0,0.0629999999999988
"V4-CMP-MOKKEN-TWOLEVEL-DELTA-v1","V4-TARGET-RESPONDENT-WEIGHTED-v1",0.140162607062598,0.116036133120185,0.0241264739424127,0.0844605954062954,0.1958646187189,0.140162607062598,0.111404023312605,0.0284199159248194,TRUE,,,0,"OK","P14-C005",11,20,384,0.17,"informative","weak","exact_knot",10,27,0.990108920792859,0.00260416666666663,0,0.0629999999999988
"V4-PRI-TWO-STAGE-HBB-RESP-v1","V4-TARGET-RESPONDENT-WEIGHTED-v1",0.172179844874943,0.116036133120185,0.0561437117547581,0.0905905590559519,0.266024621455508,0.17830759025573,0.175434062399556,0.0439386473851486,TRUE,199,199,0,"OK","P14-C005",12,20,307,0.17,"informative","weak","exact_knot",6,27,0.984920731619025,0,2,0.059000000000001
"V4-SENS-TWO-STAGE-HBB-CLUSTER-v1","V4-TARGET-EQUAL-CLUSTER-v1",0.169991102552192,0.117439750744257,0.0525513518079347,0.10373505527806,0.261218741506508,0.182476898392284,0.157483686228448,0.0395015717241756,TRUE,199,199,0,"OK","P14-C005",12,20,307,0.17,"informative","weak","exact_knot",6,27,0.984920731619025,0,2,0.059000000000001
"V4-CMP-ONE-STAGE-CLUSTER-BB-RESP-v1","V4-TARGET-RESPONDENT-WEIGHTED-v1",0.172179844874943,0.116036133120185,0.0561437117547581,0.125657700070262,0.219433841254147,0.172545770662205,0.0937761411838856,0.0230332687544588,FALSE,199,199,0,"OK","P14-C005",12,20,307,0.17,"informative","weak","exact_knot",6,27,0.984920731619025,0,2,0.059000000000001
"V4-CMP-IID-RESP-BB-v1","WORKING-INDEPENDENCE-RESPONDENT",0.172179844874943,0.116036133120185,0.0561437117547581,0.124562153336591,0.224710170552731,0.174636161944661,0.10014801721614,0.0248811302513389,FALSE,199,199,0,"OK","P14-C005",12,20,307,0.17,"informative","weak","exact_knot",6,27,0.984920731619025,0,2,0.059000000000001
"V4-CMP-TWO-STAGE-FREQ-BOOT-RESP-v1","V4-TARGET-RESPONDENT-WEIGHTED-v1",0.172179844874943,0.116036133120185,0.0561437117547581,0.111508123168708,0.238638408141448,0.175073265655078,0.12713028497274,0.0319441786690693,TRUE,199,199,0,"OK","P14-C005",12,20,307,0.17,"informative","weak","exact_knot",6,27,0.984920731619025,0,2,0.059000000000001
"V4-CMP-MOKKEN-TWOLEVEL-DELTA-v1","V4-TARGET-RESPONDENT-WEIGHTED-v1",0.172179844874943,0.116036133120185,0.056143711754758,0.11208013350908,0.232279556240806,0.172179844874943,0.120199422731725,0.0306636814961507,TRUE,,,0,"OK","P14-C005",12,20,307,0.17,"informative","weak","exact_knot",6,27,0.984920731619025,0,2,0.059000000000001
"V4-PRI-TWO-STAGE-HBB-RESP-v1","V4-TARGET-RESPONDENT-WEIGHTED-v1",0.11102891171855,0.116036133120185,-0.0050072214016355,0.0520514787119744,0.175650068259515,0.113850773485745,0.123598589547541,0.0325852736079588,TRUE,199,199,0,"OK","P14-C005",13,20,379,0.17,"informative","weak","exact_knot",9,27,0.983582315849575,0,1,0.0650000000000013
"V4-SENS-TWO-STAGE-HBB-CLUSTER-v1","V4-TARGET-EQUAL-CLUSTER-v1",0.113111460128309,0.117439750744257,-0.00432829061594804,0.0433784442448199,0.192906230305167,0.118142337274993,0.149527786060347,0.0378070795172424,TRUE,199,199,0,"OK","P14-C005",13,20,379,0.17,"informative","weak","exact_knot",9,27,0.983582315849575,0,1,0.0650000000000013
"V4-CMP-ONE-STAGE-CLUSTER-BB-RESP-v1","V4-TARGET-RESPONDENT-WEIGHTED-v1",0.11102891171855,0.116036133120185,-0.0050072214016355,0.078896086095705,0.142374557822444,0.110635321959074,0.0634784717267387,0.017944481980633,TRUE,199,199,0,"OK","P14-C005",13,20,379,0.17,"informative","weak","exact_knot",9,27,0.983582315849575,0,1,0.0650000000000013
"V4-CMP-IID-RESP-BB-v1","WORKING-INDEPENDENCE-RESPONDENT",0.11102891171855,0.116036133120185,-0.0050072214016355,0.0673557194464142,0.145605986320618,0.106480852883516,0.078250266874204,0.0210030237287134,TRUE,199,199,0,"OK","P14-C005",13,20,379,0.17,"informative","weak","exact_knot",9,27,0.983582315849575,0,1,0.0650000000000013
"V4-CMP-TWO-STAGE-FREQ-BOOT-RESP-v1","V4-TARGET-RESPONDENT-WEIGHTED-v1",0.11102891171855,0.116036133120185,-0.0050072214016355,0.0507822406925526,0.158779932910931,0.104781086801742,0.107997692218379,0.0274004869992862,TRUE,199,199,0,"OK","P14-C005",13,20,379,0.17,"informative","weak","exact_knot",9,27,0.983582315849575,0,1,0.0650000000000013
"V4-CMP-MOKKEN-TWOLEVEL-DELTA-v1","V4-TARGET-RESPONDENT-WEIGHTED-v1",0.111028911718542,0.116036133120185,-0.00500722140164324,0.0584772078038894,0.163580615633194,0.111028911718542,0.105103407829305,0.0268125865215757,TRUE,,,0,"OK","P14-C005",13,20,379,0.17,"informative","weak","exact_knot",9,27,0.983582315849575,0,1,0.0650000000000013
"V4-PRI-TWO-STAGE-HBB-RESP-v1","V4-TARGET-RESPONDENT-WEIGHTED-v1",0.117803737954649,0.116036133120185,0.00176760483446385,0.0445467074278974,0.202398157286671,0.123472432357284,0.157851449858773,0.0406941763771168,TRUE,199,199,0,"OK","P14-C005",14,20,361,0.17,"informative","weak","exact_knot",8,26,0.994629882577538,0,1,0.0629999999999988
"V4-SENS-TWO-STAGE-HBB-CLUSTER-v1","V4-TARGET-EQUAL-CLUSTER-v1",0.122849534660781,0.117439750744257,0.00540978391652409,0.0607237065548923,0.211386314165735,0.136055010360313,0.150662607610842,0.0382775705302077,TRUE,199,199,0,"OK","P14-C005",14,20,361,0.17,"informative","weak","exact_knot",8,26,0.994629882577538,0,1,0.0629999999999988
"V4-CMP-ONE-STAGE-CLUSTER-BB-RESP-v1","V4-TARGET-RESPONDENT-WEIGHTED-v1",0.117803737954649,0.116036133120185,0.00176760483446385,0.0669124455960137,0.172863019508463,0.119887732552239,0.10595057391245,0.0259110996633263,TRUE,199,199,0,"OK","P14-C005",14,20,361,0.17,"informative","weak","exact_knot",8,26,0.994629882577538,0,1,0.0629999999999988
"V4-CMP-IID-RESP-BB-v1","WORKING-INDEPENDENCE-RESPONDENT",0.117803737954649,0.116036133120185,0.00176760483446385,0.0740197406335939,0.172438562710893,0.123229151672243,0.0984188220772989,0.0241225584223136,TRUE,199,199,0,"OK","P14-C005",14,20,361,0.17,"informative","weak","exact_knot",8,26,0.994629882577538,0,1,0.0629999999999988
"V4-CMP-TWO-STAGE-FREQ-BOOT-RESP-v1","V4-TARGET-RESPONDENT-WEIGHTED-v1",0.117803737954649,0.116036133120185,0.00176760483446385,0.0436165844764142,0.186371897572846,0.11499424102463,0.142755313096432,0.0347519163458788,TRUE,199,199,0,"OK","P14-C005",14,20,361,0.17,"informative","weak","exact_knot",8,26,0.994629882577538,0,1,0.0629999999999988
"V4-CMP-MOKKEN-TWOLEVEL-DELTA-v1","V4-TARGET-RESPONDENT-WEIGHTED-v1",0.117803737954658,0.116036133120185,0.00176760483447279,0.0521552870605902,0.183452188848725,0.117803737954658,0.131296901788135,0.0334947230724107,TRUE,,,0,"OK","P14-C005",14,20,361,0.17,"informative","weak","exact_knot",8,26,0.994629882577538,0,1,0.0629999999999988
"V4-PRI-TWO-STAGE-HBB-RESP-v1","V4-TARGET-RESPONDENT-WEIGHTED-v1",0.107209072831989,0.116036133120185,-0.00882706028819587,0.0434921821630622,0.175449184718736,0.109470683440899,0.131957002555674,0.0350299190093265,TRUE,199,199,0,"OK","P14-C005",15,20,347,0.17,"informative","weak","exact_knot",10,26,0.994233360188204,0.00288184438040345,0,0.0600000000000023
"V4-SENS-TWO-STAGE-HBB-CLUSTER-v1","V4-TARGET-EQUAL-CLUSTER-v1",0.108462344447075,0.117439750744257,-0.00897740629718197,0.0362157010293476,0.182397661065148,0.109306681047248,0.1461819600358,0.038008417896434,TRUE,199,199,0,"OK","P14-C005",15,20,347,0.17,"informative","weak","exact_knot",10,26,0.994233360188204,0.00288184438040345,0,0.0600000000000023
"V4-CMP-ONE-STAGE-CLUSTER-BB-RESP-v1","V4-TARGET-RESPONDENT-WEIGHTED-v1",0.107209072831989,0.116036133120185,-0.00882706028819587,0.0707811110896454,0.157222678293203,0.114001894691424,0.0864415672035572,0.0209617482395338,TRUE,199,199,0,"OK","P14-C005",15,20,347,0.17,"informative","weak","exact_knot",10,26,0.994233360188204,0.00288184438040345,0,0.0600000000000023
"V4-CMP-IID-RESP-BB-v1","WORKING-INDEPENDENCE-RESPONDENT",0.107209072831989,0.116036133120185,-0.00882706028819587,0.0611038127205764,0.148911996650192,0.105007904685384,0.0878081839296151,0.0229737809907446,TRUE,199,199,0,"OK","P14-C005",15,20,347,0.17,"informative","weak","exact_knot",10,26,0.994233360188204,0.00288184438040345,0,0.0600000000000023
"V4-CMP-TWO-STAGE-FREQ-BOOT-RESP-v1","V4-TARGET-RESPONDENT-WEIGHTED-v1",0.107209072831989,0.116036133120185,-0.00882706028819587,0.0410122169296031,0.176652569998469,0.108832393464036,0.135640353068866,0.0339154241987173,TRUE,199,199,0,"OK","P14-C005",15,20,347,0.17,"informative","weak","exact_knot",10,26,0.994233360188204,0.00288184438040345,0,0.0600000000000023
"V4-CMP-MOKKEN-TWOLEVEL-DELTA-v1","V4-TARGET-RESPONDENT-WEIGHTED-v1",0.10720907283198,0.116036133120185,-0.00882706028820503,0.0490510662147689,0.165367079449191,0.10720907283198,0.116316013234422,0.0296729976040142,TRUE,,,0,"OK","P14-C005",15,20,347,0.17,"informative","weak","exact_knot",10,26,0.994233360188204,0.00288184438040345,0,0.0600000000000023
"V4-PRI-TWO-STAGE-HBB-RESP-v1","V4-TARGET-RESPONDENT-WEIGHTED-v1",0.117403567201739,0.116036133120185,0.00136743408155354,0.058821335670551,0.211635809186,0.135228572428275,0.152814473515449,0.0358609063202895,TRUE,199,199,0,"OK","P14-C005",16,20,369,0.17,"informative","weak","exact_knot",8,26,0.994777570616603,0,1,0.075999999999997
"V4-SENS-TWO-STAGE-HBB-CLUSTER-v1","V4-TARGET-EQUAL-CLUSTER-v1",0.125739192005139,0.117439750744257,0.00829944126088222,0.0572678997770347,0.195289202590874,0.126278551183954,0.138021302813839,0.036028414741328,TRUE,199,199,0,"OK","P14-C005",16,20,369,0.17,"informative","weak","exact_knot",8,26,0.994777570616603,0,1,0.075999999999997
"V4-CMP-ONE-STAGE-CLUSTER-BB-RESP-v1","V4-TARGET-RESPONDENT-WEIGHTED-v1",0.117403567201739,0.116036133120185,0.00136743408155354,0.0865564429056236,0.152007592546068,0.119282017725846,0.0654511496404441,0.0158685820629542,TRUE,199,199,0,"OK","P14-C005",16,20,369,0.17,"informative","weak","exact_knot",8,26,0.994777570616603,0,1,0.075999999999997
"V4-CMP-IID-RESP-BB-v1","WORKING-INDEPENDENCE-RESPONDENT",0.117403567201739,0.116036133120185,0.00136743408155354,0.0753077610711657,0.170300014827576,0.122803887949371,0.0949922537564103,0.0217428102887298,TRUE,199,199,0,"OK","P14-C005",16,20,369,0.17,"informative","weak","exact_knot",8,26,0.994777570616603,0,1,0.075999999999997
"V4-CMP-TWO-STAGE-FREQ-BOOT-RESP-v1","V4-TARGET-RESPONDENT-WEIGHTED-v1",0.117403567201739,0.116036133120185,0.00136743408155354,0.0683068361423491,0.180659091226656,0.124482963684503,0.112352255084307,0.0281323523754435,TRUE,199,199,0,"OK","P14-C005",16,20,369,0.17,"informative","weak","exact_knot",8,26,0.994777570616603,0,1,0.075999999999997
"V4-CMP-MOKKEN-TWOLEVEL-DELTA-v1","V4-TARGET-RESPONDENT-WEIGHTED-v1",0.11740356720174,0.116036133120185,0.00136743408155525,0.0651539167193736,0.169653217684107,0.11740356720174,0.104499300964733,0.0266584747957132,TRUE,,,0,"OK","P14-C005",16,20,369,0.17,"informative","weak","exact_knot",8,26,0.994777570616603,0,1,0.075999999999997
"V4-PRI-TWO-STAGE-HBB-RESP-v1","V4-TARGET-RESPONDENT-WEIGHTED-v1",0.102270184339462,0.116036133120185,-0.0137659487807229,0.0379766912865821,0.171287557307239,0.104632124296911,0.133310866020657,0.0328504473429895,TRUE,199,199,0,"OK","P14-C005",17,20,351,0.17,"informative","weak","exact_knot",8,25,0.997771051400397,0,1,0.0620000000000012
"V4-SENS-TWO-STAGE-HBB-CLUSTER-v1","V4-TARGET-EQUAL-CLUSTER-v1",0.110449997444322,0.117439750744257,-0.00698975329993488,0.0439561785629609,0.178106862420797,0.111031520491879,0.134150683857836,0.0349804422805834,TRUE,199,199,0,"OK","P14-C005",17,20,351,0.17,"informative","weak","exact_knot",8,25,0.997771051400397,0,1,0.0620000000000012
"V4-CMP-ONE-STAGE-CLUSTER-BB-RESP-v1","V4-TARGET-RESPONDENT-WEIGHTED-v1",0.102270184339462,0.116036133120185,-0.0137659487807229,0.0567168424993545,0.143136710915067,0.0999267767072108,0.0864198684157126,0.0218997746858177,TRUE,199,199,0,"OK","P14-C005",17,20,351,0.17,"informative","weak","exact_knot",8,25,0.997771051400397,0,1,0.0620000000000012
"V4-CMP-IID-RESP-BB-v1","WORKING-INDEPENDENCE-RESPONDENT",0.102270184339462,0.116036133120185,-0.0137659487807229,0.0645083816275488,0.141158443851736,0.102833412739642,0.0766500622241873,0.0204609932146068,TRUE,199,199,0,"OK","P14-C005",17,20,351,0.17,"informative","weak","exact_knot",8,25,0.997771051400397,0,1,0.0620000000000012
"V4-CMP-TWO-STAGE-FREQ-BOOT-RESP-v1","V4-TARGET-RESPONDENT-WEIGHTED-v1",0.102270184339462,0.116036133120185,-0.0137659487807229,0.050545617676279,0.165030037563686,0.107787827619982,0.114484419887407,0.0298724529999189,TRUE,199,199,0,"OK","P14-C005",17,20,351,0.17,"informative","weak","exact_knot",8,25,0.997771051400397,0,1,0.0620000000000012
"V4-CMP-MOKKEN-TWOLEVEL-DELTA-v1","V4-TARGET-RESPONDENT-WEIGHTED-v1",0.10227018433947,0.116036133120185,-0.0137659487807147,0.0481676965511478,0.156372672127793,0.10227018433947,0.108204975576645,0.0276038173227039,TRUE,,,0,"OK","P14-C005",17,20,351,0.17,"informative","weak","exact_knot",8,25,0.997771051400397,0,1,0.0620000000000012
"V4-PRI-TWO-STAGE-HBB-RESP-v1","V4-TARGET-RESPONDENT-WEIGHTED-v1",0.0822518543702896,0.116036133120185,-0.0337842787498954,0.0138971856256333,0.142111472009581,0.078004328817607,0.128214286383947,0.031912262062391,TRUE,199,199,0,"OK","P14-C005",18,20,327,0.17,"informative","weak","exact_knot",8,25,0.993582453679253,0,4,0.059000000000001
"V4-SENS-TWO-STAGE-HBB-CLUSTER-v1","V4-TARGET-EQUAL-CLUSTER-v1",0.0737038464254745,0.117439750744257,-0.0437359043187824,0.0147966312825994,0.151391884301174,0.0830942577918865,0.136595253018574,0.034160532929861,TRUE,199,199,0,"OK","P14-C005",18,20,327,0.17,"informative","weak","exact_knot",8,25,0.993582453679253,0,4,0.059000000000001
"V4-CMP-ONE-STAGE-CLUSTER-BB-RESP-v1","V4-TARGET-RESPONDENT-WEIGHTED-v1",0.0822518543702896,0.116036133120185,-0.0337842787498954,0.0548164931292984,0.110362360542337,0.0825894268358179,0.055545867413039,0.0146591738052476,FALSE,199,199,0,"OK","P14-C005",18,20,327,0.17,"informative","weak","exact_knot",8,25,0.993582453679253,0,4,0.059000000000001
"V4-CMP-IID-RESP-BB-v1","WORKING-INDEPENDENCE-RESPONDENT",0.0822518543702896,0.116036133120185,-0.0337842787498954,0.0383618461740817,0.127083165357698,0.08272250576589,0.0887213191836166,0.0215188093668057,TRUE,199,199,0,"OK","P14-C005",18,20,327,0.17,"informative","weak","exact_knot",8,25,0.993582453679253,0,4,0.059000000000001
"V4-CMP-TWO-STAGE-FREQ-BOOT-RESP-v1","V4-TARGET-RESPONDENT-WEIGHTED-v1",0.0822518543702896,0.116036133120185,-0.0337842787498954,0.0223037739676795,0.138432328244113,0.0803680511058962,0.116128554276433,0.0288513031961121,TRUE,199,199,0,"OK","P14-C005",18,20,327,0.17,"informative","weak","exact_knot",8,25,0.993582453679253,0,4,0.059000000000001
"V4-CMP-MOKKEN-TWOLEVEL-DELTA-v1","V4-TARGET-RESPONDENT-WEIGHTED-v1",0.0822518543702769,0.116036133120185,-0.0337842787499081,0.0325771152945329,0.131926593446021,0.0822518543702769,0.0993494781514881,0.0253447203456656,TRUE,,,0,"OK","P14-C005",18,20,327,0.17,"informative","weak","exact_knot",8,25,0.993582453679253,0,4,0.059000000000001
"V4-PRI-TWO-STAGE-HBB-RESP-v1","V4-TARGET-RESPONDENT-WEIGHTED-v1",0.144605091463646,0.116036133120185,0.0285689583434611,0.0674452074833193,0.243813864879924,0.155629536181622,0.176368657396605,0.0454396638520302,TRUE,199,199,0,"OK","P14-C005",19,20,292,0.17,"informative","weak","exact_knot",8,25,0.997041118592311,0,1,0.0549999999999997
"V4-SENS-TWO-STAGE-HBB-CLUSTER-v1","V4-TARGET-EQUAL-CLUSTER-v1",0.155689173258383,0.117439750744257,0.0382494225141261,0.0823043811677621,0.242666763177971,0.162485572172866,0.160362382010209,0.0425959553896206,TRUE,199,199,0,"OK","P14-C005",19,20,292,0.17,"informative","weak","exact_knot",8,25,0.997041118592311,0,1,0.0549999999999997
"V4-CMP-ONE-STAGE-CLUSTER-BB-RESP-v1","V4-TARGET-RESPONDENT-WEIGHTED-v1",0.144605091463646,0.116036133120185,0.0285689583434611,0.100296077673013,0.195213922082804,0.147754999877908,0.0949178444097911,0.0231295588043841,TRUE,199,199,0,"OK","P14-C005",19,20,292,0.17,"informative","weak","exact_knot",8,25,0.997041118592311,0,1,0.0549999999999997
"V4-CMP-IID-RESP-BB-v1","WORKING-INDEPENDENCE-RESPONDENT",0.144605091463646,0.116036133120185,0.0285689583434611,0.0962534605291005,0.19415654260043,0.145205001564765,0.0979030820713297,0.0261300233996266,TRUE,199,199,0,"OK","P14-C005",19,20,292,0.17,"informative","weak","exact_knot",8,25,0.997041118592311,0,1,0.0549999999999997
"V4-CMP-TWO-STAGE-FREQ-BOOT-RESP-v1","V4-TARGET-RESPONDENT-WEIGHTED-v1",0.144605091463646,0.116036133120185,0.0285689583434611,0.0924681597021678,0.232041822525465,0.162254991113816,0.139573662823297,0.0367621636492858,TRUE,199,199,0,"OK","P14-C005",19,20,292,0.17,"informative","weak","exact_knot",8,25,0.997041118592311,0,1,0.0549999999999997
"V4-CMP-MOKKEN-TWOLEVEL-DELTA-v1","V4-TARGET-RESPONDENT-WEIGHTED-v1",0.144605091463647,0.116036133120185,0.0285689583434621,0.0809064125734794,0.208303770353815,0.144605091463647,0.127397357780335,0.032499923158086,TRUE,,,0,"OK","P14-C005",19,20,292,0.17,"informative","weak","exact_knot",8,25,0.997041118592311,0,1,0.0549999999999997
"V4-PRI-TWO-STAGE-HBB-RESP-v1","V4-TARGET-RESPONDENT-WEIGHTED-v1",0.126814354556599,0.116036133120185,0.0107782214364135,0.0582540397313295,0.210693843431473,0.134473941581401,0.152439803700144,0.040858753657791,TRUE,199,199,0,"OK","P14-C005",20,20,329,0.17,"informative","weak","exact_knot",6,26,0.99112945507659,0,1,0.0579999999999998
"V4-SENS-TWO-STAGE-HBB-CLUSTER-v1","V4-TARGET-EQUAL-CLUSTER-v1",0.10458303411582,0.117439750744257,-0.012856716628437,0.0331713540547957,0.180952412568613,0.107061883311705,0.147781058513818,0.0384384056451945,TRUE,199,199,0,"OK","P14-C005",20,20,329,0.17,"informative","weak","exact_knot",6,26,0.99112945507659,0,1,0.0579999999999998
"V4-CMP-ONE-STAGE-CLUSTER-BB-RESP-v1","V4-TARGET-RESPONDENT-WEIGHTED-v1",0.126814354556599,0.116036133120185,0.0107782214364135,0.0824013338153892,0.189905801734805,0.136153567775097,0.107504467919415,0.0279531985251215,TRUE,199,199,0,"OK","P14-C005",20,20,329,0.17,"informative","weak","exact_knot",6,26,0.99112945507659,0,1,0.0579999999999998
"V4-CMP-IID-RESP-BB-v1","WORKING-INDEPENDENCE-RESPONDENT",0.126814354556599,0.116036133120185,0.0107782214364135,0.0873179099814544,0.168176132908411,0.127747021444933,0.080858222926957,0.0211000590226724,TRUE,199,199,0,"OK","P14-C005",20,20,329,0.17,"informative","weak","exact_knot",6,26,0.99112945507659,0,1,0.0579999999999998
"V4-CMP-TWO-STAGE-FREQ-BOOT-RESP-v1","V4-TARGET-RESPONDENT-WEIGHTED-v1",0.126814354556599,0.116036133120185,0.0107782214364135,0.0574041418858777,0.195832620266148,0.126618381076013,0.138428478380271,0.0353991543911949,TRUE,199,199,0,"OK","P14-C005",20,20,329,0.17,"informative","weak","exact_knot",6,26,0.99112945507659,0,1,0.0579999999999998
"V4-CMP-MOKKEN-TWOLEVEL-DELTA-v1","V4-TARGET-RESPONDENT-WEIGHTED-v1",0.126814354556607,0.116036133120185,0.0107782214364216,0.0648476315112831,0.18878107760193,0.126814354556607,0.123933446090647,0.0316162559792472,TRUE,,,0,"OK","P14-C005",20,20,329,0.17,"informative","weak","exact_knot",6,26,0.99112945507659,0,1,0.0579999999999998
"V4-PRI-TWO-STAGE-HBB-RESP-v1","V4-TARGET-RESPONDENT-WEIGHTED-v1",0.10224896887188,0.116036133120185,-0.013787164248305,0.0395416472963305,0.179655260023985,0.109598453660158,0.140113612727655,0.0344778133813488,TRUE,199,199,0,"OK","P14-C005",21,20,360,0.17,"informative","weak","exact_knot",8,25,0.995360243498503,0,1,0.0640000000000001
"V4-SENS-TWO-STAGE-HBB-CLUSTER-v1","V4-TARGET-EQUAL-CLUSTER-v1",0.10634317726229,0.117439750744257,-0.0110965734819669,0.0544766622474561,0.183538288211901,0.119007475229679,0.129061625964445,0.034833263169922,TRUE,199,199,0,"OK","P14-C005",21,20,360,0.17,"informative","weak","exact_knot",8,25,0.995360243498503,0,1,0.0640000000000001
"V4-CMP-ONE-STAGE-CLUSTER-BB-RESP-v1","V4-TARGET-RESPONDENT-WEIGHTED-v1",0.10224896887188,0.116036133120185,-0.013787164248305,0.0678403793880647,0.141879347710989,0.104859863549527,0.0740389683229245,0.01879901341754,TRUE,199,199,0,"OK","P14-C005",21,20,360,0.17,"informative","weak","exact_knot",8,25,0.995360243498503,0,1,0.0640000000000001
"V4-CMP-IID-RESP-BB-v1","WORKING-INDEPENDENCE-RESPONDENT",0.10224896887188,0.116036133120185,-0.013787164248305,0.0614107723898995,0.141298696130676,0.101354734260288,0.0798879237407766,0.020586388845397,TRUE,199,199,0,"OK","P14-C005",21,20,360,0.17,"informative","weak","exact_knot",8,25,0.995360243498503,0,1,0.0640000000000001
"V4-CMP-TWO-STAGE-FREQ-BOOT-RESP-v1","V4-TARGET-RESPONDENT-WEIGHTED-v1",0.10224896887188,0.116036133120185,-0.013787164248305,0.0554679873045172,0.155698554383874,0.105583270844196,0.100230567079357,0.0279157688563355,TRUE,199,199,0,"OK","P14-C005",21,20,360,0.17,"informative","weak","exact_knot",8,25,0.995360243498503,0,1,0.0640000000000001
"V4-CMP-MOKKEN-TWOLEVEL-DELTA-v1","V4-TARGET-RESPONDENT-WEIGHTED-v1",0.102248968871877,0.116036133120185,-0.0137871642483083,0.0494391863619661,0.155058751381787,0.102248968871877,0.105619565019821,0.0269442616938207,TRUE,,,0,"OK","P14-C005",21,20,360,0.17,"informative","weak","exact_knot",8,25,0.995360243498503,0,1,0.0640000000000001
"V4-PRI-TWO-STAGE-HBB-RESP-v1","V4-TARGET-RESPONDENT-WEIGHTED-v1",0.114201714858328,0.116036133120185,-0.00183441826185671,0.0415021273575925,0.193953877394924,0.117728002376258,0.152451750037331,0.0369434386297106,TRUE,199,199,0,"OK","P14-C005",22,20,334,0.17,"informative","weak","exact_knot",7,27,0.984807001837829,0.00299401197604787,0,0.0579999999999998
"V4-SENS-TWO-STAGE-HBB-CLUSTER-v1","V4-TARGET-EQUAL-CLUSTER-v1",0.120969186967125,0.117439750744257,0.00352943622286836,0.0476851197359845,0.209144342996979,0.128414731366482,0.161459223260995,0.0407967466768658,TRUE,199,199,0,"OK","P14-C005",22,20,334,0.17,"informative","weak","exact_knot",7,27,0.984807001837829,0.00299401197604787,0,0.0579999999999998
"V4-CMP-ONE-STAGE-CLUSTER-BB-RESP-v1","V4-TARGET-RESPONDENT-WEIGHTED-v1",0.114201714858328,0.116036133120185,-0.00183441826185671,0.0752453279972644,0.161550777114348,0.118398052555806,0.0863054491170834,0.022036976392944,TRUE,199,199,0,"OK","P14-C005",22,20,334,0.17,"informative","weak","exact_knot",7,27,0.984807001837829,0.00299401197604787,0,0.0579999999999998
"V4-CMP-IID-RESP-BB-v1","WORKING-INDEPENDENCE-RESPONDENT",0.114201714858328,0.116036133120185,-0.00183441826185671,0.0698014890181005,0.170744348370798,0.120272918694449,0.100942859352697,0.025371290577657,TRUE,199,199,0,"OK","P14-C005",22,20,334,0.17,"informative","weak","exact_knot",7,27,0.984807001837829,0.00299401197604787,0,0.0579999999999998
"V4-CMP-TWO-STAGE-FREQ-BOOT-RESP-v1","V4-TARGET-RESPONDENT-WEIGHTED-v1",0.114201714858328,0.116036133120185,-0.00183441826185671,0.0559750992180344,0.177201487101955,0.116588293159995,0.121226387883921,0.0314305329661717,TRUE,199,199,0,"OK","P14-C005",22,20,334,0.17,"informative","weak","exact_knot",7,27,0.984807001837829,0.00299401197604787,0,0.0579999999999998
"V4-CMP-MOKKEN-TWOLEVEL-DELTA-v1","V4-TARGET-RESPONDENT-WEIGHTED-v1",0.114201714858338,0.116036133120185,-0.00183441826184717,0.0539613680180665,0.174442061698609,0.114201714858338,0.120480693680543,0.030735435607715,TRUE,,,0,"OK","P14-C005",22,20,334,0.17,"informative","weak","exact_knot",7,27,0.984807001837829,0.00299401197604787,0,0.0579999999999998
"V4-PRI-TWO-STAGE-HBB-RESP-v1","V4-TARGET-RESPONDENT-WEIGHTED-v1",0.115646074359106,0.116036133120185,-0.000390058761079254,0.0587873757999067,0.179385704618474,0.11908654020919,0.120598328818567,0.0326422256169492,TRUE,199,199,0,"OK","P14-C005",23,20,392,0.17,"informative","weak","exact_knot",14,27,0.976131119507011,0.00255102040816324,0,0.0790000000000006
"V4-SENS-TWO-STAGE-HBB-CLUSTER-v1","V4-TARGET-EQUAL-CLUSTER-v1",0.118720279464661,0.117439750744257,0.00128052872040413,0.052049045971631,0.195276280520502,0.123662663246066,0.143227234548871,0.0344991546733551,TRUE,199,199,0,"OK","P14-C005",23,20,392,0.17,"informative","weak","exact_knot",14,27,0.976131119507011,0.00255102040816324,0,0.0790000000000006
"V4-CMP-ONE-STAGE-CLUSTER-BB-RESP-v1","V4-TARGET-RESPONDENT-WEIGHTED-v1",0.115646074359106,0.116036133120185,-0.000390058761079254,0.0830844387277543,0.145019681612417,0.114052060170086,0.0619352428846625,0.0162073123911795,TRUE,199,199,0,"OK","P14-C005",23,20,392,0.17,"informative","weak","exact_knot",14,27,0.976131119507011,0.00255102040816324,0,0.0790000000000006
"V4-CMP-IID-RESP-BB-v1","WORKING-INDEPENDENCE-RESPONDENT",0.115646074359106,0.116036133120185,-0.000390058761079254,0.0797582385295491,0.149620078603394,0.114689158566471,0.0698618400738448,0.0195071287803212,TRUE,199,199,0,"OK","P14-C005",23,20,392,0.17,"informative","weak","exact_knot",14,27,0.976131119507011,0.00255102040816324,0,0.0790000000000006
"V4-CMP-TWO-STAGE-FREQ-BOOT-RESP-v1","V4-TARGET-RESPONDENT-WEIGHTED-v1",0.115646074359106,0.116036133120185,-0.000390058761079254,0.0650803776056443,0.17838309313124,0.121731735368442,0.113302715525595,0.0271485070884985,TRUE,199,199,0,"OK","P14-C005",23,20,392,0.17,"informative","weak","exact_knot",14,27,0.976131119507011,0.00255102040816324,0,0.0790000000000006
"V4-CMP-MOKKEN-TWOLEVEL-DELTA-v1","V4-TARGET-RESPONDENT-WEIGHTED-v1",0.115646074359117,0.116036133120185,-0.000390058761067694,0.0639260320307132,0.167366116687521,0.115646074359117,0.103440084656808,0.0263882615886645,TRUE,,,0,"OK","P14-C005",23,20,392,0.17,"informative","weak","exact_knot",14,27,0.976131119507011,0.00255102040816324,0,0.0790000000000006
"V4-PRI-TWO-STAGE-HBB-RESP-v1","V4-TARGET-RESPONDENT-WEIGHTED-v1",0.115793881094224,0.116036133120185,-0.000242252025960787,0.0514565517103048,0.189818485821542,0.120637518765923,0.138361934111237,0.035737220248939,TRUE,199,199,0,"OK","P14-C005",24,20,378,0.17,"informative","weak","exact_knot",12,26,0.992022206020962,0.00264550264550262,0,0.0629999999999988
"V4-SENS-TWO-STAGE-HBB-CLUSTER-v1","V4-TARGET-EQUAL-CLUSTER-v1",0.115596892377508,0.117439750744257,-0.0018428583667492,0.0479533141062404,0.192423657097395,0.120188485601817,0.144470342991154,0.0376247864740998,TRUE,199,199,0,"OK","P14-C005",24,20,378,0.17,"informative","weak","exact_knot",12,26,0.992022206020962,0.00264550264550262,0,0.0629999999999988
"V4-CMP-ONE-STAGE-CLUSTER-BB-RESP-v1","V4-TARGET-RESPONDENT-WEIGHTED-v1",0.115793881094224,0.116036133120185,-0.000242252025960787,0.0718232547116197,0.152573507536767,0.112198381124193,0.0807502528251469,0.0207091624158052,TRUE,199,199,0,"OK","P14-C005",24,20,378,0.17,"informative","weak","exact_knot",12,26,0.992022206020962,0.00264550264550262,0,0.0629999999999988
"V4-CMP-IID-RESP-BB-v1","WORKING-INDEPENDENCE-RESPONDENT",0.115793881094224,0.116036133120185,-0.000242252025960787,0.0676032462118537,0.165033795307912,0.116318520759883,0.0974305490960579,0.0239393782182983,TRUE,199,199,0,"OK","P14-C005",24,20,378,0.17,"informative","weak","exact_knot",12,26,0.992022206020962,0.00264550264550262,0,0.0629999999999988
"V4-CMP-TWO-STAGE-FREQ-BOOT-RESP-v1","V4-TARGET-RESPONDENT-WEIGHTED-v1",0.115793881094224,0.116036133120185,-0.000242252025960787,0.05427208180212,0.179279138098326,0.116775609950223,0.125007056296206,0.0315129963120739,TRUE,199,199,0,"OK","P14-C005",24,20,378,0.17,"informative","weak","exact_knot",12,26,0.992022206020962,0.00264550264550262,0,0.0629999999999988
"V4-CMP-MOKKEN-TWOLEVEL-DELTA-v1","V4-TARGET-RESPONDENT-WEIGHTED-v1",0.115793881094213,0.116036133120185,-0.000242252025971959,0.0598726254430038,0.171715136745422,0.115793881094213,0.111842511302419,0.0285317771613708,TRUE,,,0,"OK","P14-C005",24,20,378,0.17,"informative","weak","exact_knot",12,26,0.992022206020962,0.00264550264550262,0,0.0629999999999988
"V4-PRI-TWO-STAGE-HBB-RESP-v1","V4-TARGET-RESPONDENT-WEIGHTED-v1",0.0728803568502908,0.116036133120185,-0.0431557762698942,0.00964597073296417,0.163621751202574,0.0866338609677693,0.15397578046961,0.0373820886014061,TRUE,199,199,0,"OK","P14-C005",25,20,326,0.17,"informative","weak","exact_knot",8,25,0.996406771451741,0,1,0.0579999999999998
"V4-SENS-TWO-STAGE-HBB-CLUSTER-v1","V4-TARGET-EQUAL-CLUSTER-v1",0.0692860315652251,0.117439750744257,-0.0481537191790318,0.0040299951776511,0.145469848613321,0.0747499218954862,0.14143985343567,0.0376396133599214,TRUE,199,199,0,"OK","P14-C005",25,20,326,0.17,"informative","weak","exact_knot",8,25,0.996406771451741,0,1,0.0579999999999998
"V4-CMP-ONE-STAGE-CLUSTER-BB-RESP-v1","V4-TARGET-RESPONDENT-WEIGHTED-v1",0.0728803568502908,0.116036133120185,-0.0431557762698942,0.0199058153883221,0.120519672223718,0.0702127438060202,0.100613856835396,0.0235895382271811,TRUE,199,199,0,"OK","P14-C005",25,20,326,0.17,"informative","weak","exact_knot",8,25,0.996406771451741,0,1,0.0579999999999998
"V4-CMP-IID-RESP-BB-v1","WORKING-INDEPENDENCE-RESPONDENT",0.0728803568502908,0.116036133120185,-0.0431557762698942,0.0338011097477175,0.131035133426515,0.0824181215871164,0.0972340236787978,0.023701872905202,TRUE,199,199,0,"OK","P14-C005",25,20,326,0.17,"informative","weak","exact_knot",8,25,0.996406771451741,0,1,0.0579999999999998
"V4-CMP-TWO-STAGE-FREQ-BOOT-RESP-v1","V4-TARGET-RESPONDENT-WEIGHTED-v1",0.0728803568502908,0.116036133120185,-0.0431557762698942,0.0144322577865854,0.137913859604671,0.0761730586956284,0.123481601818086,0.0328050631775802,TRUE,199,199,0,"OK","P14-C005",25,20,326,0.17,"informative","weak","exact_knot",8,25,0.996406771451741,0,1,0.0579999999999998
"V4-CMP-MOKKEN-TWOLEVEL-DELTA-v1","V4-TARGET-RESPONDENT-WEIGHTED-v1",0.0728803568502985,0.116036133120185,-0.0431557762698866,0.0170142484039446,0.128746465296652,0.0728803568502985,0.111732216892708,0.0285036403153419,TRUE,,,0,"OK","P14-C005",25,20,326,0.17,"informative","weak","exact_knot",8,25,0.996406771451741,0,1,0.0579999999999998
"V4-PRI-TWO-STAGE-HBB-RESP-v1","V4-TARGET-RESPONDENT-WEIGHTED-v1",0.0671179762501626,0.116036133120185,-0.0489181568700225,-0.00643377822298413,0.146462478246057,0.0700143500115363,0.152896256469041,0.0370935557223587,TRUE,199,199,0,"OK","P14-C005",26,20,327,0.17,"informative","weak","exact_knot",9,26,0.995952304068837,0,2,0.0650000000000013
"V4-SENS-TWO-STAGE-HBB-CLUSTER-v1","V4-TARGET-EQUAL-CLUSTER-v1",0.061217153413334,0.117439750744257,-0.0562225973309229,-0.000746761554496489,0.11692389762975,0.0580885680376268,0.117670659184246,0.0322420613185648,FALSE,199,199,0,"OK","P14-C005",26,20,327,0.17,"informative","weak","exact_knot",9,26,0.995952304068837,0,2,0.0650000000000013
"V4-CMP-ONE-STAGE-CLUSTER-BB-RESP-v1","V4-TARGET-RESPONDENT-WEIGHTED-v1",0.0671179762501626,0.116036133120185,-0.0489181568700225,0.0133459727993693,0.10603362611144,0.0596897994554045,0.0926876533120704,0.0230734413392701,FALSE,199,199,0,"OK","P14-C005",26,20,327,0.17,"informative","weak","exact_knot",9,26,0.995952304068837,0,2,0.0650000000000013
"V4-CMP-IID-RESP-BB-v1","WORKING-INDEPENDENCE-RESPONDENT",0.0671179762501626,0.116036133120185,-0.0489181568700225,0.0230128725366745,0.117857672858147,0.0704352726974108,0.0948448003214726,0.0224162520100748,TRUE,199,199,0,"OK","P14-C005",26,20,327,0.17,"informative","weak","exact_knot",9,26,0.995952304068837,0,2,0.0650000000000013
"V4-CMP-TWO-STAGE-FREQ-BOOT-RESP-v1","V4-TARGET-RESPONDENT-WEIGHTED-v1",0.0671179762501626,0.116036133120185,-0.0489181568700225,0.00563156651264857,0.125370001680412,0.0655007840965303,0.119738435167764,0.0319629997135222,TRUE,199,199,0,"OK","P14-C005",26,20,327,0.17,"informative","weak","exact_knot",9,26,0.995952304068837,0,2,0.0650000000000013
"V4-CMP-MOKKEN-TWOLEVEL-DELTA-v1","V4-TARGET-RESPONDENT-WEIGHTED-v1",0.0671179762501495,0.116036133120185,-0.0489181568700355,0.0129104674605699,0.121325485039729,0.0671179762501495,0.108415017579159,0.027657400450805,TRUE,,,0,"OK","P14-C005",26,20,327,0.17,"informative","weak","exact_knot",9,26,0.995952304068837,0,2,0.0650000000000013
"V4-PRI-TWO-STAGE-HBB-RESP-v1","V4-TARGET-RESPONDENT-WEIGHTED-v1",0.106674488308898,0.116036133120185,-0.0093616448112874,0.0566419164819897,0.167247014985103,0.111944465733546,0.110605098503114,0.0275905360685821,TRUE,199,199,0,"OK","P14-C005",27,20,349,0.17,"informative","weak","exact_knot",11,24,0.993074607805717,0,3,0.0640000000000001
"V4-SENS-TWO-STAGE-HBB-CLUSTER-v1","V4-TARGET-EQUAL-CLUSTER-v1",0.104105581969096,0.117439750744257,-0.0133341687751614,0.0388924129671825,0.175347584627511,0.107119998797347,0.136455171660329,0.0353474368102909,TRUE,199,199,0,"OK","P14-C005",27,20,349,0.17,"informative","weak","exact_knot",11,24,0.993074607805717,0,3,0.0640000000000001
"V4-CMP-ONE-STAGE-CLUSTER-BB-RESP-v1","V4-TARGET-RESPONDENT-WEIGHTED-v1",0.106674488308898,0.116036133120185,-0.0093616448112874,0.0701919693466505,0.142585837418981,0.106388903382816,0.0723938680723308,0.0190345013649264,TRUE,199,199,0,"OK","P14-C005",27,20,349,0.17,"informative","weak","exact_knot",11,24,0.993074607805717,0,3,0.0640000000000001
"V4-CMP-IID-RESP-BB-v1","WORKING-INDEPENDENCE-RESPONDENT",0.106674488308898,0.116036133120185,-0.0093616448112874,0.072407827338101,0.150006689531855,0.111207258434978,0.0775988621937536,0.0199258524692748,TRUE,199,199,0,"OK","P14-C005",27,20,349,0.17,"informative","weak","exact_knot",11,24,0.993074607805717,0,3,0.0640000000000001
"V4-CMP-TWO-STAGE-FREQ-BOOT-RESP-v1","V4-TARGET-RESPONDENT-WEIGHTED-v1",0.106674488308898,0.116036133120185,-0.0093616448112874,0.0531549417953358,0.160436377739073,0.106795659767204,0.107281435943737,0.0281106615275712,TRUE,199,199,0,"OK","P14-C005",27,20,349,0.17,"informative","weak","exact_knot",11,24,0.993074607805717,0,3,0.0640000000000001
"V4-CMP-MOKKEN-TWOLEVEL-DELTA-v1","V4-TARGET-RESPONDENT-WEIGHTED-v1",0.106674488308895,0.116036133120185,-0.00936164481129,0.0534286780456857,0.159920298572104,0.106674488308895,0.106491620526419,0.0271667289211463,TRUE,,,0,"OK","P14-C005",27,20,349,0.17,"informative","weak","exact_knot",11,24,0.993074607805717,0,3,0.0640000000000001
"V4-PRI-TWO-STAGE-HBB-RESP-v1","V4-TARGET-RESPONDENT-WEIGHTED-v1",0.0953009092741264,0.116036133120185,-0.0207352238460586,0.0348225402072036,0.170137641270603,0.102480090738903,0.1353151010634,0.0344134480261847,TRUE,199,199,0,"OK","P14-C005",28,20,331,0.17,"informative","weak","exact_knot",8,24,0.991768680520032,0.00302114803625375,0,0.0609999999999999
"V4-SENS-TWO-STAGE-HBB-CLUSTER-v1","V4-TARGET-EQUAL-CLUSTER-v1",0.0929332875085174,0.117439750744257,-0.0245064632357396,0.0218961617450983,0.17374487839857,0.0978205200718343,0.151848716653472,0.0400352135063131,TRUE,199,199,0,"OK","P14-C005",28,20,331,0.17,"informative","weak","exact_knot",8,24,0.991768680520032,0.00302114803625375,0,0.0609999999999999
"V4-CMP-ONE-STAGE-CLUSTER-BB-RESP-v1","V4-TARGET-RESPONDENT-WEIGHTED-v1",0.0953009092741264,0.116036133120185,-0.0207352238460586,0.0640727572751842,0.144300273173836,0.10418651522451,0.0802275158986516,0.0210947407629507,TRUE,199,199,0,"OK","P14-C005",28,20,331,0.17,"informative","weak","exact_knot",8,24,0.991768680520032,0.00302114803625375,0,0.0609999999999999
"V4-CMP-IID-RESP-BB-v1","WORKING-INDEPENDENCE-RESPONDENT",0.0953009092741264,0.116036133120185,-0.0207352238460586,0.0610953633383463,0.137615455178623,0.0993554092584844,0.0765200918402763,0.0209271595773573,TRUE,199,199,0,"OK","P14-C005",28,20,331,0.17,"informative","weak","exact_knot",8,24,0.991768680520032,0.00302114803625375,0,0.0609999999999999
"V4-CMP-TWO-STAGE-FREQ-BOOT-RESP-v1","V4-TARGET-RESPONDENT-WEIGHTED-v1",0.0953009092741264,0.116036133120185,-0.0207352238460586,0.039119749840026,0.154915817907601,0.0970177838738135,0.115796068067575,0.031744086221766,TRUE,199,199,0,"OK","P14-C005",28,20,331,0.17,"informative","weak","exact_knot",8,24,0.991768680520032,0.00302114803625375,0,0.0609999999999999
"V4-CMP-MOKKEN-TWOLEVEL-DELTA-v1","V4-TARGET-RESPONDENT-WEIGHTED-v1",0.095300909274137,0.116036133120185,-0.020735223846048,0.0388930819665081,0.151708736581766,0.095300909274137,0.112815654615258,0.0287800325682343,TRUE,,,0,"OK","P14-C005",28,20,331,0.17,"informative","weak","exact_knot",8,24,0.991768680520032,0.00302114803625375,0,0.0609999999999999
"V4-PRI-TWO-STAGE-HBB-RESP-v1","V4-TARGET-RESPONDENT-WEIGHTED-v1",0.104363180458108,0.116036133120185,-0.0116729526620766,0.0476752494171089,0.178112189826637,0.112893719621873,0.130436940409529,0.0351276134312866,TRUE,199,199,0,"OK","P14-C005",29,20,370,0.17,"informative","weak","exact_knot",6,27,0.982767757167091,0,5,0.0770000000000017
"V4-SENS-TWO-STAGE-HBB-CLUSTER-v1","V4-TARGET-EQUAL-CLUSTER-v1",0.109552822686072,0.117439750744257,-0.007886928058185,0.0371607174046421,0.177304283155655,0.107232500280149,0.140143565751013,0.0344294654311953,TRUE,199,199,0,"OK","P14-C005",29,20,370,0.17,"informative","weak","exact_knot",6,27,0.982767757167091,0,5,0.0770000000000017
"V4-CMP-ONE-STAGE-CLUSTER-BB-RESP-v1","V4-TARGET-RESPONDENT-WEIGHTED-v1",0.104363180458108,0.116036133120185,-0.0116729526620766,0.060594886876738,0.151512791391172,0.106053839133955,0.0909179045144336,0.0233264296645743,TRUE,199,199,0,"OK","P14-C005",29,20,370,0.17,"informative","weak","exact_knot",6,27,0.982767757167091,0,5,0.0770000000000017
"V4-CMP-IID-RESP-BB-v1","WORKING-INDEPENDENCE-RESPONDENT",0.104363180458108,0.116036133120185,-0.0116729526620766,0.0629976044392188,0.145635094553374,0.104316349496296,0.0826374901141551,0.02084362482878,TRUE,199,199,0,"OK","P14-C005",29,20,370,0.17,"informative","weak","exact_knot",6,27,0.982767757167091,0,5,0.0770000000000017
"V4-CMP-TWO-STAGE-FREQ-BOOT-RESP-v1","V4-TARGET-RESPONDENT-WEIGHTED-v1",0.104363180458108,0.116036133120185,-0.0116729526620766,0.0499734242277027,0.18285180749288,0.116412615860291,0.132878383265178,0.0334723459890217,TRUE,199,199,0,"OK","P14-C005",29,20,370,0.17,"informative","weak","exact_knot",6,27,0.982767757167091,0,5,0.0770000000000017
"V4-CMP-MOKKEN-TWOLEVEL-DELTA-v1","V4-TARGET-RESPONDENT-WEIGHTED-v1",0.10436318045812,0.116036133120185,-0.0116729526620655,0.0496061365704356,0.159120224345803,0.10436318045812,0.109514087775368,0.0279377806529102,TRUE,,,0,"OK","P14-C005",29,20,370,0.17,"informative","weak","exact_knot",6,27,0.982767757167091,0,5,0.0770000000000017
"V4-PRI-TWO-STAGE-HBB-RESP-v1","V4-TARGET-RESPONDENT-WEIGHTED-v1",0.11043256997455,0.116036133120185,-0.00560356314563548,0.0410438223427202,0.205978457880323,0.123511140111522,0.164934635537603,0.0415181817494718,TRUE,199,199,0,"OK","P14-C005",30,20,276,0.17,"informative","weak","exact_knot",6,23,0.965454140110287,0,3,0.0670000000000002
"V4-SENS-TWO-STAGE-HBB-CLUSTER-v1","V4-TARGET-EQUAL-CLUSTER-v1",0.119087061944894,0.117439750744257,0.00164731120063717,0.039529634620828,0.200993112960174,0.120261373790501,0.161463478339346,0.0420314247961014,TRUE,199,199,0,"OK","P14-C005",30,20,276,0.17,"informative","weak","exact_knot",6,23,0.965454140110287,0,3,0.0670000000000002
"V4-CMP-ONE-STAGE-CLUSTER-BB-RESP-v1","V4-TARGET-RESPONDENT-WEIGHTED-v1",0.11043256997455,0.116036133120185,-0.00560356314563548,0.0674376225723638,0.163915340888626,0.115676481730495,0.0964777183162619,0.0239608176590683,TRUE,199,199,0,"OK","P14-C005",30,20,276,0.17,"informative","weak","exact_knot",6,23,0.965454140110287,0,3,0.0670000000000002
"V4-CMP-IID-RESP-BB-v1","WORKING-INDEPENDENCE-RESPONDENT",0.11043256997455,0.116036133120185,-0.00560356314563548,0.0672732488540562,0.156215828778388,0.111744538816222,0.0889425799243319,0.0229693982618192,TRUE,199,199,0,"OK","P14-C005",30,20,276,0.17,"informative","weak","exact_knot",6,23,0.965454140110287,0,3,0.0670000000000002
"V4-CMP-TWO-STAGE-FREQ-BOOT-RESP-v1","V4-TARGET-RESPONDENT-WEIGHTED-v1",0.11043256997455,0.116036133120185,-0.00560356314563548,0.0476294523378247,0.192577737604296,0.12010359497106,0.144948285266471,0.0378167892213223,TRUE,199,199,0,"OK","P14-C005",30,20,276,0.17,"informative","weak","exact_knot",6,23,0.965454140110287,0,3,0.0670000000000002
"V4-CMP-MOKKEN-TWOLEVEL-DELTA-v1","V4-TARGET-RESPONDENT-WEIGHTED-v1",0.110432569974555,0.116036133120185,-0.00560356314563017,0.04945359971309,0.17141154023602,0.110432569974555,0.12195794052293,0.0311122912168077,TRUE,,,0,"OK","P14-C005",30,20,276,0.17,"informative","weak","exact_knot",6,23,0.965454140110287,0,3,0.0670000000000002
"V4-PRI-TWO-STAGE-HBB-RESP-v1","V4-TARGET-RESPONDENT-WEIGHTED-v1",0.0771609038462038,0.116036133120185,-0.0388752292739813,0.0155058011144984,0.160792178389955,0.0881489897522269,0.145286377275457,0.0364543230732984,TRUE,199,199,0,"OK","P14-C005",31,20,335,0.17,"informative","weak","exact_knot",6,22,0.989524688044095,0,2,0.0599999999999987
"V4-SENS-TWO-STAGE-HBB-CLUSTER-v1","V4-TARGET-EQUAL-CLUSTER-v1",0.0904809116868107,0.117439750744257,-0.0269588390574462,0.0160024402006155,0.182559376290465,0.0992809082455401,0.166556936089849,0.0393079607684308,TRUE,199,199,0,"OK","P14-C005",31,20,335,0.17,"informative","weak","exact_knot",6,22,0.989524688044095,0,2,0.0599999999999987
"V4-CMP-ONE-STAGE-CLUSTER-BB-RESP-v1","V4-TARGET-RESPONDENT-WEIGHTED-v1",0.0771609038462038,0.116036133120185,-0.0388752292739813,0.0389809283083064,0.12251997002281,0.0807504491655583,0.0835390417145039,0.0236312986926216,TRUE,199,199,0,"OK","P14-C005",31,20,335,0.17,"informative","weak","exact_knot",6,22,0.989524688044095,0,2,0.0599999999999987
"V4-CMP-IID-RESP-BB-v1","WORKING-INDEPENDENCE-RESPONDENT",0.0771609038462038,0.116036133120185,-0.0388752292739813,0.0279014873049988,0.124415319376437,0.076158403340718,0.0965138320714384,0.0245800281402566,TRUE,199,199,0,"OK","P14-C005",31,20,335,0.17,"informative","weak","exact_knot",6,22,0.989524688044095,0,2,0.0599999999999987
"V4-CMP-TWO-STAGE-FREQ-BOOT-RESP-v1","V4-TARGET-RESPONDENT-WEIGHTED-v1",0.0771609038462038,0.116036133120185,-0.0388752292739813,0.010964665192706,0.142570566414416,0.0767676158035608,0.13160590122171,0.0329375627179868,TRUE,199,199,0,"OK","P14-C005",31,20,335,0.17,"informative","weak","exact_knot",6,22,0.989524688044095,0,2,0.0599999999999987
"V4-CMP-MOKKEN-TWOLEVEL-DELTA-v1","V4-TARGET-RESPONDENT-WEIGHTED-v1",0.077160903846196,0.116036133120185,-0.038875229273989,0.0196014252640651,0.134720382428327,0.077160903846196,0.115118957164262,0.0293676205461696,TRUE,,,0,"OK","P14-C005",31,20,335,0.17,"informative","weak","exact_knot",6,22,0.989524688044095,0,2,0.0599999999999987
"V4-PRI-TWO-STAGE-HBB-RESP-v1","V4-TARGET-RESPONDENT-WEIGHTED-v1",0.122833775229093,0.116036133120185,0.0067976421089081,0.0607800338634007,0.226172334476043,0.143476184169722,0.165392300612642,0.0387171405607319,TRUE,199,199,0,"OK","P14-C005",32,20,327,0.17,"informative","weak","exact_knot",8,25,0.993989099340978,0,1,0.059000000000001
"V4-SENS-TWO-STAGE-HBB-CLUSTER-v1","V4-TARGET-EQUAL-CLUSTER-v1",0.129196750600822,0.117439750744257,0.0117569998565653,0.0532191536081573,0.209587251655257,0.131403202631707,0.156368098047099,0.0418079096101597,TRUE,199,199,0,"OK","P14-C005",32,20,327,0.17,"informative","weak","exact_knot",8,25,0.993989099340978,0,1,0.059000000000001
"V4-CMP-ONE-STAGE-CLUSTER-BB-RESP-v1","V4-TARGET-RESPONDENT-WEIGHTED-v1",0.122833775229093,0.116036133120185,0.0067976421089081,0.0769378307061916,0.175490241505312,0.126214036105752,0.0985524107991202,0.0257024481274048,TRUE,199,199,0,"OK","P14-C005",32,20,327,0.17,"informative","weak","exact_knot",8,25,0.993989099340978,0,1,0.059000000000001
"V4-CMP-IID-RESP-BB-v1","WORKING-INDEPENDENCE-RESPONDENT",0.122833775229093,0.116036133120185,0.0067976421089081,0.0777124980043118,0.168264237522109,0.12298836776321,0.0905517395177968,0.0229592931536933,TRUE,199,199,0,"OK","P14-C005",32,20,327,0.17,"informative","weak","exact_knot",8,25,0.993989099340978,0,1,0.059000000000001
"V4-CMP-TWO-STAGE-FREQ-BOOT-RESP-v1","V4-TARGET-RESPONDENT-WEIGHTED-v1",0.122833775229093,0.116036133120185,0.0067976421089081,0.0577611432211117,0.189769298247918,0.123765220734515,0.132008155026806,0.0352246521622385,TRUE,199,199,0,"OK","P14-C005",32,20,327,0.17,"informative","weak","exact_knot",8,25,0.993989099340978,0,1,0.059000000000001
"V4-CMP-MOKKEN-TWOLEVEL-DELTA-v1","V4-TARGET-RESPONDENT-WEIGHTED-v1",0.12283377522908,0.116036133120185,0.0067976421088952,0.0634971641185004,0.18217038633966,0.12283377522908,0.11867322222116,0.0302743374769228,TRUE,,,0,"OK","P14-C005",32,20,327,0.17,"informative","weak","exact_knot",8,25,0.993989099340978,0,1,0.059000000000001
"V4-PRI-TWO-STAGE-HBB-RESP-v1","V4-TARGET-RESPONDENT-WEIGHTED-v1",0.13813943239535,0.116036133120185,0.0221032992751649,0.0614924900101954,0.210469138782011,0.135980814396103,0.148976648771816,0.0384472739786111,TRUE,199,199,0,"OK","P14-C005",33,20,346,0.17,"informative","weak","exact_knot",10,26,0.99430172897719,0,1,0.0609999999999999
"V4-SENS-TWO-STAGE-HBB-CLUSTER-v1","V4-TARGET-EQUAL-CLUSTER-v1",0.146345040891493,0.117439750744257,0.0289052901472366,0.0689722150045705,0.239953330928938,0.154462772966754,0.170981115924368,0.0426770278974435,TRUE,199,199,0,"OK","P14-C005",33,20,346,0.17,"informative","weak","exact_knot",10,26,0.99430172897719,0,1,0.0609999999999999
"V4-CMP-ONE-STAGE-CLUSTER-BB-RESP-v1","V4-TARGET-RESPONDENT-WEIGHTED-v1",0.13813943239535,0.116036133120185,0.0221032992751649,0.0899292901544483,0.187524888191099,0.138727089172774,0.0975955980366506,0.0253575355108025,TRUE,199,199,0,"OK","P14-C005",33,20,346,0.17,"informative","weak","exact_knot",10,26,0.99430172897719,0,1,0.0609999999999999
"V4-CMP-IID-RESP-BB-v1","WORKING-INDEPENDENCE-RESPONDENT",0.13813943239535,0.116036133120185,0.0221032992751649,0.0914396249402076,0.181663771646044,0.136551698293126,0.0902241467058366,0.0228613138275999,TRUE,199,199,0,"OK","P14-C005",33,20,346,0.17,"informative","weak","exact_knot",10,26,0.99430172897719,0,1,0.0609999999999999
"V4-CMP-TWO-STAGE-FREQ-BOOT-RESP-v1","V4-TARGET-RESPONDENT-WEIGHTED-v1",0.13813943239535,0.116036133120185,0.0221032992751649,0.0747223419733467,0.216322230722312,0.145522286347829,0.141599888748966,0.0338231975600023,TRUE,199,199,0,"OK","P14-C005",33,20,346,0.17,"informative","weak","exact_knot",10,26,0.99430172897719,0,1,0.0609999999999999
"V4-CMP-MOKKEN-TWOLEVEL-DELTA-v1","V4-TARGET-RESPONDENT-WEIGHTED-v1",0.138139432395338,0.116036133120185,0.0221032992751526,0.0750358312735138,0.201243033517162,0.138139432395338,0.126207202243648,0.0321963064727602,TRUE,,,0,"OK","P14-C005",33,20,346,0.17,"informative","weak","exact_knot",10,26,0.99430172897719,0,1,0.0609999999999999
"V4-PRI-TWO-STAGE-HBB-RESP-v1","V4-TARGET-RESPONDENT-WEIGHTED-v1",0.160710328384024,0.116036133120185,0.0446741952638394,0.0977243324609935,0.255234850970694,0.176479591715844,0.1575105185097,0.0381031085581702,TRUE,199,199,0,"OK","P14-C005",34,20,351,0.17,"informative","weak","exact_knot",11,25,0.994188985982182,0,1,0.0619999999999976
"V4-SENS-TWO-STAGE-HBB-CLUSTER-v1","V4-TARGET-EQUAL-CLUSTER-v1",0.159948374650419,0.117439750744257,0.0425086239061624,0.0962974541889924,0.235380208269443,0.165838831229217,0.13908275408045,0.0380264399579679,TRUE,199,199,0,"OK","P14-C005",34,20,351,0.17,"informative","weak","exact_knot",11,25,0.994188985982182,0,1,0.0619999999999976
"V4-CMP-ONE-STAGE-CLUSTER-BB-RESP-v1","V4-TARGET-RESPONDENT-WEIGHTED-v1",0.160710328384024,0.116036133120185,0.0446741952638394,0.124158055991105,0.19367428528131,0.158916170636207,0.0695162292902053,0.0173737312186579,FALSE,199,199,0,"OK","P14-C005",34,20,351,0.17,"informative","weak","exact_knot",11,25,0.994188985982182,0,1,0.0619999999999976
"V4-CMP-IID-RESP-BB-v1","WORKING-INDEPENDENCE-RESPONDENT",0.160710328384024,0.116036133120185,0.0446741952638394,0.118759527104354,0.20406090191342,0.161410214508887,0.0853013748090661,0.0232049009496308,FALSE,199,199,0,"OK","P14-C005",34,20,351,0.17,"informative","weak","exact_knot",11,25,0.994188985982182,0,1,0.0619999999999976
"V4-CMP-TWO-STAGE-FREQ-BOOT-RESP-v1","V4-TARGET-RESPONDENT-WEIGHTED-v1",0.160710328384024,0.116036133120185,0.0446741952638394,0.0989200426816124,0.218920483548618,0.158920263115115,0.120000440867005,0.0305439699635805,TRUE,199,199,0,"OK","P14-C005",34,20,351,0.17,"informative","weak","exact_knot",11,25,0.994188985982182,0,1,0.0619999999999976
"V4-CMP-MOKKEN-TWOLEVEL-DELTA-v1","V4-TARGET-RESPONDENT-WEIGHTED-v1",0.160710328384032,0.116036133120185,0.0446741952638472,0.105332503682854,0.216088153085211,0.160710328384032,0.110755649402357,0.0282545113777558,TRUE,,,0,"OK","P14-C005",34,20,351,0.17,"informative","weak","exact_knot",11,25,0.994188985982182,0,1,0.0619999999999976
"V4-PRI-TWO-STAGE-HBB-RESP-v1","V4-TARGET-RESPONDENT-WEIGHTED-v1",0.132332202036026,0.116036133120185,0.0162960689158409,0.0531407259841226,0.211633824591483,0.132387275287803,0.15849309860736,0.0373532491190905,TRUE,199,199,0,"OK","P14-C005",35,20,302,0.17,"informative","weak","exact_knot",7,26,0.995016327561445,0,1,0.0560000000000009
"V4-SENS-TWO-STAGE-HBB-CLUSTER-v1","V4-TARGET-EQUAL-CLUSTER-v1",0.127961612569092,0.117439750744257,0.0105218618248351,0.055626043653699,0.196600403669101,0.1261132236614,0.140974360015402,0.0372849551837802,TRUE,199,199,0,"OK","P14-C005",35,20,302,0.17,"informative","weak","exact_knot",7,26,0.995016327561445,0,1,0.0560000000000009
"V4-CMP-ONE-STAGE-CLUSTER-BB-RESP-v1","V4-TARGET-RESPONDENT-WEIGHTED-v1",0.132332202036026,0.116036133120185,0.0162960689158409,0.0843792217204403,0.180803423374162,0.132591322547301,0.0964242016537217,0.0242227211014924,TRUE,199,199,0,"OK","P14-C005",35,20,302,0.17,"informative","weak","exact_knot",7,26,0.995016327561445,0,1,0.0560000000000009
"V4-CMP-IID-RESP-BB-v1","WORKING-INDEPENDENCE-RESPONDENT",0.132332202036026,0.116036133120185,0.0162960689158409,0.0820759968111933,0.177270928297496,0.129673462554345,0.0951949314863024,0.0236980860821117,TRUE,199,199,0,"OK","P14-C005",35,20,302,0.17,"informative","weak","exact_knot",7,26,0.995016327561445,0,1,0.0560000000000009
"V4-CMP-TWO-STAGE-FREQ-BOOT-RESP-v1","V4-TARGET-RESPONDENT-WEIGHTED-v1",0.132332202036026,0.116036133120185,0.0162960689158409,0.0760042573990656,0.191242712513836,0.133623484956451,0.11523845511477,0.0315089661988581,TRUE,199,199,0,"OK","P14-C005",35,20,302,0.17,"informative","weak","exact_knot",7,26,0.995016327561445,0,1,0.0560000000000009
"V4-CMP-MOKKEN-TWOLEVEL-DELTA-v1","V4-TARGET-RESPONDENT-WEIGHTED-v1",0.132332202036024,0.116036133120185,0.016296068915839,0.0740435945053356,0.190620809566712,0.132332202036024,0.116577215061377,0.029739631947557,TRUE,,,0,"OK","P14-C005",35,20,302,0.17,"informative","weak","exact_knot",7,26,0.995016327561445,0,1,0.0560000000000009
"V4-PRI-TWO-STAGE-HBB-RESP-v1","V4-TARGET-RESPONDENT-WEIGHTED-v1",0.0807258654583627,0.116036133120185,-0.0353102676618224,0.0128830985952264,0.147189621673797,0.0800363601345117,0.134306523078571,0.0338190201946961,TRUE,199,199,0,"OK","P14-C005",36,20,357,0.17,"informative","weak","exact_knot",8,24,0.988841348470136,0.00280112044817926,0,0.0760000000000005
"V4-SENS-TWO-STAGE-HBB-CLUSTER-v1","V4-TARGET-EQUAL-CLUSTER-v1",0.0812112466094732,0.117439750744257,-0.0362285041347838,0.0295303967381645,0.15723844880512,0.093384422771642,0.127708052066955,0.0305124076882949,TRUE,199,199,0,"OK","P14-C005",36,20,357,0.17,"informative","weak","exact_knot",8,24,0.988841348470136,0.00280112044817926,0,0.0760000000000005
"V4-CMP-ONE-STAGE-CLUSTER-BB-RESP-v1","V4-TARGET-RESPONDENT-WEIGHTED-v1",0.0807258654583627,0.116036133120185,-0.0353102676618224,0.0502710011453852,0.119100419283757,0.0846857102145709,0.0688294181383713,0.0170982252676174,TRUE,199,199,0,"OK","P14-C005",36,20,357,0.17,"informative","weak","exact_knot",8,24,0.988841348470136,0.00280112044817926,0,0.0760000000000005
"V4-CMP-IID-RESP-BB-v1","WORKING-INDEPENDENCE-RESPONDENT",0.0807258654583627,0.116036133120185,-0.0353102676618224,0.0432456551902274,0.120084948678946,0.0816653019345865,0.0768392934887181,0.0199039208951811,TRUE,199,199,0,"OK","P14-C005",36,20,357,0.17,"informative","weak","exact_knot",8,24,0.988841348470136,0.00280112044817926,0,0.0760000000000005
"V4-CMP-TWO-STAGE-FREQ-BOOT-RESP-v1","V4-TARGET-RESPONDENT-WEIGHTED-v1",0.0807258654583627,0.116036133120185,-0.0353102676618224,0.022863515002959,0.138813838686095,0.080838676844527,0.115950323683136,0.0282468466250926,TRUE,199,199,0,"OK","P14-C005",36,20,357,0.17,"informative","weak","exact_knot",8,24,0.988841348470136,0.00280112044817926,0,0.0760000000000005
"V4-CMP-MOKKEN-TWOLEVEL-DELTA-v1","V4-TARGET-RESPONDENT-WEIGHTED-v1",0.0807258654583612,0.116036133120185,-0.0353102676618238,0.0322095647490815,0.129242166167641,0.0807258654583612,0.0970326014185594,0.0247536695020776,TRUE,,,0,"OK","P14-C005",36,20,357,0.17,"informative","weak","exact_knot",8,24,0.988841348470136,0.00280112044817926,0,0.0760000000000005
"V4-PRI-TWO-STAGE-HBB-RESP-v1","V4-TARGET-RESPONDENT-WEIGHTED-v1",0.145213446979832,0.116036133120185,0.0291773138596471,0.064972986009144,0.233784527764217,0.149378756886681,0.168811541755073,0.0447713650845106,TRUE,199,199,0,"OK","P14-C005",37,20,287,0.17,"informative","weak","exact_knot",7,22,0.984338977295962,0,1,0.0549999999999997
"V4-SENS-TWO-STAGE-HBB-CLUSTER-v1","V4-TARGET-EQUAL-CLUSTER-v1",0.145478995084803,0.117439750744257,0.0280392443405463,0.0540499700236501,0.232261519850976,0.143155744937313,0.178211549827326,0.0430616923101198,TRUE,199,199,0,"OK","P14-C005",37,20,287,0.17,"informative","weak","exact_knot",7,22,0.984338977295962,0,1,0.0549999999999997
"V4-CMP-ONE-STAGE-CLUSTER-BB-RESP-v1","V4-TARGET-RESPONDENT-WEIGHTED-v1",0.145213446979832,0.116036133120185,0.0291773138596471,0.0827698253535176,0.204839951424068,0.143804888388793,0.122070126070551,0.0305233063458582,TRUE,199,199,0,"OK","P14-C005",37,20,287,0.17,"informative","weak","exact_knot",7,22,0.984338977295962,0,1,0.0549999999999997
"V4-CMP-IID-RESP-BB-v1","WORKING-INDEPENDENCE-RESPONDENT",0.145213446979832,0.116036133120185,0.0291773138596471,0.10015599537099,0.192352884428591,0.14625443989979,0.0921968890576016,0.0252371165561489,TRUE,199,199,0,"OK","P14-C005",37,20,287,0.17,"informative","weak","exact_knot",7,22,0.984338977295962,0,1,0.0549999999999997
"V4-CMP-TWO-STAGE-FREQ-BOOT-RESP-v1","V4-TARGET-RESPONDENT-WEIGHTED-v1",0.145213446979832,0.116036133120185,0.0291773138596471,0.0645133278359519,0.240920803842649,0.152717065839301,0.176407476006697,0.0422903653848565,TRUE,199,199,0,"OK","P14-C005",37,20,287,0.17,"informative","weak","exact_knot",7,22,0.984338977295962,0,1,0.0549999999999997
"V4-CMP-MOKKEN-TWOLEVEL-DELTA-v1","V4-TARGET-RESPONDENT-WEIGHTED-v1",0.145213446979836,0.116036133120185,0.0291773138596506,0.0747631763813128,0.215663717578358,0.145213446979836,0.140900541197046,0.0359446761033497,TRUE,,,0,"OK","P14-C005",37,20,287,0.17,"informative","weak","exact_knot",7,22,0.984338977295962,0,1,0.0549999999999997
"V4-PRI-TWO-STAGE-HBB-RESP-v1","V4-TARGET-RESPONDENT-WEIGHTED-v1",0.136870915048041,0.116036133120185,0.0208347819278557,0.0706777528401583,0.202778324226344,0.136728038533251,0.132100571386185,0.034819822492163,TRUE,199,199,0,"OK","P14-C005",38,20,340,0.17,"informative","weak","exact_knot",7,26,0.992310055556744,0,1,0.0599999999999987
"V4-SENS-TWO-STAGE-HBB-CLUSTER-v1","V4-TARGET-EQUAL-CLUSTER-v1",0.13473981566368,0.117439750744257,0.017300064919423,0.0775465443640559,0.210769781865126,0.144158163114591,0.133223237501071,0.0321867254220254,TRUE,199,199,0,"OK","P14-C005",38,20,340,0.17,"informative","weak","exact_knot",7,26,0.992310055556744,0,1,0.0599999999999987
"V4-CMP-ONE-STAGE-CLUSTER-BB-RESP-v1","V4-TARGET-RESPONDENT-WEIGHTED-v1",0.136870915048041,0.116036133120185,0.0208347819278557,0.0936523064612642,0.165143166620388,0.129397736540826,0.0714908601591239,0.0175081010460767,TRUE,199,199,0,"OK","P14-C005",38,20,340,0.17,"informative","weak","exact_knot",7,26,0.992310055556744,0,1,0.0599999999999987
"V4-CMP-IID-RESP-BB-v1","WORKING-INDEPENDENCE-RESPONDENT",0.136870915048041,0.116036133120185,0.0208347819278557,0.0918475462345883,0.18192487721559,0.136886211725089,0.0900773309810017,0.0235702802863997,TRUE,199,199,0,"OK","P14-C005",38,20,340,0.17,"informative","weak","exact_knot",7,26,0.992310055556744,0,1,0.0599999999999987
"V4-CMP-TWO-STAGE-FREQ-BOOT-RESP-v1","V4-TARGET-RESPONDENT-WEIGHTED-v1",0.136870915048041,0.116036133120185,0.0208347819278557,0.0785479317958851,0.188169811836447,0.133358871816166,0.109621880040562,0.0273013816591405,TRUE,199,199,0,"OK","P14-C005",38,20,340,0.17,"informative","weak","exact_knot",7,26,0.992310055556744,0,1,0.0599999999999987
"V4-CMP-MOKKEN-TWOLEVEL-DELTA-v1","V4-TARGET-RESPONDENT-WEIGHTED-v1",0.136870915048037,0.116036133120185,0.0208347819278515,0.088191934033771,0.185549896062302,0.136870915048037,0.0973579620285311,0.024836671182858,TRUE,,,0,"OK","P14-C005",38,20,340,0.17,"informative","weak","exact_knot",7,26,0.992310055556744,0,1,0.0599999999999987
"V4-PRI-TWO-STAGE-HBB-RESP-v1","V4-TARGET-RESPONDENT-WEIGHTED-v1",0.130649399142995,0.116036133120185,0.0146132660228097,0.0617696040919258,0.222802730032667,0.142286167062296,0.161033125940741,0.0389148574597579,TRUE,199,199,0,"OK","P14-C005",39,20,314,0.17,"informative","weak","exact_knot",9,27,0.989728284554227,0,1,0.0579999999999998
"V4-SENS-TWO-STAGE-HBB-CLUSTER-v1","V4-TARGET-EQUAL-CLUSTER-v1",0.130856461625304,0.117439750744257,0.0134167108810467,0.0540627759512594,0.220855384835833,0.137459080393546,0.166792608884573,0.0406682480862469,TRUE,199,199,0,"OK","P14-C005",39,20,314,0.17,"informative","weak","exact_knot",9,27,0.989728284554227,0,1,0.0579999999999998
"V4-CMP-ONE-STAGE-CLUSTER-BB-RESP-v1","V4-TARGET-RESPONDENT-WEIGHTED-v1",0.130649399142995,0.116036133120185,0.0146132660228097,0.0968218448706194,0.169699509347678,0.133260677109149,0.072877664477059,0.0178727648119947,TRUE,199,199,0,"OK","P14-C005",39,20,314,0.17,"informative","weak","exact_knot",9,27,0.989728284554227,0,1,0.0579999999999998
"V4-CMP-IID-RESP-BB-v1","WORKING-INDEPENDENCE-RESPONDENT",0.130649399142995,0.116036133120185,0.0146132660228097,0.0844040193695299,0.18567510512243,0.13503956224598,0.1012710857529,0.0244934674463873,TRUE,199,199,0,"OK","P14-C005",39,20,314,0.17,"informative","weak","exact_knot",9,27,0.989728284554227,0,1,0.0579999999999998
"V4-CMP-TWO-STAGE-FREQ-BOOT-RESP-v1","V4-TARGET-RESPONDENT-WEIGHTED-v1",0.130649399142995,0.116036133120185,0.0146132660228097,0.0728640556850425,0.212153489641176,0.142508772663109,0.139289433956134,0.034445269861754,TRUE,199,199,0,"OK","P14-C005",39,20,314,0.17,"informative","weak","exact_knot",9,27,0.989728284554227,0,1,0.0579999999999998
"V4-CMP-MOKKEN-TWOLEVEL-DELTA-v1","V4-TARGET-RESPONDENT-WEIGHTED-v1",0.130649399142999,0.116036133120185,0.0146132660228138,0.0736942704467642,0.187604527839233,0.130649399142999,0.113910257392469,0.0290592731016944,TRUE,,,0,"OK","P14-C005",39,20,314,0.17,"informative","weak","exact_knot",9,27,0.989728284554227,0,1,0.0579999999999998
"V4-PRI-TWO-STAGE-HBB-RESP-v1","V4-TARGET-RESPONDENT-WEIGHTED-v1",0.139430339439814,0.116036133120185,0.0233942063196289,0.0706956924956966,0.229027594050983,0.14986164327334,0.158331901555286,0.0407939675169743,TRUE,199,199,0,"OK","P14-C005",40,20,377,0.17,"informative","weak","exact_knot",8,27,0.991427670048164,0,1,0.0760000000000005
"V4-SENS-TWO-STAGE-HBB-CLUSTER-v1","V4-TARGET-EQUAL-CLUSTER-v1",0.150742038182818,0.117439750744257,0.0333022874385611,0.0616014452401837,0.235754426335987,0.148677935788085,0.174152981095803,0.0420073751853915,TRUE,199,199,0,"OK","P14-C005",40,20,377,0.17,"informative","weak","exact_knot",8,27,0.991427670048164,0,1,0.0760000000000005
"V4-CMP-ONE-STAGE-CLUSTER-BB-RESP-v1","V4-TARGET-RESPONDENT-WEIGHTED-v1",0.139430339439814,0.116036133120185,0.0233942063196289,0.0919705107587012,0.197014921953316,0.144492716356009,0.105044411194615,0.0256225259127334,TRUE,199,199,0,"OK","P14-C005",40,20,377,0.17,"informative","weak","exact_knot",8,27,0.991427670048164,0,1,0.0760000000000005
"V4-CMP-IID-RESP-BB-v1","WORKING-INDEPENDENCE-RESPONDENT",0.139430339439814,0.116036133120185,0.0233942063196289,0.0954065328534725,0.192287523195969,0.143847028024721,0.0968809903424961,0.0238546674688348,TRUE,199,199,0,"OK","P14-C005",40,20,377,0.17,"informative","weak","exact_knot",8,27,0.991427670048164,0,1,0.0760000000000005
"V4-CMP-TWO-STAGE-FREQ-BOOT-RESP-v1","V4-TARGET-RESPONDENT-WEIGHTED-v1",0.139430339439814,0.116036133120185,0.0233942063196289,0.0798335649896349,0.210482473556449,0.145158019273042,0.130648908566814,0.0317241436258698,TRUE,199,199,0,"OK","P14-C005",40,20,377,0.17,"informative","weak","exact_knot",8,27,0.991427670048164,0,1,0.0760000000000005
"V4-CMP-MOKKEN-TWOLEVEL-DELTA-v1","V4-TARGET-RESPONDENT-WEIGHTED-v1",0.139430339439806,0.116036133120185,0.0233942063196206,0.0734114609599484,0.205449217919663,0.139430339439806,0.132037756959715,0.0336837202114966,TRUE,,,0,"OK","P14-C005",40,20,377,0.17,"informative","weak","exact_knot",8,27,0.991427670048164,0,1,0.0760000000000005
"V4-PRI-TWO-STAGE-HBB-RESP-v1","V4-TARGET-RESPONDENT-WEIGHTED-v1",0.122455541429967,0.116036133120185,0.0064194083097821,0.0598085956754916,0.188669715206082,0.124239155440787,0.128861119530591,0.0338780201752993,TRUE,199,199,0,"OK","P14-C005",41,20,349,0.17,"informative","weak","exact_knot",10,26,0.993469449358179,0,1,0.0609999999999999
"V4-SENS-TWO-STAGE-HBB-CLUSTER-v1","V4-TARGET-EQUAL-CLUSTER-v1",0.130435358387884,0.117439750744257,0.0129956076436269,0.0691165977825489,0.21103240141675,0.140074499599649,0.141915803634201,0.0378317667756806,TRUE,199,199,0,"OK","P14-C005",41,20,349,0.17,"informative","weak","exact_knot",10,26,0.993469449358179,0,1,0.0609999999999999
"V4-CMP-ONE-STAGE-CLUSTER-BB-RESP-v1","V4-TARGET-RESPONDENT-WEIGHTED-v1",0.122455541429967,0.116036133120185,0.0064194083097821,0.0819847340961851,0.173472639338082,0.127728686717134,0.0914879052418973,0.0228006741103035,TRUE,199,199,0,"OK","P14-C005",41,20,349,0.17,"informative","weak","exact_knot",10,26,0.993469449358179,0,1,0.0609999999999999
"V4-CMP-IID-RESP-BB-v1","WORKING-INDEPENDENCE-RESPONDENT",0.122455541429967,0.116036133120185,0.0064194083097821,0.081665266600279,0.163656842370715,0.122661054485497,0.0819915757704361,0.0208149264575598,TRUE,199,199,0,"OK","P14-C005",41,20,349,0.17,"informative","weak","exact_knot",10,26,0.993469449358179,0,1,0.0609999999999999
"V4-CMP-TWO-STAGE-FREQ-BOOT-RESP-v1","V4-TARGET-RESPONDENT-WEIGHTED-v1",0.122455541429967,0.116036133120185,0.0064194083097821,0.0666271712821988,0.199513504931381,0.13307033810679,0.132886333649182,0.0315950520769501,TRUE,199,199,0,"OK","P14-C005",41,20,349,0.17,"informative","weak","exact_knot",10,26,0.993469449358179,0,1,0.0609999999999999
"V4-CMP-MOKKEN-TWOLEVEL-DELTA-v1","V4-TARGET-RESPONDENT-WEIGHTED-v1",0.122455541429964,0.116036133120185,0.00641940830977915,0.0627025769616203,0.182208505898308,0.122455541429964,0.119505928936688,0.0304867665628897,TRUE,,,0,"OK","P14-C005",41,20,349,0.17,"informative","weak","exact_knot",10,26,0.993469449358179,0,1,0.0609999999999999
"V4-PRI-TWO-STAGE-HBB-RESP-v1","V4-TARGET-RESPONDENT-WEIGHTED-v1",0.139483434840974,0.116036133120185,0.023447301720789,0.0587359660872522,0.248604724716822,0.153670345402037,0.18986875862957,0.0501438210176212,TRUE,199,199,0,"OK","P14-C005",42,20,301,0.17,"informative","weak","exact_knot",8,25,0.995013211922902,0,1,0.0560000000000009
"V4-SENS-TWO-STAGE-HBB-CLUSTER-v1","V4-TARGET-EQUAL-CLUSTER-v1",0.133456833126811,0.117439750744257,0.0160170823825542,0.0488306269788927,0.230808229629733,0.139819428304313,0.18197760265084,0.0465657117539614,TRUE,199,199,0,"OK","P14-C005",42,20,301,0.17,"informative","weak","exact_knot",8,25,0.995013211922902,0,1,0.0560000000000009
"V4-CMP-ONE-STAGE-CLUSTER-BB-RESP-v1","V4-TARGET-RESPONDENT-WEIGHTED-v1",0.139483434840974,0.116036133120185,0.023447301720789,0.0761841932468083,0.201379466530662,0.138781829888735,0.125195273283854,0.0328394595089125,TRUE,199,199,0,"OK","P14-C005",42,20,301,0.17,"informative","weak","exact_knot",8,25,0.995013211922902,0,1,0.0560000000000009
"V4-CMP-IID-RESP-BB-v1","WORKING-INDEPENDENCE-RESPONDENT",0.139483434840974,0.116036133120185,0.023447301720789,0.0903630564603267,0.190990393834847,0.140676725147587,0.10062733737452,0.0259794299261687,TRUE,199,199,0,"OK","P14-C005",42,20,301,0.17,"informative","weak","exact_knot",8,25,0.995013211922902,0,1,0.0560000000000009
"V4-CMP-TWO-STAGE-FREQ-BOOT-RESP-v1","V4-TARGET-RESPONDENT-WEIGHTED-v1",0.139483434840974,0.116036133120185,0.023447301720789,0.0416843783740594,0.228370330097384,0.135027354235722,0.186685951723325,0.0448481718872161,TRUE,199,199,0,"OK","P14-C005",42,20,301,0.17,"informative","weak","exact_knot",8,25,0.995013211922902,0,1,0.0560000000000009
"V4-CMP-MOKKEN-TWOLEVEL-DELTA-v1","V4-TARGET-RESPONDENT-WEIGHTED-v1",0.139483434840965,0.116036133120185,0.0234473017207796,0.0636564593151611,0.215310410366768,0.139483434840965,0.151653951051607,0.0386879433111613,TRUE,,,0,"OK","P14-C005",42,20,301,0.17,"informative","weak","exact_knot",8,25,0.995013211922902,0,1,0.0560000000000009
"V4-PRI-TWO-STAGE-HBB-RESP-v1","V4-TARGET-RESPONDENT-WEIGHTED-v1",0.122879316440276,0.116036133120185,0.00684318332009118,0.0382460792541455,0.199016659566134,0.11863136941014,0.160770580311989,0.0372251471045869,TRUE,199,199,0,"OK","P14-C005",43,20,343,0.17,"informative","weak","exact_knot",9,27,0.986172602197298,0,1,0.0599999999999987
"V4-SENS-TWO-STAGE-HBB-CLUSTER-v1","V4-TARGET-EQUAL-CLUSTER-v1",0.122138445407499,0.117439750744257,0.00469869466324242,0.0643739386988999,0.197527551027028,0.130950744862964,0.133153612328129,0.0368962060866047,TRUE,199,199,0,"OK","P14-C005",43,20,343,0.17,"informative","weak","exact_knot",9,27,0.986172602197298,0,1,0.0599999999999987
"V4-CMP-ONE-STAGE-CLUSTER-BB-RESP-v1","V4-TARGET-RESPONDENT-WEIGHTED-v1",0.122879316440276,0.116036133120185,0.00684318332009118,0.0758409222935827,0.172448537747098,0.12414473002034,0.0966076154535155,0.0215065683419662,TRUE,199,199,0,"OK","P14-C005",43,20,343,0.17,"informative","weak","exact_knot",9,27,0.986172602197298,0,1,0.0599999999999987
"V4-CMP-IID-RESP-BB-v1","WORKING-INDEPENDENCE-RESPONDENT",0.122879316440276,0.116036133120185,0.00684318332009118,0.0808214525471723,0.178377533040245,0.129599492793709,0.0975560804930725,0.0231973968712086,TRUE,199,199,0,"OK","P14-C005",43,20,343,0.17,"informative","weak","exact_knot",9,27,0.986172602197298,0,1,0.0599999999999987
"V4-CMP-TWO-STAGE-FREQ-BOOT-RESP-v1","V4-TARGET-RESPONDENT-WEIGHTED-v1",0.122879316440276,0.116036133120185,0.00684318332009118,0.0603575951612434,0.185125132317766,0.122741363739505,0.124767537156522,0.0314103245357739,TRUE,199,199,0,"OK","P14-C005",43,20,343,0.17,"informative","weak","exact_knot",9,27,0.986172602197298,0,1,0.0599999999999987
"V4-CMP-MOKKEN-TWOLEVEL-DELTA-v1","V4-TARGET-RESPONDENT-WEIGHTED-v1",0.122879316440275,0.116036133120185,0.00684318332009047,0.0643654110651626,0.181393221815388,0.122879316440275,0.117027810750226,0.0298545819395984,TRUE,,,0,"OK","P14-C005",43,20,343,0.17,"informative","weak","exact_knot",9,27,0.986172602197298,0,1,0.0599999999999987
"V4-PRI-TWO-STAGE-HBB-RESP-v1","V4-TARGET-RESPONDENT-WEIGHTED-v1",0.108860357708798,0.116036133120185,-0.00717577541138706,0.0473420642782269,0.188426661250893,0.11788436276456,0.141084596972666,0.0360009475885346,TRUE,199,199,0,"OK","P14-C005",44,20,326,0.17,"informative","weak","exact_knot",9,24,0.995313803530831,0,1,0.0600000000000023
"V4-SENS-TWO-STAGE-HBB-CLUSTER-v1","V4-TARGET-EQUAL-CLUSTER-v1",0.108195011318123,0.117439750744257,-0.00924473942613353,0.0356656811038865,0.196234387553362,0.115950034328624,0.160568706449475,0.0411302974583158,TRUE,199,199,0,"OK","P14-C005",44,20,326,0.17,"informative","weak","exact_knot",9,24,0.995313803530831,0,1,0.0600000000000023
"V4-CMP-ONE-STAGE-CLUSTER-BB-RESP-v1","V4-TARGET-RESPONDENT-WEIGHTED-v1",0.108860357708798,0.116036133120185,-0.00717577541138706,0.064647167896499,0.164722072353637,0.114684620125068,0.100074904457138,0.0271651531248117,TRUE,199,199,0,"OK","P14-C005",44,20,326,0.17,"informative","weak","exact_knot",9,24,0.995313803530831,0,1,0.0600000000000023
"V4-CMP-IID-RESP-BB-v1","WORKING-INDEPENDENCE-RESPONDENT",0.108860357708798,0.116036133120185,-0.00717577541138706,0.0632335450513991,0.149216011106769,0.106224778079084,0.0859824660553699,0.0200900323892855,TRUE,199,199,0,"OK","P14-C005",44,20,326,0.17,"informative","weak","exact_knot",9,24,0.995313803530831,0,1,0.0600000000000023
"V4-CMP-TWO-STAGE-FREQ-BOOT-RESP-v1","V4-TARGET-RESPONDENT-WEIGHTED-v1",0.108860357708798,0.116036133120185,-0.00717577541138706,0.0486086824962702,0.17869837236846,0.113653527432365,0.130089689872189,0.0336466576256504,TRUE,199,199,0,"OK","P14-C005",44,20,326,0.17,"informative","weak","exact_knot",9,24,0.995313803530831,0,1,0.0600000000000023
"V4-CMP-MOKKEN-TWOLEVEL-DELTA-v1","V4-TARGET-RESPONDENT-WEIGHTED-v1",0.108860357708805,0.116036133120185,-0.00717577541137983,0.0455807038277971,0.172140011589813,0.108860357708805,0.126559307762016,0.0322861309596247,TRUE,,,0,"OK","P14-C005",44,20,326,0.17,"informative","weak","exact_knot",9,24,0.995313803530831,0,1,0.0600000000000023
"V4-PRI-TWO-STAGE-HBB-RESP-v1","V4-TARGET-RESPONDENT-WEIGHTED-v1",0.0957275785482025,0.116036133120185,-0.0203085545719825,0.0246696870025752,0.170544413004061,0.0976070500033182,0.145874726001486,0.0366784961353537,TRUE,199,199,0,"OK","P14-C005",45,20,348,0.17,"informative","weak","exact_knot",7,28,0.985862951428631,0,2,0.0640000000000001
"V4-SENS-TWO-STAGE-HBB-CLUSTER-v1","V4-TARGET-EQUAL-CLUSTER-v1",0.0965354985696829,0.117439750744257,-0.0209042521745741,0.0354974326840181,0.184482629440425,0.109990031062222,0.148985196756407,0.0379604712336683,TRUE,199,199,0,"OK","P14-C005",45,20,348,0.17,"informative","weak","exact_knot",7,28,0.985862951428631,0,2,0.0640000000000001
"V4-CMP-ONE-STAGE-CLUSTER-BB-RESP-v1","V4-TARGET-RESPONDENT-WEIGHTED-v1",0.0957275785482025,0.116036133120185,-0.0203085545719825,0.0507715932582902,0.149517722894894,0.100144658076592,0.0987461296366036,0.0262709431573745,TRUE,199,199,0,"OK","P14-C005",45,20,348,0.17,"informative","weak","exact_knot",7,28,0.985862951428631,0,2,0.0640000000000001
"V4-CMP-IID-RESP-BB-v1","WORKING-INDEPENDENCE-RESPONDENT",0.0957275785482025,0.116036133120185,-0.0203085545719825,0.0618973412985027,0.137442282835787,0.0996698120671447,0.075544941537284,0.0195974073356516,TRUE,199,199,0,"OK","P14-C005",45,20,348,0.17,"informative","weak","exact_knot",7,28,0.985862951428631,0,2,0.0640000000000001
"V4-CMP-TWO-STAGE-FREQ-BOOT-RESP-v1","V4-TARGET-RESPONDENT-WEIGHTED-v1",0.0957275785482025,0.116036133120185,-0.0203085545719825,0.0328217728184657,0.158400334482572,0.0956110536505186,0.125578561664106,0.0316185386985004,TRUE,199,199,0,"OK","P14-C005",45,20,348,0.17,"informative","weak","exact_knot",7,28,0.985862951428631,0,2,0.0640000000000001
"V4-CMP-MOKKEN-TWOLEVEL-DELTA-v1","V4-TARGET-RESPONDENT-WEIGHTED-v1",0.0957275785481904,0.116036133120185,-0.0203085545719947,0.0382528323518546,0.153202324744526,0.0957275785481904,0.114949492392672,0.0293243889426996,TRUE,,,0,"OK","P14-C005",45,20,348,0.17,"informative","weak","exact_knot",7,28,0.985862951428631,0,2,0.0640000000000001
"V4-PRI-TWO-STAGE-HBB-RESP-v1","V4-TARGET-RESPONDENT-WEIGHTED-v1",0.0758648993380655,0.116036133120185,-0.0401712337821196,0.0137301228533827,0.143307816712842,0.0785189697831123,0.129577693859459,0.0325460776768116,TRUE,199,199,0,"OK","P14-C005",46,20,351,0.17,"informative","weak","exact_knot",9,25,0.994100443872389,0,1,0.0609999999999999
"V4-SENS-TWO-STAGE-HBB-CLUSTER-v1","V4-TARGET-EQUAL-CLUSTER-v1",0.066372210617785,0.117439750744257,-0.0510675401264719,0.00021633873990501,0.148643703330774,0.0744300210353395,0.148427364590869,0.0351251405582284,TRUE,199,199,0,"OK","P14-C005",46,20,351,0.17,"informative","weak","exact_knot",9,25,0.994100443872389,0,1,0.0609999999999999
"V4-CMP-ONE-STAGE-CLUSTER-BB-RESP-v1","V4-TARGET-RESPONDENT-WEIGHTED-v1",0.0758648993380655,0.116036133120185,-0.0401712337821196,0.0320949230197637,0.129504459047533,0.0807996910336485,0.0974095360277697,0.0224041356553632,TRUE,199,199,0,"OK","P14-C005",46,20,351,0.17,"informative","weak","exact_knot",9,25,0.994100443872389,0,1,0.0609999999999999
"V4-CMP-IID-RESP-BB-v1","WORKING-INDEPENDENCE-RESPONDENT",0.0758648993380655,0.116036133120185,-0.0401712337821196,0.0299070629133539,0.113581840304462,0.0717444516089078,0.0836747773911077,0.0214939937653912,FALSE,199,199,0,"OK","P14-C005",46,20,351,0.17,"informative","weak","exact_knot",9,25,0.994100443872389,0,1,0.0609999999999999
"V4-CMP-TWO-STAGE-FREQ-BOOT-RESP-v1","V4-TARGET-RESPONDENT-WEIGHTED-v1",0.0758648993380655,0.116036133120185,-0.0401712337821196,0.0124719802317331,0.136808709509829,0.0746403448707811,0.124336729278096,0.0328954890237828,TRUE,199,199,0,"OK","P14-C005",46,20,351,0.17,"informative","weak","exact_knot",9,25,0.994100443872389,0,1,0.0609999999999999
"V4-CMP-MOKKEN-TWOLEVEL-DELTA-v1","V4-TARGET-RESPONDENT-WEIGHTED-v1",0.075864899338073,0.116036133120185,-0.0401712337821121,0.01934751232827,0.132382286347876,0.075864899338073,0.113034774019606,0.0288359314026201,TRUE,,,0,"OK","P14-C005",46,20,351,0.17,"informative","weak","exact_knot",9,25,0.994100443872389,0,1,0.0609999999999999
"V4-PRI-TWO-STAGE-HBB-RESP-v1","V4-TARGET-RESPONDENT-WEIGHTED-v1",0.115353492443911,0.116036133120185,-0.00068264067627441,0.0514211734981089,0.183289309958186,0.117355241728148,0.131868136460078,0.0336622811707908,TRUE,199,199,0,"OK","P14-C005",47,20,350,0.17,"informative","weak","exact_knot",8,27,0.990413394505059,0,1,0.0609999999999999
"V4-SENS-TWO-STAGE-HBB-CLUSTER-v1","V4-TARGET-EQUAL-CLUSTER-v1",0.118611902921355,0.117439750744257,0.00117215217709774,0.0470691989085827,0.188107623075178,0.117588410991881,0.141038424166596,0.0366460007244824,TRUE,199,199,0,"OK","P14-C005",47,20,350,0.17,"informative","weak","exact_knot",8,27,0.990413394505059,0,1,0.0609999999999999
"V4-CMP-ONE-STAGE-CLUSTER-BB-RESP-v1","V4-TARGET-RESPONDENT-WEIGHTED-v1",0.115353492443911,0.116036133120185,-0.00068264067627441,0.0823230054586129,0.159556808380956,0.120939906919785,0.0772338029223435,0.0194448985635457,TRUE,199,199,0,"OK","P14-C005",47,20,350,0.17,"informative","weak","exact_knot",8,27,0.990413394505059,0,1,0.0609999999999999
"V4-CMP-IID-RESP-BB-v1","WORKING-INDEPENDENCE-RESPONDENT",0.115353492443911,0.116036133120185,-0.00068264067627441,0.0700264308203509,0.163904738822262,0.116965584821306,0.0938783080019108,0.0227657209237004,TRUE,199,199,0,"OK","P14-C005",47,20,350,0.17,"informative","weak","exact_knot",8,27,0.990413394505059,0,1,0.0609999999999999
"V4-CMP-TWO-STAGE-FREQ-BOOT-RESP-v1","V4-TARGET-RESPONDENT-WEIGHTED-v1",0.115353492443911,0.116036133120185,-0.00068264067627441,0.0575095109944237,0.16691764312143,0.112213577057927,0.109408132127006,0.0287358002980321,TRUE,199,199,0,"OK","P14-C005",47,20,350,0.17,"informative","weak","exact_knot",8,27,0.990413394505059,0,1,0.0609999999999999
"V4-CMP-MOKKEN-TWOLEVEL-DELTA-v1","V4-TARGET-RESPONDENT-WEIGHTED-v1",0.115353492443904,0.116036133120185,-0.000682640676280891,0.0624045190180107,0.168302465869798,0.115353492443904,0.105897946851787,0.0270152787722368,TRUE,,,0,"OK","P14-C005",47,20,350,0.17,"informative","weak","exact_knot",8,27,0.990413394505059,0,1,0.0609999999999999
"V4-PRI-TWO-STAGE-HBB-RESP-v1","V4-TARGET-RESPONDENT-WEIGHTED-v1",0.110267994158589,0.116036133120185,-0.0057681389615958,0.0479517741268522,0.187332365167078,0.117642069646965,0.139380591040226,0.0350588974025577,TRUE,199,199,0,"OK","P14-C005",48,20,351,0.17,"informative","weak","exact_knot",11,26,0.995801217013458,0,2,0.0619999999999976
"V4-SENS-TWO-STAGE-HBB-CLUSTER-v1","V4-TARGET-EQUAL-CLUSTER-v1",0.111434817722774,0.117439750744257,-0.00600493302148272,0.0467507575235883,0.19151115616912,0.119130956846354,0.144760398645532,0.0337737421900652,TRUE,199,199,0,"OK","P14-C005",48,20,351,0.17,"informative","weak","exact_knot",11,26,0.995801217013458,0,2,0.0619999999999976
"V4-CMP-ONE-STAGE-CLUSTER-BB-RESP-v1","V4-TARGET-RESPONDENT-WEIGHTED-v1",0.110267994158589,0.116036133120185,-0.0057681389615958,0.0717577847917376,0.145966725959884,0.108862255375811,0.0742089411681467,0.0185130316041474,TRUE,199,199,0,"OK","P14-C005",48,20,351,0.17,"informative","weak","exact_knot",11,26,0.995801217013458,0,2,0.0619999999999976
"V4-CMP-IID-RESP-BB-v1","WORKING-INDEPENDENCE-RESPONDENT",0.110267994158589,0.116036133120185,-0.0057681389615958,0.0737018960663469,0.149589036842574,0.11164546645446,0.0758871407762269,0.019391229792574,TRUE,199,199,0,"OK","P14-C005",48,20,351,0.17,"informative","weak","exact_knot",11,26,0.995801217013458,0,2,0.0619999999999976
"V4-CMP-TWO-STAGE-FREQ-BOOT-RESP-v1","V4-TARGET-RESPONDENT-WEIGHTED-v1",0.110267994158589,0.116036133120185,-0.0057681389615958,0.0600204373131493,0.170216388354159,0.115118412833654,0.11019595104101,0.029053306558954,TRUE,199,199,0,"OK","P14-C005",48,20,351,0.17,"informative","weak","exact_knot",11,26,0.995801217013458,0,2,0.0619999999999976
"V4-CMP-MOKKEN-TWOLEVEL-DELTA-v1","V4-TARGET-RESPONDENT-WEIGHTED-v1",0.110267994158595,0.116036133120185,-0.00576813896158958,0.0564177608515757,0.164118227465615,0.110267994158595,0.107700466614039,0.0274751136917737,TRUE,,,0,"OK","P14-C005",48,20,351,0.17,"informative","weak","exact_knot",11,26,0.995801217013458,0,2,0.0619999999999976
"V4-PRI-TWO-STAGE-HBB-RESP-v1","V4-TARGET-RESPONDENT-WEIGHTED-v1",0.128163164020735,0.116036133120185,0.0121270309005496,0.0663176844222033,0.19641946852299,0.131368576472597,0.130101784100787,0.0346482172907752,TRUE,199,199,0,"OK","P14-C005",49,20,303,0.17,"informative","weak","exact_knot",9,23,0.993199087989838,0,1,0.0560000000000009
"V4-SENS-TWO-STAGE-HBB-CLUSTER-v1","V4-TARGET-EQUAL-CLUSTER-v1",0.125075013946424,0.117439750744257,0.0076352632021674,0.048165914383311,0.193525533936051,0.120845724159681,0.14535961955274,0.0344083202083224,TRUE,199,199,0,"OK","P14-C005",49,20,303,0.17,"informative","weak","exact_knot",9,23,0.993199087989838,0,1,0.0560000000000009
"V4-CMP-ONE-STAGE-CLUSTER-BB-RESP-v1","V4-TARGET-RESPONDENT-WEIGHTED-v1",0.128163164020735,0.116036133120185,0.0121270309005496,0.0931639823088576,0.180735251678118,0.136949616993488,0.08757126936926,0.0205133562571077,TRUE,199,199,0,"OK","P14-C005",49,20,303,0.17,"informative","weak","exact_knot",9,23,0.993199087989838,0,1,0.0560000000000009
"V4-CMP-IID-RESP-BB-v1","WORKING-INDEPENDENCE-RESPONDENT",0.128163164020735,0.116036133120185,0.0121270309005496,0.0816050223916972,0.172398087321576,0.127001554856637,0.0907930649298788,0.0231378659108751,TRUE,199,199,0,"OK","P14-C005",49,20,303,0.17,"informative","weak","exact_knot",9,23,0.993199087989838,0,1,0.0560000000000009
"V4-CMP-TWO-STAGE-FREQ-BOOT-RESP-v1","V4-TARGET-RESPONDENT-WEIGHTED-v1",0.128163164020735,0.116036133120185,0.0121270309005496,0.0677594677132138,0.189927777184493,0.128843622448854,0.12216830947128,0.0311657841181721,TRUE,199,199,0,"OK","P14-C005",49,20,303,0.17,"informative","weak","exact_knot",9,23,0.993199087989838,0,1,0.0560000000000009
"V4-CMP-MOKKEN-TWOLEVEL-DELTA-v1","V4-TARGET-RESPONDENT-WEIGHTED-v1",0.128163164020726,0.116036133120185,0.0121270309005412,0.0709587565465082,0.185367571494944,0.128163164020726,0.114408814948436,0.0291864584887473,TRUE,,,0,"OK","P14-C005",49,20,303,0.17,"informative","weak","exact_knot",9,23,0.993199087989838,0,1,0.0560000000000009
"V4-PRI-TWO-STAGE-HBB-RESP-v1","V4-TARGET-RESPONDENT-WEIGHTED-v1",0.124396706930555,0.116036133120185,0.00836057381037013,0.0549158120173907,0.202523436189695,0.128719624103543,0.147607624172305,0.0373636808497883,TRUE,199,199,0,"OK","P14-C005",50,20,332,0.17,"informative","weak","exact_knot",7,26,0.993280244615718,0,1,0.0599999999999987
"V4-SENS-TWO-STAGE-HBB-CLUSTER-v1","V4-TARGET-EQUAL-CLUSTER-v1",0.129399318977852,0.117439750744257,0.0119595682335948,0.0647652285639273,0.210882337151319,0.137823782857623,0.146117108587391,0.0370489145024505,TRUE,199,199,0,"OK","P14-C005",50,20,332,0.17,"informative","weak","exact_knot",7,26,0.993280244615718,0,1,0.0599999999999987
"V4-CMP-ONE-STAGE-CLUSTER-BB-RESP-v1","V4-TARGET-RESPONDENT-WEIGHTED-v1",0.124396706930555,0.116036133120185,0.00836057381037013,0.0903806846641313,0.159197768243559,0.124789226453845,0.0688170835794278,0.0184370054884534,TRUE,199,199,0,"OK","P14-C005",50,20,332,0.17,"informative","weak","exact_knot",7,26,0.993280244615718,0,1,0.0599999999999987
"V4-CMP-IID-RESP-BB-v1","WORKING-INDEPENDENCE-RESPONDENT",0.124396706930555,0.116036133120185,0.00836057381037013,0.074177656162292,0.172040872322489,0.123109264242391,0.0978632161601972,0.0247833067423073,TRUE,199,199,0,"OK","P14-C005",50,20,332,0.17,"informative","weak","exact_knot",7,26,0.993280244615718,0,1,0.0599999999999987
"V4-CMP-TWO-STAGE-FREQ-BOOT-RESP-v1","V4-TARGET-RESPONDENT-WEIGHTED-v1",0.124396706930555,0.116036133120185,0.00836057381037013,0.0710559262116584,0.185490599232197,0.128273262721928,0.114434673020538,0.0299968609379493,TRUE,199,199,0,"OK","P14-C005",50,20,332,0.17,"informative","weak","exact_knot",7,26,0.993280244615718,0,1,0.0599999999999987
"V4-CMP-MOKKEN-TWOLEVEL-DELTA-v1","V4-TARGET-RESPONDENT-WEIGHTED-v1",0.12439670693055,0.116036133120185,0.00836057381036458,0.0669958507917494,0.18179756306935,0.12439670693055,0.1148017122776,0.029286689241012,TRUE,,,0,"OK","P14-C005",50,20,332,0.17,"informative","weak","exact_knot",7,26,0.993280244615718,0,1,0.0599999999999987
"V4-PRI-TWO-STAGE-HBB-RESP-v1","V4-TARGET-RESPONDENT-WEIGHTED-v1",0.100452469437397,0.116036133120185,-0.0155836636827882,0.0488513731399633,0.174659519920866,0.111755446530415,0.125808146780903,0.0326928880140511,TRUE,199,199,0,"OK","P14-C005",51,20,327,0.17,"informative","weak","exact_knot",10,24,0.996862964649694,0.00305810397553519,0,0.0580000000000034
"V4-SENS-TWO-STAGE-HBB-CLUSTER-v1","V4-TARGET-EQUAL-CLUSTER-v1",0.102506482307004,0.117439750744257,-0.0149332684372526,0.0410111681416351,0.183979964406892,0.112495566274264,0.142968796265257,0.036533308280412,TRUE,199,199,0,"OK","P14-C005",51,20,327,0.17,"informative","weak","exact_knot",10,24,0.996862964649694,0.00305810397553519,0,0.0580000000000034
"V4-CMP-ONE-STAGE-CLUSTER-BB-RESP-v1","V4-TARGET-RESPONDENT-WEIGHTED-v1",0.100452469437397,0.116036133120185,-0.0155836636827882,0.0677891964114582,0.140218421633321,0.10400380902239,0.0724292252218628,0.0180525625558045,TRUE,199,199,0,"OK","P14-C005",51,20,327,0.17,"informative","weak","exact_knot",10,24,0.996862964649694,0.00305810397553519,0,0.0580000000000034
"V4-CMP-IID-RESP-BB-v1","WORKING-INDEPENDENCE-RESPONDENT",0.100452469437397,0.116036133120185,-0.0155836636827882,0.0586209720472068,0.14781276364126,0.103216867844233,0.0891917915940533,0.0231454598303515,TRUE,199,199,0,"OK","P14-C005",51,20,327,0.17,"informative","weak","exact_knot",10,24,0.996862964649694,0.00305810397553519,0,0.0580000000000034
"V4-CMP-TWO-STAGE-FREQ-BOOT-RESP-v1","V4-TARGET-RESPONDENT-WEIGHTED-v1",0.100452469437397,0.116036133120185,-0.0155836636827882,0.0406585781704076,0.157797427684752,0.0992280029275798,0.117138849514345,0.0283396540843527,TRUE,199,199,0,"OK","P14-C005",51,20,327,0.17,"informative","weak","exact_knot",10,24,0.996862964649694,0.00305810397553519,0,0.0580000000000034
"V4-CMP-MOKKEN-TWOLEVEL-DELTA-v1","V4-TARGET-RESPONDENT-WEIGHTED-v1",0.100452469437385,0.116036133120185,-0.0155836636828003,0.0475322393460494,0.15337269952872,0.100452469437385,0.105840460182671,0.0270006135361483,TRUE,,,0,"OK","P14-C005",51,20,327,0.17,"informative","weak","exact_knot",10,24,0.996862964649694,0.00305810397553519,0,0.0580000000000034
"V4-PRI-TWO-STAGE-HBB-RESP-v1","V4-TARGET-RESPONDENT-WEIGHTED-v1",0.110691788336648,0.116036133120185,-0.00534434478353697,0.0571831161204175,0.194945025738757,0.126064070929587,0.13776190961834,0.0351745324439042,TRUE,199,199,0,"OK","P14-C005",52,20,349,0.17,"informative","weak","exact_knot",10,28,0.971153608429053,0,1,0.0609999999999999
"V4-SENS-TWO-STAGE-HBB-CLUSTER-v1","V4-TARGET-EQUAL-CLUSTER-v1",0.109333619837276,0.117439750744257,-0.00810613090698098,0.0567943649703877,0.191093656504136,0.123944010737262,0.134299291533748,0.0332255619059123,TRUE,199,199,0,"OK","P14-C005",52,20,349,0.17,"informative","weak","exact_knot",10,28,0.971153608429053,0,1,0.0609999999999999
"V4-CMP-ONE-STAGE-CLUSTER-BB-RESP-v1","V4-TARGET-RESPONDENT-WEIGHTED-v1",0.110691788336648,0.116036133120185,-0.00534434478353697,0.0706751977332448,0.150197590293874,0.11043639401356,0.0795223925606296,0.0199518179221388,TRUE,199,199,0,"OK","P14-C005",52,20,349,0.17,"informative","weak","exact_knot",10,28,0.971153608429053,0,1,0.0609999999999999
"V4-CMP-IID-RESP-BB-v1","WORKING-INDEPENDENCE-RESPONDENT",0.110691788336648,0.116036133120185,-0.00534434478353697,0.0734595539661382,0.15578577685777,0.114622665411954,0.0823262228916315,0.0218974868300301,TRUE,199,199,0,"OK","P14-C005",52,20,349,0.17,"informative","weak","exact_knot",10,28,0.971153608429053,0,1,0.0609999999999999
"V4-CMP-TWO-STAGE-FREQ-BOOT-RESP-v1","V4-TARGET-RESPONDENT-WEIGHTED-v1",0.110691788336648,0.116036133120185,-0.00534434478353697,0.0494755031006315,0.168477121606841,0.108976312353736,0.119001618506209,0.0298654600615582,TRUE,199,199,0,"OK","P14-C005",52,20,349,0.17,"informative","weak","exact_knot",10,28,0.971153608429053,0,1,0.0609999999999999
"V4-CMP-MOKKEN-TWOLEVEL-DELTA-v1","V4-TARGET-RESPONDENT-WEIGHTED-v1",0.110691788336647,0.116036133120185,-0.00534434478353853,0.0561717839212221,0.165211792752071,0.110691788336647,0.109040008830849,0.0278168399243411,TRUE,,,0,"OK","P14-C005",52,20,349,0.17,"informative","weak","exact_knot",10,28,0.971153608429053,0,1,0.0609999999999999
"V4-PRI-TWO-STAGE-HBB-RESP-v1","V4-TARGET-RESPONDENT-WEIGHTED-v1",0.151456666398325,0.116036133120185,0.0354205332781402,0.0813271716563558,0.239583993820268,0.160455582738312,0.158256822163912,0.0416800740545595,TRUE,199,199,0,"OK","P14-C005",53,20,334,0.17,"informative","weak","exact_knot",8,26,0.997273620844612,0,1,0.0609999999999999
"V4-SENS-TWO-STAGE-HBB-CLUSTER-v1","V4-TARGET-EQUAL-CLUSTER-v1",0.140383039014233,0.117439750744257,0.0229432882699758,0.0573985432344493,0.246591011107606,0.151994777171028,0.189192467873157,0.0444103267759083,TRUE,199,199,0,"OK","P14-C005",53,20,334,0.17,"informative","weak","exact_knot",8,26,0.997273620844612,0,1,0.0609999999999999
"V4-CMP-ONE-STAGE-CLUSTER-BB-RESP-v1","V4-TARGET-RESPONDENT-WEIGHTED-v1",0.151456666398325,0.116036133120185,0.0354205332781402,0.107267489900775,0.209553642267402,0.158410566084089,0.102286152366627,0.0258152004097139,TRUE,199,199,0,"OK","P14-C005",53,20,334,0.17,"informative","weak","exact_knot",8,26,0.997273620844612,0,1,0.0609999999999999
"V4-CMP-IID-RESP-BB-v1","WORKING-INDEPENDENCE-RESPONDENT",0.151456666398325,0.116036133120185,0.0354205332781402,0.104723216640077,0.205967938952776,0.155345577796427,0.101244722312699,0.026075334958837,TRUE,199,199,0,"OK","P14-C005",53,20,334,0.17,"informative","weak","exact_knot",8,26,0.997273620844612,0,1,0.0609999999999999
"V4-CMP-TWO-STAGE-FREQ-BOOT-RESP-v1","V4-TARGET-RESPONDENT-WEIGHTED-v1",0.151456666398325,0.116036133120185,0.0354205332781402,0.0725229919405353,0.227371075870679,0.149947033905607,0.154848083930144,0.0367490743490073,TRUE,199,199,0,"OK","P14-C005",53,20,334,0.17,"informative","weak","exact_knot",8,26,0.997273620844612,0,1,0.0609999999999999
"V4-CMP-MOKKEN-TWOLEVEL-DELTA-v1","V4-TARGET-RESPONDENT-WEIGHTED-v1",0.151456666398334,0.116036133120185,0.0354205332781491,0.0871400580200195,0.215773274776649,0.151456666398334,0.128633216756629,0.0328151990983691,TRUE,,,0,"OK","P14-C005",53,20,334,0.17,"informative","weak","exact_knot",8,26,0.997273620844612,0,1,0.0609999999999999
"V4-PRI-TWO-STAGE-HBB-RESP-v1","V4-TARGET-RESPONDENT-WEIGHTED-v1",0.150662241740278,0.116036133120185,0.0346261086200926,0.0650889367428468,0.237709892663164,0.151399414703005,0.172620955920317,0.0449674226832474,TRUE,199,199,0,"OK","P14-C005",54,20,358,0.17,"informative","weak","exact_knot",10,26,0.997849626573283,0,1,0.0619999999999976
"V4-SENS-TWO-STAGE-HBB-CLUSTER-v1","V4-TARGET-EQUAL-CLUSTER-v1",0.130567586106414,0.117439750744257,0.0131278353621571,0.0473639708999139,0.206705904361718,0.127034937630816,0.159341933461804,0.0415450396368438,TRUE,199,199,0,"OK","P14-C005",54,20,358,0.17,"informative","weak","exact_knot",10,26,0.997849626573283,0,1,0.0619999999999976
"V4-CMP-ONE-STAGE-CLUSTER-BB-RESP-v1","V4-TARGET-RESPONDENT-WEIGHTED-v1",0.150662241740278,0.116036133120185,0.0346261086200926,0.0917912170820264,0.232325031398292,0.162058124240159,0.140533814316265,0.0342588513316286,TRUE,199,199,0,"OK","P14-C005",54,20,358,0.17,"informative","weak","exact_knot",10,26,0.997849626573283,0,1,0.0619999999999976
"V4-CMP-IID-RESP-BB-v1","WORKING-INDEPENDENCE-RESPONDENT",0.150662241740278,0.116036133120185,0.0346261086200926,0.113297297531988,0.195467526769925,0.154382412150956,0.0821702292379373,0.0207038046569032,TRUE,199,199,0,"OK","P14-C005",54,20,358,0.17,"informative","weak","exact_knot",10,26,0.997849626573283,0,1,0.0619999999999976
"V4-CMP-TWO-STAGE-FREQ-BOOT-RESP-v1","V4-TARGET-RESPONDENT-WEIGHTED-v1",0.150662241740278,0.116036133120185,0.0346261086200926,0.0762356827611167,0.235068680395674,0.155652181578395,0.158832997634557,0.0414357562776128,TRUE,199,199,0,"OK","P14-C005",54,20,358,0.17,"informative","weak","exact_knot",10,26,0.997849626573283,0,1,0.0619999999999976
"V4-CMP-MOKKEN-TWOLEVEL-DELTA-v1","V4-TARGET-RESPONDENT-WEIGHTED-v1",0.150662241740266,0.116036133120185,0.0346261086200812,0.0801899502202455,0.221134533260287,0.150662241740266,0.140944583040041,0.0359559114738318,TRUE,,,0,"OK","P14-C005",54,20,358,0.17,"informative","weak","exact_knot",10,26,0.997849626573283,0,1,0.0619999999999976
"V4-PRI-TWO-STAGE-HBB-RESP-v1","V4-TARGET-RESPONDENT-WEIGHTED-v1",0.124179398307895,0.116036133120185,0.00814326518771007,0.057374610126857,0.19842509536277,0.127899852744814,0.141050485235913,0.0364074233312904,TRUE,199,199,0,"OK","P14-C005",55,20,333,0.17,"informative","weak","exact_knot",7,28,0.986103145880016,0,1,0.0600000000000023
"V4-SENS-TWO-STAGE-HBB-CLUSTER-v1","V4-TARGET-EQUAL-CLUSTER-v1",0.136210411837703,0.117439750744257,0.0187706610934456,0.0521003278167786,0.223774066861071,0.137937197338925,0.171673739044292,0.0447624002908721,TRUE,199,199,0,"OK","P14-C005",55,20,333,0.17,"informative","weak","exact_knot",7,28,0.986103145880016,0,1,0.0600000000000023
"V4-CMP-ONE-STAGE-CLUSTER-BB-RESP-v1","V4-TARGET-RESPONDENT-WEIGHTED-v1",0.124179398307895,0.116036133120185,0.00814326518771007,0.068987209923389,0.162232258405252,0.115609734164321,0.0932450484818632,0.0237146939455656,TRUE,199,199,0,"OK","P14-C005",55,20,333,0.17,"informative","weak","exact_knot",7,28,0.986103145880016,0,1,0.0600000000000023
"V4-CMP-IID-RESP-BB-v1","WORKING-INDEPENDENCE-RESPONDENT",0.124179398307895,0.116036133120185,0.00814326518771007,0.0840538499255977,0.172654430367345,0.128354140146471,0.0886005804417473,0.0229997470999384,TRUE,199,199,0,"OK","P14-C005",55,20,333,0.17,"informative","weak","exact_knot",7,28,0.986103145880016,0,1,0.0600000000000023
"V4-CMP-TWO-STAGE-FREQ-BOOT-RESP-v1","V4-TARGET-RESPONDENT-WEIGHTED-v1",0.124179398307895,0.116036133120185,0.00814326518771007,0.0616285739719702,0.194912683722604,0.128270628847287,0.133284109750634,0.0311109167745456,TRUE,199,199,0,"OK","P14-C005",55,20,333,0.17,"informative","weak","exact_knot",7,28,0.986103145880016,0,1,0.0600000000000023
"V4-CMP-MOKKEN-TWOLEVEL-DELTA-v1","V4-TARGET-RESPONDENT-WEIGHTED-v1",0.124179398307887,0.116036133120185,0.00814326518770246,0.0641512985325736,0.184207498083201,0.124179398307887,0.120056199550628,0.0306271442989809,TRUE,,,0,"OK","P14-C005",55,20,333,0.17,"informative","weak","exact_knot",7,28,0.986103145880016,0,1,0.0600000000000023
"V4-PRI-TWO-STAGE-HBB-RESP-v1","V4-TARGET-RESPONDENT-WEIGHTED-v1",0.104829391599233,0.116036133120185,-0.011206741520952,0.0303547456644533,0.184242284197457,0.107298514930955,0.153887538533003,0.0382204255254226,TRUE,199,199,0,"OK","P14-C005",56,20,331,0.17,"informative","weak","exact_knot",7,23,0.990974315133049,0,1,0.0599999999999987
"V4-SENS-TWO-STAGE-HBB-CLUSTER-v1","V4-TARGET-EQUAL-CLUSTER-v1",0.112024428818507,0.117439750744257,-0.00541532192575041,0.0442125080041604,0.19102544810133,0.117618978052745,0.14681294009717,0.0377220826007104,TRUE,199,199,0,"OK","P14-C005",56,20,331,0.17,"informative","weak","exact_knot",7,23,0.990974315133049,0,1,0.0599999999999987
"V4-CMP-ONE-STAGE-CLUSTER-BB-RESP-v1","V4-TARGET-RESPONDENT-WEIGHTED-v1",0.104829391599233,0.116036133120185,-0.011206741520952,0.052850343223685,0.162533088647625,0.107691715935655,0.10968274542394,0.0262084442412021,TRUE,199,199,0,"OK","P14-C005",56,20,331,0.17,"informative","weak","exact_knot",7,23,0.990974315133049,0,1,0.0599999999999987
"V4-CMP-IID-RESP-BB-v1","WORKING-INDEPENDENCE-RESPONDENT",0.104829391599233,0.116036133120185,-0.011206741520952,0.0605715497856602,0.15059933647911,0.105585443132385,0.09002778669345,0.0232153442781197,TRUE,199,199,0,"OK","P14-C005",56,20,331,0.17,"informative","weak","exact_knot",7,23,0.990974315133049,0,1,0.0599999999999987
"V4-CMP-TWO-STAGE-FREQ-BOOT-RESP-v1","V4-TARGET-RESPONDENT-WEIGHTED-v1",0.104829391599233,0.116036133120185,-0.011206741520952,0.050188601723078,0.184579298949824,0.117383950336451,0.134390697226746,0.0343566810539372,TRUE,199,199,0,"OK","P14-C005",56,20,331,0.17,"informative","weak","exact_knot",7,23,0.990974315133049,0,1,0.0599999999999987
"V4-CMP-MOKKEN-TWOLEVEL-DELTA-v1","V4-TARGET-RESPONDENT-WEIGHTED-v1",0.104829391599244,0.116036133120185,-0.0112067415209414,0.0432385428586706,0.166420240339817,0.104829391599244,0.123181697481146,0.0314244798508513,TRUE,,,0,"OK","P14-C005",56,20,331,0.17,"informative","weak","exact_knot",7,23,0.990974315133049,0,1,0.0599999999999987
"V4-PRI-TWO-STAGE-HBB-RESP-v1","V4-TARGET-RESPONDENT-WEIGHTED-v1",0.107073817734049,0.116036133120185,-0.0089623153861362,0.0489074724008412,0.176422706460173,0.112665089430507,0.127515234059332,0.032546929580248,TRUE,199,199,0,"OK","P14-C005",57,20,360,0.17,"informative","weak","exact_knot",9,28,0.986869076423012,0,1,0.0620000000000012
"V4-SENS-TWO-STAGE-HBB-CLUSTER-v1","V4-TARGET-EQUAL-CLUSTER-v1",0.111410622121571,0.117439750744257,-0.00602912862268613,0.0544775688397346,0.184228707152414,0.119353137996074,0.129751138312679,0.033932449762043,TRUE,199,199,0,"OK","P14-C005",57,20,360,0.17,"informative","weak","exact_knot",9,28,0.986869076423012,0,1,0.0620000000000012
"V4-CMP-ONE-STAGE-CLUSTER-BB-RESP-v1","V4-TARGET-RESPONDENT-WEIGHTED-v1",0.107073817734049,0.116036133120185,-0.0089623153861362,0.069639131156928,0.143784554011723,0.106711842584326,0.074145422854795,0.0185010091175138,TRUE,199,199,0,"OK","P14-C005",57,20,360,0.17,"informative","weak","exact_knot",9,28,0.986869076423012,0,1,0.0620000000000012
"V4-CMP-IID-RESP-BB-v1","WORKING-INDEPENDENCE-RESPONDENT",0.107073817734049,0.116036133120185,-0.0089623153861362,0.0736225651190907,0.148725296191973,0.111173930655532,0.0751027310728822,0.0183925071543089,TRUE,199,199,0,"OK","P14-C005",57,20,360,0.17,"informative","weak","exact_knot",9,28,0.986869076423012,0,1,0.0620000000000012
"V4-CMP-TWO-STAGE-FREQ-BOOT-RESP-v1","V4-TARGET-RESPONDENT-WEIGHTED-v1",0.107073817734049,0.116036133120185,-0.0089623153861362,0.0536599016754061,0.16470760722495,0.109183754450178,0.111047705549544,0.0271693046122008,TRUE,199,199,0,"OK","P14-C005",57,20,360,0.17,"informative","weak","exact_knot",9,28,0.986869076423012,0,1,0.0620000000000012
"V4-CMP-MOKKEN-TWOLEVEL-DELTA-v1","V4-TARGET-RESPONDENT-WEIGHTED-v1",0.107073817734044,0.116036133120185,-0.00896231538614058,0.0574477668736126,0.156699868594476,0.107073817734044,0.0992521017208636,0.0253198789630196,TRUE,,,0,"OK","P14-C005",57,20,360,0.17,"informative","weak","exact_knot",9,28,0.986869076423012,0,1,0.0620000000000012
"V4-PRI-TWO-STAGE-HBB-RESP-v1","V4-TARGET-RESPONDENT-WEIGHTED-v1",0.114730604476034,0.116036133120185,-0.00130552864415058,0.0524183907878472,0.17547290612719,0.113945648457518,0.123054515339342,0.0333137993145938,TRUE,199,199,0,"OK","P14-C005",58,20,297,0.17,"informative","weak","exact_knot",6,26,0.989253819591507,0,3,0.0569999999999986
"V4-SENS-TWO-STAGE-HBB-CLUSTER-v1","V4-TARGET-EQUAL-CLUSTER-v1",0.123497406973755,0.117439750744257,0.00605765622949811,0.0569497332751956,0.201690747259253,0.129320240267225,0.144741013984058,0.0366818386999027,TRUE,199,199,0,"OK","P14-C005",58,20,297,0.17,"informative","weak","exact_knot",6,26,0.989253819591507,0,3,0.0569999999999986
"V4-CMP-ONE-STAGE-CLUSTER-BB-RESP-v1","V4-TARGET-RESPONDENT-WEIGHTED-v1",0.114730604476034,0.116036133120185,-0.00130552864415058,0.080925824261516,0.154683975675039,0.117804899968278,0.0737581514135232,0.0194626344258741,TRUE,199,199,0,"OK","P14-C005",58,20,297,0.17,"informative","weak","exact_knot",6,26,0.989253819591507,0,3,0.0569999999999986
"V4-CMP-IID-RESP-BB-v1","WORKING-INDEPENDENCE-RESPONDENT",0.114730604476034,0.116036133120185,-0.00130552864415058,0.0728376254221882,0.158261431771391,0.11554952859679,0.0854238063492028,0.0217894550453194,TRUE,199,199,0,"OK","P14-C005",58,20,297,0.17,"informative","weak","exact_knot",6,26,0.989253819591507,0,3,0.0569999999999986
"V4-CMP-TWO-STAGE-FREQ-BOOT-RESP-v1","V4-TARGET-RESPONDENT-WEIGHTED-v1",0.114730604476034,0.116036133120185,-0.00130552864415058,0.0576002302996474,0.160583801864227,0.109092016081937,0.102983571564579,0.0256820043128642,TRUE,199,199,0,"OK","P14-C005",58,20,297,0.17,"informative","weak","exact_knot",6,26,0.989253819591507,0,3,0.0569999999999986
"V4-CMP-MOKKEN-TWOLEVEL-DELTA-v1","V4-TARGET-RESPONDENT-WEIGHTED-v1",0.114730604476033,0.116036133120185,-0.00130552864415247,0.0664725885925708,0.162988620359494,0.114730604476033,0.0965160317669235,0.0246218891082259,TRUE,,,0,"OK","P14-C005",58,20,297,0.17,"informative","weak","exact_knot",6,26,0.989253819591507,0,3,0.0569999999999986
"V4-PRI-TWO-STAGE-HBB-RESP-v1","V4-TARGET-RESPONDENT-WEIGHTED-v1",0.119592364581376,0.116036133120185,0.00355623146119069,0.0451100508582394,0.20854134911489,0.126825699986565,0.163431298256651,0.0398606725399429,TRUE,199,199,0,"OK","P14-C005",59,20,352,0.17,"informative","weak","exact_knot",9,26,0.990707566489174,0.00284090909090906,0,0.0609999999999999
"V4-SENS-TWO-STAGE-HBB-CLUSTER-v1","V4-TARGET-EQUAL-CLUSTER-v1",0.125925785260691,0.117439750744257,0.00848603451643382,0.0588700649337746,0.217884232080431,0.138377148507103,0.159014167146656,0.0391188846635918,TRUE,199,199,0,"OK","P14-C005",59,20,352,0.17,"informative","weak","exact_knot",9,26,0.990707566489174,0.00284090909090906,0,0.0609999999999999
"V4-CMP-ONE-STAGE-CLUSTER-BB-RESP-v1","V4-TARGET-RESPONDENT-WEIGHTED-v1",0.119592364581376,0.116036133120185,0.00355623146119069,0.0775926117560691,0.166806337280543,0.122199474518306,0.0892137255244742,0.0220633991110078,TRUE,199,199,0,"OK","P14-C005",59,20,352,0.17,"informative","weak","exact_knot",9,26,0.990707566489174,0.00284090909090906,0,0.0609999999999999
"V4-CMP-IID-RESP-BB-v1","WORKING-INDEPENDENCE-RESPONDENT",0.119592364581376,0.116036133120185,0.00355623146119069,0.0785219501291669,0.168370432743318,0.123446191436243,0.0898484826141516,0.0238074410963734,TRUE,199,199,0,"OK","P14-C005",59,20,352,0.17,"informative","weak","exact_knot",9,26,0.990707566489174,0.00284090909090906,0,0.0609999999999999
"V4-CMP-TWO-STAGE-FREQ-BOOT-RESP-v1","V4-TARGET-RESPONDENT-WEIGHTED-v1",0.119592364581376,0.116036133120185,0.00355623146119069,0.0663208643257316,0.192261608784804,0.129291236555268,0.125940744459072,0.0317717723157005,TRUE,199,199,0,"OK","P14-C005",59,20,352,0.17,"informative","weak","exact_knot",9,26,0.990707566489174,0.00284090909090906,0,0.0609999999999999
"V4-CMP-MOKKEN-TWOLEVEL-DELTA-v1","V4-TARGET-RESPONDENT-WEIGHTED-v1",0.119592364581383,0.116036133120185,0.00355623146119831,0.061191707449588,0.177993021713179,0.119592364581383,0.116801314263591,0.0297968011618847,TRUE,,,0,"OK","P14-C005",59,20,352,0.17,"informative","weak","exact_knot",9,26,0.990707566489174,0.00284090909090906,0,0.0609999999999999
"V4-PRI-TWO-STAGE-HBB-RESP-v1","V4-TARGET-RESPONDENT-WEIGHTED-v1",0.110150661509814,0.116036133120185,-0.00588547161037095,0.0449338087269432,0.17659182185768,0.110762815292311,0.131658013130736,0.0333498299186886,TRUE,199,199,0,"OK","P14-C005",60,20,356,0.17,"informative","weak","exact_knot",10,27,0.989807760367614,0,1,0.0749999999999993
"V4-SENS-TWO-STAGE-HBB-CLUSTER-v1","V4-TARGET-EQUAL-CLUSTER-v1",0.104681911492938,0.117439750744257,-0.0127578392513191,0.0433194675392984,0.177979886724958,0.110649677132128,0.13466041918566,0.0335297743589828,TRUE,199,199,0,"OK","P14-C005",60,20,356,0.17,"informative","weak","exact_knot",10,27,0.989807760367614,0,1,0.0749999999999993
"V4-CMP-ONE-STAGE-CLUSTER-BB-RESP-v1","V4-TARGET-RESPONDENT-WEIGHTED-v1",0.110150661509814,0.116036133120185,-0.00588547161037095,0.0660228537390955,0.156522657489843,0.111272755614469,0.0904998037507478,0.0226656610342526,TRUE,199,199,0,"OK","P14-C005",60,20,356,0.17,"informative","weak","exact_knot",10,27,0.989807760367614,0,1,0.0749999999999993
"V4-CMP-IID-RESP-BB-v1","WORKING-INDEPENDENCE-RESPONDENT",0.110150661509814,0.116036133120185,-0.00588547161037095,0.0742528315008791,0.157600697856166,0.115926764678523,0.083347866355287,0.020581913379192,TRUE,199,199,0,"OK","P14-C005",60,20,356,0.17,"informative","weak","exact_knot",10,27,0.989807760367614,0,1,0.0749999999999993
"V4-CMP-TWO-STAGE-FREQ-BOOT-RESP-v1","V4-TARGET-RESPONDENT-WEIGHTED-v1",0.110150661509814,0.116036133120185,-0.00588547161037095,0.0578776700239669,0.162987126448136,0.110432398236051,0.105109456424169,0.0268339956409138,TRUE,199,199,0,"OK","P14-C005",60,20,356,0.17,"informative","weak","exact_knot",10,27,0.989807760367614,0,1,0.0749999999999993
"V4-CMP-MOKKEN-TWOLEVEL-DELTA-v1","V4-TARGET-RESPONDENT-WEIGHTED-v1",0.110150661509821,0.116036133120185,-0.00588547161036369,0.0581561591143224,0.16214516390532,0.110150661509821,0.103989004790998,0.0265282948082847,TRUE,,,0,"OK","P14-C005",60,20,356,0.17,"informative","weak","exact_knot",10,27,0.989807760367614,0,1,0.0749999999999993
