"method_id","target_id","point_estimate","truth","bias","lower","upper","center","interval_length","se_equivalent","cover","defined_draws","total_draws","invalid_fraction","status","cell_id","replication","G","N","latent_icc","size_mechanism","strength","regularity","minimum_cluster_size","maximum_cluster_size","size_effect_correlation","sample_minimum_internal_cdf_gap","sample_exact_knot_count","replication_elapsed_seconds"
"V4-PRI-TWO-STAGE-HBB-RESP-v1","V4-TARGET-RESPONDENT-WEIGHTED-v1",0.482514183362184,0.472129190613404,0.0103849927487806,0.404691601643853,0.55340657315715,0.479049087400502,0.148714971513297,0.036639292729067,TRUE,199,199,0,"OK","P14-C008",1,30,600,0.17,"balanced","strong","regular",20,20,0,0.0033333333333333,0,0.097999999999999
"V4-SENS-TWO-STAGE-HBB-CLUSTER-v1","V4-TARGET-EQUAL-CLUSTER-v1",0.482514183362184,0.472129190613404,0.0103849927487806,0.401226778356487,0.56205539335928,0.481641085857883,0.160828615002793,0.0400586471389971,TRUE,199,199,0,"OK","P14-C008",1,30,600,0.17,"balanced","strong","regular",20,20,0,0.0033333333333333,0,0.097999999999999
"V4-CMP-ONE-STAGE-CLUSTER-BB-RESP-v1","V4-TARGET-RESPONDENT-WEIGHTED-v1",0.482514183362184,0.472129190613404,0.0103849927487806,0.439338802601906,0.52777739946947,0.483558101035688,0.0884385968675646,0.022583809545024,TRUE,199,199,0,"OK","P14-C008",1,30,600,0.17,"balanced","strong","regular",20,20,0,0.0033333333333333,0,0.097999999999999
"V4-CMP-IID-RESP-BB-v1","WORKING-INDEPENDENCE-RESPONDENT",0.482514183362184,0.472129190613404,0.0103849927487806,0.436777758913208,0.514505301775713,0.475641530344461,0.0777275428625051,0.019937150535277,TRUE,199,199,0,"OK","P14-C008",1,30,600,0.17,"balanced","strong","regular",20,20,0,0.0033333333333333,0,0.097999999999999
"V4-CMP-TWO-STAGE-FREQ-BOOT-RESP-v1","V4-TARGET-RESPONDENT-WEIGHTED-v1",0.482514183362184,0.472129190613404,0.0103849927487806,0.415438009032788,0.538079065400357,0.476758537216572,0.122641056367569,0.0312067186827804,TRUE,199,199,0,"OK","P14-C008",1,30,600,0.17,"balanced","strong","regular",20,20,0,0.0033333333333333,0,0.097999999999999
"V4-CMP-MOKKEN-TWOLEVEL-DELTA-v1","V4-TARGET-RESPONDENT-WEIGHTED-v1",0.482514183362187,0.472129190613404,0.010384992748783,0.421507553687385,0.543520813036988,0.482514183362187,0.122013259349603,0.0311264034217026,TRUE,,,0,"OK","P14-C008",1,30,600,0.17,"balanced","strong","regular",20,20,0,0.0033333333333333,0,0.097999999999999
"V4-PRI-TWO-STAGE-HBB-RESP-v1","V4-TARGET-RESPONDENT-WEIGHTED-v1",0.435127052978966,0.472129190613404,-0.0370021376344373,0.371910890150229,0.508305445985717,0.440108168067973,0.136394555835488,0.0324534598511562,TRUE,199,199,0,"OK","P14-C008",2,30,600,0.17,"balanced","strong","regular",20,20,0,0.00166666666666665,0,0.0980000000000025
"V4-SENS-TWO-STAGE-HBB-CLUSTER-v1","V4-TARGET-EQUAL-CLUSTER-v1",0.435127052978966,0.472129190613404,-0.0370021376344373,0.359525836422621,0.496838319741043,0.428182078081832,0.137312483318423,0.0333631743222121,TRUE,199,199,0,"OK","P14-C008",2,30,600,0.17,"balanced","strong","regular",20,20,0,0.00166666666666665,0,0.0980000000000025
"V4-CMP-ONE-STAGE-CLUSTER-BB-RESP-v1","V4-TARGET-RESPONDENT-WEIGHTED-v1",0.435127052978966,0.472129190613404,-0.0370021376344373,0.391620932103638,0.473459965364412,0.432540448734025,0.0818390332607739,0.0210011518510312,TRUE,199,199,0,"OK","P14-C008",2,30,600,0.17,"balanced","strong","regular",20,20,0,0.00166666666666665,0,0.0980000000000025
"V4-CMP-IID-RESP-BB-v1","WORKING-INDEPENDENCE-RESPONDENT",0.435127052978966,0.472129190613404,-0.0370021376344373,0.388338059452108,0.475170032696667,0.431754046074387,0.0868319732445596,0.0209659595261612,TRUE,199,199,0,"OK","P14-C008",2,30,600,0.17,"balanced","strong","regular",20,20,0,0.00166666666666665,0,0.0980000000000025
"V4-CMP-TWO-STAGE-FREQ-BOOT-RESP-v1","V4-TARGET-RESPONDENT-WEIGHTED-v1",0.435127052978966,0.472129190613404,-0.0370021376344373,0.379158193244339,0.492379875000048,0.435769034122193,0.113221681755708,0.0290239106689713,TRUE,199,199,0,"OK","P14-C008",2,30,600,0.17,"balanced","strong","regular",20,20,0,0.00166666666666665,0,0.0980000000000025
"V4-CMP-MOKKEN-TWOLEVEL-DELTA-v1","V4-TARGET-RESPONDENT-WEIGHTED-v1",0.435127052978966,0.472129190613404,-0.037002137634438,0.377975263733817,0.492278842224115,0.435127052978966,0.114303578490298,0.0291596119601967,TRUE,,,0,"OK","P14-C008",2,30,600,0.17,"balanced","strong","regular",20,20,0,0.00166666666666665,0,0.0980000000000025
"V4-PRI-TWO-STAGE-HBB-RESP-v1","V4-TARGET-RESPONDENT-WEIGHTED-v1",0.513360277962955,0.472129190613404,0.0412310873495512,0.447554268390402,0.572031587539351,0.509792927964876,0.124477319148949,0.0328906824457517,TRUE,199,199,0,"OK","P14-C008",3,30,600,0.17,"balanced","strong","regular",20,20,0,0.00833333333333325,0,0.0960000000000001
"V4-SENS-TWO-STAGE-HBB-CLUSTER-v1","V4-TARGET-EQUAL-CLUSTER-v1",0.513360277962955,0.472129190613404,0.0412310873495512,0.465034375735022,0.564754490304532,0.514894433019777,0.0997201145695099,0.0265729566792223,TRUE,199,199,0,"OK","P14-C008",3,30,600,0.17,"balanced","strong","regular",20,20,0,0.00833333333333325,0,0.0960000000000001
"V4-CMP-ONE-STAGE-CLUSTER-BB-RESP-v1","V4-TARGET-RESPONDENT-WEIGHTED-v1",0.513360277962955,0.472129190613404,0.0412310873495512,0.484133645182725,0.553416743886898,0.518775194534811,0.0692830987041723,0.017178587146653,FALSE,199,199,0,"OK","P14-C008",3,30,600,0.17,"balanced","strong","regular",20,20,0,0.00833333333333325,0,0.0960000000000001
"V4-CMP-IID-RESP-BB-v1","WORKING-INDEPENDENCE-RESPONDENT",0.513360277962955,0.472129190613404,0.0412310873495512,0.471503972487134,0.556313178444572,0.513908575465853,0.0848092059574374,0.0208292019348057,TRUE,199,199,0,"OK","P14-C008",3,30,600,0.17,"balanced","strong","regular",20,20,0,0.00833333333333325,0,0.0960000000000001
"V4-CMP-TWO-STAGE-FREQ-BOOT-RESP-v1","V4-TARGET-RESPONDENT-WEIGHTED-v1",0.513360277962955,0.472129190613404,0.0412310873495512,0.460396098997064,0.56173258803377,0.511064343515417,0.101336489036706,0.0243582672806686,TRUE,199,199,0,"OK","P14-C008",3,30,600,0.17,"balanced","strong","regular",20,20,0,0.00833333333333325,0,0.0960000000000001
"V4-CMP-MOKKEN-TWOLEVEL-DELTA-v1","V4-TARGET-RESPONDENT-WEIGHTED-v1",0.513360277962956,0.472129190613404,0.0412310873495519,0.464560616815423,0.562159939110488,0.513360277962956,0.0975993222950642,0.0248982438108341,TRUE,,,0,"OK","P14-C008",3,30,600,0.17,"balanced","strong","regular",20,20,0,0.00833333333333325,0,0.0960000000000001
"V4-PRI-TWO-STAGE-HBB-RESP-v1","V4-TARGET-RESPONDENT-WEIGHTED-v1",0.479450801735351,0.472129190613404,0.00732161112194751,0.413253701072198,0.549333823016539,0.481293762044369,0.136080121944341,0.036297325509208,TRUE,199,199,0,"OK","P14-C008",4,30,600,0.17,"balanced","strong","regular",20,20,0,0.00833333333333353,0,0.0999999999999979
"V4-SENS-TWO-STAGE-HBB-CLUSTER-v1","V4-TARGET-EQUAL-CLUSTER-v1",0.479450801735351,0.472129190613404,0.00732161112194751,0.412601000444088,0.550562141307429,0.481581570875759,0.137961140863342,0.0344618265668222,TRUE,199,199,0,"OK","P14-C008",4,30,600,0.17,"balanced","strong","regular",20,20,0,0.00833333333333353,0,0.0999999999999979
"V4-CMP-ONE-STAGE-CLUSTER-BB-RESP-v1","V4-TARGET-RESPONDENT-WEIGHTED-v1",0.479450801735351,0.472129190613404,0.00732161112194751,0.432009238979336,0.521201436781347,0.476605337880342,0.0891921978020115,0.0235844279288693,TRUE,199,199,0,"OK","P14-C008",4,30,600,0.17,"balanced","strong","regular",20,20,0,0.00833333333333353,0,0.0999999999999979
"V4-CMP-IID-RESP-BB-v1","WORKING-INDEPENDENCE-RESPONDENT",0.479450801735351,0.472129190613404,0.00732161112194751,0.426452103115802,0.520855342404795,0.473653722760298,0.0944032392889929,0.0219979734332474,TRUE,199,199,0,"OK","P14-C008",4,30,600,0.17,"balanced","strong","regular",20,20,0,0.00833333333333353,0,0.0999999999999979
"V4-CMP-TWO-STAGE-FREQ-BOOT-RESP-v1","V4-TARGET-RESPONDENT-WEIGHTED-v1",0.479450801735351,0.472129190613404,0.00732161112194751,0.418801494245006,0.542751470487387,0.480776482366197,0.12394997624238,0.0322288752035601,TRUE,199,199,0,"OK","P14-C008",4,30,600,0.17,"balanced","strong","regular",20,20,0,0.00833333333333353,0,0.0999999999999979
"V4-CMP-MOKKEN-TWOLEVEL-DELTA-v1","V4-TARGET-RESPONDENT-WEIGHTED-v1",0.479450801735352,0.472129190613404,0.00732161112194868,0.419100764818237,0.539800838652467,0.479450801735352,0.12070007383423,0.0307914009610117,TRUE,,,0,"OK","P14-C008",4,30,600,0.17,"balanced","strong","regular",20,20,0,0.00833333333333353,0,0.0999999999999979
"V4-PRI-TWO-STAGE-HBB-RESP-v1","V4-TARGET-RESPONDENT-WEIGHTED-v1",0.44573623596228,0.472129190613404,-0.0263929546511232,0.366394848479717,0.515593843222975,0.440994345851346,0.149198994743258,0.0364537776679905,TRUE,199,199,0,"OK","P14-C008",5,30,600,0.17,"balanced","strong","regular",20,20,0,0.00166666666666665,0,0.0990000000000002
"V4-SENS-TWO-STAGE-HBB-CLUSTER-v1","V4-TARGET-EQUAL-CLUSTER-v1",0.44573623596228,0.472129190613404,-0.0263929546511232,0.379700142313797,0.525733814654484,0.452716978484141,0.146033672340687,0.0371721240764472,TRUE,199,199,0,"OK","P14-C008",5,30,600,0.17,"balanced","strong","regular",20,20,0,0.00166666666666665,0,0.0990000000000002
"V4-CMP-ONE-STAGE-CLUSTER-BB-RESP-v1","V4-TARGET-RESPONDENT-WEIGHTED-v1",0.44573623596228,0.472129190613404,-0.0263929546511232,0.399628524744982,0.493001431451778,0.44631497809838,0.0933729067067964,0.0215006048718404,TRUE,199,199,0,"OK","P14-C008",5,30,600,0.17,"balanced","strong","regular",20,20,0,0.00166666666666665,0,0.0990000000000002
"V4-CMP-IID-RESP-BB-v1","WORKING-INDEPENDENCE-RESPONDENT",0.44573623596228,0.472129190613404,-0.0263929546511232,0.409859610027483,0.490782465455656,0.450321037741569,0.0809228554281725,0.0204445535683381,TRUE,199,199,0,"OK","P14-C008",5,30,600,0.17,"balanced","strong","regular",20,20,0,0.00166666666666665,0,0.0990000000000002
"V4-CMP-TWO-STAGE-FREQ-BOOT-RESP-v1","V4-TARGET-RESPONDENT-WEIGHTED-v1",0.44573623596228,0.472129190613404,-0.0263929546511232,0.387654647252642,0.505943063698242,0.446798855475442,0.1182884164456,0.0296017657953533,TRUE,199,199,0,"OK","P14-C008",5,30,600,0.17,"balanced","strong","regular",20,20,0,0.00166666666666665,0,0.0990000000000002
"V4-CMP-MOKKEN-TWOLEVEL-DELTA-v1","V4-TARGET-RESPONDENT-WEIGHTED-v1",0.445736235962283,0.472129190613404,-0.0263929546511211,0.386075874569164,0.505396597355401,0.445736235962283,0.119320722786236,0.030439519227757,TRUE,,,0,"OK","P14-C008",5,30,600,0.17,"balanced","strong","regular",20,20,0,0.00166666666666665,0,0.0990000000000002
"V4-PRI-TWO-STAGE-HBB-RESP-v1","V4-TARGET-RESPONDENT-WEIGHTED-v1",0.451592891497127,0.472129190613404,-0.020536299116277,0.385913181827186,0.517897742926714,0.45190546237695,0.131984561099528,0.035824595773361,TRUE,199,199,0,"OK","P14-C008",6,30,600,0.17,"balanced","strong","regular",20,20,0,0.0133333333333332,0,0.103999999999999
"V4-SENS-TWO-STAGE-HBB-CLUSTER-v1","V4-TARGET-EQUAL-CLUSTER-v1",0.451592891497127,0.472129190613404,-0.020536299116277,0.370997184780956,0.515013296917596,0.443005240849276,0.14401611213664,0.0353876332046626,TRUE,199,199,0,"OK","P14-C008",6,30,600,0.17,"balanced","strong","regular",20,20,0,0.0133333333333332,0,0.103999999999999
"V4-CMP-ONE-STAGE-CLUSTER-BB-RESP-v1","V4-TARGET-RESPONDENT-WEIGHTED-v1",0.451592891497127,0.472129190613404,-0.020536299116277,0.406911092855609,0.488457147337498,0.447684120096554,0.0815460544818889,0.021278222240209,TRUE,199,199,0,"OK","P14-C008",6,30,600,0.17,"balanced","strong","regular",20,20,0,0.0133333333333332,0,0.103999999999999
"V4-CMP-IID-RESP-BB-v1","WORKING-INDEPENDENCE-RESPONDENT",0.451592891497127,0.472129190613404,-0.020536299116277,0.408103920952478,0.497931839635691,0.453017880294084,0.0898279186832129,0.0216853593824498,TRUE,199,199,0,"OK","P14-C008",6,30,600,0.17,"balanced","strong","regular",20,20,0,0.0133333333333332,0,0.103999999999999
"V4-CMP-TWO-STAGE-FREQ-BOOT-RESP-v1","V4-TARGET-RESPONDENT-WEIGHTED-v1",0.451592891497127,0.472129190613404,-0.020536299116277,0.385266847017278,0.512921089149558,0.449093968083418,0.12765424213228,0.0325548557931479,TRUE,199,199,0,"OK","P14-C008",6,30,600,0.17,"balanced","strong","regular",20,20,0,0.0133333333333332,0,0.103999999999999
"V4-CMP-MOKKEN-TWOLEVEL-DELTA-v1","V4-TARGET-RESPONDENT-WEIGHTED-v1",0.451592891497126,0.472129190613404,-0.0205362991162776,0.391725889751538,0.511459893242715,0.451592891497126,0.119734003491177,0.030544949916331,TRUE,,,0,"OK","P14-C008",6,30,600,0.17,"balanced","strong","regular",20,20,0,0.0133333333333332,0,0.103999999999999
"V4-PRI-TWO-STAGE-HBB-RESP-v1","V4-TARGET-RESPONDENT-WEIGHTED-v1",0.473252456977056,0.472129190613404,0.0011232663636524,0.407538118130379,0.53538067425739,0.471459396193885,0.127842556127011,0.032516897416243,TRUE,199,199,0,"OK","P14-C008",7,30,600,0.17,"balanced","strong","regular",20,20,0,0.0150000000000003,0,0.103000000000002
"V4-SENS-TWO-STAGE-HBB-CLUSTER-v1","V4-TARGET-EQUAL-CLUSTER-v1",0.473252456977056,0.472129190613404,0.0011232663636524,0.40469655203045,0.541957999100244,0.473327275565347,0.137261447069793,0.0355186820390319,TRUE,199,199,0,"OK","P14-C008",7,30,600,0.17,"balanced","strong","regular",20,20,0,0.0150000000000003,0,0.103000000000002
"V4-CMP-ONE-STAGE-CLUSTER-BB-RESP-v1","V4-TARGET-RESPONDENT-WEIGHTED-v1",0.473252456977056,0.472129190613404,0.0011232663636524,0.434992031112573,0.51524195807425,0.475116994593412,0.0802499269616774,0.021700921479323,TRUE,199,199,0,"OK","P14-C008",7,30,600,0.17,"balanced","strong","regular",20,20,0,0.0150000000000003,0,0.103000000000002
"V4-CMP-IID-RESP-BB-v1","WORKING-INDEPENDENCE-RESPONDENT",0.473252456977056,0.472129190613404,0.0011232663636524,0.432867442519983,0.518927960507479,0.475897701513731,0.0860605179874953,0.0213425409153007,TRUE,199,199,0,"OK","P14-C008",7,30,600,0.17,"balanced","strong","regular",20,20,0,0.0150000000000003,0,0.103000000000002
"V4-CMP-TWO-STAGE-FREQ-BOOT-RESP-v1","V4-TARGET-RESPONDENT-WEIGHTED-v1",0.473252456977056,0.472129190613404,0.0011232663636524,0.41932541865005,0.53290868406731,0.47611705135868,0.11358326541726,0.0278125847648803,TRUE,199,199,0,"OK","P14-C008",7,30,600,0.17,"balanced","strong","regular",20,20,0,0.0150000000000003,0,0.103000000000002
"V4-CMP-MOKKEN-TWOLEVEL-DELTA-v1","V4-TARGET-RESPONDENT-WEIGHTED-v1",0.473252456977056,0.472129190613404,0.00112326636365229,0.414919704352524,0.531585209601588,0.473252456977056,0.116665505249065,0.0297621553684934,TRUE,,,0,"OK","P14-C008",7,30,600,0.17,"balanced","strong","regular",20,20,0,0.0150000000000003,0,0.103000000000002
"V4-PRI-TWO-STAGE-HBB-RESP-v1","V4-TARGET-RESPONDENT-WEIGHTED-v1",0.484744383464104,0.472129190613404,0.0126151928507,0.420663938654591,0.540325475210338,0.480494706932464,0.119661536555747,0.0331923002901251,TRUE,199,199,0,"OK","P14-C008",8,30,600,0.17,"balanced","strong","regular",20,20,0,0.00166666666666665,0,0.105999999999998
"V4-SENS-TWO-STAGE-HBB-CLUSTER-v1","V4-TARGET-EQUAL-CLUSTER-v1",0.484744383464104,0.472129190613404,0.0126151928507,0.422810444809942,0.551449764823221,0.487130104816581,0.128639320013279,0.0314587455239129,TRUE,199,199,0,"OK","P14-C008",8,30,600,0.17,"balanced","strong","regular",20,20,0,0.00166666666666665,0,0.105999999999998
"V4-CMP-ONE-STAGE-CLUSTER-BB-RESP-v1","V4-TARGET-RESPONDENT-WEIGHTED-v1",0.484744383464104,0.472129190613404,0.0126151928507,0.442301388609507,0.517959949936192,0.480130669272849,0.0756585613266857,0.0197273482226118,TRUE,199,199,0,"OK","P14-C008",8,30,600,0.17,"balanced","strong","regular",20,20,0,0.00166666666666665,0,0.105999999999998
"V4-CMP-IID-RESP-BB-v1","WORKING-INDEPENDENCE-RESPONDENT",0.484744383464104,0.472129190613404,0.0126151928507,0.44294983484344,0.523040565301451,0.482995200072446,0.0800907304580112,0.0199803608422013,TRUE,199,199,0,"OK","P14-C008",8,30,600,0.17,"balanced","strong","regular",20,20,0,0.00166666666666665,0,0.105999999999998
"V4-CMP-TWO-STAGE-FREQ-BOOT-RESP-v1","V4-TARGET-RESPONDENT-WEIGHTED-v1",0.484744383464104,0.472129190613404,0.0126151928507,0.422459707728166,0.534361489263458,0.478410598495812,0.111901781535292,0.0268400340271033,TRUE,199,199,0,"OK","P14-C008",8,30,600,0.17,"balanced","strong","regular",20,20,0,0.00166666666666665,0,0.105999999999998
"V4-CMP-MOKKEN-TWOLEVEL-DELTA-v1","V4-TARGET-RESPONDENT-WEIGHTED-v1",0.484744383464104,0.472129190613404,0.0126151928507006,0.433790756216772,0.535698010711437,0.484744383464104,0.101907254494665,0.0259972263007117,TRUE,,,0,"OK","P14-C008",8,30,600,0.17,"balanced","strong","regular",20,20,0,0.00166666666666665,0,0.105999999999998
"V4-PRI-TWO-STAGE-HBB-RESP-v1","V4-TARGET-RESPONDENT-WEIGHTED-v1",0.493580032858552,0.472129190613404,0.0214508422451478,0.419352407325266,0.567114911128883,0.493233659227075,0.147762503803617,0.0378600311836226,TRUE,199,199,0,"OK","P14-C008",9,30,600,0.17,"balanced","strong","regular",20,20,0,0,1,0.114000000000001
"V4-SENS-TWO-STAGE-HBB-CLUSTER-v1","V4-TARGET-EQUAL-CLUSTER-v1",0.493580032858552,0.472129190613404,0.0214508422451478,0.413984359949767,0.564727434604638,0.489355897277203,0.150743074654871,0.0373798537268833,TRUE,199,199,0,"OK","P14-C008",9,30,600,0.17,"balanced","strong","regular",20,20,0,0,1,0.114000000000001
"V4-CMP-ONE-STAGE-CLUSTER-BB-RESP-v1","V4-TARGET-RESPONDENT-WEIGHTED-v1",0.493580032858552,0.472129190613404,0.0214508422451478,0.436380439347682,0.545250321964438,0.49081538065606,0.108869882616757,0.0260160991049698,TRUE,199,199,0,"OK","P14-C008",9,30,600,0.17,"balanced","strong","regular",20,20,0,0,1,0.114000000000001
"V4-CMP-IID-RESP-BB-v1","WORKING-INDEPENDENCE-RESPONDENT",0.493580032858552,0.472129190613404,0.0214508422451478,0.452004074173234,0.536356503332174,0.494180288752704,0.0843524291589399,0.0213391867888701,TRUE,199,199,0,"OK","P14-C008",9,30,600,0.17,"balanced","strong","regular",20,20,0,0,1,0.114000000000001
"V4-CMP-TWO-STAGE-FREQ-BOOT-RESP-v1","V4-TARGET-RESPONDENT-WEIGHTED-v1",0.493580032858552,0.472129190613404,0.0214508422451478,0.428214848525627,0.55446396998119,0.491339409253409,0.126249121455564,0.0322125128391985,TRUE,199,199,0,"OK","P14-C008",9,30,600,0.17,"balanced","strong","regular",20,20,0,0,1,0.114000000000001
"V4-CMP-MOKKEN-TWOLEVEL-DELTA-v1","V4-TARGET-RESPONDENT-WEIGHTED-v1",0.493580032858553,0.472129190613404,0.0214508422451489,0.430555566976055,0.55660449874105,0.493580032858553,0.126048931764995,0.0321559306087389,TRUE,,,0,"OK","P14-C008",9,30,600,0.17,"balanced","strong","regular",20,20,0,0,1,0.114000000000001
"V4-PRI-TWO-STAGE-HBB-RESP-v1","V4-TARGET-RESPONDENT-WEIGHTED-v1",0.443273612981268,0.472129190613404,-0.0288555776321354,0.382996283861974,0.517648609902761,0.450322446882367,0.134652326040787,0.0329730065576846,TRUE,199,199,0,"OK","P14-C008",10,30,600,0.17,"balanced","strong","regular",20,20,0,0.00166666666666665,0,0.100000000000001
"V4-SENS-TWO-STAGE-HBB-CLUSTER-v1","V4-TARGET-EQUAL-CLUSTER-v1",0.443273612981268,0.472129190613404,-0.0288555776321354,0.360149055120714,0.502062793603283,0.431105924361998,0.141913738482569,0.0349322866544741,TRUE,199,199,0,"OK","P14-C008",10,30,600,0.17,"balanced","strong","regular",20,20,0,0.00166666666666665,0,0.100000000000001
"V4-CMP-ONE-STAGE-CLUSTER-BB-RESP-v1","V4-TARGET-RESPONDENT-WEIGHTED-v1",0.443273612981268,0.472129190613404,-0.0288555776321354,0.393955855016788,0.480391065291185,0.437173460153986,0.086435210274397,0.0213445531850973,TRUE,199,199,0,"OK","P14-C008",10,30,600,0.17,"balanced","strong","regular",20,20,0,0.00166666666666665,0,0.100000000000001
"V4-CMP-IID-RESP-BB-v1","WORKING-INDEPENDENCE-RESPONDENT",0.443273612981268,0.472129190613404,-0.0288555776321354,0.392793735118609,0.487480581804386,0.440137158461497,0.0946868466857765,0.0245191782309981,TRUE,199,199,0,"OK","P14-C008",10,30,600,0.17,"balanced","strong","regular",20,20,0,0.00166666666666665,0,0.100000000000001
"V4-CMP-TWO-STAGE-FREQ-BOOT-RESP-v1","V4-TARGET-RESPONDENT-WEIGHTED-v1",0.443273612981268,0.472129190613404,-0.0288555776321354,0.387185122960839,0.505345306717237,0.446265214839038,0.118160183756398,0.0299340083638327,TRUE,199,199,0,"OK","P14-C008",10,30,600,0.17,"balanced","strong","regular",20,20,0,0.00166666666666665,0,0.100000000000001
"V4-CMP-MOKKEN-TWOLEVEL-DELTA-v1","V4-TARGET-RESPONDENT-WEIGHTED-v1",0.443273612981272,0.472129190613404,-0.0288555776321317,0.384899092373859,0.501648133588685,0.443273612981272,0.116749041214826,0.0297834659554277,TRUE,,,0,"OK","P14-C008",10,30,600,0.17,"balanced","strong","regular",20,20,0,0.00166666666666665,0,0.100000000000001
"V4-PRI-TWO-STAGE-HBB-RESP-v1","V4-TARGET-RESPONDENT-WEIGHTED-v1",0.476933501898272,0.472129190613404,0.00480431128486836,0.414767659089745,0.548427478741551,0.481597568915648,0.133659819651806,0.0345858668335605,TRUE,199,199,0,"OK","P14-C008",11,30,600,0.17,"balanced","strong","regular",20,20,0,0.00166666666666665,0,0.102
"V4-SENS-TWO-STAGE-HBB-CLUSTER-v1","V4-TARGET-EQUAL-CLUSTER-v1",0.476933501898272,0.472129190613404,0.00480431128486836,0.406723977619668,0.548912473983526,0.477818225801597,0.142188496363858,0.036932067097443,TRUE,199,199,0,"OK","P14-C008",11,30,600,0.17,"balanced","strong","regular",20,20,0,0.00166666666666665,0,0.102
"V4-CMP-ONE-STAGE-CLUSTER-BB-RESP-v1","V4-TARGET-RESPONDENT-WEIGHTED-v1",0.476933501898272,0.472129190613404,0.00480431128486836,0.428522000261217,0.530562099670584,0.479542049965901,0.102040099409367,0.022494572758379,TRUE,199,199,0,"OK","P14-C008",11,30,600,0.17,"balanced","strong","regular",20,20,0,0.00166666666666665,0,0.102
"V4-CMP-IID-RESP-BB-v1","WORKING-INDEPENDENCE-RESPONDENT",0.476933501898272,0.472129190613404,0.00480431128486836,0.433989916497757,0.515533507387792,0.474761711942774,0.0815435908900346,0.0214085543802492,TRUE,199,199,0,"OK","P14-C008",11,30,600,0.17,"balanced","strong","regular",20,20,0,0.00166666666666665,0,0.102
"V4-CMP-TWO-STAGE-FREQ-BOOT-RESP-v1","V4-TARGET-RESPONDENT-WEIGHTED-v1",0.476933501898272,0.472129190613404,0.00480431128486836,0.421822967289146,0.535854321629045,0.478838644459096,0.114031354339898,0.0300437003202137,TRUE,199,199,0,"OK","P14-C008",11,30,600,0.17,"balanced","strong","regular",20,20,0,0.00166666666666665,0,0.102
"V4-CMP-MOKKEN-TWOLEVEL-DELTA-v1","V4-TARGET-RESPONDENT-WEIGHTED-v1",0.476933501898271,0.472129190613404,0.00480431128486752,0.415450747167851,0.538416256628692,0.476933501898271,0.122965509460841,0.0313693288322586,TRUE,,,0,"OK","P14-C008",11,30,600,0.17,"balanced","strong","regular",20,20,0,0.00166666666666665,0,0.102
"V4-PRI-TWO-STAGE-HBB-RESP-v1","V4-TARGET-RESPONDENT-WEIGHTED-v1",0.494328706800357,0.472129190613404,0.0221995161869533,0.423929165402015,0.566513405235007,0.495221285318511,0.142584239832993,0.0375292892981412,TRUE,199,199,0,"OK","P14-C008",12,30,600,0.17,"balanced","strong","regular",20,20,0,0.0033333333333333,0,0.100999999999999
"V4-SENS-TWO-STAGE-HBB-CLUSTER-v1","V4-TARGET-EQUAL-CLUSTER-v1",0.494328706800357,0.472129190613404,0.0221995161869533,0.423611314705461,0.559655625505719,0.49163347010559,0.136044310800258,0.0317745743822537,TRUE,199,199,0,"OK","P14-C008",12,30,600,0.17,"balanced","strong","regular",20,20,0,0.0033333333333333,0,0.100999999999999
"V4-CMP-ONE-STAGE-CLUSTER-BB-RESP-v1","V4-TARGET-RESPONDENT-WEIGHTED-v1",0.494328706800357,0.472129190613404,0.0221995161869533,0.446144141766786,0.53659623538815,0.491370188577468,0.0904520936213644,0.0224298358412066,TRUE,199,199,0,"OK","P14-C008",12,30,600,0.17,"balanced","strong","regular",20,20,0,0.0033333333333333,0,0.100999999999999
"V4-CMP-IID-RESP-BB-v1","WORKING-INDEPENDENCE-RESPONDENT",0.494328706800357,0.472129190613404,0.0221995161869533,0.45652307165946,0.530947618986602,0.493735345323031,0.0744245473271425,0.0206449494521316,TRUE,199,199,0,"OK","P14-C008",12,30,600,0.17,"balanced","strong","regular",20,20,0,0.0033333333333333,0,0.100999999999999
"V4-CMP-TWO-STAGE-FREQ-BOOT-RESP-v1","V4-TARGET-RESPONDENT-WEIGHTED-v1",0.494328706800357,0.472129190613404,0.0221995161869533,0.425416415487708,0.558288933795026,0.491852674641367,0.132872518307318,0.0312300892488519,TRUE,199,199,0,"OK","P14-C008",12,30,600,0.17,"balanced","strong","regular",20,20,0,0.0033333333333333,0,0.100999999999999
"V4-CMP-MOKKEN-TWOLEVEL-DELTA-v1","V4-TARGET-RESPONDENT-WEIGHTED-v1",0.494328706800359,0.472129190613404,0.0221995161869549,0.432913455659632,0.555743957941085,0.494328706800359,0.122830502281453,0.0313348875924058,TRUE,,,0,"OK","P14-C008",12,30,600,0.17,"balanced","strong","regular",20,20,0,0.0033333333333333,0,0.100999999999999
"V4-PRI-TWO-STAGE-HBB-RESP-v1","V4-TARGET-RESPONDENT-WEIGHTED-v1",0.454128560533454,0.472129190613404,-0.0180006300799495,0.369451308361775,0.512382604596994,0.440916956479385,0.142931296235219,0.0361384673349157,TRUE,199,199,0,"OK","P14-C008",13,30,600,0.17,"balanced","strong","regular",20,20,0,0.00666666666666682,0,0.0990000000000002
"V4-SENS-TWO-STAGE-HBB-CLUSTER-v1","V4-TARGET-EQUAL-CLUSTER-v1",0.454128560533454,0.472129190613404,-0.0180006300799495,0.378759657998331,0.521107186834773,0.449933422416552,0.142347528836441,0.0372907562138444,TRUE,199,199,0,"OK","P14-C008",13,30,600,0.17,"balanced","strong","regular",20,20,0,0.00666666666666682,0,0.0990000000000002
"V4-CMP-ONE-STAGE-CLUSTER-BB-RESP-v1","V4-TARGET-RESPONDENT-WEIGHTED-v1",0.454128560533454,0.472129190613404,-0.0180006300799495,0.405773584296512,0.495640791712366,0.450707188004439,0.0898672074158539,0.0223767343854408,TRUE,199,199,0,"OK","P14-C008",13,30,600,0.17,"balanced","strong","regular",20,20,0,0.00666666666666682,0,0.0990000000000002
"V4-CMP-IID-RESP-BB-v1","WORKING-INDEPENDENCE-RESPONDENT",0.454128560533454,0.472129190613404,-0.0180006300799495,0.40961991195955,0.505703803494025,0.457661857726787,0.0960838915344748,0.0229459469827314,TRUE,199,199,0,"OK","P14-C008",13,30,600,0.17,"balanced","strong","regular",20,20,0,0.00666666666666682,0,0.0990000000000002
"V4-CMP-TWO-STAGE-FREQ-BOOT-RESP-v1","V4-TARGET-RESPONDENT-WEIGHTED-v1",0.454128560533454,0.472129190613404,-0.0180006300799495,0.395891453999514,0.513697231994902,0.454794342997208,0.117805777995388,0.0304221348024978,TRUE,199,199,0,"OK","P14-C008",13,30,600,0.17,"balanced","strong","regular",20,20,0,0.00666666666666682,0,0.0990000000000002
"V4-CMP-MOKKEN-TWOLEVEL-DELTA-v1","V4-TARGET-RESPONDENT-WEIGHTED-v1",0.454128560533455,0.472129190613404,-0.0180006300799485,0.391744917128716,0.516512203938195,0.454128560533455,0.124767286809479,0.031828974357087,TRUE,,,0,"OK","P14-C008",13,30,600,0.17,"balanced","strong","regular",20,20,0,0.00666666666666682,0,0.0990000000000002
"V4-PRI-TWO-STAGE-HBB-RESP-v1","V4-TARGET-RESPONDENT-WEIGHTED-v1",0.486702915848712,0.472129190613404,0.0145737252353084,0.418132499504874,0.548658727550809,0.483395613527842,0.130526228045935,0.0347110000176858,TRUE,199,199,0,"OK","P14-C008",14,30,600,0.17,"balanced","strong","regular",20,20,0,0,2,0.0990000000000002
"V4-SENS-TWO-STAGE-HBB-CLUSTER-v1","V4-TARGET-EQUAL-CLUSTER-v1",0.486702915848712,0.472129190613404,0.0145737252353084,0.41035226108221,0.549738090899687,0.480045175990949,0.139385829817477,0.0343155422349972,TRUE,199,199,0,"OK","P14-C008",14,30,600,0.17,"balanced","strong","regular",20,20,0,0,2,0.0990000000000002
"V4-CMP-ONE-STAGE-CLUSTER-BB-RESP-v1","V4-TARGET-RESPONDENT-WEIGHTED-v1",0.486702915848712,0.472129190613404,0.0145737252353084,0.443202894184975,0.5292141215967,0.486208507890837,0.0860112274117251,0.0209706489858174,TRUE,199,199,0,"OK","P14-C008",14,30,600,0.17,"balanced","strong","regular",20,20,0,0,2,0.0990000000000002
"V4-CMP-IID-RESP-BB-v1","WORKING-INDEPENDENCE-RESPONDENT",0.486702915848712,0.472129190613404,0.0145737252353084,0.447759643509074,0.523070525139435,0.485415084324254,0.0753108816303601,0.0207400000791008,TRUE,199,199,0,"OK","P14-C008",14,30,600,0.17,"balanced","strong","regular",20,20,0,0,2,0.0990000000000002
"V4-CMP-TWO-STAGE-FREQ-BOOT-RESP-v1","V4-TARGET-RESPONDENT-WEIGHTED-v1",0.486702915848712,0.472129190613404,0.0145737252353084,0.420624736494013,0.543042838404287,0.48183378744915,0.122418101910274,0.0295590317252714,TRUE,199,199,0,"OK","P14-C008",14,30,600,0.17,"balanced","strong","regular",20,20,0,0,2,0.0990000000000002
"V4-CMP-MOKKEN-TWOLEVEL-DELTA-v1","V4-TARGET-RESPONDENT-WEIGHTED-v1",0.486702915848713,0.472129190613404,0.0145737252353088,0.426514166519609,0.546891665177816,0.486702915848713,0.120377498658206,0.0307091098631732,TRUE,,,0,"OK","P14-C008",14,30,600,0.17,"balanced","strong","regular",20,20,0,0,2,0.0990000000000002
"V4-PRI-TWO-STAGE-HBB-RESP-v1","V4-TARGET-RESPONDENT-WEIGHTED-v1",0.460530162689959,0.472129190613404,-0.0115990279234451,0.398002250836031,0.51996512158448,0.458983686210256,0.12196287074845,0.0321005635006708,TRUE,199,199,0,"OK","P14-C008",15,30,600,0.17,"balanced","strong","regular",20,20,0,0.0033333333333333,0,0.113
"V4-SENS-TWO-STAGE-HBB-CLUSTER-v1","V4-TARGET-EQUAL-CLUSTER-v1",0.460530162689959,0.472129190613404,-0.0115990279234451,0.398668906291493,0.539314851457283,0.468991878874388,0.14064594516579,0.0343656632162813,TRUE,199,199,0,"OK","P14-C008",15,30,600,0.17,"balanced","strong","regular",20,20,0,0.0033333333333333,0,0.113
"V4-CMP-ONE-STAGE-CLUSTER-BB-RESP-v1","V4-TARGET-RESPONDENT-WEIGHTED-v1",0.460530162689959,0.472129190613404,-0.0115990279234451,0.423476779075413,0.497352722413623,0.460414750744518,0.0738759433382097,0.0191817724771115,TRUE,199,199,0,"OK","P14-C008",15,30,600,0.17,"balanced","strong","regular",20,20,0,0.0033333333333333,0,0.113
"V4-CMP-IID-RESP-BB-v1","WORKING-INDEPENDENCE-RESPONDENT",0.460530162689959,0.472129190613404,-0.0115990279234451,0.41897540554068,0.502324648879117,0.460650027209898,0.0833492433384369,0.021315913513071,TRUE,199,199,0,"OK","P14-C008",15,30,600,0.17,"balanced","strong","regular",20,20,0,0.0033333333333333,0,0.113
"V4-CMP-TWO-STAGE-FREQ-BOOT-RESP-v1","V4-TARGET-RESPONDENT-WEIGHTED-v1",0.460530162689959,0.472129190613404,-0.0115990279234451,0.40174874485703,0.508080907678688,0.454914826267859,0.106332162821658,0.0278251521642808,TRUE,199,199,0,"OK","P14-C008",15,30,600,0.17,"balanced","strong","regular",20,20,0,0.0033333333333333,0,0.113
"V4-CMP-MOKKEN-TWOLEVEL-DELTA-v1","V4-TARGET-RESPONDENT-WEIGHTED-v1",0.460530162689958,0.472129190613404,-0.0115990279234461,0.404818403293765,0.516241922086151,0.460530162689958,0.111423518792386,0.0284248893528863,TRUE,,,0,"OK","P14-C008",15,30,600,0.17,"balanced","strong","regular",20,20,0,0.0033333333333333,0,0.113
"V4-PRI-TWO-STAGE-HBB-RESP-v1","V4-TARGET-RESPONDENT-WEIGHTED-v1",0.475639333577293,0.472129190613404,0.00351014296388891,0.409411720457232,0.536010759867526,0.472711240162379,0.126599039410294,0.0318674892873621,TRUE,199,199,0,"OK","P14-C008",16,30,600,0.17,"balanced","strong","regular",20,20,0,0.00833333333333325,0,0.0949999999999989
"V4-SENS-TWO-STAGE-HBB-CLUSTER-v1","V4-TARGET-EQUAL-CLUSTER-v1",0.475639333577293,0.472129190613404,0.00351014296388891,0.416300664073799,0.534235956701582,0.47526831038769,0.117935292627783,0.0296377659506224,TRUE,199,199,0,"OK","P14-C008",16,30,600,0.17,"balanced","strong","regular",20,20,0,0.00833333333333325,0,0.0949999999999989
"V4-CMP-ONE-STAGE-CLUSTER-BB-RESP-v1","V4-TARGET-RESPONDENT-WEIGHTED-v1",0.475639333577293,0.472129190613404,0.00351014296388891,0.432654755099869,0.508673224911175,0.470663990005522,0.0760184698113057,0.0192663542686474,TRUE,199,199,0,"OK","P14-C008",16,30,600,0.17,"balanced","strong","regular",20,20,0,0.00833333333333325,0,0.0949999999999989
"V4-CMP-IID-RESP-BB-v1","WORKING-INDEPENDENCE-RESPONDENT",0.475639333577293,0.472129190613404,0.00351014296388891,0.439479132401406,0.515124026857299,0.477301579629353,0.0756448944558932,0.0195554185943656,TRUE,199,199,0,"OK","P14-C008",16,30,600,0.17,"balanced","strong","regular",20,20,0,0.00833333333333325,0,0.0949999999999989
"V4-CMP-TWO-STAGE-FREQ-BOOT-RESP-v1","V4-TARGET-RESPONDENT-WEIGHTED-v1",0.475639333577293,0.472129190613404,0.00351014296388891,0.427316535184846,0.527845992151126,0.477581263667986,0.10052945696628,0.0264355217552061,TRUE,199,199,0,"OK","P14-C008",16,30,600,0.17,"balanced","strong","regular",20,20,0,0.00833333333333325,0,0.0949999999999989
"V4-CMP-MOKKEN-TWOLEVEL-DELTA-v1","V4-TARGET-RESPONDENT-WEIGHTED-v1",0.475639333577293,0.472129190613404,0.00351014296388891,0.422476100870437,0.528802566284149,0.475639333577293,0.106326465413712,0.0271245967406548,TRUE,,,0,"OK","P14-C008",16,30,600,0.17,"balanced","strong","regular",20,20,0,0.00833333333333325,0,0.0949999999999989
"V4-PRI-TWO-STAGE-HBB-RESP-v1","V4-TARGET-RESPONDENT-WEIGHTED-v1",0.455971302927604,0.472129190613404,-0.0161578876857996,0.395765948523015,0.517444824457836,0.456605386490426,0.121678875934822,0.0325924317031767,TRUE,199,199,0,"OK","P14-C008",17,30,600,0.17,"balanced","strong","regular",20,20,0,0.0099999999999999,0,0.0990000000000002
"V4-SENS-TWO-STAGE-HBB-CLUSTER-v1","V4-TARGET-EQUAL-CLUSTER-v1",0.455971302927604,0.472129190613404,-0.0161578876857996,0.379859945037647,0.522661779666379,0.451260862352013,0.142801834628732,0.0377051960597356,TRUE,199,199,0,"OK","P14-C008",17,30,600,0.17,"balanced","strong","regular",20,20,0,0.0099999999999999,0,0.0990000000000002
"V4-CMP-ONE-STAGE-CLUSTER-BB-RESP-v1","V4-TARGET-RESPONDENT-WEIGHTED-v1",0.455971302927604,0.472129190613404,-0.0161578876857996,0.414677224333942,0.495098006183574,0.454887615258758,0.0804207818496323,0.020463664739548,TRUE,199,199,0,"OK","P14-C008",17,30,600,0.17,"balanced","strong","regular",20,20,0,0.0099999999999999,0,0.0990000000000002
"V4-CMP-IID-RESP-BB-v1","WORKING-INDEPENDENCE-RESPONDENT",0.455971302927604,0.472129190613404,-0.0161578876857996,0.409494411516032,0.501432026417246,0.455463218966639,0.0919376149012142,0.0224779650153944,TRUE,199,199,0,"OK","P14-C008",17,30,600,0.17,"balanced","strong","regular",20,20,0,0.0099999999999999,0,0.0990000000000002
"V4-CMP-TWO-STAGE-FREQ-BOOT-RESP-v1","V4-TARGET-RESPONDENT-WEIGHTED-v1",0.455971302927604,0.472129190613404,-0.0161578876857996,0.400648058541972,0.51206054304426,0.456354300793116,0.111412484502288,0.0292029097295326,TRUE,199,199,0,"OK","P14-C008",17,30,600,0.17,"balanced","strong","regular",20,20,0,0.0099999999999999,0,0.0990000000000002
"V4-CMP-MOKKEN-TWOLEVEL-DELTA-v1","V4-TARGET-RESPONDENT-WEIGHTED-v1",0.455971302927607,0.472129190613404,-0.0161578876857971,0.399120886086107,0.512821719769106,0.455971302927607,0.113700833682999,0.0290058477043092,TRUE,,,0,"OK","P14-C008",17,30,600,0.17,"balanced","strong","regular",20,20,0,0.0099999999999999,0,0.0990000000000002
"V4-PRI-TWO-STAGE-HBB-RESP-v1","V4-TARGET-RESPONDENT-WEIGHTED-v1",0.449885320493041,0.472129190613404,-0.0222438701203626,0.384735607440264,0.518067212610093,0.451401410025178,0.133331605169829,0.0350716278409167,TRUE,199,199,0,"OK","P14-C008",18,30,600,0.17,"balanced","strong","regular",20,20,0,0.0099999999999999,0,0.111000000000001
"V4-SENS-TWO-STAGE-HBB-CLUSTER-v1","V4-TARGET-EQUAL-CLUSTER-v1",0.449885320493041,0.472129190613404,-0.0222438701203626,0.384869621381594,0.522175102257113,0.453522361819354,0.137305480875519,0.0347526668888506,TRUE,199,199,0,"OK","P14-C008",18,30,600,0.17,"balanced","strong","regular",20,20,0,0.0099999999999999,0,0.111000000000001
"V4-CMP-ONE-STAGE-CLUSTER-BB-RESP-v1","V4-TARGET-RESPONDENT-WEIGHTED-v1",0.449885320493041,0.472129190613404,-0.0222438701203626,0.403468467174852,0.494852981978204,0.449160724576528,0.0913845148033522,0.0230275647912071,TRUE,199,199,0,"OK","P14-C008",18,30,600,0.17,"balanced","strong","regular",20,20,0,0.0099999999999999,0,0.111000000000001
"V4-CMP-IID-RESP-BB-v1","WORKING-INDEPENDENCE-RESPONDENT",0.449885320493041,0.472129190613404,-0.0222438701203626,0.403299486441618,0.490717976685286,0.447008731563452,0.0874184902436682,0.0222495486209874,TRUE,199,199,0,"OK","P14-C008",18,30,600,0.17,"balanced","strong","regular",20,20,0,0.0099999999999999,0,0.111000000000001
"V4-CMP-TWO-STAGE-FREQ-BOOT-RESP-v1","V4-TARGET-RESPONDENT-WEIGHTED-v1",0.449885320493041,0.472129190613404,-0.0222438701203626,0.380225274188338,0.521747805242546,0.450986539715442,0.141522531054208,0.0339311621626624,TRUE,199,199,0,"OK","P14-C008",18,30,600,0.17,"balanced","strong","regular",20,20,0,0.0099999999999999,0,0.111000000000001
"V4-CMP-MOKKEN-TWOLEVEL-DELTA-v1","V4-TARGET-RESPONDENT-WEIGHTED-v1",0.44988532049304,0.472129190613404,-0.0222438701203634,0.387058949437386,0.512711691548695,0.44988532049304,0.125652742111309,0.0320548599623364,TRUE,,,0,"OK","P14-C008",18,30,600,0.17,"balanced","strong","regular",20,20,0,0.0099999999999999,0,0.111000000000001
"V4-PRI-TWO-STAGE-HBB-RESP-v1","V4-TARGET-RESPONDENT-WEIGHTED-v1",0.488392831299489,0.472129190613404,0.0162636406860857,0.412392747239644,0.548426993601872,0.480409870420758,0.136034246362229,0.0334305726890112,TRUE,199,199,0,"OK","P14-C008",19,30,600,0.17,"balanced","strong","regular",20,20,0,0.0100000000000002,0,0.109000000000002
"V4-SENS-TWO-STAGE-HBB-CLUSTER-v1","V4-TARGET-EQUAL-CLUSTER-v1",0.488392831299489,0.472129190613404,0.0162636406860857,0.41863341906617,0.561221589887769,0.489927504476969,0.142588170821599,0.0343199548372954,TRUE,199,199,0,"OK","P14-C008",19,30,600,0.17,"balanced","strong","regular",20,20,0,0.0100000000000002,0,0.109000000000002
"V4-CMP-ONE-STAGE-CLUSTER-BB-RESP-v1","V4-TARGET-RESPONDENT-WEIGHTED-v1",0.488392831299489,0.472129190613404,0.0162636406860857,0.43501543349206,0.527093773444714,0.481054603468387,0.0920783399526538,0.0220735877324069,TRUE,199,199,0,"OK","P14-C008",19,30,600,0.17,"balanced","strong","regular",20,20,0,0.0100000000000002,0,0.109000000000002
"V4-CMP-IID-RESP-BB-v1","WORKING-INDEPENDENCE-RESPONDENT",0.488392831299489,0.472129190613404,0.0162636406860857,0.44657389372353,0.526697195423362,0.486635544573446,0.080123301699832,0.0209745670653452,TRUE,199,199,0,"OK","P14-C008",19,30,600,0.17,"balanced","strong","regular",20,20,0,0.0100000000000002,0,0.109000000000002
"V4-CMP-TWO-STAGE-FREQ-BOOT-RESP-v1","V4-TARGET-RESPONDENT-WEIGHTED-v1",0.488392831299489,0.472129190613404,0.0162636406860857,0.435420887806784,0.541555465659211,0.488488176732997,0.106134577852427,0.0272445396173577,TRUE,199,199,0,"OK","P14-C008",19,30,600,0.17,"balanced","strong","regular",20,20,0,0.0100000000000002,0,0.109000000000002
"V4-CMP-MOKKEN-TWOLEVEL-DELTA-v1","V4-TARGET-RESPONDENT-WEIGHTED-v1",0.48839283129949,0.472129190613404,0.0162636406860862,0.431611455531661,0.545174207067319,0.48839283129949,0.113562751535658,0.0289706220194418,TRUE,,,0,"OK","P14-C008",19,30,600,0.17,"balanced","strong","regular",20,20,0,0.0100000000000002,0,0.109000000000002
"V4-PRI-TWO-STAGE-HBB-RESP-v1","V4-TARGET-RESPONDENT-WEIGHTED-v1",0.461778044915578,0.472129190613404,-0.0103511456978261,0.387094269249321,0.514771552292619,0.45093291077097,0.127677283043297,0.0331765304331096,TRUE,199,199,0,"OK","P14-C008",20,30,600,0.17,"balanced","strong","regular",20,20,0,0.0133333333333332,0,0.112000000000002
"V4-SENS-TWO-STAGE-HBB-CLUSTER-v1","V4-TARGET-EQUAL-CLUSTER-v1",0.461778044915578,0.472129190613404,-0.0103511456978261,0.382388735103088,0.527272500850952,0.45483061797702,0.144883765747864,0.0359620485549447,TRUE,199,199,0,"OK","P14-C008",20,30,600,0.17,"balanced","strong","regular",20,20,0,0.0133333333333332,0,0.112000000000002
"V4-CMP-ONE-STAGE-CLUSTER-BB-RESP-v1","V4-TARGET-RESPONDENT-WEIGHTED-v1",0.461778044915578,0.472129190613404,-0.0103511456978261,0.415137024969147,0.498638794051041,0.456887909510094,0.0835017690818933,0.0214098016774778,TRUE,199,199,0,"OK","P14-C008",20,30,600,0.17,"balanced","strong","regular",20,20,0,0.0133333333333332,0,0.112000000000002
"V4-CMP-IID-RESP-BB-v1","WORKING-INDEPENDENCE-RESPONDENT",0.461778044915578,0.472129190613404,-0.0103511456978261,0.418490305626751,0.509722312191166,0.464106308908959,0.091232006564415,0.0210998337498767,TRUE,199,199,0,"OK","P14-C008",20,30,600,0.17,"balanced","strong","regular",20,20,0,0.0133333333333332,0,0.112000000000002
"V4-CMP-TWO-STAGE-FREQ-BOOT-RESP-v1","V4-TARGET-RESPONDENT-WEIGHTED-v1",0.461778044915578,0.472129190613404,-0.0103511456978261,0.406038067893424,0.529859489757947,0.467948778825685,0.123821421864523,0.0317790754214086,TRUE,199,199,0,"OK","P14-C008",20,30,600,0.17,"balanced","strong","regular",20,20,0,0.0133333333333332,0,0.112000000000002
"V4-CMP-MOKKEN-TWOLEVEL-DELTA-v1","V4-TARGET-RESPONDENT-WEIGHTED-v1",0.461778044915579,0.472129190613404,-0.0103511456978251,0.40226847544572,0.521287614385438,0.461778044915579,0.119019138939718,0.0303625831593146,TRUE,,,0,"OK","P14-C008",20,30,600,0.17,"balanced","strong","regular",20,20,0,0.0133333333333332,0,0.112000000000002
"V4-PRI-TWO-STAGE-HBB-RESP-v1","V4-TARGET-RESPONDENT-WEIGHTED-v1",0.519028053593259,0.472129190613404,0.0468988629798548,0.459947373251777,0.589074852165413,0.524511112708595,0.129127478913636,0.0335711638614336,TRUE,199,199,0,"OK","P14-C008",21,30,600,0.17,"balanced","strong","regular",20,20,0,0.00499999999999995,0,0.113
"V4-SENS-TWO-STAGE-HBB-CLUSTER-v1","V4-TARGET-EQUAL-CLUSTER-v1",0.519028053593259,0.472129190613404,0.0468988629798548,0.436932920062534,0.584562111024778,0.510747515543656,0.147629190962244,0.0368311990645026,TRUE,199,199,0,"OK","P14-C008",21,30,600,0.17,"balanced","strong","regular",20,20,0,0.00499999999999995,0,0.113
"V4-CMP-ONE-STAGE-CLUSTER-BB-RESP-v1","V4-TARGET-RESPONDENT-WEIGHTED-v1",0.519028053593259,0.472129190613404,0.0468988629798548,0.475482257170843,0.566750500586349,0.521116378878596,0.0912682434155055,0.0228894634162163,FALSE,199,199,0,"OK","P14-C008",21,30,600,0.17,"balanced","strong","regular",20,20,0,0.00499999999999995,0,0.113
"V4-CMP-IID-RESP-BB-v1","WORKING-INDEPENDENCE-RESPONDENT",0.519028053593259,0.472129190613404,0.0468988629798548,0.478327721820226,0.556093923663473,0.517210822741849,0.077766201843247,0.0202229310223309,FALSE,199,199,0,"OK","P14-C008",21,30,600,0.17,"balanced","strong","regular",20,20,0,0.00499999999999995,0,0.113
"V4-CMP-TWO-STAGE-FREQ-BOOT-RESP-v1","V4-TARGET-RESPONDENT-WEIGHTED-v1",0.519028053593259,0.472129190613404,0.0468988629798548,0.440158926045976,0.577120779325418,0.508639852685697,0.136961853279443,0.0328860566813785,TRUE,199,199,0,"OK","P14-C008",21,30,600,0.17,"balanced","strong","regular",20,20,0,0.00499999999999995,0,0.113
"V4-CMP-MOKKEN-TWOLEVEL-DELTA-v1","V4-TARGET-RESPONDENT-WEIGHTED-v1",0.519028053593257,0.472129190613404,0.0468988629798531,0.458044905496893,0.58001120168962,0.519028053593257,0.121966296192727,0.0311144228043937,TRUE,,,0,"OK","P14-C008",21,30,600,0.17,"balanced","strong","regular",20,20,0,0.00499999999999995,0,0.113
"V4-PRI-TWO-STAGE-HBB-RESP-v1","V4-TARGET-RESPONDENT-WEIGHTED-v1",0.505942673606513,0.472129190613404,0.0338134829931095,0.453275720815613,0.570591888603943,0.511933804709778,0.117316167788329,0.0318184631709079,TRUE,199,199,0,"OK","P14-C008",22,30,600,0.17,"balanced","strong","regular",20,20,0,0.00499999999999995,0,0.0969999999999942
"V4-SENS-TWO-STAGE-HBB-CLUSTER-v1","V4-TARGET-EQUAL-CLUSTER-v1",0.505942673606513,0.472129190613404,0.0338134829931095,0.442806786773108,0.562198525913352,0.50250265634323,0.119391739140243,0.0315442566872335,TRUE,199,199,0,"OK","P14-C008",22,30,600,0.17,"balanced","strong","regular",20,20,0,0.00499999999999995,0,0.0969999999999942
"V4-CMP-ONE-STAGE-CLUSTER-BB-RESP-v1","V4-TARGET-RESPONDENT-WEIGHTED-v1",0.505942673606513,0.472129190613404,0.0338134829931095,0.465120401161483,0.538523878899421,0.501822140030452,0.0734034777379376,0.0191635059303558,TRUE,199,199,0,"OK","P14-C008",22,30,600,0.17,"balanced","strong","regular",20,20,0,0.00499999999999995,0,0.0969999999999942
"V4-CMP-IID-RESP-BB-v1","WORKING-INDEPENDENCE-RESPONDENT",0.505942673606513,0.472129190613404,0.0338134829931095,0.467264260000557,0.543763851419187,0.505514055709872,0.0764995914186302,0.0194244683296632,TRUE,199,199,0,"OK","P14-C008",22,30,600,0.17,"balanced","strong","regular",20,20,0,0.00499999999999995,0,0.0969999999999942
"V4-CMP-TWO-STAGE-FREQ-BOOT-RESP-v1","V4-TARGET-RESPONDENT-WEIGHTED-v1",0.505942673606513,0.472129190613404,0.0338134829931095,0.459570849420193,0.556966807838841,0.508268828629517,0.0973959584186475,0.0253892070649242,TRUE,199,199,0,"OK","P14-C008",22,30,600,0.17,"balanced","strong","regular",20,20,0,0.00499999999999995,0,0.0969999999999942
"V4-CMP-MOKKEN-TWOLEVEL-DELTA-v1","V4-TARGET-RESPONDENT-WEIGHTED-v1",0.505942673606515,0.472129190613404,0.0338134829931109,0.451625770904075,0.560259576308954,0.505942673606515,0.108633805404879,0.0277132146972518,TRUE,,,0,"OK","P14-C008",22,30,600,0.17,"balanced","strong","regular",20,20,0,0.00499999999999995,0,0.0969999999999942
"V4-PRI-TWO-STAGE-HBB-RESP-v1","V4-TARGET-RESPONDENT-WEIGHTED-v1",0.461063600079197,0.472129190613404,-0.0110655905342071,0.404072358102993,0.529091149417539,0.466581753760266,0.125018791314546,0.0334027440496822,TRUE,199,199,0,"OK","P14-C008",23,30,600,0.17,"balanced","strong","regular",20,20,0,0.00500000000000012,0,0.0990000000000038
"V4-SENS-TWO-STAGE-HBB-CLUSTER-v1","V4-TARGET-EQUAL-CLUSTER-v1",0.461063600079197,0.472129190613404,-0.0110655905342071,0.398783030906592,0.534210880150901,0.466496955528746,0.135427849244308,0.0332092629535003,TRUE,199,199,0,"OK","P14-C008",23,30,600,0.17,"balanced","strong","regular",20,20,0,0.00500000000000012,0,0.0990000000000038
"V4-CMP-ONE-STAGE-CLUSTER-BB-RESP-v1","V4-TARGET-RESPONDENT-WEIGHTED-v1",0.461063600079197,0.472129190613404,-0.0110655905342071,0.4188846925007,0.503868357979417,0.461376525240059,0.0849836654787176,0.0213902264769375,TRUE,199,199,0,"OK","P14-C008",23,30,600,0.17,"balanced","strong","regular",20,20,0,0.00500000000000012,0,0.0990000000000038
"V4-CMP-IID-RESP-BB-v1","WORKING-INDEPENDENCE-RESPONDENT",0.461063600079197,0.472129190613404,-0.0110655905342071,0.421247638018098,0.497974756342566,0.459611197180332,0.0767271183244679,0.0213542906323203,TRUE,199,199,0,"OK","P14-C008",23,30,600,0.17,"balanced","strong","regular",20,20,0,0.00500000000000012,0,0.0990000000000038
"V4-CMP-TWO-STAGE-FREQ-BOOT-RESP-v1","V4-TARGET-RESPONDENT-WEIGHTED-v1",0.461063600079197,0.472129190613404,-0.0110655905342071,0.406500223360202,0.525523407549511,0.466011815454856,0.119023184189309,0.029747353696425,TRUE,199,199,0,"OK","P14-C008",23,30,600,0.17,"balanced","strong","regular",20,20,0,0.00500000000000012,0,0.0990000000000038
"V4-CMP-MOKKEN-TWOLEVEL-DELTA-v1","V4-TARGET-RESPONDENT-WEIGHTED-v1",0.461063600079198,0.472129190613404,-0.0110655905342059,0.404887469296558,0.517239730861837,0.461063600079198,0.112352261565279,0.0286618178832619,TRUE,,,0,"OK","P14-C008",23,30,600,0.17,"balanced","strong","regular",20,20,0,0.00500000000000012,0,0.0990000000000038
"V4-PRI-TWO-STAGE-HBB-RESP-v1","V4-TARGET-RESPONDENT-WEIGHTED-v1",0.482931460375172,0.472129190613404,0.0108022697617686,0.412667614674773,0.559885467086738,0.486276540880756,0.147217852411965,0.0367823779820455,TRUE,199,199,0,"OK","P14-C008",24,30,600,0.17,"balanced","strong","regular",20,20,0,0.0116666666666669,0,0.0970000000000013
"V4-SENS-TWO-STAGE-HBB-CLUSTER-v1","V4-TARGET-EQUAL-CLUSTER-v1",0.482931460375172,0.472129190613404,0.0108022697617686,0.408470886524639,0.544004257245062,0.47623757188485,0.135533370720422,0.0346122567355403,TRUE,199,199,0,"OK","P14-C008",24,30,600,0.17,"balanced","strong","regular",20,20,0,0.0116666666666669,0,0.0970000000000013
"V4-CMP-ONE-STAGE-CLUSTER-BB-RESP-v1","V4-TARGET-RESPONDENT-WEIGHTED-v1",0.482931460375172,0.472129190613404,0.0108022697617686,0.440224411175973,0.525049578315184,0.482636994745579,0.0848251671392107,0.020637228639946,TRUE,199,199,0,"OK","P14-C008",24,30,600,0.17,"balanced","strong","regular",20,20,0,0.0116666666666669,0,0.0970000000000013
"V4-CMP-IID-RESP-BB-v1","WORKING-INDEPENDENCE-RESPONDENT",0.482931460375172,0.472129190613404,0.0108022697617686,0.445086817390418,0.520353669272715,0.482720243331566,0.0752668518822968,0.0188165067917074,TRUE,199,199,0,"OK","P14-C008",24,30,600,0.17,"balanced","strong","regular",20,20,0,0.0116666666666669,0,0.0970000000000013
"V4-CMP-TWO-STAGE-FREQ-BOOT-RESP-v1","V4-TARGET-RESPONDENT-WEIGHTED-v1",0.482931460375172,0.472129190613404,0.0108022697617686,0.422772311717892,0.535381227356388,0.47907676953714,0.112608915638497,0.028505265431435,TRUE,199,199,0,"OK","P14-C008",24,30,600,0.17,"balanced","strong","regular",20,20,0,0.0116666666666669,0,0.0970000000000013
"V4-CMP-MOKKEN-TWOLEVEL-DELTA-v1","V4-TARGET-RESPONDENT-WEIGHTED-v1",0.482931460375173,0.472129190613404,0.0108022697617688,0.426197360376385,0.53966556037396,0.482931460375173,0.113468199997575,0.0289465012858905,TRUE,,,0,"OK","P14-C008",24,30,600,0.17,"balanced","strong","regular",20,20,0,0.0116666666666669,0,0.0970000000000013
"V4-PRI-TWO-STAGE-HBB-RESP-v1","V4-TARGET-RESPONDENT-WEIGHTED-v1",0.485231758150727,0.472129190613404,0.0131025675373233,0.42225528576192,0.553610274147882,0.487932779954901,0.131354988385962,0.0312006548962737,TRUE,199,199,0,"OK","P14-C008",25,30,600,0.17,"balanced","strong","regular",20,20,0,0.00166666666666665,0,0.0999999999999943
"V4-SENS-TWO-STAGE-HBB-CLUSTER-v1","V4-TARGET-EQUAL-CLUSTER-v1",0.485231758150727,0.472129190613404,0.0131025675373233,0.42269882659469,0.542464555621855,0.482581691108272,0.119765729027165,0.03045389369112,TRUE,199,199,0,"OK","P14-C008",25,30,600,0.17,"balanced","strong","regular",20,20,0,0.00166666666666665,0,0.0999999999999943
"V4-CMP-ONE-STAGE-CLUSTER-BB-RESP-v1","V4-TARGET-RESPONDENT-WEIGHTED-v1",0.485231758150727,0.472129190613404,0.0131025675373233,0.459469902313653,0.520301111421893,0.489885506867773,0.0608312091082391,0.0150775814473608,TRUE,199,199,0,"OK","P14-C008",25,30,600,0.17,"balanced","strong","regular",20,20,0,0.00166666666666665,0,0.0999999999999943
"V4-CMP-IID-RESP-BB-v1","WORKING-INDEPENDENCE-RESPONDENT",0.485231758150727,0.472129190613404,0.0131025675373233,0.440370897723085,0.520246771164227,0.480308834443656,0.0798758734411424,0.0189597734976984,TRUE,199,199,0,"OK","P14-C008",25,30,600,0.17,"balanced","strong","regular",20,20,0,0.00166666666666665,0,0.0999999999999943
"V4-CMP-TWO-STAGE-FREQ-BOOT-RESP-v1","V4-TARGET-RESPONDENT-WEIGHTED-v1",0.485231758150727,0.472129190613404,0.0131025675373233,0.443916229135646,0.53538977750256,0.489653003319103,0.0914735483669143,0.0240554611923164,TRUE,199,199,0,"OK","P14-C008",25,30,600,0.17,"balanced","strong","regular",20,20,0,0.00166666666666665,0,0.0999999999999943
"V4-CMP-MOKKEN-TWOLEVEL-DELTA-v1","V4-TARGET-RESPONDENT-WEIGHTED-v1",0.485231758150729,0.472129190613404,0.0131025675373251,0.436109525761571,0.534353990539886,0.485231758150729,0.0982444647783152,0.0250628239991283,TRUE,,,0,"OK","P14-C008",25,30,600,0.17,"balanced","strong","regular",20,20,0,0.00166666666666665,0,0.0999999999999943
"V4-PRI-TWO-STAGE-HBB-RESP-v1","V4-TARGET-RESPONDENT-WEIGHTED-v1",0.505717678227157,0.472129190613404,0.0335884876137534,0.452610742622049,0.56512934711365,0.508870044867849,0.112518604491601,0.0301413018144789,TRUE,199,199,0,"OK","P14-C008",26,30,600,0.17,"balanced","strong","regular",20,20,0,0.00333333333333341,0,0.0980000000000061
"V4-SENS-TWO-STAGE-HBB-CLUSTER-v1","V4-TARGET-EQUAL-CLUSTER-v1",0.505717678227157,0.472129190613404,0.0335884876137534,0.42277466739695,0.577561383733519,0.500168025565234,0.154786716336569,0.0349977430872706,TRUE,199,199,0,"OK","P14-C008",26,30,600,0.17,"balanced","strong","regular",20,20,0,0.00333333333333341,0,0.0980000000000061
"V4-CMP-ONE-STAGE-CLUSTER-BB-RESP-v1","V4-TARGET-RESPONDENT-WEIGHTED-v1",0.505717678227157,0.472129190613404,0.0335884876137534,0.475665591578942,0.5328227167814,0.504244154180171,0.0571571252024581,0.0147607753381522,FALSE,199,199,0,"OK","P14-C008",26,30,600,0.17,"balanced","strong","regular",20,20,0,0.00333333333333341,0,0.0980000000000061
"V4-CMP-IID-RESP-BB-v1","WORKING-INDEPENDENCE-RESPONDENT",0.505717678227157,0.472129190613404,0.0335884876137534,0.472267130787557,0.544091504212319,0.508179317499938,0.0718243734247621,0.0202020562556009,FALSE,199,199,0,"OK","P14-C008",26,30,600,0.17,"balanced","strong","regular",20,20,0,0.00333333333333341,0,0.0980000000000061
"V4-CMP-TWO-STAGE-FREQ-BOOT-RESP-v1","V4-TARGET-RESPONDENT-WEIGHTED-v1",0.505717678227157,0.472129190613404,0.0335884876137534,0.443808007534866,0.554491282241349,0.499149644888107,0.110683274706482,0.0274087170527339,TRUE,199,199,0,"OK","P14-C008",26,30,600,0.17,"balanced","strong","regular",20,20,0,0.00333333333333341,0,0.0980000000000061
"V4-CMP-MOKKEN-TWOLEVEL-DELTA-v1","V4-TARGET-RESPONDENT-WEIGHTED-v1",0.505717678227158,0.472129190613404,0.033588487613754,0.455545662154017,0.555889694300299,0.505717678227158,0.100344032146282,0.0255984377615566,TRUE,,,0,"OK","P14-C008",26,30,600,0.17,"balanced","strong","regular",20,20,0,0.00333333333333341,0,0.0980000000000061
"V4-PRI-TWO-STAGE-HBB-RESP-v1","V4-TARGET-RESPONDENT-WEIGHTED-v1",0.472008137297548,0.472129190613404,-0.000121053315855379,0.395810435069178,0.540093314674161,0.467951874871669,0.144282879604984,0.0341952226929232,TRUE,199,199,0,"OK","P14-C008",27,30,600,0.17,"balanced","strong","regular",20,20,0,0.00333333333333341,0,0.113
"V4-SENS-TWO-STAGE-HBB-CLUSTER-v1","V4-TARGET-EQUAL-CLUSTER-v1",0.472008137297548,0.472129190613404,-0.000121053315855379,0.406783426439012,0.536996793134064,0.471890109786538,0.130213366695053,0.0346771070531986,TRUE,199,199,0,"OK","P14-C008",27,30,600,0.17,"balanced","strong","regular",20,20,0,0.00333333333333341,0,0.113
"V4-CMP-ONE-STAGE-CLUSTER-BB-RESP-v1","V4-TARGET-RESPONDENT-WEIGHTED-v1",0.472008137297548,0.472129190613404,-0.000121053315855379,0.434981144864795,0.514755257449778,0.474868201157287,0.0797741125849829,0.020139648253885,TRUE,199,199,0,"OK","P14-C008",27,30,600,0.17,"balanced","strong","regular",20,20,0,0.00333333333333341,0,0.113
"V4-CMP-IID-RESP-BB-v1","WORKING-INDEPENDENCE-RESPONDENT",0.472008137297548,0.472129190613404,-0.000121053315855379,0.43301006970863,0.508945300628647,0.470977685168638,0.0759352309200169,0.0195769731519654,TRUE,199,199,0,"OK","P14-C008",27,30,600,0.17,"balanced","strong","regular",20,20,0,0.00333333333333341,0,0.113
"V4-CMP-TWO-STAGE-FREQ-BOOT-RESP-v1","V4-TARGET-RESPONDENT-WEIGHTED-v1",0.472008137297548,0.472129190613404,-0.000121053315855379,0.413564903646432,0.540580967660584,0.477072935653508,0.127016064014152,0.0314435574624204,TRUE,199,199,0,"OK","P14-C008",27,30,600,0.17,"balanced","strong","regular",20,20,0,0.00333333333333341,0,0.113
"V4-CMP-MOKKEN-TWOLEVEL-DELTA-v1","V4-TARGET-RESPONDENT-WEIGHTED-v1",0.472008137297548,0.472129190613404,-0.00012105331585549,0.414878960353734,0.529137314241363,0.472008137297548,0.114258353887629,0.029148074859764,TRUE,,,0,"OK","P14-C008",27,30,600,0.17,"balanced","strong","regular",20,20,0,0.00333333333333341,0,0.113
"V4-PRI-TWO-STAGE-HBB-RESP-v1","V4-TARGET-RESPONDENT-WEIGHTED-v1",0.501207799739858,0.472129190613404,0.0290786091264543,0.435555431578376,0.566027532382637,0.500791481980506,0.130472100804261,0.0337724450669109,TRUE,199,199,0,"OK","P14-C008",28,30,600,0.17,"balanced","strong","regular",20,20,0,0.00666666666666682,0,0.0959999999999965
"V4-SENS-TWO-STAGE-HBB-CLUSTER-v1","V4-TARGET-EQUAL-CLUSTER-v1",0.501207799739858,0.472129190613404,0.0290786091264543,0.426744252598408,0.571790646720248,0.499267449659328,0.14504639412184,0.0357877265239046,TRUE,199,199,0,"OK","P14-C008",28,30,600,0.17,"balanced","strong","regular",20,20,0,0.00666666666666682,0,0.0959999999999965
"V4-CMP-ONE-STAGE-CLUSTER-BB-RESP-v1","V4-TARGET-RESPONDENT-WEIGHTED-v1",0.501207799739858,0.472129190613404,0.0290786091264543,0.454573069090138,0.549545747558682,0.50205940832441,0.0949726784685438,0.0225867620101255,TRUE,199,199,0,"OK","P14-C008",28,30,600,0.17,"balanced","strong","regular",20,20,0,0.00666666666666682,0,0.0959999999999965
"V4-CMP-IID-RESP-BB-v1","WORKING-INDEPENDENCE-RESPONDENT",0.501207799739858,0.472129190613404,0.0290786091264543,0.456656855119252,0.541048040306401,0.498852447712827,0.0843911851871494,0.020477594631995,TRUE,199,199,0,"OK","P14-C008",28,30,600,0.17,"balanced","strong","regular",20,20,0,0.00666666666666682,0,0.0959999999999965
"V4-CMP-TWO-STAGE-FREQ-BOOT-RESP-v1","V4-TARGET-RESPONDENT-WEIGHTED-v1",0.501207799739858,0.472129190613404,0.0290786091264543,0.438389356464708,0.559800114326758,0.499094735395733,0.12141075786205,0.0311134464791123,TRUE,199,199,0,"OK","P14-C008",28,30,600,0.17,"balanced","strong","regular",20,20,0,0.00666666666666682,0,0.0959999999999965
"V4-CMP-MOKKEN-TWOLEVEL-DELTA-v1","V4-TARGET-RESPONDENT-WEIGHTED-v1",0.501207799739858,0.472129190613404,0.0290786091264545,0.441042924616989,0.561372674862728,0.501207799739858,0.120329750245739,0.0306969289218794,TRUE,,,0,"OK","P14-C008",28,30,600,0.17,"balanced","strong","regular",20,20,0,0.00666666666666682,0,0.0959999999999965
"V4-PRI-TWO-STAGE-HBB-RESP-v1","V4-TARGET-RESPONDENT-WEIGHTED-v1",0.448623299438175,0.472129190613404,-0.0235058911752287,0.373872036200975,0.528303759928485,0.45108789806473,0.15443172372751,0.0363917271822894,TRUE,199,199,0,"OK","P14-C008",29,30,600,0.17,"balanced","strong","regular",20,20,0,0.0066666666666666,0,0.097999999999999
"V4-SENS-TWO-STAGE-HBB-CLUSTER-v1","V4-TARGET-EQUAL-CLUSTER-v1",0.448623299438175,0.472129190613404,-0.0235058911752287,0.37804184306361,0.522076224963178,0.450059034013394,0.144034381899569,0.038644496684771,TRUE,199,199,0,"OK","P14-C008",29,30,600,0.17,"balanced","strong","regular",20,20,0,0.0066666666666666,0,0.097999999999999
"V4-CMP-ONE-STAGE-CLUSTER-BB-RESP-v1","V4-TARGET-RESPONDENT-WEIGHTED-v1",0.448623299438175,0.472129190613404,-0.0235058911752287,0.399074517235394,0.501753249349404,0.450413883292399,0.10267873211401,0.0259056529553088,TRUE,199,199,0,"OK","P14-C008",29,30,600,0.17,"balanced","strong","regular",20,20,0,0.0066666666666666,0,0.097999999999999
"V4-CMP-IID-RESP-BB-v1","WORKING-INDEPENDENCE-RESPONDENT",0.448623299438175,0.472129190613404,-0.0235058911752287,0.399977774713956,0.486903391651486,0.443440583182721,0.0869256169375294,0.0211137612457779,TRUE,199,199,0,"OK","P14-C008",29,30,600,0.17,"balanced","strong","regular",20,20,0,0.0066666666666666,0,0.097999999999999
"V4-CMP-TWO-STAGE-FREQ-BOOT-RESP-v1","V4-TARGET-RESPONDENT-WEIGHTED-v1",0.448623299438175,0.472129190613404,-0.0235058911752287,0.377951497952392,0.518545012685991,0.448248255319191,0.140593514733599,0.0338874194404378,TRUE,199,199,0,"OK","P14-C008",29,30,600,0.17,"balanced","strong","regular",20,20,0,0.0066666666666666,0,0.097999999999999
"V4-CMP-MOKKEN-TWOLEVEL-DELTA-v1","V4-TARGET-RESPONDENT-WEIGHTED-v1",0.448623299438177,0.472129190613404,-0.023505891175227,0.384350115399876,0.512896483476477,0.448623299438177,0.128546368076601,0.0327930434157358,TRUE,,,0,"OK","P14-C008",29,30,600,0.17,"balanced","strong","regular",20,20,0,0.0066666666666666,0,0.097999999999999
"V4-PRI-TWO-STAGE-HBB-RESP-v1","V4-TARGET-RESPONDENT-WEIGHTED-v1",0.467105272496963,0.472129190613404,-0.00502391811644076,0.408430362790907,0.541634073126817,0.475032217958862,0.13320371033591,0.0325048927297773,TRUE,199,199,0,"OK","P14-C008",30,30,600,0.17,"balanced","strong","regular",20,20,0,0.00333333333333341,0,0.100000000000001
"V4-SENS-TWO-STAGE-HBB-CLUSTER-v1","V4-TARGET-EQUAL-CLUSTER-v1",0.467105272496963,0.472129190613404,-0.00502391811644076,0.396385283953773,0.523906043322024,0.460145663637898,0.127520759368251,0.0331840810183507,TRUE,199,199,0,"OK","P14-C008",30,30,600,0.17,"balanced","strong","regular",20,20,0,0.00333333333333341,0,0.100000000000001
"V4-CMP-ONE-STAGE-CLUSTER-BB-RESP-v1","V4-TARGET-RESPONDENT-WEIGHTED-v1",0.467105272496963,0.472129190613404,-0.00502391811644076,0.426443630103384,0.507423434415056,0.46693353225922,0.0809798043116716,0.0210613301245763,TRUE,199,199,0,"OK","P14-C008",30,30,600,0.17,"balanced","strong","regular",20,20,0,0.00333333333333341,0,0.100000000000001
"V4-CMP-IID-RESP-BB-v1","WORKING-INDEPENDENCE-RESPONDENT",0.467105272496963,0.472129190613404,-0.00502391811644076,0.425438548267522,0.505797104306456,0.465617826286989,0.0803585560389342,0.020511334434304,TRUE,199,199,0,"OK","P14-C008",30,30,600,0.17,"balanced","strong","regular",20,20,0,0.00333333333333341,0,0.100000000000001
"V4-CMP-TWO-STAGE-FREQ-BOOT-RESP-v1","V4-TARGET-RESPONDENT-WEIGHTED-v1",0.467105272496963,0.472129190613404,-0.00502391811644076,0.3997735173531,0.522292180906916,0.461032849130008,0.122518663553816,0.0323935326716966,TRUE,199,199,0,"OK","P14-C008",30,30,600,0.17,"balanced","strong","regular",20,20,0,0.00333333333333341,0,0.100000000000001
"V4-CMP-MOKKEN-TWOLEVEL-DELTA-v1","V4-TARGET-RESPONDENT-WEIGHTED-v1",0.467105272496964,0.472129190613404,-0.00502391811643937,0.410199520874361,0.524011024119567,0.467105272496964,0.113811503245206,0.0290340802542641,TRUE,,,0,"OK","P14-C008",30,30,600,0.17,"balanced","strong","regular",20,20,0,0.00333333333333341,0,0.100000000000001
"V4-PRI-TWO-STAGE-HBB-RESP-v1","V4-TARGET-RESPONDENT-WEIGHTED-v1",0.463506615939445,0.472129190613404,-0.00862257467395822,0.388553101555452,0.528889262369129,0.45872118196229,0.140336160813678,0.0379682490562811,TRUE,199,199,0,"OK","P14-C008",31,30,600,0.17,"balanced","strong","regular",20,20,0,0.0016666666666667,0,0.100000000000001
"V4-SENS-TWO-STAGE-HBB-CLUSTER-v1","V4-TARGET-EQUAL-CLUSTER-v1",0.463506615939445,0.472129190613404,-0.00862257467395822,0.393647500447355,0.536302704099732,0.464975102273543,0.142655203652377,0.0379347443701331,TRUE,199,199,0,"OK","P14-C008",31,30,600,0.17,"balanced","strong","regular",20,20,0,0.0016666666666667,0,0.100000000000001
"V4-CMP-ONE-STAGE-CLUSTER-BB-RESP-v1","V4-TARGET-RESPONDENT-WEIGHTED-v1",0.463506615939445,0.472129190613404,-0.00862257467395822,0.41706501472204,0.507299006277459,0.462182010499749,0.0902339915554199,0.0232729072817629,TRUE,199,199,0,"OK","P14-C008",31,30,600,0.17,"balanced","strong","regular",20,20,0,0.0016666666666667,0,0.100000000000001
"V4-CMP-IID-RESP-BB-v1","WORKING-INDEPENDENCE-RESPONDENT",0.463506615939445,0.472129190613404,-0.00862257467395822,0.423791186932281,0.506133722325086,0.464962454628683,0.0823425353928056,0.0213678823803143,TRUE,199,199,0,"OK","P14-C008",31,30,600,0.17,"balanced","strong","regular",20,20,0,0.0016666666666667,0,0.100000000000001
"V4-CMP-TWO-STAGE-FREQ-BOOT-RESP-v1","V4-TARGET-RESPONDENT-WEIGHTED-v1",0.463506615939445,0.472129190613404,-0.00862257467395822,0.400269322753815,0.52289781458415,0.461583568668983,0.122628491830335,0.032429434314383,TRUE,199,199,0,"OK","P14-C008",31,30,600,0.17,"balanced","strong","regular",20,20,0,0.0016666666666667,0,0.100000000000001
"V4-CMP-MOKKEN-TWOLEVEL-DELTA-v1","V4-TARGET-RESPONDENT-WEIGHTED-v1",0.463506615939447,0.472129190613404,-0.00862257467395683,0.398474863333581,0.528538368545313,0.463506615939447,0.130063505211731,0.0331800753069076,TRUE,,,0,"OK","P14-C008",31,30,600,0.17,"balanced","strong","regular",20,20,0,0.0016666666666667,0,0.100000000000001
"V4-PRI-TWO-STAGE-HBB-RESP-v1","V4-TARGET-RESPONDENT-WEIGHTED-v1",0.489798301286278,0.472129190613404,0.0176691106728745,0.421663139040932,0.556115303943593,0.488889221492262,0.134452164902661,0.0324241866238075,TRUE,199,199,0,"OK","P14-C008",32,30,600,0.17,"balanced","strong","regular",20,20,0,0.00166666666666665,0,0.097999999999999
"V4-SENS-TWO-STAGE-HBB-CLUSTER-v1","V4-TARGET-EQUAL-CLUSTER-v1",0.489798301286278,0.472129190613404,0.0176691106728745,0.421012195902159,0.569570538831537,0.495291367366848,0.148558342929378,0.0355334299544272,TRUE,199,199,0,"OK","P14-C008",32,30,600,0.17,"balanced","strong","regular",20,20,0,0.00166666666666665,0,0.097999999999999
"V4-CMP-ONE-STAGE-CLUSTER-BB-RESP-v1","V4-TARGET-RESPONDENT-WEIGHTED-v1",0.489798301286278,0.472129190613404,0.0176691106728745,0.449980463092893,0.530094058618749,0.490037260855821,0.0801135955258561,0.0207777273526874,TRUE,199,199,0,"OK","P14-C008",32,30,600,0.17,"balanced","strong","regular",20,20,0,0.00166666666666665,0,0.097999999999999
"V4-CMP-IID-RESP-BB-v1","WORKING-INDEPENDENCE-RESPONDENT",0.489798301286278,0.472129190613404,0.0176691106728745,0.453719570163039,0.527571710526354,0.490645640344697,0.0738521403633147,0.0181730964669366,TRUE,199,199,0,"OK","P14-C008",32,30,600,0.17,"balanced","strong","regular",20,20,0,0.00166666666666665,0,0.097999999999999
"V4-CMP-TWO-STAGE-FREQ-BOOT-RESP-v1","V4-TARGET-RESPONDENT-WEIGHTED-v1",0.489798301286278,0.472129190613404,0.0176691106728745,0.422275399429913,0.541467616748986,0.48187150808945,0.119192217319073,0.0307206281143214,TRUE,199,199,0,"OK","P14-C008",32,30,600,0.17,"balanced","strong","regular",20,20,0,0.00166666666666665,0,0.097999999999999
"V4-CMP-MOKKEN-TWOLEVEL-DELTA-v1","V4-TARGET-RESPONDENT-WEIGHTED-v1",0.489798301286277,0.472129190613404,0.017669110672873,0.43182504964791,0.547771552924643,0.489798301286277,0.115946503276733,0.0295787331275738,TRUE,,,0,"OK","P14-C008",32,30,600,0.17,"balanced","strong","regular",20,20,0,0.00166666666666665,0,0.097999999999999
"V4-PRI-TWO-STAGE-HBB-RESP-v1","V4-TARGET-RESPONDENT-WEIGHTED-v1",0.474271805330215,0.472129190613404,0.00214261471681132,0.410577708473579,0.539858569814869,0.475218139144224,0.12928086134129,0.0341324751505161,TRUE,199,199,0,"OK","P14-C008",33,30,600,0.17,"balanced","strong","regular",20,20,0,0.0033333333333333,0,0.0990000000000038
"V4-SENS-TWO-STAGE-HBB-CLUSTER-v1","V4-TARGET-EQUAL-CLUSTER-v1",0.474271805330215,0.472129190613404,0.00214261471681132,0.408464717803544,0.544023347945239,0.476244032874391,0.135558630141695,0.0349326159617698,TRUE,199,199,0,"OK","P14-C008",33,30,600,0.17,"balanced","strong","regular",20,20,0,0.0033333333333333,0,0.0990000000000038
"V4-CMP-ONE-STAGE-CLUSTER-BB-RESP-v1","V4-TARGET-RESPONDENT-WEIGHTED-v1",0.474271805330215,0.472129190613404,0.00214261471681132,0.429420475718951,0.529100433658993,0.479260454688972,0.0996799579400417,0.0244876579571369,TRUE,199,199,0,"OK","P14-C008",33,30,600,0.17,"balanced","strong","regular",20,20,0,0.0033333333333333,0,0.0990000000000038
"V4-CMP-IID-RESP-BB-v1","WORKING-INDEPENDENCE-RESPONDENT",0.474271805330215,0.472129190613404,0.00214261471681132,0.437858332215332,0.512628977347818,0.475243654781575,0.0747706451324859,0.0189074751381625,TRUE,199,199,0,"OK","P14-C008",33,30,600,0.17,"balanced","strong","regular",20,20,0,0.0033333333333333,0,0.0990000000000038
"V4-CMP-TWO-STAGE-FREQ-BOOT-RESP-v1","V4-TARGET-RESPONDENT-WEIGHTED-v1",0.474271805330215,0.472129190613404,0.00214261471681132,0.417641884253089,0.531131278055409,0.474386581154249,0.113489393802319,0.0299277657477346,TRUE,199,199,0,"OK","P14-C008",33,30,600,0.17,"balanced","strong","regular",20,20,0,0.0033333333333333,0,0.0990000000000038
"V4-CMP-MOKKEN-TWOLEVEL-DELTA-v1","V4-TARGET-RESPONDENT-WEIGHTED-v1",0.474271805330216,0.472129190613404,0.00214261471681193,0.411407064785929,0.537136545874502,0.474271805330216,0.125729481088573,0.0320744365917718,TRUE,,,0,"OK","P14-C008",33,30,600,0.17,"balanced","strong","regular",20,20,0,0.0033333333333333,0,0.0990000000000038
"V4-PRI-TWO-STAGE-HBB-RESP-v1","V4-TARGET-RESPONDENT-WEIGHTED-v1",0.48464277885934,0.472129190613404,0.0125135882459361,0.419653502098695,0.560109429095309,0.489881465597002,0.140455926996614,0.036771967640888,TRUE,199,199,0,"OK","P14-C008",34,30,600,0.17,"balanced","strong","regular",20,20,0,0,1,0.100999999999999
"V4-SENS-TWO-STAGE-HBB-CLUSTER-v1","V4-TARGET-EQUAL-CLUSTER-v1",0.48464277885934,0.472129190613404,0.0125135882459361,0.39969949461755,0.548926228994723,0.474312861806136,0.149226734377173,0.0405582828658356,TRUE,199,199,0,"OK","P14-C008",34,30,600,0.17,"balanced","strong","regular",20,20,0,0,1,0.100999999999999
"V4-CMP-ONE-STAGE-CLUSTER-BB-RESP-v1","V4-TARGET-RESPONDENT-WEIGHTED-v1",0.48464277885934,0.472129190613404,0.0125135882459361,0.428232527118345,0.529749236748241,0.478990881933293,0.101516709629896,0.0264348129586046,TRUE,199,199,0,"OK","P14-C008",34,30,600,0.17,"balanced","strong","regular",20,20,0,0,1,0.100999999999999
"V4-CMP-IID-RESP-BB-v1","WORKING-INDEPENDENCE-RESPONDENT",0.48464277885934,0.472129190613404,0.0125135882459361,0.447054994874048,0.527297721460478,0.487176358167263,0.0802427265864305,0.0204931337351536,TRUE,199,199,0,"OK","P14-C008",34,30,600,0.17,"balanced","strong","regular",20,20,0,0,1,0.100999999999999
"V4-CMP-TWO-STAGE-FREQ-BOOT-RESP-v1","V4-TARGET-RESPONDENT-WEIGHTED-v1",0.48464277885934,0.472129190613404,0.0125135882459361,0.42423759019707,0.549084443372929,0.486661016784999,0.12484685317586,0.0332900282117401,TRUE,199,199,0,"OK","P14-C008",34,30,600,0.17,"balanced","strong","regular",20,20,0,0,1,0.100999999999999
"V4-CMP-MOKKEN-TWOLEVEL-DELTA-v1","V4-TARGET-RESPONDENT-WEIGHTED-v1",0.484642778859342,0.472129190613404,0.0125135882459379,0.417577775174422,0.551707782544262,0.484642778859342,0.13413000736984,0.0342174673687477,TRUE,,,0,"OK","P14-C008",34,30,600,0.17,"balanced","strong","regular",20,20,0,0,1,0.100999999999999
"V4-PRI-TWO-STAGE-HBB-RESP-v1","V4-TARGET-RESPONDENT-WEIGHTED-v1",0.461591913583076,0.472129190613404,-0.010537277030328,0.387720975370583,0.53612151824418,0.461921246807382,0.148400542873597,0.0365171172605793,TRUE,199,199,0,"OK","P14-C008",35,30,600,0.17,"balanced","strong","regular",20,20,0,0.0066666666666666,0,0.0989999999999966
"V4-SENS-TWO-STAGE-HBB-CLUSTER-v1","V4-TARGET-EQUAL-CLUSTER-v1",0.461591913583076,0.472129190613404,-0.010537277030328,0.384839448858356,0.527938349804885,0.45638889933162,0.143098900946529,0.035927717534312,TRUE,199,199,0,"OK","P14-C008",35,30,600,0.17,"balanced","strong","regular",20,20,0,0.0066666666666666,0,0.0989999999999966
"V4-CMP-ONE-STAGE-CLUSTER-BB-RESP-v1","V4-TARGET-RESPONDENT-WEIGHTED-v1",0.461591913583076,0.472129190613404,-0.010537277030328,0.412451369803883,0.501684193917033,0.457067781860458,0.0892328241131504,0.0222218569070185,TRUE,199,199,0,"OK","P14-C008",35,30,600,0.17,"balanced","strong","regular",20,20,0,0.0066666666666666,0,0.0989999999999966
"V4-CMP-IID-RESP-BB-v1","WORKING-INDEPENDENCE-RESPONDENT",0.461591913583076,0.472129190613404,-0.010537277030328,0.420522276055675,0.503758538738528,0.462140407397101,0.0832362626828528,0.0215895600194716,TRUE,199,199,0,"OK","P14-C008",35,30,600,0.17,"balanced","strong","regular",20,20,0,0.0066666666666666,0,0.0989999999999966
"V4-CMP-TWO-STAGE-FREQ-BOOT-RESP-v1","V4-TARGET-RESPONDENT-WEIGHTED-v1",0.461591913583076,0.472129190613404,-0.010537277030328,0.395422918331647,0.533885843869999,0.464654381100823,0.138462925538352,0.0351442061615537,TRUE,199,199,0,"OK","P14-C008",35,30,600,0.17,"balanced","strong","regular",20,20,0,0.0066666666666666,0,0.0989999999999966
"V4-CMP-MOKKEN-TWOLEVEL-DELTA-v1","V4-TARGET-RESPONDENT-WEIGHTED-v1",0.461591913583077,0.472129190613404,-0.0105372770303266,0.398459732265263,0.524724094900891,0.461591913583077,0.126264362635627,0.0322108884733558,TRUE,,,0,"OK","P14-C008",35,30,600,0.17,"balanced","strong","regular",20,20,0,0.0066666666666666,0,0.0989999999999966
"V4-PRI-TWO-STAGE-HBB-RESP-v1","V4-TARGET-RESPONDENT-WEIGHTED-v1",0.457274139025563,0.472129190613404,-0.0148550515878406,0.391193555087098,0.511981851612457,0.451587703349777,0.120788296525359,0.0312236868683341,TRUE,199,199,0,"OK","P14-C008",36,30,600,0.17,"balanced","strong","regular",20,20,0,0.0116666666666669,0,0.097999999999999
"V4-SENS-TWO-STAGE-HBB-CLUSTER-v1","V4-TARGET-EQUAL-CLUSTER-v1",0.457274139025563,0.472129190613404,-0.0148550515878406,0.391052373828237,0.528643070111538,0.459847721969887,0.137590696283302,0.035106178491454,TRUE,199,199,0,"OK","P14-C008",36,30,600,0.17,"balanced","strong","regular",20,20,0,0.0116666666666669,0,0.097999999999999
"V4-CMP-ONE-STAGE-CLUSTER-BB-RESP-v1","V4-TARGET-RESPONDENT-WEIGHTED-v1",0.457274139025563,0.472129190613404,-0.0148550515878406,0.423772838781293,0.492699195298002,0.458236017039647,0.0689263565167094,0.0179421038739822,TRUE,199,199,0,"OK","P14-C008",36,30,600,0.17,"balanced","strong","regular",20,20,0,0.0116666666666669,0,0.097999999999999
"V4-CMP-IID-RESP-BB-v1","WORKING-INDEPENDENCE-RESPONDENT",0.457274139025563,0.472129190613404,-0.0148550515878406,0.413087077672724,0.502176704639001,0.457631891155863,0.0890896269662762,0.0228341318880358,TRUE,199,199,0,"OK","P14-C008",36,30,600,0.17,"balanced","strong","regular",20,20,0,0.0116666666666669,0,0.097999999999999
"V4-CMP-TWO-STAGE-FREQ-BOOT-RESP-v1","V4-TARGET-RESPONDENT-WEIGHTED-v1",0.457274139025563,0.472129190613404,-0.0148550515878406,0.398829812521679,0.511099727646079,0.454964770083879,0.1122699151244,0.0284709221974519,TRUE,199,199,0,"OK","P14-C008",36,30,600,0.17,"balanced","strong","regular",20,20,0,0.0116666666666669,0,0.097999999999999
"V4-CMP-MOKKEN-TWOLEVEL-DELTA-v1","V4-TARGET-RESPONDENT-WEIGHTED-v1",0.457274139025563,0.472129190613404,-0.0148550515878402,0.402350450171922,0.512197827879205,0.457274139025563,0.109847377707282,0.0280228051570703,TRUE,,,0,"OK","P14-C008",36,30,600,0.17,"balanced","strong","regular",20,20,0,0.0116666666666669,0,0.097999999999999
"V4-PRI-TWO-STAGE-HBB-RESP-v1","V4-TARGET-RESPONDENT-WEIGHTED-v1",0.466705104578568,0.472129190613404,-0.0054240860348353,0.403329405546287,0.540430260945395,0.471879833245841,0.137100855399108,0.0371034227551295,TRUE,199,199,0,"OK","P14-C008",37,30,600,0.17,"balanced","strong","regular",20,20,0,0.0100000000000002,0,0.097999999999999
"V4-SENS-TWO-STAGE-HBB-CLUSTER-v1","V4-TARGET-EQUAL-CLUSTER-v1",0.466705104578568,0.472129190613404,-0.0054240860348353,0.386741083783176,0.52672460212494,0.456732842954058,0.139983518341764,0.0351514260518631,TRUE,199,199,0,"OK","P14-C008",37,30,600,0.17,"balanced","strong","regular",20,20,0,0.0100000000000002,0,0.097999999999999
"V4-CMP-ONE-STAGE-CLUSTER-BB-RESP-v1","V4-TARGET-RESPONDENT-WEIGHTED-v1",0.466705104578568,0.472129190613404,-0.0054240860348353,0.416233488640215,0.509275508039579,0.462754498339897,0.0930420193993645,0.024014394567688,TRUE,199,199,0,"OK","P14-C008",37,30,600,0.17,"balanced","strong","regular",20,20,0,0.0100000000000002,0,0.097999999999999
"V4-CMP-IID-RESP-BB-v1","WORKING-INDEPENDENCE-RESPONDENT",0.466705104578568,0.472129190613404,-0.0054240860348353,0.430385203873375,0.511337247835586,0.47086122585448,0.0809520439622112,0.019652258130104,TRUE,199,199,0,"OK","P14-C008",37,30,600,0.17,"balanced","strong","regular",20,20,0,0.0100000000000002,0,0.097999999999999
"V4-CMP-TWO-STAGE-FREQ-BOOT-RESP-v1","V4-TARGET-RESPONDENT-WEIGHTED-v1",0.466705104578568,0.472129190613404,-0.0054240860348353,0.397756115585606,0.527996146801905,0.462876131193755,0.130240031216299,0.0330662488216453,TRUE,199,199,0,"OK","P14-C008",37,30,600,0.17,"balanced","strong","regular",20,20,0,0.0100000000000002,0,0.097999999999999
"V4-CMP-MOKKEN-TWOLEVEL-DELTA-v1","V4-TARGET-RESPONDENT-WEIGHTED-v1",0.466705104578568,0.472129190613404,-0.00542408603483541,0.404827749027019,0.528582460130117,0.466705104578568,0.123754711103098,0.0315706594813117,TRUE,,,0,"OK","P14-C008",37,30,600,0.17,"balanced","strong","regular",20,20,0,0.0100000000000002,0,0.097999999999999
"V4-PRI-TWO-STAGE-HBB-RESP-v1","V4-TARGET-RESPONDENT-WEIGHTED-v1",0.465032900159904,0.472129190613404,-0.00709629045350008,0.394598929387321,0.531988004445582,0.463293466916451,0.137389075058261,0.0359783968100678,TRUE,199,199,0,"OK","P14-C008",38,30,600,0.17,"balanced","strong","regular",20,20,0,0.00166666666666665,0,0.0990000000000038
"V4-SENS-TWO-STAGE-HBB-CLUSTER-v1","V4-TARGET-EQUAL-CLUSTER-v1",0.465032900159904,0.472129190613404,-0.00709629045350008,0.398680661569546,0.537823457360832,0.468252059465189,0.139142795791286,0.0344532625472572,TRUE,199,199,0,"OK","P14-C008",38,30,600,0.17,"balanced","strong","regular",20,20,0,0.00166666666666665,0,0.0990000000000038
"V4-CMP-ONE-STAGE-CLUSTER-BB-RESP-v1","V4-TARGET-RESPONDENT-WEIGHTED-v1",0.465032900159904,0.472129190613404,-0.00709629045350008,0.435514018282926,0.494138065274974,0.46482604177895,0.058624046992048,0.0147370349571105,TRUE,199,199,0,"OK","P14-C008",38,30,600,0.17,"balanced","strong","regular",20,20,0,0.00166666666666665,0,0.0990000000000038
"V4-CMP-IID-RESP-BB-v1","WORKING-INDEPENDENCE-RESPONDENT",0.465032900159904,0.472129190613404,-0.00709629045350008,0.424181150370851,0.506135243443212,0.465158196907031,0.0819540930723613,0.0219639563723672,TRUE,199,199,0,"OK","P14-C008",38,30,600,0.17,"balanced","strong","regular",20,20,0,0.00166666666666665,0,0.0990000000000038
"V4-CMP-TWO-STAGE-FREQ-BOOT-RESP-v1","V4-TARGET-RESPONDENT-WEIGHTED-v1",0.465032900159904,0.472129190613404,-0.00709629045350008,0.407716148532733,0.516608353269665,0.462162250901199,0.108892204736931,0.0290560868018888,TRUE,199,199,0,"OK","P14-C008",38,30,600,0.17,"balanced","strong","regular",20,20,0,0.00166666666666665,0,0.0990000000000038
"V4-CMP-MOKKEN-TWOLEVEL-DELTA-v1","V4-TARGET-RESPONDENT-WEIGHTED-v1",0.465032900159904,0.472129190613404,-0.00709629045349963,0.412765731193938,0.51730006912587,0.465032900159904,0.104534337931932,0.0266674129617904,TRUE,,,0,"OK","P14-C008",38,30,600,0.17,"balanced","strong","regular",20,20,0,0.00166666666666665,0,0.0990000000000038
"V4-PRI-TWO-STAGE-HBB-RESP-v1","V4-TARGET-RESPONDENT-WEIGHTED-v1",0.467457475904831,0.472129190613404,-0.00467171470857269,0.4055588314236,0.529928445332172,0.467743638377886,0.124369613908572,0.0335868340771655,TRUE,199,199,0,"OK","P14-C008",39,30,600,0.17,"balanced","strong","regular",20,20,0,0.00333333333333341,0,0.109999999999999
"V4-SENS-TWO-STAGE-HBB-CLUSTER-v1","V4-TARGET-EQUAL-CLUSTER-v1",0.467457475904831,0.472129190613404,-0.00467171470857269,0.390788607904481,0.532467899423188,0.461628253663835,0.141679291518707,0.0377343320347432,TRUE,199,199,0,"OK","P14-C008",39,30,600,0.17,"balanced","strong","regular",20,20,0,0.00333333333333341,0,0.109999999999999
"V4-CMP-ONE-STAGE-CLUSTER-BB-RESP-v1","V4-TARGET-RESPONDENT-WEIGHTED-v1",0.467457475904831,0.472129190613404,-0.00467171470857269,0.419034772426954,0.511433874268346,0.46523432334765,0.0923991018413917,0.0236894609137671,TRUE,199,199,0,"OK","P14-C008",39,30,600,0.17,"balanced","strong","regular",20,20,0,0.00333333333333341,0,0.109999999999999
"V4-CMP-IID-RESP-BB-v1","WORKING-INDEPENDENCE-RESPONDENT",0.467457475904831,0.472129190613404,-0.00467171470857269,0.423664985856987,0.502019150157673,0.46284206800733,0.0783541643006854,0.0200273755214412,TRUE,199,199,0,"OK","P14-C008",39,30,600,0.17,"balanced","strong","regular",20,20,0,0.00333333333333341,0,0.109999999999999
"V4-CMP-TWO-STAGE-FREQ-BOOT-RESP-v1","V4-TARGET-RESPONDENT-WEIGHTED-v1",0.467457475904831,0.472129190613404,-0.00467171470857269,0.399241960497,0.525774431458534,0.462508195977767,0.126532470961534,0.030953031271627,TRUE,199,199,0,"OK","P14-C008",39,30,600,0.17,"balanced","strong","regular",20,20,0,0.00333333333333341,0,0.109999999999999
"V4-CMP-MOKKEN-TWOLEVEL-DELTA-v1","V4-TARGET-RESPONDENT-WEIGHTED-v1",0.467457475904833,0.472129190613404,-0.00467171470857114,0.404883754145426,0.530031197664239,0.467457475904833,0.125147443518814,0.0319259548915085,TRUE,,,0,"OK","P14-C008",39,30,600,0.17,"balanced","strong","regular",20,20,0,0.00333333333333341,0,0.109999999999999
"V4-PRI-TWO-STAGE-HBB-RESP-v1","V4-TARGET-RESPONDENT-WEIGHTED-v1",0.48155634303402,0.472129190613404,0.00942715242061631,0.40207452138265,0.554327419456631,0.47820097041964,0.152252898073982,0.0371711694397052,TRUE,199,199,0,"OK","P14-C008",40,30,600,0.17,"balanced","strong","regular",20,20,0,0.00500000000000012,0,0.097999999999999
"V4-SENS-TWO-STAGE-HBB-CLUSTER-v1","V4-TARGET-EQUAL-CLUSTER-v1",0.48155634303402,0.472129190613404,0.00942715242061631,0.417800180422051,0.560565622842304,0.489182901632178,0.142765442420252,0.0346785026677505,TRUE,199,199,0,"OK","P14-C008",40,30,600,0.17,"balanced","strong","regular",20,20,0,0.00500000000000012,0,0.097999999999999
"V4-CMP-ONE-STAGE-CLUSTER-BB-RESP-v1","V4-TARGET-RESPONDENT-WEIGHTED-v1",0.48155634303402,0.472129190613404,0.00942715242061631,0.435867961115519,0.533921048344763,0.484894504730141,0.0980530872292443,0.0248550377111691,TRUE,199,199,0,"OK","P14-C008",40,30,600,0.17,"balanced","strong","regular",20,20,0,0.00500000000000012,0,0.097999999999999
"V4-CMP-IID-RESP-BB-v1","WORKING-INDEPENDENCE-RESPONDENT",0.48155634303402,0.472129190613404,0.00942715242061631,0.447672989217282,0.52061742759889,0.484145208408086,0.0729444383816076,0.0186259883063136,TRUE,199,199,0,"OK","P14-C008",40,30,600,0.17,"balanced","strong","regular",20,20,0,0.00500000000000012,0,0.097999999999999
"V4-CMP-TWO-STAGE-FREQ-BOOT-RESP-v1","V4-TARGET-RESPONDENT-WEIGHTED-v1",0.48155634303402,0.472129190613404,0.00942715242061631,0.416108058580545,0.540329505949058,0.478218782264802,0.124221447368514,0.0305732872003654,TRUE,199,199,0,"OK","P14-C008",40,30,600,0.17,"balanced","strong","regular",20,20,0,0.00500000000000012,0,0.097999999999999
"V4-CMP-MOKKEN-TWOLEVEL-DELTA-v1","V4-TARGET-RESPONDENT-WEIGHTED-v1",0.481556343034022,0.472129190613404,0.00942715242061792,0.420105809570637,0.543006876497406,0.481556343034022,0.122901066926769,0.0313528891082175,TRUE,,,0,"OK","P14-C008",40,30,600,0.17,"balanced","strong","regular",20,20,0,0.00500000000000012,0,0.097999999999999
"V4-PRI-TWO-STAGE-HBB-RESP-v1","V4-TARGET-RESPONDENT-WEIGHTED-v1",0.457368436881972,0.472129190613404,-0.0147607537314319,0.387612980649088,0.521583343852016,0.454598162250552,0.133970363202927,0.0341651454911785,TRUE,199,199,0,"OK","P14-C008",41,30,600,0.17,"balanced","strong","regular",20,20,0,0,1,0.0949999999999989
"V4-SENS-TWO-STAGE-HBB-CLUSTER-v1","V4-TARGET-EQUAL-CLUSTER-v1",0.457368436881972,0.472129190613404,-0.0147607537314319,0.385921421615157,0.525889958569239,0.455905690092198,0.139968536954082,0.0333256830999292,TRUE,199,199,0,"OK","P14-C008",41,30,600,0.17,"balanced","strong","regular",20,20,0,0,1,0.0949999999999989
"V4-CMP-ONE-STAGE-CLUSTER-BB-RESP-v1","V4-TARGET-RESPONDENT-WEIGHTED-v1",0.457368436881972,0.472129190613404,-0.0147607537314319,0.415861009904034,0.500326564109785,0.45809378700691,0.0844655542057514,0.0211613096443997,TRUE,199,199,0,"OK","P14-C008",41,30,600,0.17,"balanced","strong","regular",20,20,0,0,1,0.0949999999999989
"V4-CMP-IID-RESP-BB-v1","WORKING-INDEPENDENCE-RESPONDENT",0.457368436881972,0.472129190613404,-0.0147607537314319,0.413451329938954,0.501674838652739,0.457563084295846,0.0882235087137845,0.0216488469204694,TRUE,199,199,0,"OK","P14-C008",41,30,600,0.17,"balanced","strong","regular",20,20,0,0,1,0.0949999999999989
"V4-CMP-TWO-STAGE-FREQ-BOOT-RESP-v1","V4-TARGET-RESPONDENT-WEIGHTED-v1",0.457368436881972,0.472129190613404,-0.0147607537314319,0.404738153828769,0.515824248654817,0.460281201241793,0.111086094826048,0.0280779277550927,TRUE,199,199,0,"OK","P14-C008",41,30,600,0.17,"balanced","strong","regular",20,20,0,0,1,0.0949999999999989
"V4-CMP-MOKKEN-TWOLEVEL-DELTA-v1","V4-TARGET-RESPONDENT-WEIGHTED-v1",0.457368436881974,0.472129190613404,-0.01476075373143,0.399598543264243,0.515138330499704,0.457368436881974,0.115539787235461,0.0294749771288717,TRUE,,,0,"OK","P14-C008",41,30,600,0.17,"balanced","strong","regular",20,20,0,0,1,0.0949999999999989
"V4-PRI-TWO-STAGE-HBB-RESP-v1","V4-TARGET-RESPONDENT-WEIGHTED-v1",0.462741212205818,0.472129190613404,-0.00938797840758554,0.390476291990316,0.521639581103081,0.456057936546698,0.131163289112765,0.0335317765190188,TRUE,199,199,0,"OK","P14-C008",42,30,600,0.17,"balanced","strong","regular",20,20,0,0,1,0.108000000000004
"V4-SENS-TWO-STAGE-HBB-CLUSTER-v1","V4-TARGET-EQUAL-CLUSTER-v1",0.462741212205818,0.472129190613404,-0.00938797840758554,0.397216284570297,0.538736246148207,0.467976265359252,0.14151996157791,0.0336551262584985,TRUE,199,199,0,"OK","P14-C008",42,30,600,0.17,"balanced","strong","regular",20,20,0,0,1,0.108000000000004
"V4-CMP-ONE-STAGE-CLUSTER-BB-RESP-v1","V4-TARGET-RESPONDENT-WEIGHTED-v1",0.462741212205818,0.472129190613404,-0.00938797840758554,0.420296760620672,0.501580553822825,0.460938657221749,0.0812837932021536,0.0197962052074268,TRUE,199,199,0,"OK","P14-C008",42,30,600,0.17,"balanced","strong","regular",20,20,0,0,1,0.108000000000004
"V4-CMP-IID-RESP-BB-v1","WORKING-INDEPENDENCE-RESPONDENT",0.462741212205818,0.472129190613404,-0.00938797840758554,0.419077871620907,0.507749411415917,0.463413641518412,0.08867153979501,0.021554712737065,TRUE,199,199,0,"OK","P14-C008",42,30,600,0.17,"balanced","strong","regular",20,20,0,0,1,0.108000000000004
"V4-CMP-TWO-STAGE-FREQ-BOOT-RESP-v1","V4-TARGET-RESPONDENT-WEIGHTED-v1",0.462741212205818,0.472129190613404,-0.00938797840758554,0.395420112227728,0.51076856777317,0.453094340000449,0.115348455545442,0.0301092849663048,TRUE,199,199,0,"OK","P14-C008",42,30,600,0.17,"balanced","strong","regular",20,20,0,0,1,0.108000000000004
"V4-CMP-MOKKEN-TWOLEVEL-DELTA-v1","V4-TARGET-RESPONDENT-WEIGHTED-v1",0.462741212205818,0.472129190613404,-0.00938797840758526,0.406534993875166,0.51894743053647,0.462741212205818,0.112412436661304,0.0286771689551439,TRUE,,,0,"OK","P14-C008",42,30,600,0.17,"balanced","strong","regular",20,20,0,0,1,0.108000000000004
"V4-PRI-TWO-STAGE-HBB-RESP-v1","V4-TARGET-RESPONDENT-WEIGHTED-v1",0.46791829278284,0.472129190613404,-0.0042108978305635,0.394474112868207,0.530362163003094,0.462418137935651,0.135888050134887,0.0341886718514783,TRUE,199,199,0,"OK","P14-C008",43,30,600,0.17,"balanced","strong","regular",20,20,0,0.0016666666666667,0,0.0970000000000013
"V4-SENS-TWO-STAGE-HBB-CLUSTER-v1","V4-TARGET-EQUAL-CLUSTER-v1",0.46791829278284,0.472129190613404,-0.0042108978305635,0.393916573540672,0.529536293098492,0.461726433319582,0.13561971955782,0.0334851445041844,TRUE,199,199,0,"OK","P14-C008",43,30,600,0.17,"balanced","strong","regular",20,20,0,0.0016666666666667,0,0.0970000000000013
"V4-CMP-ONE-STAGE-CLUSTER-BB-RESP-v1","V4-TARGET-RESPONDENT-WEIGHTED-v1",0.46791829278284,0.472129190613404,-0.0042108978305635,0.419120739084058,0.504408387761119,0.461764563422589,0.0852876486770607,0.0230498212970968,TRUE,199,199,0,"OK","P14-C008",43,30,600,0.17,"balanced","strong","regular",20,20,0,0.0016666666666667,0,0.0970000000000013
"V4-CMP-IID-RESP-BB-v1","WORKING-INDEPENDENCE-RESPONDENT",0.46791829278284,0.472129190613404,-0.0042108978305635,0.423583686853273,0.516308542119405,0.469946114486339,0.0927248552661322,0.0210118298790274,TRUE,199,199,0,"OK","P14-C008",43,30,600,0.17,"balanced","strong","regular",20,20,0,0.0016666666666667,0,0.0970000000000013
"V4-CMP-TWO-STAGE-FREQ-BOOT-RESP-v1","V4-TARGET-RESPONDENT-WEIGHTED-v1",0.46791829278284,0.472129190613404,-0.0042108978305635,0.402058212674251,0.516584788668107,0.459321500671179,0.114526575993856,0.0308510964696639,TRUE,199,199,0,"OK","P14-C008",43,30,600,0.17,"balanced","strong","regular",20,20,0,0.0016666666666667,0,0.0970000000000013
"V4-CMP-MOKKEN-TWOLEVEL-DELTA-v1","V4-TARGET-RESPONDENT-WEIGHTED-v1",0.467918292782843,0.472129190613404,-0.00421089783056078,0.408244939587455,0.527591645978231,0.467918292782843,0.119346706390776,0.0304461478201048,TRUE,,,0,"OK","P14-C008",43,30,600,0.17,"balanced","strong","regular",20,20,0,0.0016666666666667,0,0.0970000000000013
"V4-PRI-TWO-STAGE-HBB-RESP-v1","V4-TARGET-RESPONDENT-WEIGHTED-v1",0.463564229842323,0.472129190613404,-0.00856496077108071,0.397567531819447,0.539179863660676,0.468373697740061,0.141612331841229,0.0361992465098507,TRUE,199,199,0,"OK","P14-C008",44,30,600,0.17,"balanced","strong","regular",20,20,0,0.00333333333333341,0,0.0939999999999941
"V4-SENS-TWO-STAGE-HBB-CLUSTER-v1","V4-TARGET-EQUAL-CLUSTER-v1",0.463564229842323,0.472129190613404,-0.00856496077108071,0.387026552897238,0.539275840246389,0.463151196571814,0.15224928734915,0.0376366503798236,TRUE,199,199,0,"OK","P14-C008",44,30,600,0.17,"balanced","strong","regular",20,20,0,0.00333333333333341,0,0.0939999999999941
"V4-CMP-ONE-STAGE-CLUSTER-BB-RESP-v1","V4-TARGET-RESPONDENT-WEIGHTED-v1",0.463564229842323,0.472129190613404,-0.00856496077108071,0.410157373909343,0.513194197787567,0.461675785848455,0.103036823878224,0.0261364818389695,TRUE,199,199,0,"OK","P14-C008",44,30,600,0.17,"balanced","strong","regular",20,20,0,0.00333333333333341,0,0.0939999999999941
"V4-CMP-IID-RESP-BB-v1","WORKING-INDEPENDENCE-RESPONDENT",0.463564229842323,0.472129190613404,-0.00856496077108071,0.425687759377985,0.502372590823936,0.464030175100961,0.0766848314459508,0.0195802417444011,TRUE,199,199,0,"OK","P14-C008",44,30,600,0.17,"balanced","strong","regular",20,20,0,0.00333333333333341,0,0.0939999999999941
"V4-CMP-TWO-STAGE-FREQ-BOOT-RESP-v1","V4-TARGET-RESPONDENT-WEIGHTED-v1",0.463564229842323,0.472129190613404,-0.00856496077108071,0.389581362236946,0.513474728693397,0.451528045465172,0.123893366456451,0.0322372664721232,TRUE,199,199,0,"OK","P14-C008",44,30,600,0.17,"balanced","strong","regular",20,20,0,0.00333333333333341,0,0.0939999999999941
"V4-CMP-MOKKEN-TWOLEVEL-DELTA-v1","V4-TARGET-RESPONDENT-WEIGHTED-v1",0.463564229842323,0.472129190613404,-0.00856496077108043,0.398792828462221,0.528335631222425,0.463564229842323,0.129542802760204,0.0330472406079962,TRUE,,,0,"OK","P14-C008",44,30,600,0.17,"balanced","strong","regular",20,20,0,0.00333333333333341,0,0.0939999999999941
"V4-PRI-TWO-STAGE-HBB-RESP-v1","V4-TARGET-RESPONDENT-WEIGHTED-v1",0.458512382070197,0.472129190613404,-0.0136168085432062,0.3933793319524,0.530851645183595,0.462115488567998,0.137472313231194,0.0332062851848795,TRUE,199,199,0,"OK","P14-C008",45,30,600,0.17,"balanced","strong","regular",20,20,0,0.00500000000000012,0,0.106000000000002
"V4-SENS-TWO-STAGE-HBB-CLUSTER-v1","V4-TARGET-EQUAL-CLUSTER-v1",0.458512382070197,0.472129190613404,-0.0136168085432062,0.385827724854265,0.527572834610359,0.456700279732312,0.141745109756094,0.0349650346313001,TRUE,199,199,0,"OK","P14-C008",45,30,600,0.17,"balanced","strong","regular",20,20,0,0.00500000000000012,0,0.106000000000002
"V4-CMP-ONE-STAGE-CLUSTER-BB-RESP-v1","V4-TARGET-RESPONDENT-WEIGHTED-v1",0.458512382070197,0.472129190613404,-0.0136168085432062,0.415332068815959,0.504653696311649,0.459992882563804,0.0893216274956896,0.0240333952964565,TRUE,199,199,0,"OK","P14-C008",45,30,600,0.17,"balanced","strong","regular",20,20,0,0.00500000000000012,0,0.106000000000002
"V4-CMP-IID-RESP-BB-v1","WORKING-INDEPENDENCE-RESPONDENT",0.458512382070197,0.472129190613404,-0.0136168085432062,0.420148302839687,0.493785531251611,0.456966917045649,0.0736372284119245,0.0197381857812746,TRUE,199,199,0,"OK","P14-C008",45,30,600,0.17,"balanced","strong","regular",20,20,0,0.00500000000000012,0,0.106000000000002
"V4-CMP-TWO-STAGE-FREQ-BOOT-RESP-v1","V4-TARGET-RESPONDENT-WEIGHTED-v1",0.458512382070197,0.472129190613404,-0.0136168085432062,0.392463465767241,0.524429668268219,0.45844656701773,0.131966202500978,0.0333615081867184,TRUE,199,199,0,"OK","P14-C008",45,30,600,0.17,"balanced","strong","regular",20,20,0,0.00500000000000012,0,0.106000000000002
"V4-CMP-MOKKEN-TWOLEVEL-DELTA-v1","V4-TARGET-RESPONDENT-WEIGHTED-v1",0.4585123820702,0.472129190613404,-0.013616808543204,0.39890202617964,0.51812273796076,0.4585123820702,0.11922071178112,0.0304140057474316,TRUE,,,0,"OK","P14-C008",45,30,600,0.17,"balanced","strong","regular",20,20,0,0.00500000000000012,0,0.106000000000002
"V4-PRI-TWO-STAGE-HBB-RESP-v1","V4-TARGET-RESPONDENT-WEIGHTED-v1",0.438435792104547,0.472129190613404,-0.0336933985088568,0.369054840186389,0.507244580816143,0.438149710501266,0.138189740629755,0.0330998190914911,TRUE,199,199,0,"OK","P14-C008",46,30,600,0.17,"balanced","strong","regular",20,20,0,0.0016666666666667,0,0.0930000000000035
"V4-SENS-TWO-STAGE-HBB-CLUSTER-v1","V4-TARGET-EQUAL-CLUSTER-v1",0.438435792104547,0.472129190613404,-0.0336933985088568,0.371216112978731,0.503745117673253,0.437480615325992,0.132529004694522,0.0325724022046851,TRUE,199,199,0,"OK","P14-C008",46,30,600,0.17,"balanced","strong","regular",20,20,0,0.0016666666666667,0,0.0930000000000035
"V4-CMP-ONE-STAGE-CLUSTER-BB-RESP-v1","V4-TARGET-RESPONDENT-WEIGHTED-v1",0.438435792104547,0.472129190613404,-0.0336933985088568,0.399140998561811,0.471803018859138,0.435472008710474,0.0726620202973274,0.0180929269365808,FALSE,199,199,0,"OK","P14-C008",46,30,600,0.17,"balanced","strong","regular",20,20,0,0.0016666666666667,0,0.0930000000000035
"V4-CMP-IID-RESP-BB-v1","WORKING-INDEPENDENCE-RESPONDENT",0.438435792104547,0.472129190613404,-0.0336933985088568,0.399101848275117,0.480411223650523,0.43975653596282,0.081309375375406,0.0212131227710924,TRUE,199,199,0,"OK","P14-C008",46,30,600,0.17,"balanced","strong","regular",20,20,0,0.0016666666666667,0,0.0930000000000035
"V4-CMP-TWO-STAGE-FREQ-BOOT-RESP-v1","V4-TARGET-RESPONDENT-WEIGHTED-v1",0.438435792104547,0.472129190613404,-0.0336933985088568,0.388078509226133,0.494669639775328,0.441374074500731,0.106591130549195,0.0262776204882566,TRUE,199,199,0,"OK","P14-C008",46,30,600,0.17,"balanced","strong","regular",20,20,0,0.0016666666666667,0,0.0930000000000035
"V4-CMP-MOKKEN-TWOLEVEL-DELTA-v1","V4-TARGET-RESPONDENT-WEIGHTED-v1",0.438435792104547,0.472129190613404,-0.0336933985088567,0.382925923035605,0.493945661173489,0.438435792104547,0.111019738137883,0.0283218821910997,TRUE,,,0,"OK","P14-C008",46,30,600,0.17,"balanced","strong","regular",20,20,0,0.0016666666666667,0,0.0930000000000035
"V4-PRI-TWO-STAGE-HBB-RESP-v1","V4-TARGET-RESPONDENT-WEIGHTED-v1",0.480573295248666,0.472129190613404,0.00844410463526224,0.410271796533315,0.548191006141357,0.479231401337336,0.137919209608042,0.0372074116674175,TRUE,199,199,0,"OK","P14-C008",47,30,600,0.17,"balanced","strong","regular",20,20,0,0.0033333333333333,0,0.0939999999999941
"V4-SENS-TWO-STAGE-HBB-CLUSTER-v1","V4-TARGET-EQUAL-CLUSTER-v1",0.480573295248666,0.472129190613404,0.00844410463526224,0.408619651194967,0.550883385594227,0.479751518394597,0.14226373439926,0.0366065070133109,TRUE,199,199,0,"OK","P14-C008",47,30,600,0.17,"balanced","strong","regular",20,20,0,0.0033333333333333,0,0.0939999999999941
"V4-CMP-ONE-STAGE-CLUSTER-BB-RESP-v1","V4-TARGET-RESPONDENT-WEIGHTED-v1",0.480573295248666,0.472129190613404,0.00844410463526224,0.434574599792366,0.523430704006312,0.479002651899339,0.0888561042139465,0.0218547943556148,TRUE,199,199,0,"OK","P14-C008",47,30,600,0.17,"balanced","strong","regular",20,20,0,0.0033333333333333,0,0.0939999999999941
"V4-CMP-IID-RESP-BB-v1","WORKING-INDEPENDENCE-RESPONDENT",0.480573295248666,0.472129190613404,0.00844410463526224,0.431824865103431,0.523246684261062,0.477535774682247,0.0914218191576303,0.023319335059786,TRUE,199,199,0,"OK","P14-C008",47,30,600,0.17,"balanced","strong","regular",20,20,0,0.0033333333333333,0,0.0939999999999941
"V4-CMP-TWO-STAGE-FREQ-BOOT-RESP-v1","V4-TARGET-RESPONDENT-WEIGHTED-v1",0.480573295248666,0.472129190613404,0.00844410463526224,0.410207292195264,0.543879387383595,0.47704333978943,0.133672095188331,0.0326992890646298,TRUE,199,199,0,"OK","P14-C008",47,30,600,0.17,"balanced","strong","regular",20,20,0,0.0033333333333333,0,0.0939999999999941
"V4-CMP-MOKKEN-TWOLEVEL-DELTA-v1","V4-TARGET-RESPONDENT-WEIGHTED-v1",0.480573295248668,0.472129190613404,0.00844410463526474,0.420632425923114,0.540514164574223,0.480573295248668,0.119881738651109,0.0305826381496601,TRUE,,,0,"OK","P14-C008",47,30,600,0.17,"balanced","strong","regular",20,20,0,0.0033333333333333,0,0.0939999999999941
"V4-PRI-TWO-STAGE-HBB-RESP-v1","V4-TARGET-RESPONDENT-WEIGHTED-v1",0.402008479905557,0.472129190613404,-0.0701207107078465,0.327508951531268,0.47146533134637,0.399487141438819,0.143956379815102,0.036597532910096,FALSE,199,199,0,"OK","P14-C008",48,30,600,0.17,"balanced","strong","regular",20,20,0,0.00166666666666665,0,0.095000000000006
"V4-SENS-TWO-STAGE-HBB-CLUSTER-v1","V4-TARGET-EQUAL-CLUSTER-v1",0.402008479905557,0.472129190613404,-0.0701207107078465,0.331456813486862,0.473546570568798,0.40250169202783,0.142089757081936,0.0379028609487805,TRUE,199,199,0,"OK","P14-C008",48,30,600,0.17,"balanced","strong","regular",20,20,0,0.00166666666666665,0,0.095000000000006
"V4-CMP-ONE-STAGE-CLUSTER-BB-RESP-v1","V4-TARGET-RESPONDENT-WEIGHTED-v1",0.402008479905557,0.472129190613404,-0.0701207107078465,0.357421849000658,0.445945700678341,0.4016837748395,0.0885238516776827,0.0231364364505185,FALSE,199,199,0,"OK","P14-C008",48,30,600,0.17,"balanced","strong","regular",20,20,0,0.00166666666666665,0,0.095000000000006
"V4-CMP-IID-RESP-BB-v1","WORKING-INDEPENDENCE-RESPONDENT",0.402008479905557,0.472129190613404,-0.0701207107078465,0.362984128340913,0.44223883981596,0.402611484078437,0.0792547114750471,0.0211179477920702,FALSE,199,199,0,"OK","P14-C008",48,30,600,0.17,"balanced","strong","regular",20,20,0,0.00166666666666665,0,0.095000000000006
"V4-CMP-TWO-STAGE-FREQ-BOOT-RESP-v1","V4-TARGET-RESPONDENT-WEIGHTED-v1",0.402008479905557,0.472129190613404,-0.0701207107078465,0.325825677908415,0.459517090433591,0.392671384171003,0.133691412525176,0.0334005437466899,FALSE,199,199,0,"OK","P14-C008",48,30,600,0.17,"balanced","strong","regular",20,20,0,0.00166666666666665,0,0.095000000000006
"V4-CMP-MOKKEN-TWOLEVEL-DELTA-v1","V4-TARGET-RESPONDENT-WEIGHTED-v1",0.402008479905556,0.472129190613404,-0.0701207107078473,0.341337008998361,0.462679950812752,0.402008479905556,0.121342941814391,0.0309554009082637,FALSE,,,0,"OK","P14-C008",48,30,600,0.17,"balanced","strong","regular",20,20,0,0.00166666666666665,0,0.095000000000006
"V4-PRI-TWO-STAGE-HBB-RESP-v1","V4-TARGET-RESPONDENT-WEIGHTED-v1",0.446053859029349,0.472129190613404,-0.0260753315840548,0.369546771807696,0.519404017990924,0.44447539489931,0.149857246183228,0.0351483227145283,TRUE,199,199,0,"OK","P14-C008",49,30,600,0.17,"balanced","strong","regular",20,20,0,0.00166666666666665,0,0.097999999999999
"V4-SENS-TWO-STAGE-HBB-CLUSTER-v1","V4-TARGET-EQUAL-CLUSTER-v1",0.446053859029349,0.472129190613404,-0.0260753315840548,0.380518755944137,0.514889928741143,0.44770434234264,0.134371172797006,0.0351628067059045,TRUE,199,199,0,"OK","P14-C008",49,30,600,0.17,"balanced","strong","regular",20,20,0,0.00166666666666665,0,0.097999999999999
"V4-CMP-ONE-STAGE-CLUSTER-BB-RESP-v1","V4-TARGET-RESPONDENT-WEIGHTED-v1",0.446053859029349,0.472129190613404,-0.0260753315840548,0.398660665476983,0.501175074874007,0.449917870175495,0.102514409397024,0.0237316842025955,TRUE,199,199,0,"OK","P14-C008",49,30,600,0.17,"balanced","strong","regular",20,20,0,0.00166666666666665,0,0.097999999999999
"V4-CMP-IID-RESP-BB-v1","WORKING-INDEPENDENCE-RESPONDENT",0.446053859029349,0.472129190613404,-0.0260753315840548,0.405255581514304,0.483366755170429,0.444311168342367,0.0781111736561256,0.020433495410687,TRUE,199,199,0,"OK","P14-C008",49,30,600,0.17,"balanced","strong","regular",20,20,0,0.00166666666666665,0,0.097999999999999
"V4-CMP-TWO-STAGE-FREQ-BOOT-RESP-v1","V4-TARGET-RESPONDENT-WEIGHTED-v1",0.446053859029349,0.472129190613404,-0.0260753315840548,0.389648387935653,0.492555945614364,0.441102166775008,0.102907557678711,0.0271997260793532,TRUE,199,199,0,"OK","P14-C008",49,30,600,0.17,"balanced","strong","regular",20,20,0,0.00166666666666665,0,0.097999999999999
"V4-CMP-MOKKEN-TWOLEVEL-DELTA-v1","V4-TARGET-RESPONDENT-WEIGHTED-v1",0.446053859029348,0.472129190613404,-0.026075331584056,0.386930410564186,0.50517730749451,0.446053859029348,0.118246896930324,0.0301655790267169,TRUE,,,0,"OK","P14-C008",49,30,600,0.17,"balanced","strong","regular",20,20,0,0.00166666666666665,0,0.097999999999999
"V4-PRI-TWO-STAGE-HBB-RESP-v1","V4-TARGET-RESPONDENT-WEIGHTED-v1",0.486839489374741,0.472129190613404,0.014710298761337,0.418630290271974,0.568634787396951,0.493632538834462,0.150004497124977,0.0337001395544363,TRUE,199,199,0,"OK","P14-C008",50,30,600,0.17,"balanced","strong","regular",20,20,0,0,1,0.0940000000000012
"V4-SENS-TWO-STAGE-HBB-CLUSTER-v1","V4-TARGET-EQUAL-CLUSTER-v1",0.486839489374741,0.472129190613404,0.014710298761337,0.428346368199474,0.555112725073901,0.491729546636688,0.126766356874427,0.033142344114875,TRUE,199,199,0,"OK","P14-C008",50,30,600,0.17,"balanced","strong","regular",20,20,0,0,1,0.0940000000000012
"V4-CMP-ONE-STAGE-CLUSTER-BB-RESP-v1","V4-TARGET-RESPONDENT-WEIGHTED-v1",0.486839489374741,0.472129190613404,0.014710298761337,0.44801920713086,0.531076203111863,0.489547705121362,0.0830569959810029,0.0212347646686426,TRUE,199,199,0,"OK","P14-C008",50,30,600,0.17,"balanced","strong","regular",20,20,0,0,1,0.0940000000000012
"V4-CMP-IID-RESP-BB-v1","WORKING-INDEPENDENCE-RESPONDENT",0.486839489374741,0.472129190613404,0.014710298761337,0.437855281923916,0.5243724393273,0.481113860625608,0.0865171574033831,0.0219969943118476,TRUE,199,199,0,"OK","P14-C008",50,30,600,0.17,"balanced","strong","regular",20,20,0,0,1,0.0940000000000012
"V4-CMP-TWO-STAGE-FREQ-BOOT-RESP-v1","V4-TARGET-RESPONDENT-WEIGHTED-v1",0.486839489374741,0.472129190613404,0.014710298761337,0.429501155124961,0.551057802657236,0.490279478891098,0.121556647532276,0.0309427058366401,TRUE,199,199,0,"OK","P14-C008",50,30,600,0.17,"balanced","strong","regular",20,20,0,0,1,0.0940000000000012
"V4-CMP-MOKKEN-TWOLEVEL-DELTA-v1","V4-TARGET-RESPONDENT-WEIGHTED-v1",0.486839489374742,0.472129190613404,0.0147102987613382,0.429707655459402,0.543971323290081,0.486839489374742,0.114263667830679,0.0291494304823906,TRUE,,,0,"OK","P14-C008",50,30,600,0.17,"balanced","strong","regular",20,20,0,0,1,0.0940000000000012
"V4-PRI-TWO-STAGE-HBB-RESP-v1","V4-TARGET-RESPONDENT-WEIGHTED-v1",0.470016059409668,0.472129190613404,-0.00211313120373596,0.40247398004796,0.535284028844156,0.468879004446058,0.132810048796197,0.0319576030524405,TRUE,199,199,0,"OK","P14-C008",51,30,600,0.17,"balanced","strong","regular",20,20,0,0.0016666666666667,0,0.0939999999999941
"V4-SENS-TWO-STAGE-HBB-CLUSTER-v1","V4-TARGET-EQUAL-CLUSTER-v1",0.470016059409668,0.472129190613404,-0.00211313120373596,0.393257598453495,0.535684204085618,0.464470901269557,0.142426605632123,0.0361296043367184,TRUE,199,199,0,"OK","P14-C008",51,30,600,0.17,"balanced","strong","regular",20,20,0,0.0016666666666667,0,0.0939999999999941
"V4-CMP-ONE-STAGE-CLUSTER-BB-RESP-v1","V4-TARGET-RESPONDENT-WEIGHTED-v1",0.470016059409668,0.472129190613404,-0.00211313120373596,0.42959059920124,0.504590727119865,0.467090663160552,0.0750001279186256,0.0207308101834139,TRUE,199,199,0,"OK","P14-C008",51,30,600,0.17,"balanced","strong","regular",20,20,0,0.0016666666666667,0,0.0939999999999941
"V4-CMP-IID-RESP-BB-v1","WORKING-INDEPENDENCE-RESPONDENT",0.470016059409668,0.472129190613404,-0.00211313120373596,0.427116247874694,0.513028319763754,0.470072283819224,0.0859120718890595,0.0213802931909218,TRUE,199,199,0,"OK","P14-C008",51,30,600,0.17,"balanced","strong","regular",20,20,0,0.0016666666666667,0,0.0939999999999941
"V4-CMP-TWO-STAGE-FREQ-BOOT-RESP-v1","V4-TARGET-RESPONDENT-WEIGHTED-v1",0.470016059409668,0.472129190613404,-0.00211313120373596,0.417618020961374,0.530828452172615,0.474223236566995,0.113210431211242,0.0277805567851722,TRUE,199,199,0,"OK","P14-C008",51,30,600,0.17,"balanced","strong","regular",20,20,0,0.0016666666666667,0,0.0939999999999941
"V4-CMP-MOKKEN-TWOLEVEL-DELTA-v1","V4-TARGET-RESPONDENT-WEIGHTED-v1",0.470016059409667,0.472129190613404,-0.00211313120373707,0.414087493175724,0.525944625643609,0.470016059409667,0.111857132467885,0.0285355071190592,TRUE,,,0,"OK","P14-C008",51,30,600,0.17,"balanced","strong","regular",20,20,0,0.0016666666666667,0,0.0939999999999941
"V4-PRI-TWO-STAGE-HBB-RESP-v1","V4-TARGET-RESPONDENT-WEIGHTED-v1",0.469205366253322,0.472129190613404,-0.00292382436008176,0.387024292577396,0.533755082886652,0.460389687732024,0.146730790309257,0.0378704067265558,TRUE,199,199,0,"OK","P14-C008",52,30,600,0.17,"balanced","strong","regular",20,20,0,0.0116666666666666,0,0.107000000000006
"V4-SENS-TWO-STAGE-HBB-CLUSTER-v1","V4-TARGET-EQUAL-CLUSTER-v1",0.469205366253322,0.472129190613404,-0.00292382436008176,0.395051164226656,0.545771135555979,0.470411149891318,0.150719971329323,0.036844067380656,TRUE,199,199,0,"OK","P14-C008",52,30,600,0.17,"balanced","strong","regular",20,20,0,0.0116666666666666,0,0.107000000000006
"V4-CMP-ONE-STAGE-CLUSTER-BB-RESP-v1","V4-TARGET-RESPONDENT-WEIGHTED-v1",0.469205366253322,0.472129190613404,-0.00292382436008176,0.420175931324541,0.514190689452916,0.467183310388729,0.0940147581283748,0.0232370756790181,TRUE,199,199,0,"OK","P14-C008",52,30,600,0.17,"balanced","strong","regular",20,20,0,0.0116666666666666,0,0.107000000000006
"V4-CMP-IID-RESP-BB-v1","WORKING-INDEPENDENCE-RESPONDENT",0.469205366253322,0.472129190613404,-0.00292382436008176,0.427745350342255,0.510582801571481,0.469164075956868,0.0828374512292258,0.0209571794067539,TRUE,199,199,0,"OK","P14-C008",52,30,600,0.17,"balanced","strong","regular",20,20,0,0.0116666666666666,0,0.107000000000006
"V4-CMP-TWO-STAGE-FREQ-BOOT-RESP-v1","V4-TARGET-RESPONDENT-WEIGHTED-v1",0.469205366253322,0.472129190613404,-0.00292382436008176,0.408033065623583,0.529741689415532,0.468887377519558,0.121708623791949,0.0318983506953909,TRUE,199,199,0,"OK","P14-C008",52,30,600,0.17,"balanced","strong","regular",20,20,0,0.0116666666666666,0,0.107000000000006
"V4-CMP-MOKKEN-TWOLEVEL-DELTA-v1","V4-TARGET-RESPONDENT-WEIGHTED-v1",0.469205366253324,0.472129190613404,-0.00292382436007937,0.408444694626047,0.529966037880601,0.469205366253324,0.121521343254554,0.0310009123160167,TRUE,,,0,"OK","P14-C008",52,30,600,0.17,"balanced","strong","regular",20,20,0,0.0116666666666666,0,0.107000000000006
"V4-PRI-TWO-STAGE-HBB-RESP-v1","V4-TARGET-RESPONDENT-WEIGHTED-v1",0.474866899363771,0.472129190613404,0.00273770875036761,0.406186807280148,0.535430683569812,0.47080874542498,0.129243876289664,0.0343056188483326,TRUE,199,199,0,"OK","P14-C008",53,30,600,0.17,"balanced","strong","regular",20,20,0,0.00333333333333341,0,0.105999999999995
"V4-SENS-TWO-STAGE-HBB-CLUSTER-v1","V4-TARGET-EQUAL-CLUSTER-v1",0.474866899363771,0.472129190613404,0.00273770875036761,0.415626436163638,0.539251916376664,0.477439176270151,0.123625480213026,0.0321405384221238,TRUE,199,199,0,"OK","P14-C008",53,30,600,0.17,"balanced","strong","regular",20,20,0,0.00333333333333341,0,0.105999999999995
"V4-CMP-ONE-STAGE-CLUSTER-BB-RESP-v1","V4-TARGET-RESPONDENT-WEIGHTED-v1",0.474866899363771,0.472129190613404,0.00273770875036761,0.440043348285564,0.510507648579957,0.47527549843276,0.0704643002943932,0.0181885358994353,TRUE,199,199,0,"OK","P14-C008",53,30,600,0.17,"balanced","strong","regular",20,20,0,0.00333333333333341,0,0.105999999999995
"V4-CMP-IID-RESP-BB-v1","WORKING-INDEPENDENCE-RESPONDENT",0.474866899363771,0.472129190613404,0.00273770875036761,0.432381447830798,0.516876465290951,0.474628956560874,0.084495017460153,0.0216959629794055,TRUE,199,199,0,"OK","P14-C008",53,30,600,0.17,"balanced","strong","regular",20,20,0,0.00333333333333341,0,0.105999999999995
"V4-CMP-TWO-STAGE-FREQ-BOOT-RESP-v1","V4-TARGET-RESPONDENT-WEIGHTED-v1",0.474866899363771,0.472129190613404,0.00273770875036761,0.427246963909333,0.537507611898108,0.48237728790372,0.110260647988775,0.0289583376089258,TRUE,199,199,0,"OK","P14-C008",53,30,600,0.17,"balanced","strong","regular",20,20,0,0.00333333333333341,0,0.105999999999995
"V4-CMP-MOKKEN-TWOLEVEL-DELTA-v1","V4-TARGET-RESPONDENT-WEIGHTED-v1",0.474866899363772,0.472129190613404,0.002737708750368,0.419855086379752,0.529878712347791,0.474866899363772,0.110023625968039,0.0280677672742692,TRUE,,,0,"OK","P14-C008",53,30,600,0.17,"balanced","strong","regular",20,20,0,0.00333333333333341,0,0.105999999999995
"V4-PRI-TWO-STAGE-HBB-RESP-v1","V4-TARGET-RESPONDENT-WEIGHTED-v1",0.501554028389576,0.472129190613404,0.0294248377761722,0.429670843839928,0.557766299634657,0.493718571737293,0.128095455794729,0.0342793016498514,TRUE,199,199,0,"OK","P14-C008",54,30,600,0.17,"balanced","strong","regular",20,20,0,0.00499999999999995,0,0.106999999999999
"V4-SENS-TWO-STAGE-HBB-CLUSTER-v1","V4-TARGET-EQUAL-CLUSTER-v1",0.501554028389576,0.472129190613404,0.0294248377761722,0.437815534176326,0.557452876451527,0.497634205313927,0.119637342275201,0.0307865974484628,TRUE,199,199,0,"OK","P14-C008",54,30,600,0.17,"balanced","strong","regular",20,20,0,0.00499999999999995,0,0.106999999999999
"V4-CMP-ONE-STAGE-CLUSTER-BB-RESP-v1","V4-TARGET-RESPONDENT-WEIGHTED-v1",0.501554028389576,0.472129190613404,0.0294248377761722,0.469064992559408,0.538569954563628,0.503817473561518,0.0695049620042199,0.0192124628915951,TRUE,199,199,0,"OK","P14-C008",54,30,600,0.17,"balanced","strong","regular",20,20,0,0.00499999999999995,0,0.106999999999999
"V4-CMP-IID-RESP-BB-v1","WORKING-INDEPENDENCE-RESPONDENT",0.501554028389576,0.472129190613404,0.0294248377761722,0.461175198299074,0.542768851707838,0.501972025003456,0.0815936534087639,0.0212190077920255,TRUE,199,199,0,"OK","P14-C008",54,30,600,0.17,"balanced","strong","regular",20,20,0,0.00499999999999995,0,0.106999999999999
"V4-CMP-TWO-STAGE-FREQ-BOOT-RESP-v1","V4-TARGET-RESPONDENT-WEIGHTED-v1",0.501554028389576,0.472129190613404,0.0294248377761722,0.445195406235499,0.563358543330419,0.504276974782959,0.11816313709492,0.0294477908182074,TRUE,199,199,0,"OK","P14-C008",54,30,600,0.17,"balanced","strong","regular",20,20,0,0.00499999999999995,0,0.106999999999999
"V4-CMP-MOKKEN-TWOLEVEL-DELTA-v1","V4-TARGET-RESPONDENT-WEIGHTED-v1",0.501554028389574,0.472129190613404,0.0294248377761706,0.4446932400893,0.558414816689849,0.501554028389574,0.113721576600549,0.0290111393621439,TRUE,,,0,"OK","P14-C008",54,30,600,0.17,"balanced","strong","regular",20,20,0,0.00499999999999995,0,0.106999999999999
"V4-PRI-TWO-STAGE-HBB-RESP-v1","V4-TARGET-RESPONDENT-WEIGHTED-v1",0.469101055298317,0.472129190613404,-0.003028135315087,0.403630960886643,0.549386250557016,0.476508605721829,0.145755289670374,0.037086503265226,TRUE,199,199,0,"OK","P14-C008",55,30,600,0.17,"balanced","strong","regular",20,20,0,0.00833333333333353,0,0.0930000000000035
"V4-SENS-TWO-STAGE-HBB-CLUSTER-v1","V4-TARGET-EQUAL-CLUSTER-v1",0.469101055298317,0.472129190613404,-0.003028135315087,0.406292447869961,0.525940989241403,0.466116718555682,0.119648541371441,0.0328769487704327,TRUE,199,199,0,"OK","P14-C008",55,30,600,0.17,"balanced","strong","regular",20,20,0,0.00833333333333353,0,0.0930000000000035
"V4-CMP-ONE-STAGE-CLUSTER-BB-RESP-v1","V4-TARGET-RESPONDENT-WEIGHTED-v1",0.469101055298317,0.472129190613404,-0.003028135315087,0.429745278361955,0.508412446416853,0.469078862389404,0.0786671680548986,0.0189842220370669,TRUE,199,199,0,"OK","P14-C008",55,30,600,0.17,"balanced","strong","regular",20,20,0,0.00833333333333353,0,0.0930000000000035
"V4-CMP-IID-RESP-BB-v1","WORKING-INDEPENDENCE-RESPONDENT",0.469101055298317,0.472129190613404,-0.003028135315087,0.432872587749243,0.50662506440329,0.469748826076266,0.0737524766540474,0.0189522250332111,TRUE,199,199,0,"OK","P14-C008",55,30,600,0.17,"balanced","strong","regular",20,20,0,0.00833333333333353,0,0.0930000000000035
"V4-CMP-TWO-STAGE-FREQ-BOOT-RESP-v1","V4-TARGET-RESPONDENT-WEIGHTED-v1",0.469101055298317,0.472129190613404,-0.003028135315087,0.414002243243118,0.519220161746308,0.466611202494713,0.10521791850319,0.0281737838516826,TRUE,199,199,0,"OK","P14-C008",55,30,600,0.17,"balanced","strong","regular",20,20,0,0.00833333333333353,0,0.0930000000000035
"V4-CMP-MOKKEN-TWOLEVEL-DELTA-v1","V4-TARGET-RESPONDENT-WEIGHTED-v1",0.469101055298318,0.472129190613404,-0.003028135315086,0.415553772442437,0.522648338154199,0.469101055298318,0.107094565711762,0.0273205442948212,TRUE,,,0,"OK","P14-C008",55,30,600,0.17,"balanced","strong","regular",20,20,0,0.00833333333333353,0,0.0930000000000035
"V4-PRI-TWO-STAGE-HBB-RESP-v1","V4-TARGET-RESPONDENT-WEIGHTED-v1",0.439563074665842,0.472129190613404,-0.0325661159475617,0.374274503256967,0.504342205545724,0.439308354401346,0.130067702288757,0.0321675246289038,TRUE,199,199,0,"OK","P14-C008",56,30,600,0.17,"balanced","strong","regular",20,20,0,0.00166666666666665,0,0.0970000000000013
"V4-SENS-TWO-STAGE-HBB-CLUSTER-v1","V4-TARGET-EQUAL-CLUSTER-v1",0.439563074665842,0.472129190613404,-0.0325661159475617,0.378079003040018,0.502562898950483,0.440320950995251,0.124483895910465,0.0317180587581879,TRUE,199,199,0,"OK","P14-C008",56,30,600,0.17,"balanced","strong","regular",20,20,0,0.00166666666666665,0,0.0970000000000013
"V4-CMP-ONE-STAGE-CLUSTER-BB-RESP-v1","V4-TARGET-RESPONDENT-WEIGHTED-v1",0.439563074665842,0.472129190613404,-0.0325661159475617,0.402381506129751,0.471042495103777,0.436712000616764,0.0686609889740264,0.0176488275341996,FALSE,199,199,0,"OK","P14-C008",56,30,600,0.17,"balanced","strong","regular",20,20,0,0.00166666666666665,0,0.0970000000000013
"V4-CMP-IID-RESP-BB-v1","WORKING-INDEPENDENCE-RESPONDENT",0.439563074665842,0.472129190613404,-0.0325661159475617,0.399028661660819,0.478754409819787,0.438891535740303,0.0797257481589683,0.019623023327374,TRUE,199,199,0,"OK","P14-C008",56,30,600,0.17,"balanced","strong","regular",20,20,0,0.00166666666666665,0,0.0970000000000013
"V4-CMP-TWO-STAGE-FREQ-BOOT-RESP-v1","V4-TARGET-RESPONDENT-WEIGHTED-v1",0.439563074665842,0.472129190613404,-0.0325661159475617,0.371411386986879,0.496888348114491,0.434149867550685,0.125476961127612,0.0285098954239599,TRUE,199,199,0,"OK","P14-C008",56,30,600,0.17,"balanced","strong","regular",20,20,0,0.00166666666666665,0,0.0970000000000013
"V4-CMP-MOKKEN-TWOLEVEL-DELTA-v1","V4-TARGET-RESPONDENT-WEIGHTED-v1",0.439563074665844,0.472129190613404,-0.0325661159475594,0.385352084248408,0.49377406508328,0.439563074665844,0.108421980834872,0.0276591768241893,TRUE,,,0,"OK","P14-C008",56,30,600,0.17,"balanced","strong","regular",20,20,0,0.00166666666666665,0,0.0970000000000013
"V4-PRI-TWO-STAGE-HBB-RESP-v1","V4-TARGET-RESPONDENT-WEIGHTED-v1",0.476157857434163,0.472129190613404,0.00402866682075942,0.411689426283647,0.538742240577802,0.475215833430724,0.127052814294156,0.0327854428483333,TRUE,199,199,0,"OK","P14-C008",57,30,600,0.17,"balanced","strong","regular",20,20,0,0.00166666666666665,0,0.0959999999999965
"V4-SENS-TWO-STAGE-HBB-CLUSTER-v1","V4-TARGET-EQUAL-CLUSTER-v1",0.476157857434163,0.472129190613404,0.00402866682075942,0.401543042664718,0.553734329804896,0.477638686234807,0.152191287140178,0.0371984044677941,TRUE,199,199,0,"OK","P14-C008",57,30,600,0.17,"balanced","strong","regular",20,20,0,0.00166666666666665,0,0.0959999999999965
"V4-CMP-ONE-STAGE-CLUSTER-BB-RESP-v1","V4-TARGET-RESPONDENT-WEIGHTED-v1",0.476157857434163,0.472129190613404,0.00402866682075942,0.429168180581758,0.516265868475685,0.472717024528722,0.0870976878939271,0.0221371369560701,TRUE,199,199,0,"OK","P14-C008",57,30,600,0.17,"balanced","strong","regular",20,20,0,0.00166666666666665,0,0.0959999999999965
"V4-CMP-IID-RESP-BB-v1","WORKING-INDEPENDENCE-RESPONDENT",0.476157857434163,0.472129190613404,0.00402866682075942,0.439616297673653,0.516668854475346,0.4781425760745,0.0770525568016929,0.0208100714996184,TRUE,199,199,0,"OK","P14-C008",57,30,600,0.17,"balanced","strong","regular",20,20,0,0.00166666666666665,0,0.0959999999999965
"V4-CMP-TWO-STAGE-FREQ-BOOT-RESP-v1","V4-TARGET-RESPONDENT-WEIGHTED-v1",0.476157857434163,0.472129190613404,0.00402866682075942,0.415662899170917,0.527895429032862,0.47177916410189,0.112232529861945,0.0297652942354189,TRUE,199,199,0,"OK","P14-C008",57,30,600,0.17,"balanced","strong","regular",20,20,0,0.00166666666666665,0,0.0959999999999965
"V4-CMP-MOKKEN-TWOLEVEL-DELTA-v1","V4-TARGET-RESPONDENT-WEIGHTED-v1",0.476157857434163,0.472129190613404,0.0040286668207597,0.415304745208513,0.537010969659814,0.476157857434163,0.121706224451301,0.0310480767532732,TRUE,,,0,"OK","P14-C008",57,30,600,0.17,"balanced","strong","regular",20,20,0,0.00166666666666665,0,0.0959999999999965
"V4-PRI-TWO-STAGE-HBB-RESP-v1","V4-TARGET-RESPONDENT-WEIGHTED-v1",0.487352832219687,0.472129190613404,0.0152236416062834,0.434525572602029,0.54291872157752,0.488722147089774,0.108393148975491,0.0308988897117912,TRUE,199,199,0,"OK","P14-C008",58,30,600,0.17,"balanced","strong","regular",20,20,0,0.0066666666666666,0,0.0929999999999964
"V4-SENS-TWO-STAGE-HBB-CLUSTER-v1","V4-TARGET-EQUAL-CLUSTER-v1",0.487352832219687,0.472129190613404,0.0152236416062834,0.423993931161829,0.547295365841869,0.485644648501849,0.123301434680041,0.0329406931698425,TRUE,199,199,0,"OK","P14-C008",58,30,600,0.17,"balanced","strong","regular",20,20,0,0.0066666666666666,0,0.0929999999999964
"V4-CMP-ONE-STAGE-CLUSTER-BB-RESP-v1","V4-TARGET-RESPONDENT-WEIGHTED-v1",0.487352832219687,0.472129190613404,0.0152236416062834,0.450157541326437,0.51487302601525,0.482515283670844,0.0647154846888133,0.0163662857968505,TRUE,199,199,0,"OK","P14-C008",58,30,600,0.17,"balanced","strong","regular",20,20,0,0.0066666666666666,0,0.0929999999999964
"V4-CMP-IID-RESP-BB-v1","WORKING-INDEPENDENCE-RESPONDENT",0.487352832219687,0.472129190613404,0.0152236416062834,0.446678151718467,0.527414524074346,0.487046337896406,0.080736372355879,0.0208200185850524,TRUE,199,199,0,"OK","P14-C008",58,30,600,0.17,"balanced","strong","regular",20,20,0,0.0066666666666666,0,0.0929999999999964
"V4-CMP-TWO-STAGE-FREQ-BOOT-RESP-v1","V4-TARGET-RESPONDENT-WEIGHTED-v1",0.487352832219687,0.472129190613404,0.0152236416062834,0.431785988653956,0.527561512648695,0.479673750651326,0.0957755239947389,0.0272017147025567,TRUE,199,199,0,"OK","P14-C008",58,30,600,0.17,"balanced","strong","regular",20,20,0,0.0066666666666666,0,0.0929999999999964
"V4-CMP-MOKKEN-TWOLEVEL-DELTA-v1","V4-TARGET-RESPONDENT-WEIGHTED-v1",0.487352832219687,0.472129190613404,0.0152236416062834,0.435827398146697,0.538878266292677,0.487352832219687,0.10305086814598,0.0262889698379235,TRUE,,,0,"OK","P14-C008",58,30,600,0.17,"balanced","strong","regular",20,20,0,0.0066666666666666,0,0.0929999999999964
"V4-PRI-TWO-STAGE-HBB-RESP-v1","V4-TARGET-RESPONDENT-WEIGHTED-v1",0.451662143180701,0.472129190613404,-0.0204670474327027,0.386775489931158,0.518745274175274,0.452760382053216,0.131969784244116,0.0319463277691569,TRUE,199,199,0,"OK","P14-C008",59,30,600,0.17,"balanced","strong","regular",20,20,0,0,1,0.0960000000000036
"V4-SENS-TWO-STAGE-HBB-CLUSTER-v1","V4-TARGET-EQUAL-CLUSTER-v1",0.451662143180701,0.472129190613404,-0.0204670474327027,0.385187986146934,0.504573321193241,0.444880653670088,0.119385335046307,0.0328156214843107,TRUE,199,199,0,"OK","P14-C008",59,30,600,0.17,"balanced","strong","regular",20,20,0,0,1,0.0960000000000036
"V4-CMP-ONE-STAGE-CLUSTER-BB-RESP-v1","V4-TARGET-RESPONDENT-WEIGHTED-v1",0.451662143180701,0.472129190613404,-0.0204670474327027,0.414811392762462,0.485602433204435,0.450206912983448,0.0707910404419727,0.018316802958041,TRUE,199,199,0,"OK","P14-C008",59,30,600,0.17,"balanced","strong","regular",20,20,0,0,1,0.0960000000000036
"V4-CMP-IID-RESP-BB-v1","WORKING-INDEPENDENCE-RESPONDENT",0.451662143180701,0.472129190613404,-0.0204670474327027,0.412480793474582,0.492379917414154,0.452430355444368,0.0798991239395713,0.0211912869362096,TRUE,199,199,0,"OK","P14-C008",59,30,600,0.17,"balanced","strong","regular",20,20,0,0,1,0.0960000000000036
"V4-CMP-TWO-STAGE-FREQ-BOOT-RESP-v1","V4-TARGET-RESPONDENT-WEIGHTED-v1",0.451662143180701,0.472129190613404,-0.0204670474327027,0.388839540481971,0.506770020590883,0.447804780536427,0.117930480108912,0.0283613686470632,TRUE,199,199,0,"OK","P14-C008",59,30,600,0.17,"balanced","strong","regular",20,20,0,0,1,0.0960000000000036
"V4-CMP-MOKKEN-TWOLEVEL-DELTA-v1","V4-TARGET-RESPONDENT-WEIGHTED-v1",0.451662143180702,0.472129190613404,-0.0204670474327016,0.395867693021751,0.507456593339653,0.451662143180702,0.111588900317902,0.0284670792928088,TRUE,,,0,"OK","P14-C008",59,30,600,0.17,"balanced","strong","regular",20,20,0,0,1,0.0960000000000036
"V4-PRI-TWO-STAGE-HBB-RESP-v1","V4-TARGET-RESPONDENT-WEIGHTED-v1",0.487463825788331,0.472129190613404,0.0153346351749276,0.41003894257519,0.551041136696972,0.480540039636081,0.141002194121782,0.0351737071898951,TRUE,199,199,0,"OK","P14-C008",60,30,600,0.17,"balanced","strong","regular",20,20,0,0.00166666666666665,0,0.0969999999999942
"V4-SENS-TWO-STAGE-HBB-CLUSTER-v1","V4-TARGET-EQUAL-CLUSTER-v1",0.487463825788331,0.472129190613404,0.0153346351749276,0.40912332783717,0.548208811003522,0.478666069420346,0.139085483166352,0.0361310784130016,TRUE,199,199,0,"OK","P14-C008",60,30,600,0.17,"balanced","strong","regular",20,20,0,0.00166666666666665,0,0.0969999999999942
"V4-CMP-ONE-STAGE-CLUSTER-BB-RESP-v1","V4-TARGET-RESPONDENT-WEIGHTED-v1",0.487463825788331,0.472129190613404,0.0153346351749276,0.443999603388357,0.528280952264084,0.48614027782622,0.0842813488757261,0.0222177420285508,TRUE,199,199,0,"OK","P14-C008",60,30,600,0.17,"balanced","strong","regular",20,20,0,0.00166666666666665,0,0.0969999999999942
"V4-CMP-IID-RESP-BB-v1","WORKING-INDEPENDENCE-RESPONDENT",0.487463825788331,0.472129190613404,0.0153346351749276,0.44297749177019,0.529251890749135,0.486114691259662,0.0862743989789446,0.0215461059599196,TRUE,199,199,0,"OK","P14-C008",60,30,600,0.17,"balanced","strong","regular",20,20,0,0.00166666666666665,0,0.0969999999999942
"V4-CMP-TWO-STAGE-FREQ-BOOT-RESP-v1","V4-TARGET-RESPONDENT-WEIGHTED-v1",0.487463825788331,0.472129190613404,0.0153346351749276,0.432264363018997,0.542196253743253,0.487230308381125,0.109931890724257,0.029509543822962,TRUE,199,199,0,"OK","P14-C008",60,30,600,0.17,"balanced","strong","regular",20,20,0,0.00166666666666665,0,0.0969999999999942
"V4-CMP-MOKKEN-TWOLEVEL-DELTA-v1","V4-TARGET-RESPONDENT-WEIGHTED-v1",0.48746382578833,0.472129190613404,0.0153346351749267,0.42818530847644,0.546742343100221,0.48746382578833,0.118557034623781,0.0302446972390677,TRUE,,,0,"OK","P14-C008",60,30,600,0.17,"balanced","strong","regular",20,20,0,0.00166666666666665,0,0.0969999999999942
