"method_id","target_id","point_estimate","truth","bias","lower","upper","center","interval_length","se_equivalent","cover","defined_draws","total_draws","invalid_fraction","status","cell_id","replication","G","N","latent_icc","size_mechanism","strength","regularity","minimum_cluster_size","maximum_cluster_size","size_effect_correlation","sample_minimum_internal_cdf_gap","sample_exact_knot_count","replication_elapsed_seconds"
"V4-PRI-TWO-STAGE-HBB-RESP-v1","V4-TARGET-RESPONDENT-WEIGHTED-v1",0.129489803041733,0.117938379365222,0.0115514236765103,0.0839887030638982,0.174043812668587,0.129016257866243,0.0900551096046887,0.0221784993919497,TRUE,199,199,0,"OK","P14-C014",1,50,790,0.17,"informative","weak","regular",7,27,0.992844120019853,0.0037974683544304,0,0.131
"V4-SENS-TWO-STAGE-HBB-CLUSTER-v1","V4-TARGET-EQUAL-CLUSTER-v1",0.136785793465656,0.119245350705484,0.0175404427601722,0.0943070309001167,0.190726291001952,0.142516660951035,0.0964192601018358,0.0248881512259947,TRUE,199,199,0,"OK","P14-C014",1,50,790,0.17,"informative","weak","regular",7,27,0.992844120019853,0.0037974683544304,0,0.131
"V4-CMP-ONE-STAGE-CLUSTER-BB-RESP-v1","V4-TARGET-RESPONDENT-WEIGHTED-v1",0.129489803041733,0.117938379365222,0.0115514236765103,0.110352971235518,0.152751436715599,0.131552203975559,0.0423984654800811,0.0101939512986879,TRUE,199,199,0,"OK","P14-C014",1,50,790,0.17,"informative","weak","regular",7,27,0.992844120019853,0.0037974683544304,0,0.131
"V4-CMP-IID-RESP-BB-v1","WORKING-INDEPENDENCE-RESPONDENT",0.129489803041733,0.117938379365222,0.0115514236765103,0.094441497643172,0.160125656420992,0.127283577032082,0.06568415877782,0.0159498757970239,TRUE,199,199,0,"OK","P14-C014",1,50,790,0.17,"informative","weak","regular",7,27,0.992844120019853,0.0037974683544304,0,0.131
"V4-CMP-TWO-STAGE-FREQ-BOOT-RESP-v1","V4-TARGET-RESPONDENT-WEIGHTED-v1",0.129489803041733,0.117938379365222,0.0115514236765103,0.0936606690509759,0.166718595301999,0.130189632176487,0.0730579262510232,0.0183799950887562,TRUE,199,199,0,"OK","P14-C014",1,50,790,0.17,"informative","weak","regular",7,27,0.992844120019853,0.0037974683544304,0,0.131
"V4-CMP-MOKKEN-TWOLEVEL-DELTA-v1","V4-TARGET-RESPONDENT-WEIGHTED-v1",0.129489803041738,0.117938379365222,0.0115514236765152,0.0956380180677863,0.163341588015689,0.129489803041738,0.0677035699479024,0.0172716362346297,TRUE,,,0,"OK","P14-C014",1,50,790,0.17,"informative","weak","regular",7,27,0.992844120019853,0.0037974683544304,0,0.131
"V4-PRI-TWO-STAGE-HBB-RESP-v1","V4-TARGET-RESPONDENT-WEIGHTED-v1",0.117533216765975,0.117938379365222,-0.000405162599247333,0.0819766113863364,0.163132303769001,0.122554457577669,0.0811556923826651,0.0217067521459765,TRUE,199,199,0,"OK","P14-C014",2,50,882,0.17,"informative","weak","regular",10,27,0.988691034678928,0.00113378684807258,0,0.150000000000006
"V4-SENS-TWO-STAGE-HBB-CLUSTER-v1","V4-TARGET-EQUAL-CLUSTER-v1",0.117259890891485,0.119245350705484,-0.00198545981399859,0.0774573951084533,0.160317041123018,0.118887218115736,0.0828596460145648,0.0229980933065481,TRUE,199,199,0,"OK","P14-C014",2,50,882,0.17,"informative","weak","regular",10,27,0.988691034678928,0.00113378684807258,0,0.150000000000006
"V4-CMP-ONE-STAGE-CLUSTER-BB-RESP-v1","V4-TARGET-RESPONDENT-WEIGHTED-v1",0.117533216765975,0.117938379365222,-0.000405162599247333,0.0932096131994685,0.141449816598637,0.117329714899053,0.0482402033991685,0.0119260154218037,TRUE,199,199,0,"OK","P14-C014",2,50,882,0.17,"informative","weak","regular",10,27,0.988691034678928,0.00113378684807258,0,0.150000000000006
"V4-CMP-IID-RESP-BB-v1","WORKING-INDEPENDENCE-RESPONDENT",0.117533216765975,0.117938379365222,-0.000405162599247333,0.0915301327316581,0.148987081790502,0.12025860726108,0.0574569490588441,0.0139317659933115,TRUE,199,199,0,"OK","P14-C014",2,50,882,0.17,"informative","weak","regular",10,27,0.988691034678928,0.00113378684807258,0,0.150000000000006
"V4-CMP-TWO-STAGE-FREQ-BOOT-RESP-v1","V4-TARGET-RESPONDENT-WEIGHTED-v1",0.117533216765975,0.117938379365222,-0.000405162599247333,0.0827958794865723,0.152516689633519,0.117656284560046,0.0697208101469467,0.0174919302406693,TRUE,199,199,0,"OK","P14-C014",2,50,882,0.17,"informative","weak","regular",10,27,0.988691034678928,0.00113378684807258,0,0.150000000000006
"V4-CMP-MOKKEN-TWOLEVEL-DELTA-v1","V4-TARGET-RESPONDENT-WEIGHTED-v1",0.117533216765989,0.117938379365222,-0.000405162599233524,0.0832858180556375,0.15178061547634,0.117533216765989,0.0684947974207026,0.0174734836866853,TRUE,,,0,"OK","P14-C014",2,50,882,0.17,"informative","weak","regular",10,27,0.988691034678928,0.00113378684807258,0,0.150000000000006
"V4-PRI-TWO-STAGE-HBB-RESP-v1","V4-TARGET-RESPONDENT-WEIGHTED-v1",0.112384040910328,0.117938379365222,-0.00555433845489466,0.0738563415822247,0.16327706720483,0.118566704393527,0.0894207256226048,0.021998417526504,TRUE,199,199,0,"OK","P14-C014",3,50,855,0.17,"informative","weak","regular",9,27,0.992940522714888,0,1,0.147000000000006
"V4-SENS-TWO-STAGE-HBB-CLUSTER-v1","V4-TARGET-EQUAL-CLUSTER-v1",0.109953336927212,0.119245350705484,-0.00929201377827198,0.0650065725995146,0.161235295830541,0.113120934215028,0.0962287232310266,0.0232630574039053,TRUE,199,199,0,"OK","P14-C014",3,50,855,0.17,"informative","weak","regular",9,27,0.992940522714888,0,1,0.147000000000006
"V4-CMP-ONE-STAGE-CLUSTER-BB-RESP-v1","V4-TARGET-RESPONDENT-WEIGHTED-v1",0.112384040910328,0.117938379365222,-0.00555433845489466,0.0896375602708701,0.13479996356895,0.11221876191991,0.0451624032980798,0.0120082548544889,TRUE,199,199,0,"OK","P14-C014",3,50,855,0.17,"informative","weak","regular",9,27,0.992940522714888,0,1,0.147000000000006
"V4-CMP-IID-RESP-BB-v1","WORKING-INDEPENDENCE-RESPONDENT",0.112384040910328,0.117938379365222,-0.00555433845489466,0.0881393838366227,0.141038177959976,0.114588780898299,0.0528987941233533,0.0137404297676883,TRUE,199,199,0,"OK","P14-C014",3,50,855,0.17,"informative","weak","regular",9,27,0.992940522714888,0,1,0.147000000000006
"V4-CMP-TWO-STAGE-FREQ-BOOT-RESP-v1","V4-TARGET-RESPONDENT-WEIGHTED-v1",0.112384040910328,0.117938379365222,-0.00555433845489466,0.0797363997167991,0.151588886510382,0.115662643113591,0.0718524867935828,0.0191423475049047,TRUE,199,199,0,"OK","P14-C014",3,50,855,0.17,"informative","weak","regular",9,27,0.992940522714888,0,1,0.147000000000006
"V4-CMP-MOKKEN-TWOLEVEL-DELTA-v1","V4-TARGET-RESPONDENT-WEIGHTED-v1",0.112384040910343,0.117938379365222,-0.00555433845487975,0.0769645628011582,0.147803519019527,0.112384040910343,0.0708389562183688,0.0180714943685541,TRUE,,,0,"OK","P14-C014",3,50,855,0.17,"informative","weak","regular",9,27,0.992940522714888,0,1,0.147000000000006
"V4-PRI-TWO-STAGE-HBB-RESP-v1","V4-TARGET-RESPONDENT-WEIGHTED-v1",0.126922678281687,0.117938379365222,0.0089842989164642,0.0789396830562252,0.169212771973022,0.124076227514623,0.0902730889167966,0.0239094622184308,TRUE,199,199,0,"OK","P14-C014",4,50,856,0.17,"informative","weak","regular",7,28,0.981180996746643,0,1,0.135999999999996
"V4-SENS-TWO-STAGE-HBB-CLUSTER-v1","V4-TARGET-EQUAL-CLUSTER-v1",0.127841249604351,0.119245350705484,0.0085958988988676,0.0758072100477721,0.170210469455748,0.12300883975176,0.0944032594079759,0.0249249610075761,TRUE,199,199,0,"OK","P14-C014",4,50,856,0.17,"informative","weak","regular",7,28,0.981180996746643,0,1,0.135999999999996
"V4-CMP-ONE-STAGE-CLUSTER-BB-RESP-v1","V4-TARGET-RESPONDENT-WEIGHTED-v1",0.126922678281687,0.117938379365222,0.0089842989164642,0.099678886376164,0.151491301376412,0.125585093876288,0.0518124150002479,0.0146992798847854,TRUE,199,199,0,"OK","P14-C014",4,50,856,0.17,"informative","weak","regular",7,28,0.981180996746643,0,1,0.135999999999996
"V4-CMP-IID-RESP-BB-v1","WORKING-INDEPENDENCE-RESPONDENT",0.126922678281687,0.117938379365222,0.0089842989164642,0.101550028821893,0.153229708747374,0.127389868784633,0.0516796799254814,0.0140657030010466,TRUE,199,199,0,"OK","P14-C014",4,50,856,0.17,"informative","weak","regular",7,28,0.981180996746643,0,1,0.135999999999996
"V4-CMP-TWO-STAGE-FREQ-BOOT-RESP-v1","V4-TARGET-RESPONDENT-WEIGHTED-v1",0.126922678281687,0.117938379365222,0.0089842989164642,0.079860497288393,0.171900958676805,0.125880727982599,0.0920404613884123,0.0234084865041206,TRUE,199,199,0,"OK","P14-C014",4,50,856,0.17,"informative","weak","regular",7,28,0.981180996746643,0,1,0.135999999999996
"V4-CMP-MOKKEN-TWOLEVEL-DELTA-v1","V4-TARGET-RESPONDENT-WEIGHTED-v1",0.126922678281709,0.117938379365222,0.00898429891648654,0.0889662623183371,0.164879094245081,0.126922678281709,0.0759128319267436,0.019365874201142,TRUE,,,0,"OK","P14-C014",4,50,856,0.17,"informative","weak","regular",7,28,0.981180996746643,0,1,0.135999999999996
"V4-PRI-TWO-STAGE-HBB-RESP-v1","V4-TARGET-RESPONDENT-WEIGHTED-v1",0.10311712452383,0.117938379365222,-0.0148212548413927,0.0615498002783619,0.143194576438778,0.10237218835857,0.0816447761604159,0.0225837181245171,TRUE,199,199,0,"OK","P14-C014",5,50,814,0.17,"informative","weak","regular",7,26,0.992095255930875,0.00245700245700253,0,0.129000000000005
"V4-SENS-TWO-STAGE-HBB-CLUSTER-v1","V4-TARGET-EQUAL-CLUSTER-v1",0.109349635087544,0.119245350705484,-0.00989571561793999,0.0660018269522991,0.156816813773455,0.111409320362877,0.090814986821156,0.0230760171474388,TRUE,199,199,0,"OK","P14-C014",5,50,814,0.17,"informative","weak","regular",7,26,0.992095255930875,0.00245700245700253,0,0.129000000000005
"V4-CMP-ONE-STAGE-CLUSTER-BB-RESP-v1","V4-TARGET-RESPONDENT-WEIGHTED-v1",0.10311712452383,0.117938379365222,-0.0148212548413927,0.0728322935731086,0.130523760685704,0.101678027129406,0.057691467112595,0.014520187899417,TRUE,199,199,0,"OK","P14-C014",5,50,814,0.17,"informative","weak","regular",7,26,0.992095255930875,0.00245700245700253,0,0.129000000000005
"V4-CMP-IID-RESP-BB-v1","WORKING-INDEPENDENCE-RESPONDENT",0.10311712452383,0.117938379365222,-0.0148212548413927,0.0792690038222785,0.131728794998975,0.105498899410627,0.0524597911766968,0.013499998643594,TRUE,199,199,0,"OK","P14-C014",5,50,814,0.17,"informative","weak","regular",7,26,0.992095255930875,0.00245700245700253,0,0.129000000000005
"V4-CMP-TWO-STAGE-FREQ-BOOT-RESP-v1","V4-TARGET-RESPONDENT-WEIGHTED-v1",0.10311712452383,0.117938379365222,-0.0148212548413927,0.0630828502584923,0.145667736111011,0.104375293184751,0.0825848858525183,0.020870690353323,TRUE,199,199,0,"OK","P14-C014",5,50,814,0.17,"informative","weak","regular",7,26,0.992095255930875,0.00245700245700253,0,0.129000000000005
"V4-CMP-MOKKEN-TWOLEVEL-DELTA-v1","V4-TARGET-RESPONDENT-WEIGHTED-v1",0.103117124523817,0.117938379365222,-0.0148212548414055,0.066792022488677,0.139442226558957,0.103117124523817,0.0726502040702797,0.0185335558824895,TRUE,,,0,"OK","P14-C014",5,50,814,0.17,"informative","weak","regular",7,26,0.992095255930875,0.00245700245700253,0,0.129000000000005
"V4-PRI-TWO-STAGE-HBB-RESP-v1","V4-TARGET-RESPONDENT-WEIGHTED-v1",0.10763309299511,0.117938379365222,-0.0103052863701118,0.0630155373032146,0.150159055809502,0.106587296556358,0.0871435185062876,0.0223092727318553,TRUE,199,199,0,"OK","P14-C014",6,50,801,0.17,"informative","weak","regular",7,25,0.9904636396939,0.00249687890137329,0,0.126999999999995
"V4-SENS-TWO-STAGE-HBB-CLUSTER-v1","V4-TARGET-EQUAL-CLUSTER-v1",0.113352332263118,0.119245350705484,-0.00589301844236559,0.0669651283589484,0.172360374172476,0.119662751265712,0.105395245813528,0.0254375429436003,TRUE,199,199,0,"OK","P14-C014",6,50,801,0.17,"informative","weak","regular",7,25,0.9904636396939,0.00249687890137329,0,0.126999999999995
"V4-CMP-ONE-STAGE-CLUSTER-BB-RESP-v1","V4-TARGET-RESPONDENT-WEIGHTED-v1",0.10763309299511,0.117938379365222,-0.0103052863701118,0.074963124988844,0.138463415942355,0.106713270465599,0.0635002909535109,0.0157895298466571,TRUE,199,199,0,"OK","P14-C014",6,50,801,0.17,"informative","weak","regular",7,25,0.9904636396939,0.00249687890137329,0,0.126999999999995
"V4-CMP-IID-RESP-BB-v1","WORKING-INDEPENDENCE-RESPONDENT",0.10763309299511,0.117938379365222,-0.0103052863701118,0.0789106335840798,0.139292115390311,0.109101374487195,0.0603814818062314,0.0151024251774084,TRUE,199,199,0,"OK","P14-C014",6,50,801,0.17,"informative","weak","regular",7,25,0.9904636396939,0.00249687890137329,0,0.126999999999995
"V4-CMP-TWO-STAGE-FREQ-BOOT-RESP-v1","V4-TARGET-RESPONDENT-WEIGHTED-v1",0.10763309299511,0.117938379365222,-0.0103052863701118,0.067708381726315,0.152697104995578,0.110202743360946,0.0849887232692627,0.0208433153861426,TRUE,199,199,0,"OK","P14-C014",6,50,801,0.17,"informative","weak","regular",7,25,0.9904636396939,0.00249687890137329,0,0.126999999999995
"V4-CMP-MOKKEN-TWOLEVEL-DELTA-v1","V4-TARGET-RESPONDENT-WEIGHTED-v1",0.107633092995114,0.117938379365222,-0.010305286370108,0.0694109129251699,0.145855273065059,0.107633092995114,0.0764443601398889,0.019501470624683,TRUE,,,0,"OK","P14-C014",6,50,801,0.17,"informative","weak","regular",7,25,0.9904636396939,0.00249687890137329,0,0.126999999999995
"V4-PRI-TWO-STAGE-HBB-RESP-v1","V4-TARGET-RESPONDENT-WEIGHTED-v1",0.132491871201913,0.117938379365222,0.014553491836691,0.0894447059886363,0.177659824519957,0.133552265254297,0.088215118531321,0.022118152348125,TRUE,199,199,0,"OK","P14-C014",7,50,898,0.17,"informative","weak","regular",8,26,0.993098694855834,0,1,0.140000000000001
"V4-SENS-TWO-STAGE-HBB-CLUSTER-v1","V4-TARGET-EQUAL-CLUSTER-v1",0.132928432392117,0.119245350705484,0.0136830816866337,0.0862389775781118,0.182140988254447,0.134189982916279,0.0959020106763348,0.023167660496672,TRUE,199,199,0,"OK","P14-C014",7,50,898,0.17,"informative","weak","regular",8,26,0.993098694855834,0,1,0.140000000000001
"V4-CMP-ONE-STAGE-CLUSTER-BB-RESP-v1","V4-TARGET-RESPONDENT-WEIGHTED-v1",0.132491871201913,0.117938379365222,0.014553491836691,0.10811735778167,0.158463693238252,0.133290525509961,0.0503463354565815,0.0135996364171969,TRUE,199,199,0,"OK","P14-C014",7,50,898,0.17,"informative","weak","regular",8,26,0.993098694855834,0,1,0.140000000000001
"V4-CMP-IID-RESP-BB-v1","WORKING-INDEPENDENCE-RESPONDENT",0.132491871201913,0.117938379365222,0.014553491836691,0.0986198624077769,0.15903845502923,0.128829158718503,0.0604185926214527,0.0151954930913398,TRUE,199,199,0,"OK","P14-C014",7,50,898,0.17,"informative","weak","regular",8,26,0.993098694855834,0,1,0.140000000000001
"V4-CMP-TWO-STAGE-FREQ-BOOT-RESP-v1","V4-TARGET-RESPONDENT-WEIGHTED-v1",0.132491871201913,0.117938379365222,0.014553491836691,0.0934482824976887,0.173942598435667,0.133695440466678,0.0804943159379785,0.0202596833283566,TRUE,199,199,0,"OK","P14-C014",7,50,898,0.17,"informative","weak","regular",8,26,0.993098694855834,0,1,0.140000000000001
"V4-CMP-MOKKEN-TWOLEVEL-DELTA-v1","V4-TARGET-RESPONDENT-WEIGHTED-v1",0.132491871201931,0.117938379365222,0.014553491836709,0.0969723626822115,0.168011379721651,0.132491871201931,0.0710390170394399,0.018122531230111,TRUE,,,0,"OK","P14-C014",7,50,898,0.17,"informative","weak","regular",8,26,0.993098694855834,0,1,0.140000000000001
"V4-PRI-TWO-STAGE-HBB-RESP-v1","V4-TARGET-RESPONDENT-WEIGHTED-v1",0.11991883527502,0.117938379365222,0.0019804559097979,0.0753743233849532,0.161835835932802,0.118605079658878,0.0864615125478489,0.0222122719703088,TRUE,199,199,0,"OK","P14-C014",8,50,855,0.17,"informative","weak","regular",9,26,0.994407256902557,0.00116959064327482,0,0.132999999999996
"V4-SENS-TWO-STAGE-HBB-CLUSTER-v1","V4-TARGET-EQUAL-CLUSTER-v1",0.120538477363576,0.119245350705484,0.00129312665809254,0.0733594626381334,0.16647027650984,0.119914869573987,0.0931108138717068,0.023473028211094,TRUE,199,199,0,"OK","P14-C014",8,50,855,0.17,"informative","weak","regular",9,26,0.994407256902557,0.00116959064327482,0,0.132999999999996
"V4-CMP-ONE-STAGE-CLUSTER-BB-RESP-v1","V4-TARGET-RESPONDENT-WEIGHTED-v1",0.11991883527502,0.117938379365222,0.0019804559097979,0.0973590755284166,0.145430964021489,0.121395019774953,0.0480718884930724,0.0128495461450448,TRUE,199,199,0,"OK","P14-C014",8,50,855,0.17,"informative","weak","regular",9,26,0.994407256902557,0.00116959064327482,0,0.132999999999996
"V4-CMP-IID-RESP-BB-v1","WORKING-INDEPENDENCE-RESPONDENT",0.11991883527502,0.117938379365222,0.0019804559097979,0.0884961914529288,0.147412701310126,0.117954446381527,0.0589165098571972,0.0144319757873346,TRUE,199,199,0,"OK","P14-C014",8,50,855,0.17,"informative","weak","regular",9,26,0.994407256902557,0.00116959064327482,0,0.132999999999996
"V4-CMP-TWO-STAGE-FREQ-BOOT-RESP-v1","V4-TARGET-RESPONDENT-WEIGHTED-v1",0.11991883527502,0.117938379365222,0.0019804559097979,0.0780386213157971,0.162243175907432,0.120140898611615,0.084204554591635,0.0205609568757621,TRUE,199,199,0,"OK","P14-C014",8,50,855,0.17,"informative","weak","regular",9,26,0.994407256902557,0.00116959064327482,0,0.132999999999996
"V4-CMP-MOKKEN-TWOLEVEL-DELTA-v1","V4-TARGET-RESPONDENT-WEIGHTED-v1",0.119918835275037,0.117938379365222,0.0019804559098142,0.0840251941750998,0.155812476374973,0.119918835275037,0.0717872821998736,0.0183134187072116,TRUE,,,0,"OK","P14-C014",8,50,855,0.17,"informative","weak","regular",9,26,0.994407256902557,0.00116959064327482,0,0.132999999999996
"V4-PRI-TWO-STAGE-HBB-RESP-v1","V4-TARGET-RESPONDENT-WEIGHTED-v1",0.097170503271041,0.117938379365222,-0.0207678760941813,0.0558888084668157,0.152359140480272,0.104123974473544,0.0964703320134568,0.0234489916915517,TRUE,199,199,0,"OK","P14-C014",9,50,879,0.17,"informative","weak","regular",8,28,0.989830249670465,0.00227531285551752,0,0.135999999999996
"V4-SENS-TWO-STAGE-HBB-CLUSTER-v1","V4-TARGET-EQUAL-CLUSTER-v1",0.0947265796716808,0.119245350705484,-0.0245187710338029,0.0505574675573309,0.134794898593285,0.0926761830753078,0.0842374310359537,0.0215682435334051,TRUE,199,199,0,"OK","P14-C014",9,50,879,0.17,"informative","weak","regular",8,28,0.989830249670465,0.00227531285551752,0,0.135999999999996
"V4-CMP-ONE-STAGE-CLUSTER-BB-RESP-v1","V4-TARGET-RESPONDENT-WEIGHTED-v1",0.097170503271041,0.117938379365222,-0.0207678760941813,0.0700870993368715,0.129045338298329,0.0995662188176003,0.0589582389614577,0.014436880613455,TRUE,199,199,0,"OK","P14-C014",9,50,879,0.17,"informative","weak","regular",8,28,0.989830249670465,0.00227531285551752,0,0.135999999999996
"V4-CMP-IID-RESP-BB-v1","WORKING-INDEPENDENCE-RESPONDENT",0.097170503271041,0.117938379365222,-0.0207678760941813,0.0698826026456734,0.123771517993434,0.0968270603195536,0.0538889153477603,0.0129081845297073,TRUE,199,199,0,"OK","P14-C014",9,50,879,0.17,"informative","weak","regular",8,28,0.989830249670465,0.00227531285551752,0,0.135999999999996
"V4-CMP-TWO-STAGE-FREQ-BOOT-RESP-v1","V4-TARGET-RESPONDENT-WEIGHTED-v1",0.097170503271041,0.117938379365222,-0.0207678760941813,0.0616033456718632,0.134683309887927,0.098143327779895,0.0730799642160637,0.0194878725837811,TRUE,199,199,0,"OK","P14-C014",9,50,879,0.17,"informative","weak","regular",8,28,0.989830249670465,0.00227531285551752,0,0.135999999999996
"V4-CMP-MOKKEN-TWOLEVEL-DELTA-v1","V4-TARGET-RESPONDENT-WEIGHTED-v1",0.0971705032710117,0.117938379365222,-0.0207678760942106,0.0631310061199502,0.131210000422073,0.0971705032710117,0.0680789943021231,0.01736740951342,TRUE,,,0,"OK","P14-C014",9,50,879,0.17,"informative","weak","regular",8,28,0.989830249670465,0.00227531285551752,0,0.135999999999996
"V4-PRI-TWO-STAGE-HBB-RESP-v1","V4-TARGET-RESPONDENT-WEIGHTED-v1",0.11380135041458,0.117938379365222,-0.00413702895064198,0.0659831607873617,0.160109453148676,0.113046306968019,0.0941262923613143,0.0240452958765944,TRUE,199,199,0,"OK","P14-C014",10,50,845,0.17,"informative","weak","regular",6,27,0.982166520124749,0,1,0.135000000000005
"V4-SENS-TWO-STAGE-HBB-CLUSTER-v1","V4-TARGET-EQUAL-CLUSTER-v1",0.119951724567917,0.119245350705484,0.000706373862432857,0.074946943533263,0.170075797685833,0.122511370609548,0.0951288541525701,0.0247484303248636,TRUE,199,199,0,"OK","P14-C014",10,50,845,0.17,"informative","weak","regular",6,27,0.982166520124749,0,1,0.135000000000005
"V4-CMP-ONE-STAGE-CLUSTER-BB-RESP-v1","V4-TARGET-RESPONDENT-WEIGHTED-v1",0.11380135041458,0.117938379365222,-0.00413702895064198,0.08648236641244,0.137588363668697,0.112035365040568,0.0511059972562568,0.0132924409582934,TRUE,199,199,0,"OK","P14-C014",10,50,845,0.17,"informative","weak","regular",6,27,0.982166520124749,0,1,0.135000000000005
"V4-CMP-IID-RESP-BB-v1","WORKING-INDEPENDENCE-RESPONDENT",0.11380135041458,0.117938379365222,-0.00413702895064198,0.0814735434145066,0.143258658206452,0.112366100810479,0.0617851147919451,0.015029616958214,TRUE,199,199,0,"OK","P14-C014",10,50,845,0.17,"informative","weak","regular",6,27,0.982166520124749,0,1,0.135000000000005
"V4-CMP-TWO-STAGE-FREQ-BOOT-RESP-v1","V4-TARGET-RESPONDENT-WEIGHTED-v1",0.11380135041458,0.117938379365222,-0.00413702895064198,0.0770019047004212,0.157092643032575,0.117047273866498,0.0800907383321538,0.020776229456179,TRUE,199,199,0,"OK","P14-C014",10,50,845,0.17,"informative","weak","regular",6,27,0.982166520124749,0,1,0.135000000000005
"V4-CMP-MOKKEN-TWOLEVEL-DELTA-v1","V4-TARGET-RESPONDENT-WEIGHTED-v1",0.11380135041459,0.117938379365222,-0.00413702895063252,0.0782542491858718,0.149348451643308,0.11380135041459,0.0710942024574361,0.0181366094015549,TRUE,,,0,"OK","P14-C014",10,50,845,0.17,"informative","weak","regular",6,27,0.982166520124749,0,1,0.135000000000005
"V4-PRI-TWO-STAGE-HBB-RESP-v1","V4-TARGET-RESPONDENT-WEIGHTED-v1",0.108244549230904,0.117938379365222,-0.00969383013431883,0.0626913755895687,0.152533640710645,0.107612508150107,0.0898422651210763,0.0250878205329179,TRUE,199,199,0,"OK","P14-C014",11,50,844,0.17,"informative","weak","regular",9,25,0.995402310863721,0.00118483412322268,0,0.158000000000001
"V4-SENS-TWO-STAGE-HBB-CLUSTER-v1","V4-TARGET-EQUAL-CLUSTER-v1",0.112509182754022,0.119245350705484,-0.00673616795146123,0.0704616704194218,0.159156841140141,0.114809255779781,0.088695170720719,0.0233406054579421,TRUE,199,199,0,"OK","P14-C014",11,50,844,0.17,"informative","weak","regular",9,25,0.995402310863721,0.00118483412322268,0,0.158000000000001
"V4-CMP-ONE-STAGE-CLUSTER-BB-RESP-v1","V4-TARGET-RESPONDENT-WEIGHTED-v1",0.108244549230904,0.117938379365222,-0.00969383013431883,0.0813670147949336,0.136324531310232,0.108845773052583,0.0549575165152983,0.014643509022328,TRUE,199,199,0,"OK","P14-C014",11,50,844,0.17,"informative","weak","regular",9,25,0.995402310863721,0.00118483412322268,0,0.158000000000001
"V4-CMP-IID-RESP-BB-v1","WORKING-INDEPENDENCE-RESPONDENT",0.108244549230904,0.117938379365222,-0.00969383013431883,0.0839149035337796,0.137809959839851,0.110862431686815,0.0538950563060711,0.0142524181838093,TRUE,199,199,0,"OK","P14-C014",11,50,844,0.17,"informative","weak","regular",9,25,0.995402310863721,0.00118483412322268,0,0.158000000000001
"V4-CMP-TWO-STAGE-FREQ-BOOT-RESP-v1","V4-TARGET-RESPONDENT-WEIGHTED-v1",0.108244549230904,0.117938379365222,-0.00969383013431883,0.0757890740893794,0.147865877729115,0.111827475909247,0.0720768036397354,0.0182162334556723,TRUE,199,199,0,"OK","P14-C014",11,50,844,0.17,"informative","weak","regular",9,25,0.995402310863721,0.00118483412322268,0,0.158000000000001
"V4-CMP-MOKKEN-TWOLEVEL-DELTA-v1","V4-TARGET-RESPONDENT-WEIGHTED-v1",0.108244549230876,0.117938379365222,-0.0096938301343459,0.0704756918191728,0.14601340664258,0.108244549230876,0.0755377148234073,0.0192701793041197,TRUE,,,0,"OK","P14-C014",11,50,844,0.17,"informative","weak","regular",9,25,0.995402310863721,0.00118483412322268,0,0.158000000000001
"V4-PRI-TWO-STAGE-HBB-RESP-v1","V4-TARGET-RESPONDENT-WEIGHTED-v1",0.0982771449053616,0.117938379365222,-0.0196612344598607,0.0539156500910514,0.142278891934122,0.0980972710125867,0.0883632418430706,0.0223753978564998,TRUE,199,199,0,"OK","P14-C014",12,50,886,0.17,"informative","weak","regular",7,26,0.995204295095283,0.0022573363431152,0,0.158000000000001
"V4-SENS-TWO-STAGE-HBB-CLUSTER-v1","V4-TARGET-EQUAL-CLUSTER-v1",0.100174998440872,0.119245350705484,-0.019070352264612,0.0517585120433345,0.151805507142832,0.101782009593083,0.100046995099498,0.0248503488999917,TRUE,199,199,0,"OK","P14-C014",12,50,886,0.17,"informative","weak","regular",7,26,0.995204295095283,0.0022573363431152,0,0.158000000000001
"V4-CMP-ONE-STAGE-CLUSTER-BB-RESP-v1","V4-TARGET-RESPONDENT-WEIGHTED-v1",0.0982771449053616,0.117938379365222,-0.0196612344598607,0.0716808587788072,0.131365590086746,0.101523224432777,0.0596847313079393,0.0138121145278838,TRUE,199,199,0,"OK","P14-C014",12,50,886,0.17,"informative","weak","regular",7,26,0.995204295095283,0.0022573363431152,0,0.158000000000001
"V4-CMP-IID-RESP-BB-v1","WORKING-INDEPENDENCE-RESPONDENT",0.0982771449053616,0.117938379365222,-0.0196612344598607,0.0713093174110692,0.125289523172353,0.0982994202917111,0.0539802057612839,0.0133995961131869,TRUE,199,199,0,"OK","P14-C014",12,50,886,0.17,"informative","weak","regular",7,26,0.995204295095283,0.0022573363431152,0,0.158000000000001
"V4-CMP-TWO-STAGE-FREQ-BOOT-RESP-v1","V4-TARGET-RESPONDENT-WEIGHTED-v1",0.0982771449053616,0.117938379365222,-0.0196612344598607,0.0603765261052793,0.138649612747253,0.0995130694262662,0.0782730866419738,0.0202048649606508,TRUE,199,199,0,"OK","P14-C014",12,50,886,0.17,"informative","weak","regular",7,26,0.995204295095283,0.0022573363431152,0,0.158000000000001
"V4-CMP-MOKKEN-TWOLEVEL-DELTA-v1","V4-TARGET-RESPONDENT-WEIGHTED-v1",0.098277144905395,0.117938379365222,-0.0196612344598274,0.0635312181272836,0.133023071683506,0.098277144905395,0.0694918535562227,0.0177278394155111,TRUE,,,0,"OK","P14-C014",12,50,886,0.17,"informative","weak","regular",7,26,0.995204295095283,0.0022573363431152,0,0.158000000000001
"V4-PRI-TWO-STAGE-HBB-RESP-v1","V4-TARGET-RESPONDENT-WEIGHTED-v1",0.124652539471038,0.117938379365222,0.00671416010581544,0.0740337340180384,0.184632880342725,0.129333307180382,0.110599146324687,0.0261656205833071,TRUE,199,199,0,"OK","P14-C014",13,50,852,0.17,"informative","weak","regular",8,27,0.993470726219025,0.00117370892018781,0,0.144000000000005
"V4-SENS-TWO-STAGE-HBB-CLUSTER-v1","V4-TARGET-EQUAL-CLUSTER-v1",0.129627832260912,0.119245350705484,0.0103824815554281,0.0832821697321494,0.191307525597932,0.137294847665041,0.108025355865783,0.0267755657966425,TRUE,199,199,0,"OK","P14-C014",13,50,852,0.17,"informative","weak","regular",8,27,0.993470726219025,0.00117370892018781,0,0.144000000000005
"V4-CMP-ONE-STAGE-CLUSTER-BB-RESP-v1","V4-TARGET-RESPONDENT-WEIGHTED-v1",0.124652539471038,0.117938379365222,0.00671416010581544,0.0925318235106346,0.159710214243895,0.126121018877265,0.0671783907332602,0.0159391325823333,TRUE,199,199,0,"OK","P14-C014",13,50,852,0.17,"informative","weak","regular",8,27,0.993470726219025,0.00117370892018781,0,0.144000000000005
"V4-CMP-IID-RESP-BB-v1","WORKING-INDEPENDENCE-RESPONDENT",0.124652539471038,0.117938379365222,0.00671416010581544,0.089399243719936,0.154405457660111,0.121902350690023,0.0650062139401745,0.0156667673776737,TRUE,199,199,0,"OK","P14-C014",13,50,852,0.17,"informative","weak","regular",8,27,0.993470726219025,0.00117370892018781,0,0.144000000000005
"V4-CMP-TWO-STAGE-FREQ-BOOT-RESP-v1","V4-TARGET-RESPONDENT-WEIGHTED-v1",0.124652539471038,0.117938379365222,0.00671416010581544,0.0821713420116405,0.164410050543863,0.123290696277752,0.0822387085322222,0.0218405752428712,TRUE,199,199,0,"OK","P14-C014",13,50,852,0.17,"informative","weak","regular",8,27,0.993470726219025,0.00117370892018781,0,0.144000000000005
"V4-CMP-MOKKEN-TWOLEVEL-DELTA-v1","V4-TARGET-RESPONDENT-WEIGHTED-v1",0.124652539471049,0.117938379365222,0.00671416010582636,0.0858689484968715,0.163436130445226,0.124652539471049,0.0775671819483544,0.0197879100228868,TRUE,,,0,"OK","P14-C014",13,50,852,0.17,"informative","weak","regular",8,27,0.993470726219025,0.00117370892018781,0,0.144000000000005
"V4-PRI-TWO-STAGE-HBB-RESP-v1","V4-TARGET-RESPONDENT-WEIGHTED-v1",0.145886694234828,0.117938379365222,0.0279483148696054,0.0995147398194348,0.188319300783035,0.143917020301235,0.0888045609636005,0.02265807906846,TRUE,199,199,0,"OK","P14-C014",14,50,832,0.17,"informative","weak","regular",6,27,0.987977883195277,0.00120192307692307,0,0.129999999999995
"V4-SENS-TWO-STAGE-HBB-CLUSTER-v1","V4-TARGET-EQUAL-CLUSTER-v1",0.148724400393693,0.119245350705484,0.029479049688209,0.0986847529408753,0.204851400899882,0.151768076920379,0.106166647959007,0.0290165218809251,TRUE,199,199,0,"OK","P14-C014",14,50,832,0.17,"informative","weak","regular",6,27,0.987977883195277,0.00120192307692307,0,0.129999999999995
"V4-CMP-ONE-STAGE-CLUSTER-BB-RESP-v1","V4-TARGET-RESPONDENT-WEIGHTED-v1",0.145886694234828,0.117938379365222,0.0279483148696054,0.1165463684565,0.179261220024377,0.147903794240438,0.0627148515678774,0.015552130109003,TRUE,199,199,0,"OK","P14-C014",14,50,832,0.17,"informative","weak","regular",6,27,0.987977883195277,0.00120192307692307,0,0.129999999999995
"V4-CMP-IID-RESP-BB-v1","WORKING-INDEPENDENCE-RESPONDENT",0.145886694234828,0.117938379365222,0.0279483148696054,0.115564727559663,0.173888750986016,0.144726739272839,0.0583240234263526,0.0138886095590981,TRUE,199,199,0,"OK","P14-C014",14,50,832,0.17,"informative","weak","regular",6,27,0.987977883195277,0.00120192307692307,0,0.129999999999995
"V4-CMP-TWO-STAGE-FREQ-BOOT-RESP-v1","V4-TARGET-RESPONDENT-WEIGHTED-v1",0.145886694234828,0.117938379365222,0.0279483148696054,0.102272404429833,0.19168895054211,0.146980677485972,0.0894165461122769,0.0214103675246599,TRUE,199,199,0,"OK","P14-C014",14,50,832,0.17,"informative","weak","regular",6,27,0.987977883195277,0.00120192307692307,0,0.129999999999995
"V4-CMP-MOKKEN-TWOLEVEL-DELTA-v1","V4-TARGET-RESPONDENT-WEIGHTED-v1",0.145886694234813,0.117938379365222,0.0279483148695909,0.108005155306452,0.183768233163174,0.145886694234813,0.075763077856722,0.0193276709302649,TRUE,,,0,"OK","P14-C014",14,50,832,0.17,"informative","weak","regular",6,27,0.987977883195277,0.00120192307692307,0,0.129999999999995
"V4-PRI-TWO-STAGE-HBB-RESP-v1","V4-TARGET-RESPONDENT-WEIGHTED-v1",0.137298536438427,0.117938379365222,0.0193601570732047,0.0920960223141513,0.188569684529937,0.140332853422044,0.0964736622157858,0.0249984765768456,TRUE,199,199,0,"OK","P14-C014",15,50,888,0.17,"informative","weak","regular",7,26,0.995394232493837,0.00337837837837818,0,0.134999999999991
"V4-SENS-TWO-STAGE-HBB-CLUSTER-v1","V4-TARGET-EQUAL-CLUSTER-v1",0.147226214594489,0.119245350705484,0.0279808638890057,0.100260477922616,0.203498074394429,0.151879276158523,0.103237596471813,0.0256490900215227,TRUE,199,199,0,"OK","P14-C014",15,50,888,0.17,"informative","weak","regular",7,26,0.995394232493837,0.00337837837837818,0,0.134999999999991
"V4-CMP-ONE-STAGE-CLUSTER-BB-RESP-v1","V4-TARGET-RESPONDENT-WEIGHTED-v1",0.137298536438427,0.117938379365222,0.0193601570732047,0.111110239315301,0.17130746803721,0.141208853676255,0.0601972287219091,0.01357955860054,TRUE,199,199,0,"OK","P14-C014",15,50,888,0.17,"informative","weak","regular",7,26,0.995394232493837,0.00337837837837818,0,0.134999999999991
"V4-CMP-IID-RESP-BB-v1","WORKING-INDEPENDENCE-RESPONDENT",0.137298536438427,0.117938379365222,0.0193601570732047,0.109459406887852,0.169368959615369,0.139414183251611,0.0599095527275174,0.0159162126047371,TRUE,199,199,0,"OK","P14-C014",15,50,888,0.17,"informative","weak","regular",7,26,0.995394232493837,0.00337837837837818,0,0.134999999999991
"V4-CMP-TWO-STAGE-FREQ-BOOT-RESP-v1","V4-TARGET-RESPONDENT-WEIGHTED-v1",0.137298536438427,0.117938379365222,0.0193601570732047,0.0959773016937939,0.177355606458588,0.136666454076191,0.0813783047647942,0.0218399865759967,TRUE,199,199,0,"OK","P14-C014",15,50,888,0.17,"informative","weak","regular",7,26,0.995394232493837,0.00337837837837818,0,0.134999999999991
"V4-CMP-MOKKEN-TWOLEVEL-DELTA-v1","V4-TARGET-RESPONDENT-WEIGHTED-v1",0.137298536438405,0.117938379365222,0.019360157073183,0.0988333713475736,0.175763701529237,0.137298536438405,0.0769303301816636,0.0196254448521708,TRUE,,,0,"OK","P14-C014",15,50,888,0.17,"informative","weak","regular",7,26,0.995394232493837,0.00337837837837818,0,0.134999999999991
"V4-PRI-TWO-STAGE-HBB-RESP-v1","V4-TARGET-RESPONDENT-WEIGHTED-v1",0.0995628665989055,0.117938379365222,-0.0183755127663169,0.0631683078021863,0.146252822692906,0.104710565247546,0.0830845148907197,0.0221352391624099,TRUE,199,199,0,"OK","P14-C014",16,50,867,0.17,"informative","weak","regular",7,28,0.990130149364801,0.00807381776239868,0,0.14800000000001
"V4-SENS-TWO-STAGE-HBB-CLUSTER-v1","V4-TARGET-EQUAL-CLUSTER-v1",0.094932906136961,0.119245350705484,-0.0243124445685226,0.0435974035064691,0.144252458426007,0.0939249309662379,0.100655054919538,0.0239492908462947,TRUE,199,199,0,"OK","P14-C014",16,50,867,0.17,"informative","weak","regular",7,28,0.990130149364801,0.00807381776239868,0,0.14800000000001
"V4-CMP-ONE-STAGE-CLUSTER-BB-RESP-v1","V4-TARGET-RESPONDENT-WEIGHTED-v1",0.0995628665989055,0.117938379365222,-0.0183755127663169,0.0724169473303507,0.126987377891901,0.0997021626111256,0.05457043056155,0.0143129060594187,TRUE,199,199,0,"OK","P14-C014",16,50,867,0.17,"informative","weak","regular",7,28,0.990130149364801,0.00807381776239868,0,0.14800000000001
"V4-CMP-IID-RESP-BB-v1","WORKING-INDEPENDENCE-RESPONDENT",0.0995628665989055,0.117938379365222,-0.0183755127663169,0.0710207681500738,0.120026915223793,0.0955238416869333,0.049006147073719,0.0127804328511543,TRUE,199,199,0,"OK","P14-C014",16,50,867,0.17,"informative","weak","regular",7,28,0.990130149364801,0.00807381776239868,0,0.14800000000001
"V4-CMP-TWO-STAGE-FREQ-BOOT-RESP-v1","V4-TARGET-RESPONDENT-WEIGHTED-v1",0.0995628665989055,0.117938379365222,-0.0183755127663169,0.0627104938534238,0.135504295836218,0.0991073948448208,0.072793801982794,0.019578296779659,TRUE,199,199,0,"OK","P14-C014",16,50,867,0.17,"informative","weak","regular",7,28,0.990130149364801,0.00807381776239868,0,0.14800000000001
"V4-CMP-MOKKEN-TWOLEVEL-DELTA-v1","V4-TARGET-RESPONDENT-WEIGHTED-v1",0.0995628665988778,0.117938379365222,-0.0183755127663445,0.0650151231831592,0.134110610014596,0.0995628665988778,0.0690954868314372,0.0176267235970797,TRUE,,,0,"OK","P14-C014",16,50,867,0.17,"informative","weak","regular",7,28,0.990130149364801,0.00807381776239868,0,0.14800000000001
"V4-PRI-TWO-STAGE-HBB-RESP-v1","V4-TARGET-RESPONDENT-WEIGHTED-v1",0.124194522732435,0.117938379365222,0.00625614336721235,0.0795149367689202,0.178407144320141,0.128961040544531,0.0988922075512207,0.0250982465965907,TRUE,199,199,0,"OK","P14-C014",17,50,876,0.17,"informative","weak","regular",8,28,0.990268696317301,0.00114155251141551,0,0.137
"V4-SENS-TWO-STAGE-HBB-CLUSTER-v1","V4-TARGET-EQUAL-CLUSTER-v1",0.129339072042721,0.119245350705484,0.0100937213372371,0.0752393783795094,0.184081031107069,0.129660204743289,0.10884165272756,0.0271009035484988,TRUE,199,199,0,"OK","P14-C014",17,50,876,0.17,"informative","weak","regular",8,28,0.990268696317301,0.00114155251141551,0,0.137
"V4-CMP-ONE-STAGE-CLUSTER-BB-RESP-v1","V4-TARGET-RESPONDENT-WEIGHTED-v1",0.124194522732435,0.117938379365222,0.00625614336721235,0.0926627631073595,0.164528946724257,0.128595854915808,0.0718661836168972,0.0183591882436919,TRUE,199,199,0,"OK","P14-C014",17,50,876,0.17,"informative","weak","regular",8,28,0.990268696317301,0.00114155251141551,0,0.137
"V4-CMP-IID-RESP-BB-v1","WORKING-INDEPENDENCE-RESPONDENT",0.124194522732435,0.117938379365222,0.00625614336721235,0.0975326085129238,0.151699182643859,0.124615895578392,0.0541665741309355,0.0137842286973125,TRUE,199,199,0,"OK","P14-C014",17,50,876,0.17,"informative","weak","regular",8,28,0.990268696317301,0.00114155251141551,0,0.137
"V4-CMP-TWO-STAGE-FREQ-BOOT-RESP-v1","V4-TARGET-RESPONDENT-WEIGHTED-v1",0.124194522732435,0.117938379365222,0.00625614336721235,0.0789824596244031,0.166287647237261,0.122635053430832,0.0873051876128584,0.0231326284178865,TRUE,199,199,0,"OK","P14-C014",17,50,876,0.17,"informative","weak","regular",8,28,0.990268696317301,0.00114155251141551,0,0.137
"V4-CMP-MOKKEN-TWOLEVEL-DELTA-v1","V4-TARGET-RESPONDENT-WEIGHTED-v1",0.12419452273241,0.117938379365222,0.00625614336718737,0.0841656402999391,0.16422340516488,0.12419452273241,0.0800577648649413,0.0204232744827014,TRUE,,,0,"OK","P14-C014",17,50,876,0.17,"informative","weak","regular",8,28,0.990268696317301,0.00114155251141551,0,0.137
"V4-PRI-TWO-STAGE-HBB-RESP-v1","V4-TARGET-RESPONDENT-WEIGHTED-v1",0.114845405395929,0.117938379365222,-0.00309297396929334,0.0698471331418804,0.169391816271401,0.119619474706641,0.0995446831295202,0.0251802786437345,TRUE,199,199,0,"OK","P14-C014",18,50,868,0.17,"informative","weak","regular",7,27,0.994009482319972,0,1,0.134999999999991
"V4-SENS-TWO-STAGE-HBB-CLUSTER-v1","V4-TARGET-EQUAL-CLUSTER-v1",0.126425294369968,0.119245350705484,0.0071799436644845,0.0807009070801104,0.189219973213084,0.134960440146597,0.108519066132974,0.0270094337170904,TRUE,199,199,0,"OK","P14-C014",18,50,868,0.17,"informative","weak","regular",7,27,0.994009482319972,0,1,0.134999999999991
"V4-CMP-ONE-STAGE-CLUSTER-BB-RESP-v1","V4-TARGET-RESPONDENT-WEIGHTED-v1",0.114845405395929,0.117938379365222,-0.00309297396929334,0.0818084117253834,0.144926864698621,0.113367638212002,0.0631184529732374,0.016137267873528,TRUE,199,199,0,"OK","P14-C014",18,50,868,0.17,"informative","weak","regular",7,27,0.994009482319972,0,1,0.134999999999991
"V4-CMP-IID-RESP-BB-v1","WORKING-INDEPENDENCE-RESPONDENT",0.114845405395929,0.117938379365222,-0.00309297396929334,0.0856203616615614,0.140947656921616,0.113284009291589,0.0553272952600548,0.0144783719295871,TRUE,199,199,0,"OK","P14-C014",18,50,868,0.17,"informative","weak","regular",7,27,0.994009482319972,0,1,0.134999999999991
"V4-CMP-TWO-STAGE-FREQ-BOOT-RESP-v1","V4-TARGET-RESPONDENT-WEIGHTED-v1",0.114845405395929,0.117938379365222,-0.00309297396929334,0.0817229701851301,0.156360167926968,0.119041569056049,0.0746371977418382,0.0204780764597515,TRUE,199,199,0,"OK","P14-C014",18,50,868,0.17,"informative","weak","regular",7,27,0.994009482319972,0,1,0.134999999999991
"V4-CMP-MOKKEN-TWOLEVEL-DELTA-v1","V4-TARGET-RESPONDENT-WEIGHTED-v1",0.114845405395947,0.117938379365222,-0.00309297396927523,0.0768457043965043,0.15284510639539,0.114845405395947,0.0759994019988856,0.019387958809029,TRUE,,,0,"OK","P14-C014",18,50,868,0.17,"informative","weak","regular",7,27,0.994009482319972,0,1,0.134999999999991
"V4-PRI-TWO-STAGE-HBB-RESP-v1","V4-TARGET-RESPONDENT-WEIGHTED-v1",0.0922748236634326,0.117938379365222,-0.0256635557017897,0.0547252921124,0.139246091928862,0.0969856920206311,0.0845207998164623,0.0216080804359311,TRUE,199,199,0,"OK","P14-C014",19,50,896,0.17,"informative","weak","regular",6,25,0.98695286211614,0.0011160714285714,0,0.13900000000001
"V4-SENS-TWO-STAGE-HBB-CLUSTER-v1","V4-TARGET-EQUAL-CLUSTER-v1",0.0961658703715517,0.119245350705484,-0.023079480333932,0.0420080926792052,0.137763872791533,0.0898859827353692,0.095755780112328,0.0231716697577222,TRUE,199,199,0,"OK","P14-C014",19,50,896,0.17,"informative","weak","regular",6,25,0.98695286211614,0.0011160714285714,0,0.13900000000001
"V4-CMP-ONE-STAGE-CLUSTER-BB-RESP-v1","V4-TARGET-RESPONDENT-WEIGHTED-v1",0.0922748236634326,0.117938379365222,-0.0256635557017897,0.0668431041353015,0.121260009362105,0.094051556748703,0.054416905226803,0.0144329514128481,TRUE,199,199,0,"OK","P14-C014",19,50,896,0.17,"informative","weak","regular",6,25,0.98695286211614,0.0011160714285714,0,0.13900000000001
"V4-CMP-IID-RESP-BB-v1","WORKING-INDEPENDENCE-RESPONDENT",0.0922748236634326,0.117938379365222,-0.0256635557017897,0.0636621897777097,0.116671775633257,0.0901669827054832,0.0530095858555471,0.0129689343562363,FALSE,199,199,0,"OK","P14-C014",19,50,896,0.17,"informative","weak","regular",6,25,0.98695286211614,0.0011160714285714,0,0.13900000000001
"V4-CMP-TWO-STAGE-FREQ-BOOT-RESP-v1","V4-TARGET-RESPONDENT-WEIGHTED-v1",0.0922748236634326,0.117938379365222,-0.0256635557017897,0.0532851845202991,0.133928410609313,0.0936067975648059,0.0806432260890134,0.0201877001303634,TRUE,199,199,0,"OK","P14-C014",19,50,896,0.17,"informative","weak","regular",6,25,0.98695286211614,0.0011160714285714,0,0.13900000000001
"V4-CMP-MOKKEN-TWOLEVEL-DELTA-v1","V4-TARGET-RESPONDENT-WEIGHTED-v1",0.0922748236634524,0.117938379365222,-0.0256635557017699,0.05651798302839,0.128031664298515,0.0922748236634524,0.0715136812701248,0.0182436212691191,TRUE,,,0,"OK","P14-C014",19,50,896,0.17,"informative","weak","regular",6,25,0.98695286211614,0.0011160714285714,0,0.13900000000001
"V4-PRI-TWO-STAGE-HBB-RESP-v1","V4-TARGET-RESPONDENT-WEIGHTED-v1",0.151929166105048,0.117938379365222,0.033990786739826,0.102612860828067,0.202575680842299,0.152594270835183,0.0999628200142313,0.0250478591072246,TRUE,199,199,0,"OK","P14-C014",20,50,798,0.17,"informative","weak","regular",6,26,0.982501770828518,0.00375939849624052,0,0.126999999999995
"V4-SENS-TWO-STAGE-HBB-CLUSTER-v1","V4-TARGET-EQUAL-CLUSTER-v1",0.159063635221189,0.119245350705484,0.0398182845157051,0.107380326618472,0.210957951060676,0.159169138839574,0.103577624442203,0.0265264652788282,TRUE,199,199,0,"OK","P14-C014",20,50,798,0.17,"informative","weak","regular",6,26,0.982501770828518,0.00375939849624052,0,0.126999999999995
"V4-CMP-ONE-STAGE-CLUSTER-BB-RESP-v1","V4-TARGET-RESPONDENT-WEIGHTED-v1",0.151929166105048,0.117938379365222,0.033990786739826,0.125434410686111,0.186329912723632,0.155882161704872,0.0608955020375213,0.0144771130280718,FALSE,199,199,0,"OK","P14-C014",20,50,798,0.17,"informative","weak","regular",6,26,0.982501770828518,0.00375939849624052,0,0.126999999999995
"V4-CMP-IID-RESP-BB-v1","WORKING-INDEPENDENCE-RESPONDENT",0.151929166105048,0.117938379365222,0.033990786739826,0.122141777260021,0.182588461129095,0.152365119194558,0.0604466838690735,0.0154470384423444,FALSE,199,199,0,"OK","P14-C014",20,50,798,0.17,"informative","weak","regular",6,26,0.982501770828518,0.00375939849624052,0,0.126999999999995
"V4-CMP-TWO-STAGE-FREQ-BOOT-RESP-v1","V4-TARGET-RESPONDENT-WEIGHTED-v1",0.151929166105048,0.117938379365222,0.033990786739826,0.10972661743023,0.192543805995768,0.151135211712999,0.0828171885655381,0.0198122189626894,TRUE,199,199,0,"OK","P14-C014",20,50,798,0.17,"informative","weak","regular",6,26,0.982501770828518,0.00375939849624052,0,0.126999999999995
"V4-CMP-MOKKEN-TWOLEVEL-DELTA-v1","V4-TARGET-RESPONDENT-WEIGHTED-v1",0.151929166105069,0.117938379365222,0.0339907867398469,0.113201201194473,0.190657131015666,0.151929166105069,0.0774559298211927,0.0197595288566921,TRUE,,,0,"OK","P14-C014",20,50,798,0.17,"informative","weak","regular",6,26,0.982501770828518,0.00375939849624052,0,0.126999999999995
"V4-PRI-TWO-STAGE-HBB-RESP-v1","V4-TARGET-RESPONDENT-WEIGHTED-v1",0.119518225178437,0.117938379365222,0.0015798458132151,0.0719756050103077,0.176571684056049,0.124273644533178,0.104596079045741,0.0250005223399683,TRUE,199,199,0,"OK","P14-C014",21,50,842,0.17,"informative","weak","regular",6,25,0.98160918857294,0.00356294536817103,0,0.132000000000005
"V4-SENS-TWO-STAGE-HBB-CLUSTER-v1","V4-TARGET-EQUAL-CLUSTER-v1",0.125616901547219,0.119245350705484,0.00637155084173575,0.0791490532186165,0.178995115872786,0.129072084545701,0.0998460626541691,0.0265985287701318,TRUE,199,199,0,"OK","P14-C014",21,50,842,0.17,"informative","weak","regular",6,25,0.98160918857294,0.00356294536817103,0,0.132000000000005
"V4-CMP-ONE-STAGE-CLUSTER-BB-RESP-v1","V4-TARGET-RESPONDENT-WEIGHTED-v1",0.119518225178437,0.117938379365222,0.0015798458132151,0.0898323044697877,0.145374680654388,0.117603492562088,0.0555423761845999,0.01475914360697,TRUE,199,199,0,"OK","P14-C014",21,50,842,0.17,"informative","weak","regular",6,25,0.98160918857294,0.00356294536817103,0,0.132000000000005
"V4-CMP-IID-RESP-BB-v1","WORKING-INDEPENDENCE-RESPONDENT",0.119518225178437,0.117938379365222,0.0015798458132151,0.0942300311058475,0.149486318345938,0.121858174725893,0.0552562872400904,0.0143324103604435,TRUE,199,199,0,"OK","P14-C014",21,50,842,0.17,"informative","weak","regular",6,25,0.98160918857294,0.00356294536817103,0,0.132000000000005
"V4-CMP-TWO-STAGE-FREQ-BOOT-RESP-v1","V4-TARGET-RESPONDENT-WEIGHTED-v1",0.119518225178437,0.117938379365222,0.0015798458132151,0.0782711888273067,0.159691222377723,0.118981205602515,0.0814200335504161,0.0213831341065892,TRUE,199,199,0,"OK","P14-C014",21,50,842,0.17,"informative","weak","regular",6,25,0.98160918857294,0.00356294536817103,0,0.132000000000005
"V4-CMP-MOKKEN-TWOLEVEL-DELTA-v1","V4-TARGET-RESPONDENT-WEIGHTED-v1",0.11951822517843,0.117938379365222,0.0015798458132079,0.0817116123851618,0.157324837971699,0.11951822517843,0.0756132255865369,0.0192894426078654,TRUE,,,0,"OK","P14-C014",21,50,842,0.17,"informative","weak","regular",6,25,0.98160918857294,0.00356294536817103,0,0.132000000000005
"V4-PRI-TWO-STAGE-HBB-RESP-v1","V4-TARGET-RESPONDENT-WEIGHTED-v1",0.124212312091678,0.117938379365222,0.0062739327264556,0.0727245036054274,0.184884958991802,0.128804731298615,0.112160455386374,0.0282204529923523,TRUE,199,199,0,"OK","P14-C014",22,50,814,0.17,"informative","weak","regular",7,26,0.992324890175544,0.00368550368550363,0,0.131999999999991
"V4-SENS-TWO-STAGE-HBB-CLUSTER-v1","V4-TARGET-EQUAL-CLUSTER-v1",0.121363855901184,0.119245350705484,0.00211850519569994,0.0639714610503574,0.176670180005651,0.120320820528004,0.112698718955294,0.0278161292422961,TRUE,199,199,0,"OK","P14-C014",22,50,814,0.17,"informative","weak","regular",7,26,0.992324890175544,0.00368550368550363,0,0.131999999999991
"V4-CMP-ONE-STAGE-CLUSTER-BB-RESP-v1","V4-TARGET-RESPONDENT-WEIGHTED-v1",0.124212312091678,0.117938379365222,0.0062739327264556,0.0924725177204747,0.153048613400519,0.122760565560497,0.0605760956800441,0.0151480351703592,TRUE,199,199,0,"OK","P14-C014",22,50,814,0.17,"informative","weak","regular",7,26,0.992324890175544,0.00368550368550363,0,0.131999999999991
"V4-CMP-IID-RESP-BB-v1","WORKING-INDEPENDENCE-RESPONDENT",0.124212312091678,0.117938379365222,0.0062739327264556,0.096007623036934,0.157383265463949,0.126695444250441,0.0613756424270145,0.016410576936913,TRUE,199,199,0,"OK","P14-C014",22,50,814,0.17,"informative","weak","regular",7,26,0.992324890175544,0.00368550368550363,0,0.131999999999991
"V4-CMP-TWO-STAGE-FREQ-BOOT-RESP-v1","V4-TARGET-RESPONDENT-WEIGHTED-v1",0.124212312091678,0.117938379365222,0.0062739327264556,0.0889656058070524,0.166714884737832,0.127840245272442,0.0777492789307799,0.0190686507883171,TRUE,199,199,0,"OK","P14-C014",22,50,814,0.17,"informative","weak","regular",7,26,0.992324890175544,0.00368550368550363,0,0.131999999999991
"V4-CMP-MOKKEN-TWOLEVEL-DELTA-v1","V4-TARGET-RESPONDENT-WEIGHTED-v1",0.124212312091667,0.117938379365222,0.00627393272644437,0.0836836759300497,0.164740948253284,0.124212312091667,0.0810572723232341,0.0206782555604602,TRUE,,,0,"OK","P14-C014",22,50,814,0.17,"informative","weak","regular",7,26,0.992324890175544,0.00368550368550363,0,0.131999999999991
"V4-PRI-TWO-STAGE-HBB-RESP-v1","V4-TARGET-RESPONDENT-WEIGHTED-v1",0.126364795494649,0.117938379365222,0.00842641612942656,0.0780495567740898,0.181009541099097,0.129529548936594,0.102959984325007,0.0245891756061737,TRUE,199,199,0,"OK","P14-C014",23,50,885,0.17,"informative","weak","regular",9,27,0.992102985916674,0,1,0.144000000000005
"V4-SENS-TWO-STAGE-HBB-CLUSTER-v1","V4-TARGET-EQUAL-CLUSTER-v1",0.128405200540785,0.119245350705484,0.00915984983530176,0.0764135387239884,0.173160947641998,0.124787243182993,0.0967474089180095,0.0247649211402922,TRUE,199,199,0,"OK","P14-C014",23,50,885,0.17,"informative","weak","regular",9,27,0.992102985916674,0,1,0.144000000000005
"V4-CMP-ONE-STAGE-CLUSTER-BB-RESP-v1","V4-TARGET-RESPONDENT-WEIGHTED-v1",0.126364795494649,0.117938379365222,0.00842641612942656,0.0958288255905996,0.158561118690956,0.127194972140778,0.0627322931003565,0.0163868008445883,TRUE,199,199,0,"OK","P14-C014",23,50,885,0.17,"informative","weak","regular",9,27,0.992102985916674,0,1,0.144000000000005
"V4-CMP-IID-RESP-BB-v1","WORKING-INDEPENDENCE-RESPONDENT",0.126364795494649,0.117938379365222,0.00842641612942656,0.09845307875326,0.15553017580351,0.126991627278385,0.0570770970502498,0.0151280113950638,TRUE,199,199,0,"OK","P14-C014",23,50,885,0.17,"informative","weak","regular",9,27,0.992102985916674,0,1,0.144000000000005
"V4-CMP-TWO-STAGE-FREQ-BOOT-RESP-v1","V4-TARGET-RESPONDENT-WEIGHTED-v1",0.126364795494649,0.117938379365222,0.00842641612942656,0.0772334646119043,0.173475231426638,0.125354348019271,0.0962417668147341,0.0235815086322634,TRUE,199,199,0,"OK","P14-C014",23,50,885,0.17,"informative","weak","regular",9,27,0.992102985916674,0,1,0.144000000000005
"V4-CMP-MOKKEN-TWOLEVEL-DELTA-v1","V4-TARGET-RESPONDENT-WEIGHTED-v1",0.126364795494674,0.117938379365222,0.00842641612945215,0.0869060182501736,0.165823572739175,0.126364795494674,0.0789175544890017,0.0201323991439367,TRUE,,,0,"OK","P14-C014",23,50,885,0.17,"informative","weak","regular",9,27,0.992102985916674,0,1,0.144000000000005
"V4-PRI-TWO-STAGE-HBB-RESP-v1","V4-TARGET-RESPONDENT-WEIGHTED-v1",0.107725509025956,0.117938379365222,-0.0102128703392661,0.0613342747824512,0.158889689246071,0.110111982014261,0.0975554144636199,0.0247886891515814,TRUE,199,199,0,"OK","P14-C014",24,50,879,0.17,"informative","weak","regular",6,26,0.987980693107766,0.00113765642775882,0,0.140000000000001
"V4-SENS-TWO-STAGE-HBB-CLUSTER-v1","V4-TARGET-EQUAL-CLUSTER-v1",0.11000988489873,0.119245350705484,-0.00923546580675325,0.0709028275865107,0.15744895006708,0.114175888826795,0.0865461224805694,0.0237945534356907,TRUE,199,199,0,"OK","P14-C014",24,50,879,0.17,"informative","weak","regular",6,26,0.987980693107766,0.00113765642775882,0,0.140000000000001
"V4-CMP-ONE-STAGE-CLUSTER-BB-RESP-v1","V4-TARGET-RESPONDENT-WEIGHTED-v1",0.107725509025956,0.117938379365222,-0.0102128703392661,0.0761685068383373,0.128278146881907,0.102223326860122,0.0521096400435699,0.0126615520316367,TRUE,199,199,0,"OK","P14-C014",24,50,879,0.17,"informative","weak","regular",6,26,0.987980693107766,0.00113765642775882,0,0.140000000000001
"V4-CMP-IID-RESP-BB-v1","WORKING-INDEPENDENCE-RESPONDENT",0.107725509025956,0.117938379365222,-0.0102128703392661,0.082595481501773,0.136909214380465,0.109752347941119,0.0543137328786919,0.0142413170980919,TRUE,199,199,0,"OK","P14-C014",24,50,879,0.17,"informative","weak","regular",6,26,0.987980693107766,0.00113765642775882,0,0.140000000000001
"V4-CMP-TWO-STAGE-FREQ-BOOT-RESP-v1","V4-TARGET-RESPONDENT-WEIGHTED-v1",0.107725509025956,0.117938379365222,-0.0102128703392661,0.075655781175539,0.149728716325731,0.112692248750635,0.0740729351501916,0.0191966523810569,TRUE,199,199,0,"OK","P14-C014",24,50,879,0.17,"informative","weak","regular",6,26,0.987980693107766,0.00113765642775882,0,0.140000000000001
"V4-CMP-MOKKEN-TWOLEVEL-DELTA-v1","V4-TARGET-RESPONDENT-WEIGHTED-v1",0.107725509025925,0.117938379365222,-0.0102128703392978,0.0747702021301644,0.140680815921685,0.107725509025925,0.0659106137915204,0.0168142410552987,TRUE,,,0,"OK","P14-C014",24,50,879,0.17,"informative","weak","regular",6,26,0.987980693107766,0.00113765642775882,0,0.140000000000001
"V4-PRI-TWO-STAGE-HBB-RESP-v1","V4-TARGET-RESPONDENT-WEIGHTED-v1",0.134798611193171,0.117938379365222,0.0168602318279488,0.0942392889903247,0.186020412233655,0.14012985061199,0.0917811232433308,0.0239025911646898,TRUE,199,199,0,"OK","P14-C014",25,50,839,0.17,"informative","weak","regular",8,27,0.994349726567549,0.0035756853396901,0,0.132999999999996
"V4-SENS-TWO-STAGE-HBB-CLUSTER-v1","V4-TARGET-EQUAL-CLUSTER-v1",0.131992519773136,0.119245350705484,0.012747169067652,0.0838544723271664,0.193957131835336,0.138905802081251,0.110102659508169,0.0270797455418741,TRUE,199,199,0,"OK","P14-C014",25,50,839,0.17,"informative","weak","regular",8,27,0.994349726567549,0.0035756853396901,0,0.132999999999996
"V4-CMP-ONE-STAGE-CLUSTER-BB-RESP-v1","V4-TARGET-RESPONDENT-WEIGHTED-v1",0.134798611193171,0.117938379365222,0.0168602318279488,0.106566439646085,0.166450327280384,0.136508383463234,0.0598838876342996,0.0142627687695355,TRUE,199,199,0,"OK","P14-C014",25,50,839,0.17,"informative","weak","regular",8,27,0.994349726567549,0.0035756853396901,0,0.132999999999996
"V4-CMP-IID-RESP-BB-v1","WORKING-INDEPENDENCE-RESPONDENT",0.134798611193171,0.117938379365222,0.0168602318279488,0.106794156432741,0.168608787745488,0.137701472089114,0.0618146313127472,0.0168055721931382,TRUE,199,199,0,"OK","P14-C014",25,50,839,0.17,"informative","weak","regular",8,27,0.994349726567549,0.0035756853396901,0,0.132999999999996
"V4-CMP-TWO-STAGE-FREQ-BOOT-RESP-v1","V4-TARGET-RESPONDENT-WEIGHTED-v1",0.134798611193171,0.117938379365222,0.0168602318279488,0.0911125804548022,0.170836318994655,0.130974449724729,0.0797237385398529,0.0205494639659488,TRUE,199,199,0,"OK","P14-C014",25,50,839,0.17,"informative","weak","regular",8,27,0.994349726567549,0.0035756853396901,0,0.132999999999996
"V4-CMP-MOKKEN-TWOLEVEL-DELTA-v1","V4-TARGET-RESPONDENT-WEIGHTED-v1",0.134798611193181,0.117938379365222,0.0168602318279585,0.0986273281676252,0.170969894218736,0.134798611193181,0.0723425660511112,0.0184550753538688,TRUE,,,0,"OK","P14-C014",25,50,839,0.17,"informative","weak","regular",8,27,0.994349726567549,0.0035756853396901,0,0.132999999999996
"V4-PRI-TWO-STAGE-HBB-RESP-v1","V4-TARGET-RESPONDENT-WEIGHTED-v1",0.126252322558811,0.117938379365222,0.00831394319358854,0.0876467644048897,0.17571933019981,0.13168304730235,0.0880725657949199,0.0220705981668399,TRUE,199,199,0,"OK","P14-C014",26,50,850,0.17,"informative","weak","regular",7,26,0.992917306434825,0.00117647058823522,0,0.147999999999996
"V4-SENS-TWO-STAGE-HBB-CLUSTER-v1","V4-TARGET-EQUAL-CLUSTER-v1",0.125252648060519,0.119245350705484,0.00600729735503523,0.0833798311212613,0.169138710171068,0.126259270646165,0.085758879049807,0.0237082333842568,TRUE,199,199,0,"OK","P14-C014",26,50,850,0.17,"informative","weak","regular",7,26,0.992917306434825,0.00117647058823522,0,0.147999999999996
"V4-CMP-ONE-STAGE-CLUSTER-BB-RESP-v1","V4-TARGET-RESPONDENT-WEIGHTED-v1",0.126252322558811,0.117938379365222,0.00831394319358854,0.104332352413833,0.150594416141287,0.12746338427756,0.0462620637274537,0.0118277221593036,TRUE,199,199,0,"OK","P14-C014",26,50,850,0.17,"informative","weak","regular",7,26,0.992917306434825,0.00117647058823522,0,0.147999999999996
"V4-CMP-IID-RESP-BB-v1","WORKING-INDEPENDENCE-RESPONDENT",0.126252322558811,0.117938379365222,0.00831394319358854,0.0943537246723829,0.157804112792282,0.126078918732332,0.0634503881198986,0.015850377661947,TRUE,199,199,0,"OK","P14-C014",26,50,850,0.17,"informative","weak","regular",7,26,0.992917306434825,0.00117647058823522,0,0.147999999999996
"V4-CMP-TWO-STAGE-FREQ-BOOT-RESP-v1","V4-TARGET-RESPONDENT-WEIGHTED-v1",0.126252322558811,0.117938379365222,0.00831394319358854,0.0793429774238136,0.170210892131248,0.124776934777531,0.0908679147074346,0.0215054868490872,TRUE,199,199,0,"OK","P14-C014",26,50,850,0.17,"informative","weak","regular",7,26,0.992917306434825,0.00117647058823522,0,0.147999999999996
"V4-CMP-MOKKEN-TWOLEVEL-DELTA-v1","V4-TARGET-RESPONDENT-WEIGHTED-v1",0.126252322558787,0.117938379365222,0.00831394319356503,0.0893320314939005,0.163172613623674,0.126252322558787,0.0738405821297737,0.0188372293348803,TRUE,,,0,"OK","P14-C014",26,50,850,0.17,"informative","weak","regular",7,26,0.992917306434825,0.00117647058823522,0,0.147999999999996
"V4-PRI-TWO-STAGE-HBB-RESP-v1","V4-TARGET-RESPONDENT-WEIGHTED-v1",0.118978980987182,0.117938379365222,0.00104060162195933,0.0754770595375053,0.167633982195468,0.121555520866487,0.0921569226579631,0.0243635617142442,TRUE,199,199,0,"OK","P14-C014",27,50,801,0.17,"informative","weak","regular",7,27,0.993917843050554,0,1,0.13600000000001
"V4-SENS-TWO-STAGE-HBB-CLUSTER-v1","V4-TARGET-EQUAL-CLUSTER-v1",0.111292372876823,0.119245350705484,-0.0079529778286607,0.065260386202526,0.158381923322777,0.111821154762651,0.0931215371202509,0.0237564254589027,TRUE,199,199,0,"OK","P14-C014",27,50,801,0.17,"informative","weak","regular",7,27,0.993917843050554,0,1,0.13600000000001
"V4-CMP-ONE-STAGE-CLUSTER-BB-RESP-v1","V4-TARGET-RESPONDENT-WEIGHTED-v1",0.118978980987182,0.117938379365222,0.00104060162195933,0.0984281232677515,0.143658194116461,0.121043158692106,0.0452300708487096,0.0117529464812246,TRUE,199,199,0,"OK","P14-C014",27,50,801,0.17,"informative","weak","regular",7,27,0.993917843050554,0,1,0.13600000000001
"V4-CMP-IID-RESP-BB-v1","WORKING-INDEPENDENCE-RESPONDENT",0.118978980987182,0.117938379365222,0.00104060162195933,0.0891763953355764,0.146647021675562,0.117911708505569,0.0574706263399859,0.0151358450528595,TRUE,199,199,0,"OK","P14-C014",27,50,801,0.17,"informative","weak","regular",7,27,0.993917843050554,0,1,0.13600000000001
"V4-CMP-TWO-STAGE-FREQ-BOOT-RESP-v1","V4-TARGET-RESPONDENT-WEIGHTED-v1",0.118978980987182,0.117938379365222,0.00104060162195933,0.082051279795321,0.156521716325339,0.11928649806033,0.0744704365300178,0.0181544911354805,TRUE,199,199,0,"OK","P14-C014",27,50,801,0.17,"informative","weak","regular",7,27,0.993917843050554,0,1,0.13600000000001
"V4-CMP-MOKKEN-TWOLEVEL-DELTA-v1","V4-TARGET-RESPONDENT-WEIGHTED-v1",0.118978980987185,0.117938379365222,0.00104060162196272,0.0847967924439025,0.153161169530468,0.118978980987185,0.0683643770865652,0.0174402125819185,TRUE,,,0,"OK","P14-C014",27,50,801,0.17,"informative","weak","regular",7,27,0.993917843050554,0,1,0.13600000000001
"V4-PRI-TWO-STAGE-HBB-RESP-v1","V4-TARGET-RESPONDENT-WEIGHTED-v1",0.105996498727533,0.117938379365222,-0.0119418806376894,0.069076392884215,0.155328925496074,0.112202659190144,0.0862525326118589,0.0207642825829523,TRUE,199,199,0,"OK","P14-C014",28,50,874,0.17,"informative","weak","regular",7,27,0.988704836277049,0.0011441647597254,0,0.152000000000001
"V4-SENS-TWO-STAGE-HBB-CLUSTER-v1","V4-TARGET-EQUAL-CLUSTER-v1",0.101800407042358,0.119245350705484,-0.0174449436631261,0.0575924163523039,0.146627105638598,0.102109760995451,0.0890346892862945,0.0224502218374495,TRUE,199,199,0,"OK","P14-C014",28,50,874,0.17,"informative","weak","regular",7,27,0.988704836277049,0.0011441647597254,0,0.152000000000001
"V4-CMP-ONE-STAGE-CLUSTER-BB-RESP-v1","V4-TARGET-RESPONDENT-WEIGHTED-v1",0.105996498727533,0.117938379365222,-0.0119418806376894,0.0788923121516264,0.134540132610516,0.106716222381071,0.0556478204588898,0.0138207105665156,TRUE,199,199,0,"OK","P14-C014",28,50,874,0.17,"informative","weak","regular",7,27,0.988704836277049,0.0011441647597254,0,0.152000000000001
"V4-CMP-IID-RESP-BB-v1","WORKING-INDEPENDENCE-RESPONDENT",0.105996498727533,0.117938379365222,-0.0119418806376894,0.0769130973076172,0.138933218956909,0.107923158132263,0.0620201216492914,0.0159544348316616,TRUE,199,199,0,"OK","P14-C014",28,50,874,0.17,"informative","weak","regular",7,27,0.988704836277049,0.0011441647597254,0,0.152000000000001
"V4-CMP-TWO-STAGE-FREQ-BOOT-RESP-v1","V4-TARGET-RESPONDENT-WEIGHTED-v1",0.105996498727533,0.117938379365222,-0.0119418806376894,0.0761919656612045,0.141505442154664,0.108848703907934,0.0653134764934596,0.018080435673338,TRUE,199,199,0,"OK","P14-C014",28,50,874,0.17,"informative","weak","regular",7,27,0.988704836277049,0.0011441647597254,0,0.152000000000001
"V4-CMP-MOKKEN-TWOLEVEL-DELTA-v1","V4-TARGET-RESPONDENT-WEIGHTED-v1",0.105996498727518,0.117938379365222,-0.011941880637704,0.0725296856637141,0.139463311791323,0.105996498727518,0.0669336261276086,0.0170752183855348,TRUE,,,0,"OK","P14-C014",28,50,874,0.17,"informative","weak","regular",7,27,0.988704836277049,0.0011441647597254,0,0.152000000000001
"V4-PRI-TWO-STAGE-HBB-RESP-v1","V4-TARGET-RESPONDENT-WEIGHTED-v1",0.105178081284036,0.117938379365222,-0.0127602980811861,0.0675953242486118,0.152420442827181,0.110007883537896,0.0848251185785692,0.022180314413386,TRUE,199,199,0,"OK","P14-C014",29,50,821,0.17,"informative","weak","regular",8,27,0.995497913288607,0.0012180267965895,0,0.132999999999996
"V4-SENS-TWO-STAGE-HBB-CLUSTER-v1","V4-TARGET-EQUAL-CLUSTER-v1",0.109938994058268,0.119245350705484,-0.00930635664721575,0.066770009812606,0.159101930092591,0.112935969952599,0.0923319202799852,0.0237816750822336,TRUE,199,199,0,"OK","P14-C014",29,50,821,0.17,"informative","weak","regular",8,27,0.995497913288607,0.0012180267965895,0,0.132999999999996
"V4-CMP-ONE-STAGE-CLUSTER-BB-RESP-v1","V4-TARGET-RESPONDENT-WEIGHTED-v1",0.105178081284036,0.117938379365222,-0.0127602980811861,0.079412332025724,0.139905053597625,0.109658692811674,0.0604927215719009,0.0150877279353656,TRUE,199,199,0,"OK","P14-C014",29,50,821,0.17,"informative","weak","regular",8,27,0.995497913288607,0.0012180267965895,0,0.132999999999996
"V4-CMP-IID-RESP-BB-v1","WORKING-INDEPENDENCE-RESPONDENT",0.105178081284036,0.117938379365222,-0.0127602980811861,0.0786097637058491,0.131397488345191,0.10500362602552,0.052787724639342,0.0139585618669115,TRUE,199,199,0,"OK","P14-C014",29,50,821,0.17,"informative","weak","regular",8,27,0.995497913288607,0.0012180267965895,0,0.132999999999996
"V4-CMP-TWO-STAGE-FREQ-BOOT-RESP-v1","V4-TARGET-RESPONDENT-WEIGHTED-v1",0.105178081284036,0.117938379365222,-0.0127602980811861,0.0675452097138425,0.14372323301586,0.105634221364851,0.0761780233020175,0.0200840328175781,TRUE,199,199,0,"OK","P14-C014",29,50,821,0.17,"informative","weak","regular",8,27,0.995497913288607,0.0012180267965895,0,0.132999999999996
"V4-CMP-MOKKEN-TWOLEVEL-DELTA-v1","V4-TARGET-RESPONDENT-WEIGHTED-v1",0.105178081284021,0.117938379365222,-0.0127602980812015,0.0680059124806793,0.142350250087362,0.105178081284021,0.0743443376066831,0.0189657407465397,TRUE,,,0,"OK","P14-C014",29,50,821,0.17,"informative","weak","regular",8,27,0.995497913288607,0.0012180267965895,0,0.132999999999996
"V4-PRI-TWO-STAGE-HBB-RESP-v1","V4-TARGET-RESPONDENT-WEIGHTED-v1",0.107479125158947,0.117938379365222,-0.0104592542062752,0.0611070385831009,0.164601447425926,0.112854243004514,0.103494408842825,0.0250900058892315,TRUE,199,199,0,"OK","P14-C014",30,50,777,0.17,"informative","weak","regular",8,27,0.989942364826008,0.0038610038610038,0,0.126000000000005
"V4-SENS-TWO-STAGE-HBB-CLUSTER-v1","V4-TARGET-EQUAL-CLUSTER-v1",0.108533761052914,0.119245350705484,-0.0107115896525697,0.0667244646387933,0.17073759311469,0.118731028876742,0.104013128475896,0.0254745717481337,TRUE,199,199,0,"OK","P14-C014",30,50,777,0.17,"informative","weak","regular",8,27,0.989942364826008,0.0038610038610038,0,0.126000000000005
"V4-CMP-ONE-STAGE-CLUSTER-BB-RESP-v1","V4-TARGET-RESPONDENT-WEIGHTED-v1",0.107479125158947,0.117938379365222,-0.0104592542062752,0.0734450796869955,0.137868059933726,0.105656569810361,0.0644229802467304,0.0169048701161101,TRUE,199,199,0,"OK","P14-C014",30,50,777,0.17,"informative","weak","regular",8,27,0.989942364826008,0.0038610038610038,0,0.126000000000005
"V4-CMP-IID-RESP-BB-v1","WORKING-INDEPENDENCE-RESPONDENT",0.107479125158947,0.117938379365222,-0.0104592542062752,0.0789694507151749,0.141374122221761,0.110171786468468,0.0624046715065861,0.0147766168673997,TRUE,199,199,0,"OK","P14-C014",30,50,777,0.17,"informative","weak","regular",8,27,0.989942364826008,0.0038610038610038,0,0.126000000000005
"V4-CMP-TWO-STAGE-FREQ-BOOT-RESP-v1","V4-TARGET-RESPONDENT-WEIGHTED-v1",0.107479125158947,0.117938379365222,-0.0104592542062752,0.0703251189527671,0.145204594614044,0.107764856783406,0.074879475661277,0.0201825553675992,TRUE,199,199,0,"OK","P14-C014",30,50,777,0.17,"informative","weak","regular",8,27,0.989942364826008,0.0038610038610038,0,0.126000000000005
"V4-CMP-MOKKEN-TWOLEVEL-DELTA-v1","V4-TARGET-RESPONDENT-WEIGHTED-v1",0.107479125158935,0.117938379365222,-0.0104592542062874,0.0682137783788991,0.146744471938971,0.107479125158935,0.0785306935600718,0.0200337083179874,TRUE,,,0,"OK","P14-C014",30,50,777,0.17,"informative","weak","regular",8,27,0.989942364826008,0.0038610038610038,0,0.126000000000005
"V4-PRI-TWO-STAGE-HBB-RESP-v1","V4-TARGET-RESPONDENT-WEIGHTED-v1",0.110609071548774,0.117938379365222,-0.00732930781644832,0.0656914381131341,0.158992156535022,0.112341797324078,0.0933007184218883,0.0226688874179545,TRUE,199,199,0,"OK","P14-C014",31,50,830,0.17,"informative","weak","regular",7,26,0.992126482344369,0,1,0.137
"V4-SENS-TWO-STAGE-HBB-CLUSTER-v1","V4-TARGET-EQUAL-CLUSTER-v1",0.115513364036924,0.119245350705484,-0.00373198666855949,0.0677459895455798,0.165932541031513,0.116839265288547,0.0981865514859337,0.0255759273623974,TRUE,199,199,0,"OK","P14-C014",31,50,830,0.17,"informative","weak","regular",7,26,0.992126482344369,0,1,0.137
"V4-CMP-ONE-STAGE-CLUSTER-BB-RESP-v1","V4-TARGET-RESPONDENT-WEIGHTED-v1",0.110609071548774,0.117938379365222,-0.00732930781644832,0.0879928569614724,0.133069184336231,0.110531020648852,0.045076327374759,0.011839199927302,TRUE,199,199,0,"OK","P14-C014",31,50,830,0.17,"informative","weak","regular",7,26,0.992126482344369,0,1,0.137
"V4-CMP-IID-RESP-BB-v1","WORKING-INDEPENDENCE-RESPONDENT",0.110609071548774,0.117938379365222,-0.00732930781644832,0.0790800109162296,0.145023842616428,0.112051926766329,0.0659438317001981,0.015771428421313,TRUE,199,199,0,"OK","P14-C014",31,50,830,0.17,"informative","weak","regular",7,26,0.992126482344369,0,1,0.137
"V4-CMP-TWO-STAGE-FREQ-BOOT-RESP-v1","V4-TARGET-RESPONDENT-WEIGHTED-v1",0.110609071548774,0.117938379365222,-0.00732930781644832,0.0791168767182696,0.151694549848244,0.115405713283257,0.0725776731299745,0.0185632395450582,TRUE,199,199,0,"OK","P14-C014",31,50,830,0.17,"informative","weak","regular",7,26,0.992126482344369,0,1,0.137
"V4-CMP-MOKKEN-TWOLEVEL-DELTA-v1","V4-TARGET-RESPONDENT-WEIGHTED-v1",0.110609071548762,0.117938379365222,-0.00732930781646036,0.0763674630346367,0.144850680062887,0.110609071548762,0.0684832170282505,0.0174705294506525,TRUE,,,0,"OK","P14-C014",31,50,830,0.17,"informative","weak","regular",7,26,0.992126482344369,0,1,0.137
"V4-PRI-TWO-STAGE-HBB-RESP-v1","V4-TARGET-RESPONDENT-WEIGHTED-v1",0.127979989831524,0.117938379365222,0.0100416104663018,0.0857038811765212,0.169650236951111,0.127677059063816,0.0839463557745897,0.0230936052202806,TRUE,199,199,0,"OK","P14-C014",32,50,845,0.17,"informative","weak","regular",6,28,0.98793359032788,0,1,0.137999999999991
"V4-SENS-TWO-STAGE-HBB-CLUSTER-v1","V4-TARGET-EQUAL-CLUSTER-v1",0.127233296905323,0.119245350705484,0.00798794619983882,0.0800440674548369,0.190130703359696,0.135087385407266,0.110086635904859,0.0252222440506532,TRUE,199,199,0,"OK","P14-C014",32,50,845,0.17,"informative","weak","regular",6,28,0.98793359032788,0,1,0.137999999999991
"V4-CMP-ONE-STAGE-CLUSTER-BB-RESP-v1","V4-TARGET-RESPONDENT-WEIGHTED-v1",0.127979989831524,0.117938379365222,0.0100416104663018,0.0976447900439252,0.152935838007772,0.125290314025849,0.0552910479638471,0.0144008209881113,TRUE,199,199,0,"OK","P14-C014",32,50,845,0.17,"informative","weak","regular",6,28,0.98793359032788,0,1,0.137999999999991
"V4-CMP-IID-RESP-BB-v1","WORKING-INDEPENDENCE-RESPONDENT",0.127979989831524,0.117938379365222,0.0100416104663018,0.0991432030664247,0.155042004730997,0.127092603898711,0.0558988016645718,0.014583516488422,TRUE,199,199,0,"OK","P14-C014",32,50,845,0.17,"informative","weak","regular",6,28,0.98793359032788,0,1,0.137999999999991
"V4-CMP-TWO-STAGE-FREQ-BOOT-RESP-v1","V4-TARGET-RESPONDENT-WEIGHTED-v1",0.127979989831524,0.117938379365222,0.0100416104663018,0.0921970754453463,0.162668781536558,0.127432928490952,0.0704717060912119,0.0190514912022154,TRUE,199,199,0,"OK","P14-C014",32,50,845,0.17,"informative","weak","regular",6,28,0.98793359032788,0,1,0.137999999999991
"V4-CMP-MOKKEN-TWOLEVEL-DELTA-v1","V4-TARGET-RESPONDENT-WEIGHTED-v1",0.127979989831534,0.117938379365222,0.0100416104663119,0.0924503060953328,0.163509673567736,0.127979989831534,0.0710593674724028,0.018127722762487,TRUE,,,0,"OK","P14-C014",32,50,845,0.17,"informative","weak","regular",6,28,0.98793359032788,0,1,0.137999999999991
"V4-PRI-TWO-STAGE-HBB-RESP-v1","V4-TARGET-RESPONDENT-WEIGHTED-v1",0.105598722505846,0.117938379365222,-0.0123396568593764,0.0644009759934497,0.151105816528341,0.107753396260895,0.0867048405348913,0.0232552369739391,TRUE,199,199,0,"OK","P14-C014",33,50,875,0.17,"informative","weak","regular",9,28,0.98538301695072,0.00114285714285711,0,0.140000000000001
"V4-SENS-TWO-STAGE-HBB-CLUSTER-v1","V4-TARGET-EQUAL-CLUSTER-v1",0.110345252771196,0.119245350705484,-0.00890009793428762,0.0694658261694016,0.167960373507407,0.118713099838404,0.0984945473380057,0.0236314930647694,TRUE,199,199,0,"OK","P14-C014",33,50,875,0.17,"informative","weak","regular",9,28,0.98538301695072,0.00114285714285711,0,0.140000000000001
"V4-CMP-ONE-STAGE-CLUSTER-BB-RESP-v1","V4-TARGET-RESPONDENT-WEIGHTED-v1",0.105598722505846,0.117938379365222,-0.0123396568593764,0.0812934750699807,0.130583274803952,0.105938374936966,0.0492897997339712,0.0133145612632698,TRUE,199,199,0,"OK","P14-C014",33,50,875,0.17,"informative","weak","regular",9,28,0.98538301695072,0.00114285714285711,0,0.140000000000001
"V4-CMP-IID-RESP-BB-v1","WORKING-INDEPENDENCE-RESPONDENT",0.105598722505846,0.117938379365222,-0.0123396568593764,0.0775256534281305,0.131370113513316,0.104447883470723,0.0538444600851859,0.0136668223518038,TRUE,199,199,0,"OK","P14-C014",33,50,875,0.17,"informative","weak","regular",9,28,0.98538301695072,0.00114285714285711,0,0.140000000000001
"V4-CMP-TWO-STAGE-FREQ-BOOT-RESP-v1","V4-TARGET-RESPONDENT-WEIGHTED-v1",0.105598722505846,0.117938379365222,-0.0123396568593764,0.0662901294112061,0.146270440674564,0.106280285042885,0.0799803112633574,0.0197032987565005,TRUE,199,199,0,"OK","P14-C014",33,50,875,0.17,"informative","weak","regular",9,28,0.98538301695072,0.00114285714285711,0,0.140000000000001
"V4-CMP-MOKKEN-TWOLEVEL-DELTA-v1","V4-TARGET-RESPONDENT-WEIGHTED-v1",0.105598722505862,0.117938379365222,-0.01233965685936,0.0695150335587576,0.141682411452967,0.105598722505862,0.0721673778942094,0.0184103836762962,TRUE,,,0,"OK","P14-C014",33,50,875,0.17,"informative","weak","regular",9,28,0.98538301695072,0.00114285714285711,0,0.140000000000001
"V4-PRI-TWO-STAGE-HBB-RESP-v1","V4-TARGET-RESPONDENT-WEIGHTED-v1",0.115873955068571,0.117938379365222,-0.00206442429665112,0.0743925133010089,0.157976777633957,0.116184645467483,0.0835842643329484,0.0207496116786585,TRUE,199,199,0,"OK","P14-C014",34,50,808,0.17,"informative","weak","regular",6,28,0.98260657529258,0,1,0.13600000000001
"V4-SENS-TWO-STAGE-HBB-CLUSTER-v1","V4-TARGET-EQUAL-CLUSTER-v1",0.125158697437771,0.119245350705484,0.0059133467322869,0.0725235239903352,0.171940148234603,0.122231836112469,0.0994166242442674,0.0248474879596929,TRUE,199,199,0,"OK","P14-C014",34,50,808,0.17,"informative","weak","regular",6,28,0.98260657529258,0,1,0.13600000000001
"V4-CMP-ONE-STAGE-CLUSTER-BB-RESP-v1","V4-TARGET-RESPONDENT-WEIGHTED-v1",0.115873955068571,0.117938379365222,-0.00206442429665112,0.0927664545161799,0.150546627751052,0.121656541133616,0.0577801732348718,0.0142228295679819,TRUE,199,199,0,"OK","P14-C014",34,50,808,0.17,"informative","weak","regular",6,28,0.98260657529258,0,1,0.13600000000001
"V4-CMP-IID-RESP-BB-v1","WORKING-INDEPENDENCE-RESPONDENT",0.115873955068571,0.117938379365222,-0.00206442429665112,0.0891717178487754,0.147195796104627,0.118183756976701,0.058024078255852,0.0155754853248716,TRUE,199,199,0,"OK","P14-C014",34,50,808,0.17,"informative","weak","regular",6,28,0.98260657529258,0,1,0.13600000000001
"V4-CMP-TWO-STAGE-FREQ-BOOT-RESP-v1","V4-TARGET-RESPONDENT-WEIGHTED-v1",0.115873955068571,0.117938379365222,-0.00206442429665112,0.0835793196092452,0.154140857087391,0.118860088348318,0.0705615374781455,0.0185382010752013,TRUE,199,199,0,"OK","P14-C014",34,50,808,0.17,"informative","weak","regular",6,28,0.98260657529258,0,1,0.13600000000001
"V4-CMP-MOKKEN-TWOLEVEL-DELTA-v1","V4-TARGET-RESPONDENT-WEIGHTED-v1",0.115873955068562,0.117938379365222,-0.00206442429666011,0.0795191539191185,0.152228756218006,0.115873955068562,0.0727096022988875,0.0185487087702661,TRUE,,,0,"OK","P14-C014",34,50,808,0.17,"informative","weak","regular",6,28,0.98260657529258,0,1,0.13600000000001
"V4-PRI-TWO-STAGE-HBB-RESP-v1","V4-TARGET-RESPONDENT-WEIGHTED-v1",0.117179292114994,0.117938379365222,-0.00075908725022808,0.0676564625758112,0.164818910506255,0.116237686541033,0.0971624479304433,0.0237797467564288,TRUE,199,199,0,"OK","P14-C014",35,50,813,0.17,"informative","weak","regular",6,26,0.986803158890434,0,1,0.133999999999986
"V4-SENS-TWO-STAGE-HBB-CLUSTER-v1","V4-TARGET-EQUAL-CLUSTER-v1",0.107802131623823,0.119245350705484,-0.0114432190816604,0.0588508215682627,0.154305700579692,0.106578261073977,0.095454879011429,0.0259833919376259,TRUE,199,199,0,"OK","P14-C014",35,50,813,0.17,"informative","weak","regular",6,26,0.986803158890434,0,1,0.133999999999986
"V4-CMP-ONE-STAGE-CLUSTER-BB-RESP-v1","V4-TARGET-RESPONDENT-WEIGHTED-v1",0.117179292114994,0.117938379365222,-0.00075908725022808,0.0884959879170189,0.145674002378916,0.117084995147967,0.0571780144618969,0.0152893891330391,TRUE,199,199,0,"OK","P14-C014",35,50,813,0.17,"informative","weak","regular",6,26,0.986803158890434,0,1,0.133999999999986
"V4-CMP-IID-RESP-BB-v1","WORKING-INDEPENDENCE-RESPONDENT",0.117179292114994,0.117938379365222,-0.00075908725022808,0.088066274150552,0.145303929332077,0.116685101741315,0.0572376551815253,0.0142125218097253,TRUE,199,199,0,"OK","P14-C014",35,50,813,0.17,"informative","weak","regular",6,26,0.986803158890434,0,1,0.133999999999986
"V4-CMP-TWO-STAGE-FREQ-BOOT-RESP-v1","V4-TARGET-RESPONDENT-WEIGHTED-v1",0.117179292114994,0.117938379365222,-0.00075908725022808,0.0754432338169998,0.163527184013212,0.119485208915106,0.0880839501962124,0.0221683426329805,TRUE,199,199,0,"OK","P14-C014",35,50,813,0.17,"informative","weak","regular",6,26,0.986803158890434,0,1,0.133999999999986
"V4-CMP-MOKKEN-TWOLEVEL-DELTA-v1","V4-TARGET-RESPONDENT-WEIGHTED-v1",0.117179292115014,0.117938379365222,-0.000759087250208026,0.0819363513117379,0.152422232918291,0.117179292115014,0.0704858816065528,0.0179814226594306,TRUE,,,0,"OK","P14-C014",35,50,813,0.17,"informative","weak","regular",6,26,0.986803158890434,0,1,0.133999999999986
"V4-PRI-TWO-STAGE-HBB-RESP-v1","V4-TARGET-RESPONDENT-WEIGHTED-v1",0.129934739195801,0.117938379365222,0.0119963598305787,0.0879379728001275,0.172310379593487,0.130124176196807,0.08437240679336,0.0205123582010933,TRUE,199,199,0,"OK","P14-C014",36,50,908,0.17,"informative","weak","regular",7,28,0.987255570836851,0.00330396475770944,0,0.144999999999996
"V4-SENS-TWO-STAGE-HBB-CLUSTER-v1","V4-TARGET-EQUAL-CLUSTER-v1",0.131541418964035,0.119245350705484,0.0122960682585517,0.0759627242699457,0.191476185822947,0.133719455046446,0.115513461553001,0.0254751820327966,TRUE,199,199,0,"OK","P14-C014",36,50,908,0.17,"informative","weak","regular",7,28,0.987255570836851,0.00330396475770944,0,0.144999999999996
"V4-CMP-ONE-STAGE-CLUSTER-BB-RESP-v1","V4-TARGET-RESPONDENT-WEIGHTED-v1",0.129934739195801,0.117938379365222,0.0119963598305787,0.105699848917614,0.153237241920938,0.129468545419276,0.0475373930033233,0.0122527630143502,TRUE,199,199,0,"OK","P14-C014",36,50,908,0.17,"informative","weak","regular",7,28,0.987255570836851,0.00330396475770944,0,0.144999999999996
"V4-CMP-IID-RESP-BB-v1","WORKING-INDEPENDENCE-RESPONDENT",0.129934739195801,0.117938379365222,0.0119963598305787,0.105313934082126,0.162214170096353,0.133764052089239,0.0569002360142272,0.0147546341077349,TRUE,199,199,0,"OK","P14-C014",36,50,908,0.17,"informative","weak","regular",7,28,0.987255570836851,0.00330396475770944,0,0.144999999999996
"V4-CMP-TWO-STAGE-FREQ-BOOT-RESP-v1","V4-TARGET-RESPONDENT-WEIGHTED-v1",0.129934739195801,0.117938379365222,0.0119963598305787,0.0870651276240842,0.173221544468637,0.13014333604636,0.0861564168445526,0.0205586556956435,TRUE,199,199,0,"OK","P14-C014",36,50,908,0.17,"informative","weak","regular",7,28,0.987255570836851,0.00330396475770944,0,0.144999999999996
"V4-CMP-MOKKEN-TWOLEVEL-DELTA-v1","V4-TARGET-RESPONDENT-WEIGHTED-v1",0.129934739195821,0.117938379365222,0.0119963598305991,0.0953382092990826,0.16453126909256,0.129934739195821,0.0691930597934777,0.0176516151162123,TRUE,,,0,"OK","P14-C014",36,50,908,0.17,"informative","weak","regular",7,28,0.987255570836851,0.00330396475770944,0,0.144999999999996
"V4-PRI-TWO-STAGE-HBB-RESP-v1","V4-TARGET-RESPONDENT-WEIGHTED-v1",0.126502937539092,0.117938379365222,0.00856455817386924,0.0848549351694711,0.171610935225028,0.12823293519725,0.0867560000555572,0.0234948703709695,TRUE,199,199,0,"OK","P14-C014",37,50,870,0.17,"informative","weak","regular",7,28,0.983596733080773,0,1,0.143000000000001
"V4-SENS-TWO-STAGE-HBB-CLUSTER-v1","V4-TARGET-EQUAL-CLUSTER-v1",0.127696973071524,0.119245350705484,0.00845162236604068,0.0757311181111412,0.178161236397773,0.126946177254457,0.102430118286631,0.0270129711025342,TRUE,199,199,0,"OK","P14-C014",37,50,870,0.17,"informative","weak","regular",7,28,0.983596733080773,0,1,0.143000000000001
"V4-CMP-ONE-STAGE-CLUSTER-BB-RESP-v1","V4-TARGET-RESPONDENT-WEIGHTED-v1",0.126502937539092,0.117938379365222,0.00856455817386924,0.0948019535959333,0.155616924412814,0.125209439004374,0.0608149708168808,0.0163462588897119,TRUE,199,199,0,"OK","P14-C014",37,50,870,0.17,"informative","weak","regular",7,28,0.983596733080773,0,1,0.143000000000001
"V4-CMP-IID-RESP-BB-v1","WORKING-INDEPENDENCE-RESPONDENT",0.126502937539092,0.117938379365222,0.00856455817386924,0.0972943713262607,0.154167546214406,0.125730958770334,0.0568731748881456,0.0138988075591741,TRUE,199,199,0,"OK","P14-C014",37,50,870,0.17,"informative","weak","regular",7,28,0.983596733080773,0,1,0.143000000000001
"V4-CMP-TWO-STAGE-FREQ-BOOT-RESP-v1","V4-TARGET-RESPONDENT-WEIGHTED-v1",0.126502937539092,0.117938379365222,0.00856455817386924,0.0810517086967818,0.170003346546506,0.125527527621644,0.0889516378497242,0.0215085283933549,TRUE,199,199,0,"OK","P14-C014",37,50,870,0.17,"informative","weak","regular",7,28,0.983596733080773,0,1,0.143000000000001
"V4-CMP-MOKKEN-TWOLEVEL-DELTA-v1","V4-TARGET-RESPONDENT-WEIGHTED-v1",0.126502937539108,0.117938379365222,0.00856455817388589,0.0881068516339326,0.164899023444284,0.126502937539108,0.0767921718103514,0.0195901997220557,TRUE,,,0,"OK","P14-C014",37,50,870,0.17,"informative","weak","regular",7,28,0.983596733080773,0,1,0.143000000000001
"V4-PRI-TWO-STAGE-HBB-RESP-v1","V4-TARGET-RESPONDENT-WEIGHTED-v1",0.141554115922034,0.117938379365222,0.0236157365568117,0.09149657767615,0.197651317838167,0.144573947757158,0.106154740162016,0.0265651692117651,TRUE,199,199,0,"OK","P14-C014",38,50,810,0.17,"informative","weak","regular",8,25,0.994472888375565,0.0024691358024691,0,0.150000000000006
"V4-SENS-TWO-STAGE-HBB-CLUSTER-v1","V4-TARGET-EQUAL-CLUSTER-v1",0.141872659682134,0.119245350705484,0.0226273089766506,0.0875961788104258,0.196440140586178,0.142018159698302,0.108843961775752,0.0272827711158108,TRUE,199,199,0,"OK","P14-C014",38,50,810,0.17,"informative","weak","regular",8,25,0.994472888375565,0.0024691358024691,0,0.150000000000006
"V4-CMP-ONE-STAGE-CLUSTER-BB-RESP-v1","V4-TARGET-RESPONDENT-WEIGHTED-v1",0.141554115922034,0.117938379365222,0.0236157365568117,0.108377029214899,0.175014708152372,0.141695868683636,0.0666376789374726,0.0158971171199001,TRUE,199,199,0,"OK","P14-C014",38,50,810,0.17,"informative","weak","regular",8,25,0.994472888375565,0.0024691358024691,0,0.150000000000006
"V4-CMP-IID-RESP-BB-v1","WORKING-INDEPENDENCE-RESPONDENT",0.141554115922034,0.117938379365222,0.0236157365568117,0.111534690776352,0.170965529892259,0.141250110334306,0.0594308391159071,0.0156727281747582,TRUE,199,199,0,"OK","P14-C014",38,50,810,0.17,"informative","weak","regular",8,25,0.994472888375565,0.0024691358024691,0,0.150000000000006
"V4-CMP-TWO-STAGE-FREQ-BOOT-RESP-v1","V4-TARGET-RESPONDENT-WEIGHTED-v1",0.141554115922034,0.117938379365222,0.0236157365568117,0.0979480544741439,0.183967444928716,0.14095774970143,0.0860193904545719,0.0207394869960108,TRUE,199,199,0,"OK","P14-C014",38,50,810,0.17,"informative","weak","regular",8,25,0.994472888375565,0.0024691358024691,0,0.150000000000006
"V4-CMP-MOKKEN-TWOLEVEL-DELTA-v1","V4-TARGET-RESPONDENT-WEIGHTED-v1",0.141554115922064,0.117938379365222,0.0236157365568419,0.100724156096085,0.182384075748043,0.141554115922064,0.0816599196519581,0.0208319949489075,TRUE,,,0,"OK","P14-C014",38,50,810,0.17,"informative","weak","regular",8,25,0.994472888375565,0.0024691358024691,0,0.150000000000006
"V4-PRI-TWO-STAGE-HBB-RESP-v1","V4-TARGET-RESPONDENT-WEIGHTED-v1",0.108419657094671,0.117938379365222,-0.00951872227055142,0.0665599126130324,0.152696210729482,0.109628061671257,0.0861362981164492,0.0229411844937033,TRUE,199,199,0,"OK","P14-C014",39,50,841,0.17,"informative","weak","regular",7,25,0.993970742768528,0,1,0.134
"V4-SENS-TWO-STAGE-HBB-CLUSTER-v1","V4-TARGET-EQUAL-CLUSTER-v1",0.106959224600766,0.119245350705484,-0.0122861261047179,0.0618842352340677,0.153113511691672,0.10749887346287,0.0912292764576047,0.0239142573607079,TRUE,199,199,0,"OK","P14-C014",39,50,841,0.17,"informative","weak","regular",7,25,0.993970742768528,0,1,0.134
"V4-CMP-ONE-STAGE-CLUSTER-BB-RESP-v1","V4-TARGET-RESPONDENT-WEIGHTED-v1",0.108419657094671,0.117938379365222,-0.00951872227055142,0.0837866256626899,0.132056766548684,0.107921696105687,0.0482701408859937,0.0114086697371528,TRUE,199,199,0,"OK","P14-C014",39,50,841,0.17,"informative","weak","regular",7,25,0.993970742768528,0,1,0.134
"V4-CMP-IID-RESP-BB-v1","WORKING-INDEPENDENCE-RESPONDENT",0.108419657094671,0.117938379365222,-0.00951872227055142,0.0799573286345174,0.140695060773439,0.110326194703978,0.0607377321389219,0.0146094145970762,TRUE,199,199,0,"OK","P14-C014",39,50,841,0.17,"informative","weak","regular",7,25,0.993970742768528,0,1,0.134
"V4-CMP-TWO-STAGE-FREQ-BOOT-RESP-v1","V4-TARGET-RESPONDENT-WEIGHTED-v1",0.108419657094671,0.117938379365222,-0.00951872227055142,0.0734511841150566,0.140280590483162,0.106865887299109,0.0668294063681053,0.0181509005135069,TRUE,199,199,0,"OK","P14-C014",39,50,841,0.17,"informative","weak","regular",7,25,0.993970742768528,0,1,0.134
"V4-CMP-MOKKEN-TWOLEVEL-DELTA-v1","V4-TARGET-RESPONDENT-WEIGHTED-v1",0.108419657094644,0.117938379365222,-0.00951872227057816,0.0749041308325258,0.141935183356763,0.108419657094644,0.0670310525242369,0.0171000725148445,TRUE,,,0,"OK","P14-C014",39,50,841,0.17,"informative","weak","regular",7,25,0.993970742768528,0,1,0.134
"V4-PRI-TWO-STAGE-HBB-RESP-v1","V4-TARGET-RESPONDENT-WEIGHTED-v1",0.119248958803412,0.117938379365222,0.00131057943819,0.0736833365251252,0.174060472582182,0.123871904553654,0.100377136057057,0.0250647861526533,TRUE,199,199,0,"OK","P14-C014",40,50,852,0.17,"informative","weak","regular",8,26,0.99483655895419,0.00821596244131467,0,0.132000000000005
"V4-SENS-TWO-STAGE-HBB-CLUSTER-v1","V4-TARGET-EQUAL-CLUSTER-v1",0.121624614222014,0.119245350705484,0.00237926351653002,0.0810505969703357,0.187742069783365,0.13439633337685,0.10669147281303,0.0279031437242325,TRUE,199,199,0,"OK","P14-C014",40,50,852,0.17,"informative","weak","regular",8,26,0.99483655895419,0.00821596244131467,0,0.132000000000005
"V4-CMP-ONE-STAGE-CLUSTER-BB-RESP-v1","V4-TARGET-RESPONDENT-WEIGHTED-v1",0.119248958803412,0.117938379365222,0.00131057943819,0.0931109312785927,0.14607313533148,0.119592033305036,0.052962204052887,0.014632617939686,TRUE,199,199,0,"OK","P14-C014",40,50,852,0.17,"informative","weak","regular",8,26,0.99483655895419,0.00821596244131467,0,0.132000000000005
"V4-CMP-IID-RESP-BB-v1","WORKING-INDEPENDENCE-RESPONDENT",0.119248958803412,0.117938379365222,0.00131057943819,0.0894426073308481,0.148425478453697,0.118934042892273,0.0589828711228492,0.0146325211684653,TRUE,199,199,0,"OK","P14-C014",40,50,852,0.17,"informative","weak","regular",8,26,0.99483655895419,0.00821596244131467,0,0.132000000000005
"V4-CMP-TWO-STAGE-FREQ-BOOT-RESP-v1","V4-TARGET-RESPONDENT-WEIGHTED-v1",0.119248958803412,0.117938379365222,0.00131057943819,0.0800414071600796,0.155528035680858,0.117784721420469,0.075486628520778,0.0208431011665072,TRUE,199,199,0,"OK","P14-C014",40,50,852,0.17,"informative","weak","regular",8,26,0.99483655895419,0.00821596244131467,0,0.132000000000005
"V4-CMP-MOKKEN-TWOLEVEL-DELTA-v1","V4-TARGET-RESPONDENT-WEIGHTED-v1",0.119248958803422,0.117938379365222,0.0013105794382,0.0806813045005092,0.157816613106335,0.119248958803422,0.0771353086058263,0.0196777362273643,TRUE,,,0,"OK","P14-C014",40,50,852,0.17,"informative","weak","regular",8,26,0.99483655895419,0.00821596244131467,0,0.132000000000005
"V4-PRI-TWO-STAGE-HBB-RESP-v1","V4-TARGET-RESPONDENT-WEIGHTED-v1",0.108484321990518,0.117938379365222,-0.00945405737470434,0.0601132043612871,0.152087858816519,0.106100531588903,0.0919746544552315,0.0229374600358352,TRUE,199,199,0,"OK","P14-C014",41,50,804,0.17,"informative","weak","regular",7,26,0.991668327334986,0,1,0.141999999999996
"V4-SENS-TWO-STAGE-HBB-CLUSTER-v1","V4-TARGET-EQUAL-CLUSTER-v1",0.110650203289198,0.119245350705484,-0.00859514741628567,0.0618817579127034,0.178259174328463,0.120070466120583,0.116377416415759,0.0275576195110685,TRUE,199,199,0,"OK","P14-C014",41,50,804,0.17,"informative","weak","regular",7,26,0.991668327334986,0,1,0.141999999999996
"V4-CMP-ONE-STAGE-CLUSTER-BB-RESP-v1","V4-TARGET-RESPONDENT-WEIGHTED-v1",0.108484321990518,0.117938379365222,-0.00945405737470434,0.0837800289906568,0.13561248700757,0.109696257999113,0.0518324580169128,0.0141310658853701,TRUE,199,199,0,"OK","P14-C014",41,50,804,0.17,"informative","weak","regular",7,26,0.991668327334986,0,1,0.141999999999996
"V4-CMP-IID-RESP-BB-v1","WORKING-INDEPENDENCE-RESPONDENT",0.108484321990518,0.117938379365222,-0.00945405737470434,0.0788766743609484,0.133389861278158,0.106133267819553,0.0545131869172098,0.0149899794130292,TRUE,199,199,0,"OK","P14-C014",41,50,804,0.17,"informative","weak","regular",7,26,0.991668327334986,0,1,0.141999999999996
"V4-CMP-TWO-STAGE-FREQ-BOOT-RESP-v1","V4-TARGET-RESPONDENT-WEIGHTED-v1",0.108484321990518,0.117938379365222,-0.00945405737470434,0.0663342771664024,0.153834402033302,0.110084339599852,0.0875001248668995,0.0205985066621908,TRUE,199,199,0,"OK","P14-C014",41,50,804,0.17,"informative","weak","regular",7,26,0.991668327334986,0,1,0.141999999999996
"V4-CMP-MOKKEN-TWOLEVEL-DELTA-v1","V4-TARGET-RESPONDENT-WEIGHTED-v1",0.108484321990497,0.117938379365222,-0.00945405737472572,0.0716618871367874,0.145306756844206,0.108484321990497,0.0736448697074184,0.0187873017790938,TRUE,,,0,"OK","P14-C014",41,50,804,0.17,"informative","weak","regular",7,26,0.991668327334986,0,1,0.141999999999996
"V4-PRI-TWO-STAGE-HBB-RESP-v1","V4-TARGET-RESPONDENT-WEIGHTED-v1",0.102513812555812,0.117938379365222,-0.0154245668094104,0.0532693796458596,0.147958906090183,0.100614142868021,0.0946895264443233,0.0240063253601016,TRUE,199,199,0,"OK","P14-C014",42,50,847,0.17,"informative","weak","regular",6,26,0.991613138927699,0.00118063754427389,0,0.144000000000005
"V4-SENS-TWO-STAGE-HBB-CLUSTER-v1","V4-TARGET-EQUAL-CLUSTER-v1",0.0988257783535246,0.119245350705484,-0.0204195723519591,0.055838133724768,0.15134774299192,0.103592938358344,0.0955096092671521,0.0233591067236753,TRUE,199,199,0,"OK","P14-C014",42,50,847,0.17,"informative","weak","regular",6,26,0.991613138927699,0.00118063754427389,0,0.144000000000005
"V4-CMP-ONE-STAGE-CLUSTER-BB-RESP-v1","V4-TARGET-RESPONDENT-WEIGHTED-v1",0.102513812555812,0.117938379365222,-0.0154245668094104,0.0772738129342248,0.125016105412937,0.101144959173581,0.0477422924787125,0.0118950178160427,TRUE,199,199,0,"OK","P14-C014",42,50,847,0.17,"informative","weak","regular",6,26,0.991613138927699,0.00118063754427389,0,0.144000000000005
"V4-CMP-IID-RESP-BB-v1","WORKING-INDEPENDENCE-RESPONDENT",0.102513812555812,0.117938379365222,-0.0154245668094104,0.0740620151970957,0.129628186821778,0.101845101009437,0.0555661716246818,0.0142538171077558,TRUE,199,199,0,"OK","P14-C014",42,50,847,0.17,"informative","weak","regular",6,26,0.991613138927699,0.00118063754427389,0,0.144000000000005
"V4-CMP-TWO-STAGE-FREQ-BOOT-RESP-v1","V4-TARGET-RESPONDENT-WEIGHTED-v1",0.102513812555812,0.117938379365222,-0.0154245668094104,0.0660256045616577,0.141477609778948,0.103751607170303,0.0754520052172898,0.0186203014877219,TRUE,199,199,0,"OK","P14-C014",42,50,847,0.17,"informative","weak","regular",6,26,0.991613138927699,0.00118063754427389,0,0.144000000000005
"V4-CMP-MOKKEN-TWOLEVEL-DELTA-v1","V4-TARGET-RESPONDENT-WEIGHTED-v1",0.102513812555841,0.117938379365222,-0.0154245668093811,0.0670627487571161,0.137964876354566,0.102513812555841,0.0709021275974503,0.018087609812404,TRUE,,,0,"OK","P14-C014",42,50,847,0.17,"informative","weak","regular",6,26,0.991613138927699,0.00118063754427389,0,0.144000000000005
"V4-PRI-TWO-STAGE-HBB-RESP-v1","V4-TARGET-RESPONDENT-WEIGHTED-v1",0.114253479416365,0.117938379365222,-0.00368489994885718,0.0696952531853054,0.162648204109941,0.116171728647623,0.0929529509246357,0.023144404722221,TRUE,199,199,0,"OK","P14-C014",43,50,833,0.17,"informative","weak","regular",7,28,0.984766058870011,0.00120048019207686,0,0.128999999999991
"V4-SENS-TWO-STAGE-HBB-CLUSTER-v1","V4-TARGET-EQUAL-CLUSTER-v1",0.115557008048903,0.119245350705484,-0.00368834265658118,0.070529100964629,0.166896041738286,0.118712571351457,0.0963669407736567,0.0242955165119632,TRUE,199,199,0,"OK","P14-C014",43,50,833,0.17,"informative","weak","regular",7,28,0.984766058870011,0.00120048019207686,0,0.128999999999991
"V4-CMP-ONE-STAGE-CLUSTER-BB-RESP-v1","V4-TARGET-RESPONDENT-WEIGHTED-v1",0.114253479416365,0.117938379365222,-0.00368489994885718,0.0878020294353821,0.142305964942487,0.115053997188935,0.054503935507105,0.0142662769228641,TRUE,199,199,0,"OK","P14-C014",43,50,833,0.17,"informative","weak","regular",7,28,0.984766058870011,0.00120048019207686,0,0.128999999999991
"V4-CMP-IID-RESP-BB-v1","WORKING-INDEPENDENCE-RESPONDENT",0.114253479416365,0.117938379365222,-0.00368489994885718,0.0905222433767874,0.146255689386688,0.118388966381737,0.0557334460099002,0.0151563997246013,TRUE,199,199,0,"OK","P14-C014",43,50,833,0.17,"informative","weak","regular",7,28,0.984766058870011,0.00120048019207686,0,0.128999999999991
"V4-CMP-TWO-STAGE-FREQ-BOOT-RESP-v1","V4-TARGET-RESPONDENT-WEIGHTED-v1",0.114253479416365,0.117938379365222,-0.00368489994885718,0.0767205578031432,0.149277901811696,0.112999229807419,0.0725573440085525,0.0198230891503217,TRUE,199,199,0,"OK","P14-C014",43,50,833,0.17,"informative","weak","regular",7,28,0.984766058870011,0.00120048019207686,0,0.128999999999991
"V4-CMP-MOKKEN-TWOLEVEL-DELTA-v1","V4-TARGET-RESPONDENT-WEIGHTED-v1",0.114253479416343,0.117938379365222,-0.00368489994887945,0.0790451181163445,0.149461840716341,0.114253479416343,0.0704167225999968,0.0179637797315244,TRUE,,,0,"OK","P14-C014",43,50,833,0.17,"informative","weak","regular",7,28,0.984766058870011,0.00120048019207686,0,0.128999999999991
"V4-PRI-TWO-STAGE-HBB-RESP-v1","V4-TARGET-RESPONDENT-WEIGHTED-v1",0.117333655771085,0.117938379365222,-0.000604723594137213,0.0748864267265743,0.165017241179268,0.119951833952921,0.090130814452694,0.0218699900970097,TRUE,199,199,0,"OK","P14-C014",44,50,936,0.17,"informative","weak","regular",8,27,0.992619562431601,0.00106837606837606,0,0.155999999999992
"V4-SENS-TWO-STAGE-HBB-CLUSTER-v1","V4-TARGET-EQUAL-CLUSTER-v1",0.122785560430623,0.119245350705484,0.00354020972513909,0.078478379825284,0.174820484392966,0.126649432109125,0.0963421045676824,0.0241580839979474,TRUE,199,199,0,"OK","P14-C014",44,50,936,0.17,"informative","weak","regular",8,27,0.992619562431601,0.00106837606837606,0,0.155999999999992
"V4-CMP-ONE-STAGE-CLUSTER-BB-RESP-v1","V4-TARGET-RESPONDENT-WEIGHTED-v1",0.117333655771085,0.117938379365222,-0.000604723594137213,0.089664324492102,0.143019232464953,0.116341778478528,0.0533549079728511,0.0133632054493894,TRUE,199,199,0,"OK","P14-C014",44,50,936,0.17,"informative","weak","regular",8,27,0.992619562431601,0.00106837606837606,0,0.155999999999992
"V4-CMP-IID-RESP-BB-v1","WORKING-INDEPENDENCE-RESPONDENT",0.117333655771085,0.117938379365222,-0.000604723594137213,0.0906692851005612,0.142568298647487,0.116618791874024,0.0518990135469259,0.0132233378208581,TRUE,199,199,0,"OK","P14-C014",44,50,936,0.17,"informative","weak","regular",8,27,0.992619562431601,0.00106837606837606,0,0.155999999999992
"V4-CMP-TWO-STAGE-FREQ-BOOT-RESP-v1","V4-TARGET-RESPONDENT-WEIGHTED-v1",0.117333655771085,0.117938379365222,-0.000604723594137213,0.0842090835207544,0.151620456709555,0.117914770115155,0.067411373188801,0.0169042639240925,TRUE,199,199,0,"OK","P14-C014",44,50,936,0.17,"informative","weak","regular",8,27,0.992619562431601,0.00106837606837606,0,0.155999999999992
"V4-CMP-MOKKEN-TWOLEVEL-DELTA-v1","V4-TARGET-RESPONDENT-WEIGHTED-v1",0.117333655771081,0.117938379365222,-0.000604723594141557,0.0814189705192046,0.153248341022957,0.117333655771081,0.0718293705037524,0.0183241557167206,TRUE,,,0,"OK","P14-C014",44,50,936,0.17,"informative","weak","regular",8,27,0.992619562431601,0.00106837606837606,0,0.155999999999992
"V4-PRI-TWO-STAGE-HBB-RESP-v1","V4-TARGET-RESPONDENT-WEIGHTED-v1",0.139392976228708,0.117938379365222,0.0214545968634853,0.0951826099675233,0.20126345475501,0.148223032361267,0.106080844787487,0.0274449852538936,TRUE,199,199,0,"OK","P14-C014",45,50,781,0.17,"informative","weak","regular",8,25,0.996799243919584,0.00256081946222797,0,0.125
"V4-SENS-TWO-STAGE-HBB-CLUSTER-v1","V4-TARGET-EQUAL-CLUSTER-v1",0.146622893648296,0.119245350705484,0.027377542942812,0.102115257075725,0.20114094084888,0.151628098962303,0.0990256837731551,0.0257563828956088,TRUE,199,199,0,"OK","P14-C014",45,50,781,0.17,"informative","weak","regular",8,25,0.996799243919584,0.00256081946222797,0,0.125
"V4-CMP-ONE-STAGE-CLUSTER-BB-RESP-v1","V4-TARGET-RESPONDENT-WEIGHTED-v1",0.139392976228708,0.117938379365222,0.0214545968634853,0.110991842860056,0.167328967351743,0.1391604051059,0.0563371244916872,0.0139604264052802,TRUE,199,199,0,"OK","P14-C014",45,50,781,0.17,"informative","weak","regular",8,25,0.996799243919584,0.00256081946222797,0,0.125
"V4-CMP-IID-RESP-BB-v1","WORKING-INDEPENDENCE-RESPONDENT",0.139392976228708,0.117938379365222,0.0214545968634853,0.111882906263662,0.173204363528592,0.142543634896127,0.0613214572649297,0.0149778499839954,TRUE,199,199,0,"OK","P14-C014",45,50,781,0.17,"informative","weak","regular",8,25,0.996799243919584,0.00256081946222797,0,0.125
"V4-CMP-TWO-STAGE-FREQ-BOOT-RESP-v1","V4-TARGET-RESPONDENT-WEIGHTED-v1",0.139392976228708,0.117938379365222,0.0214545968634853,0.105993758077506,0.185856109783523,0.145924933930514,0.0798623517060174,0.0205373324234223,TRUE,199,199,0,"OK","P14-C014",45,50,781,0.17,"informative","weak","regular",8,25,0.996799243919584,0.00256081946222797,0,0.125
"V4-CMP-MOKKEN-TWOLEVEL-DELTA-v1","V4-TARGET-RESPONDENT-WEIGHTED-v1",0.13939297622869,0.117938379365222,0.0214545968634672,0.101681415609481,0.177104536847898,0.13939297622869,0.0754231212384178,0.0192409457095502,TRUE,,,0,"OK","P14-C014",45,50,781,0.17,"informative","weak","regular",8,25,0.996799243919584,0.00256081946222797,0,0.125
"V4-PRI-TWO-STAGE-HBB-RESP-v1","V4-TARGET-RESPONDENT-WEIGHTED-v1",0.133231387585222,0.117938379365222,0.0152930082199996,0.0889669040164887,0.180618210466893,0.134792557241691,0.0916513064504038,0.0229524479062318,TRUE,199,199,0,"OK","P14-C014",46,50,872,0.17,"informative","weak","regular",6,28,0.98453396296852,0.00229357798165131,0,0.13600000000001
"V4-SENS-TWO-STAGE-HBB-CLUSTER-v1","V4-TARGET-EQUAL-CLUSTER-v1",0.140236970491322,0.119245350705484,0.0209916197858385,0.0886165430129932,0.184010534630217,0.136313538821605,0.095393991617224,0.02522662269666,TRUE,199,199,0,"OK","P14-C014",46,50,872,0.17,"informative","weak","regular",6,28,0.98453396296852,0.00229357798165131,0,0.13600000000001
"V4-CMP-ONE-STAGE-CLUSTER-BB-RESP-v1","V4-TARGET-RESPONDENT-WEIGHTED-v1",0.133231387585222,0.117938379365222,0.0152930082199996,0.105254342159318,0.156753824187326,0.131004083173322,0.051499482028008,0.0135649106608135,TRUE,199,199,0,"OK","P14-C014",46,50,872,0.17,"informative","weak","regular",6,28,0.98453396296852,0.00229357798165131,0,0.13600000000001
"V4-CMP-IID-RESP-BB-v1","WORKING-INDEPENDENCE-RESPONDENT",0.133231387585222,0.117938379365222,0.0152930082199996,0.106492299846483,0.161179915897219,0.133836107871851,0.0546876160507366,0.0142963252205252,TRUE,199,199,0,"OK","P14-C014",46,50,872,0.17,"informative","weak","regular",6,28,0.98453396296852,0.00229357798165131,0,0.13600000000001
"V4-CMP-TWO-STAGE-FREQ-BOOT-RESP-v1","V4-TARGET-RESPONDENT-WEIGHTED-v1",0.133231387585222,0.117938379365222,0.0152930082199996,0.0928692540009449,0.17932952740843,0.136099390704688,0.0864602734074855,0.0211137647740616,TRUE,199,199,0,"OK","P14-C014",46,50,872,0.17,"informative","weak","regular",6,28,0.98453396296852,0.00229357798165131,0,0.13600000000001
"V4-CMP-MOKKEN-TWOLEVEL-DELTA-v1","V4-TARGET-RESPONDENT-WEIGHTED-v1",0.133231387585239,0.117938379365222,0.0152930082200169,0.0963053287475836,0.170157446422895,0.133231387585239,0.0738521176753112,0.0188401721301635,TRUE,,,0,"OK","P14-C014",46,50,872,0.17,"informative","weak","regular",6,28,0.98453396296852,0.00229357798165131,0,0.13600000000001
"V4-PRI-TWO-STAGE-HBB-RESP-v1","V4-TARGET-RESPONDENT-WEIGHTED-v1",0.128480001487448,0.117938379365222,0.0105416221222261,0.0868543152144048,0.17602077710981,0.131437546162107,0.089166461895405,0.0223685277945762,TRUE,199,199,0,"OK","P14-C014",47,50,915,0.17,"informative","weak","regular",8,28,0.990676432254762,0.00109289617486341,0,0.138999999999996
"V4-SENS-TWO-STAGE-HBB-CLUSTER-v1","V4-TARGET-EQUAL-CLUSTER-v1",0.133633036403535,0.119245350705484,0.0143876856980509,0.0912465709230952,0.176486145982808,0.133866358452952,0.0852395750597128,0.0237388715904039,TRUE,199,199,0,"OK","P14-C014",47,50,915,0.17,"informative","weak","regular",8,28,0.990676432254762,0.00109289617486341,0,0.138999999999996
"V4-CMP-ONE-STAGE-CLUSTER-BB-RESP-v1","V4-TARGET-RESPONDENT-WEIGHTED-v1",0.128480001487448,0.117938379365222,0.0105416221222261,0.0973772284998961,0.15963241968292,0.128504824091408,0.0622551911830239,0.0151304629736598,TRUE,199,199,0,"OK","P14-C014",47,50,915,0.17,"informative","weak","regular",8,28,0.990676432254762,0.00109289617486341,0,0.138999999999996
"V4-CMP-IID-RESP-BB-v1","WORKING-INDEPENDENCE-RESPONDENT",0.128480001487448,0.117938379365222,0.0105416221222261,0.0991888555617283,0.157830668244793,0.128509761903261,0.0586418126830651,0.0147674890501033,TRUE,199,199,0,"OK","P14-C014",47,50,915,0.17,"informative","weak","regular",8,28,0.990676432254762,0.00109289617486341,0,0.138999999999996
"V4-CMP-TWO-STAGE-FREQ-BOOT-RESP-v1","V4-TARGET-RESPONDENT-WEIGHTED-v1",0.128480001487448,0.117938379365222,0.0105416221222261,0.0849668487102172,0.166426196386215,0.125696522548216,0.0814593476759975,0.0222752229334043,TRUE,199,199,0,"OK","P14-C014",47,50,915,0.17,"informative","weak","regular",8,28,0.990676432254762,0.00109289617486341,0,0.138999999999996
"V4-CMP-MOKKEN-TWOLEVEL-DELTA-v1","V4-TARGET-RESPONDENT-WEIGHTED-v1",0.12848000148742,0.117938379365222,0.010541622122198,0.0928848547696777,0.164075148205163,0.12848000148742,0.0711902934354853,0.0181611228565997,TRUE,,,0,"OK","P14-C014",47,50,915,0.17,"informative","weak","regular",8,28,0.990676432254762,0.00109289617486341,0,0.138999999999996
"V4-PRI-TWO-STAGE-HBB-RESP-v1","V4-TARGET-RESPONDENT-WEIGHTED-v1",0.112316958266729,0.117938379365222,-0.00562142109849323,0.0741466168446571,0.164025536575965,0.119086076710311,0.0898789197313077,0.0222078021858579,TRUE,199,199,0,"OK","P14-C014",48,50,868,0.17,"informative","weak","regular",6,27,0.985842229211861,0.00115207373271892,0,0.150000000000006
"V4-SENS-TWO-STAGE-HBB-CLUSTER-v1","V4-TARGET-EQUAL-CLUSTER-v1",0.104919056111496,0.119245350705484,-0.0143262945939875,0.0709308537271955,0.150088399863863,0.110509626795529,0.0791575461366673,0.0210499950091067,TRUE,199,199,0,"OK","P14-C014",48,50,868,0.17,"informative","weak","regular",6,27,0.985842229211861,0.00115207373271892,0,0.150000000000006
"V4-CMP-ONE-STAGE-CLUSTER-BB-RESP-v1","V4-TARGET-RESPONDENT-WEIGHTED-v1",0.112316958266729,0.117938379365222,-0.00562142109849323,0.091260662498637,0.135777776509585,0.113519219504111,0.0445171140109478,0.0116707005127248,TRUE,199,199,0,"OK","P14-C014",48,50,868,0.17,"informative","weak","regular",6,27,0.985842229211861,0.00115207373271892,0,0.150000000000006
"V4-CMP-IID-RESP-BB-v1","WORKING-INDEPENDENCE-RESPONDENT",0.112316958266729,0.117938379365222,-0.00562142109849323,0.0869602312325076,0.145237152016732,0.11609869162462,0.0582769207842243,0.014287438401988,TRUE,199,199,0,"OK","P14-C014",48,50,868,0.17,"informative","weak","regular",6,27,0.985842229211861,0.00115207373271892,0,0.150000000000006
"V4-CMP-TWO-STAGE-FREQ-BOOT-RESP-v1","V4-TARGET-RESPONDENT-WEIGHTED-v1",0.112316958266729,0.117938379365222,-0.00562142109849323,0.0765940592501542,0.158804228712754,0.117699143981454,0.0822101694625999,0.0198254341924933,TRUE,199,199,0,"OK","P14-C014",48,50,868,0.17,"informative","weak","regular",6,27,0.985842229211861,0.00115207373271892,0,0.150000000000006
"V4-CMP-MOKKEN-TWOLEVEL-DELTA-v1","V4-TARGET-RESPONDENT-WEIGHTED-v1",0.112316958266745,0.117938379365222,-0.00562142109847709,0.0788461201879825,0.145787796345508,0.112316958266745,0.0669416761575256,0.0170772720023309,TRUE,,,0,"OK","P14-C014",48,50,868,0.17,"informative","weak","regular",6,27,0.985842229211861,0.00115207373271892,0,0.150000000000006
"V4-PRI-TWO-STAGE-HBB-RESP-v1","V4-TARGET-RESPONDENT-WEIGHTED-v1",0.124100820064815,0.117938379365222,0.00616244069959261,0.0768650103803127,0.175134900427879,0.125999955404096,0.0982698900475664,0.025354973214022,TRUE,199,199,0,"OK","P14-C014",49,50,889,0.17,"informative","weak","regular",8,27,0.994033480759154,0.00337457817772785,0,0.135999999999996
"V4-SENS-TWO-STAGE-HBB-CLUSTER-v1","V4-TARGET-EQUAL-CLUSTER-v1",0.129270244026136,0.119245350705484,0.0100248933206525,0.0890017032139423,0.187058590863287,0.138030147038614,0.0980568876493444,0.025519871731278,TRUE,199,199,0,"OK","P14-C014",49,50,889,0.17,"informative","weak","regular",8,27,0.994033480759154,0.00337457817772785,0,0.135999999999996
"V4-CMP-ONE-STAGE-CLUSTER-BB-RESP-v1","V4-TARGET-RESPONDENT-WEIGHTED-v1",0.124100820064815,0.117938379365222,0.00616244069959261,0.0984239938878504,0.150715691228036,0.124569842557943,0.0522916973401853,0.0133335131059148,TRUE,199,199,0,"OK","P14-C014",49,50,889,0.17,"informative","weak","regular",8,27,0.994033480759154,0.00337457817772785,0,0.135999999999996
"V4-CMP-IID-RESP-BB-v1","WORKING-INDEPENDENCE-RESPONDENT",0.124100820064815,0.117938379365222,0.00616244069959261,0.0975954648589512,0.152861271258865,0.125228368058908,0.0552658063999141,0.0137623299818696,TRUE,199,199,0,"OK","P14-C014",49,50,889,0.17,"informative","weak","regular",8,27,0.994033480759154,0.00337457817772785,0,0.135999999999996
"V4-CMP-TWO-STAGE-FREQ-BOOT-RESP-v1","V4-TARGET-RESPONDENT-WEIGHTED-v1",0.124100820064815,0.117938379365222,0.00616244069959261,0.0884029467708449,0.165941127929377,0.127172037350111,0.0775381811585322,0.0189986459807452,TRUE,199,199,0,"OK","P14-C014",49,50,889,0.17,"informative","weak","regular",8,27,0.994033480759154,0.00337457817772785,0,0.135999999999996
"V4-CMP-MOKKEN-TWOLEVEL-DELTA-v1","V4-TARGET-RESPONDENT-WEIGHTED-v1",0.124100820064831,0.117938379365222,0.00616244069960901,0.0878619184412323,0.16033972168843,0.124100820064831,0.0724778032471982,0.018489575272529,TRUE,,,0,"OK","P14-C014",49,50,889,0.17,"informative","weak","regular",8,27,0.994033480759154,0.00337457817772785,0,0.135999999999996
"V4-PRI-TWO-STAGE-HBB-RESP-v1","V4-TARGET-RESPONDENT-WEIGHTED-v1",0.105335940064754,0.117938379365222,-0.012602439300468,0.0641271896611195,0.161853317312577,0.112990253486848,0.097726127651458,0.0252042963898866,TRUE,199,199,0,"OK","P14-C014",50,50,857,0.17,"informative","weak","regular",8,25,0.99501937308031,0.00233372228704787,0,0.132999999999996
"V4-SENS-TWO-STAGE-HBB-CLUSTER-v1","V4-TARGET-EQUAL-CLUSTER-v1",0.103258885574329,0.119245350705484,-0.0159864651311542,0.0546451238480329,0.14308799448492,0.0988665591664765,0.0884428706368873,0.0245025668957897,TRUE,199,199,0,"OK","P14-C014",50,50,857,0.17,"informative","weak","regular",8,25,0.99501937308031,0.00233372228704787,0,0.132999999999996
"V4-CMP-ONE-STAGE-CLUSTER-BB-RESP-v1","V4-TARGET-RESPONDENT-WEIGHTED-v1",0.105335940064754,0.117938379365222,-0.012602439300468,0.073639376489885,0.13708242823792,0.105360902363902,0.0634430517480349,0.0153245455670845,TRUE,199,199,0,"OK","P14-C014",50,50,857,0.17,"informative","weak","regular",8,25,0.99501937308031,0.00233372228704787,0,0.132999999999996
"V4-CMP-IID-RESP-BB-v1","WORKING-INDEPENDENCE-RESPONDENT",0.105335940064754,0.117938379365222,-0.012602439300468,0.073678873685032,0.136440067301709,0.10505947049337,0.0627611936166767,0.0153959871258798,TRUE,199,199,0,"OK","P14-C014",50,50,857,0.17,"informative","weak","regular",8,25,0.99501937308031,0.00233372228704787,0,0.132999999999996
"V4-CMP-TWO-STAGE-FREQ-BOOT-RESP-v1","V4-TARGET-RESPONDENT-WEIGHTED-v1",0.105335940064754,0.117938379365222,-0.012602439300468,0.0627400010610994,0.143485352859999,0.103112676960549,0.0807453517988991,0.0199563941092834,TRUE,199,199,0,"OK","P14-C014",50,50,857,0.17,"informative","weak","regular",8,25,0.99501937308031,0.00233372228704787,0,0.132999999999996
"V4-CMP-MOKKEN-TWOLEVEL-DELTA-v1","V4-TARGET-RESPONDENT-WEIGHTED-v1",0.105335940064755,0.117938379365222,-0.0126024393004674,0.0687497642093146,0.141922115920195,0.105335940064755,0.0731723517108807,0.0186667592588575,TRUE,,,0,"OK","P14-C014",50,50,857,0.17,"informative","weak","regular",8,25,0.99501937308031,0.00233372228704787,0,0.132999999999996
"V4-PRI-TWO-STAGE-HBB-RESP-v1","V4-TARGET-RESPONDENT-WEIGHTED-v1",0.12355997770675,0.117938379365222,0.00562159834152738,0.0751644474562987,0.180939322574357,0.128051885015328,0.105774875118058,0.0262598853240113,TRUE,199,199,0,"OK","P14-C014",51,50,809,0.17,"informative","weak","regular",9,24,0.996554034647396,0.00123609394313962,0,0.14200000000001
"V4-SENS-TWO-STAGE-HBB-CLUSTER-v1","V4-TARGET-EQUAL-CLUSTER-v1",0.1333963906657,0.119245350705484,0.0141510399602164,0.0877603014093612,0.189471404550587,0.138615852979974,0.101711103141226,0.0271335038728158,TRUE,199,199,0,"OK","P14-C014",51,50,809,0.17,"informative","weak","regular",9,24,0.996554034647396,0.00123609394313962,0,0.14200000000001
"V4-CMP-ONE-STAGE-CLUSTER-BB-RESP-v1","V4-TARGET-RESPONDENT-WEIGHTED-v1",0.12355997770675,0.117938379365222,0.00562159834152738,0.0911668289436228,0.153209646806144,0.122188237874883,0.0620428178625212,0.0153593880459612,TRUE,199,199,0,"OK","P14-C014",51,50,809,0.17,"informative","weak","regular",9,24,0.996554034647396,0.00123609394313962,0,0.14200000000001
"V4-CMP-IID-RESP-BB-v1","WORKING-INDEPENDENCE-RESPONDENT",0.12355997770675,0.117938379365222,0.00562159834152738,0.096348763622242,0.154829238997033,0.125589001309637,0.0584804753747906,0.014413409719764,TRUE,199,199,0,"OK","P14-C014",51,50,809,0.17,"informative","weak","regular",9,24,0.996554034647396,0.00123609394313962,0,0.14200000000001
"V4-CMP-TWO-STAGE-FREQ-BOOT-RESP-v1","V4-TARGET-RESPONDENT-WEIGHTED-v1",0.12355997770675,0.117938379365222,0.00562159834152738,0.0774219188567469,0.165240855848141,0.121331387352444,0.0878189369913938,0.0230807865792789,TRUE,199,199,0,"OK","P14-C014",51,50,809,0.17,"informative","weak","regular",9,24,0.996554034647396,0.00123609394313962,0,0.14200000000001
"V4-CMP-MOKKEN-TWOLEVEL-DELTA-v1","V4-TARGET-RESPONDENT-WEIGHTED-v1",0.123559977706733,0.117938379365222,0.00562159834151076,0.08376705541071,0.163352900002756,0.123559977706733,0.0795858445920462,0.0203028844457881,TRUE,,,0,"OK","P14-C014",51,50,809,0.17,"informative","weak","regular",9,24,0.996554034647396,0.00123609394313962,0,0.14200000000001
"V4-PRI-TWO-STAGE-HBB-RESP-v1","V4-TARGET-RESPONDENT-WEIGHTED-v1",0.113580356411122,0.117938379365222,-0.00435802295410023,0.0668622867198454,0.166076414149358,0.116469350434602,0.0992141274295131,0.0255293059590347,TRUE,199,199,0,"OK","P14-C014",52,50,843,0.17,"informative","weak","regular",6,28,0.971971118261105,0.00355871886120995,0,0.129999999999995
"V4-SENS-TWO-STAGE-HBB-CLUSTER-v1","V4-TARGET-EQUAL-CLUSTER-v1",0.10911857746404,0.119245350705484,-0.010126773241444,0.0627217950890558,0.156092847196166,0.109407321142611,0.0933710521071106,0.0249528487250128,TRUE,199,199,0,"OK","P14-C014",52,50,843,0.17,"informative","weak","regular",6,28,0.971971118261105,0.00355871886120995,0,0.129999999999995
"V4-CMP-ONE-STAGE-CLUSTER-BB-RESP-v1","V4-TARGET-RESPONDENT-WEIGHTED-v1",0.113580356411122,0.117938379365222,-0.00435802295410023,0.0855212293760642,0.14975986377602,0.117640546576042,0.0642386343999554,0.0157949238774552,TRUE,199,199,0,"OK","P14-C014",52,50,843,0.17,"informative","weak","regular",6,28,0.971971118261105,0.00355871886120995,0,0.129999999999995
"V4-CMP-IID-RESP-BB-v1","WORKING-INDEPENDENCE-RESPONDENT",0.113580356411122,0.117938379365222,-0.00435802295410023,0.0855645256549326,0.135964441593225,0.110764483624079,0.0503999159382927,0.01361552593237,TRUE,199,199,0,"OK","P14-C014",52,50,843,0.17,"informative","weak","regular",6,28,0.971971118261105,0.00355871886120995,0,0.129999999999995
"V4-CMP-TWO-STAGE-FREQ-BOOT-RESP-v1","V4-TARGET-RESPONDENT-WEIGHTED-v1",0.113580356411122,0.117938379365222,-0.00435802295410023,0.0765856571607205,0.161945178524575,0.119265417842648,0.0853595213638546,0.0222389110333562,TRUE,199,199,0,"OK","P14-C014",52,50,843,0.17,"informative","weak","regular",6,28,0.971971118261105,0.00355871886120995,0,0.129999999999995
"V4-CMP-MOKKEN-TWOLEVEL-DELTA-v1","V4-TARGET-RESPONDENT-WEIGHTED-v1",0.113580356411129,0.117938379365222,-0.00435802295409339,0.0755031279130367,0.151657584909221,0.113580356411129,0.0761544569961844,0.0194275143821216,TRUE,,,0,"OK","P14-C014",52,50,843,0.17,"informative","weak","regular",6,28,0.971971118261105,0.00355871886120995,0,0.129999999999995
"V4-PRI-TWO-STAGE-HBB-RESP-v1","V4-TARGET-RESPONDENT-WEIGHTED-v1",0.11347267383789,0.117938379365222,-0.00446570552733204,0.0657628556076304,0.162670778869053,0.114216817238342,0.0969079232614226,0.0244419134131227,TRUE,199,199,0,"OK","P14-C014",53,50,894,0.17,"informative","weak","regular",9,26,0.994955241600427,0.00223713646532431,0,0.135999999999996
"V4-SENS-TWO-STAGE-HBB-CLUSTER-v1","V4-TARGET-EQUAL-CLUSTER-v1",0.115137317354298,0.119245350705484,-0.00410803335118543,0.0719625400539805,0.164733240427791,0.118347890240886,0.0927707003738101,0.0232548573374625,TRUE,199,199,0,"OK","P14-C014",53,50,894,0.17,"informative","weak","regular",9,26,0.994955241600427,0.00223713646532431,0,0.135999999999996
"V4-CMP-ONE-STAGE-CLUSTER-BB-RESP-v1","V4-TARGET-RESPONDENT-WEIGHTED-v1",0.11347267383789,0.117938379365222,-0.00446570552733204,0.0819221707311744,0.144250189521268,0.113086180126221,0.0623280187900934,0.0150638724435344,TRUE,199,199,0,"OK","P14-C014",53,50,894,0.17,"informative","weak","regular",9,26,0.994955241600427,0.00223713646532431,0,0.135999999999996
"V4-CMP-IID-RESP-BB-v1","WORKING-INDEPENDENCE-RESPONDENT",0.11347267383789,0.117938379365222,-0.00446570552733204,0.0878742683916449,0.14045731891907,0.114165793655357,0.0525830505274252,0.013556815607787,TRUE,199,199,0,"OK","P14-C014",53,50,894,0.17,"informative","weak","regular",9,26,0.994955241600427,0.00223713646532431,0,0.135999999999996
"V4-CMP-TWO-STAGE-FREQ-BOOT-RESP-v1","V4-TARGET-RESPONDENT-WEIGHTED-v1",0.11347267383789,0.117938379365222,-0.00446570552733204,0.0743699933489206,0.153052564807503,0.113711279078212,0.078682571458582,0.020916471120437,TRUE,199,199,0,"OK","P14-C014",53,50,894,0.17,"informative","weak","regular",9,26,0.994955241600427,0.00223713646532431,0,0.135999999999996
"V4-CMP-MOKKEN-TWOLEVEL-DELTA-v1","V4-TARGET-RESPONDENT-WEIGHTED-v1",0.113472673837871,0.117938379365222,-0.00446570552735139,0.0764104663083676,0.150534881367374,0.113472673837871,0.0741244150590067,0.0189096370248869,TRUE,,,0,"OK","P14-C014",53,50,894,0.17,"informative","weak","regular",9,26,0.994955241600427,0.00223713646532431,0,0.135999999999996
"V4-PRI-TWO-STAGE-HBB-RESP-v1","V4-TARGET-RESPONDENT-WEIGHTED-v1",0.117050835387412,0.117938379365222,-0.000887543977810532,0.0780947225833639,0.172301452450942,0.125198087517153,0.0942067298675782,0.022827708189311,TRUE,199,199,0,"OK","P14-C014",54,50,849,0.17,"informative","weak","regular",7,28,0.988337553847375,0.00471142520612489,0,0.132999999999996
"V4-SENS-TWO-STAGE-HBB-CLUSTER-v1","V4-TARGET-EQUAL-CLUSTER-v1",0.125888755755542,0.119245350705484,0.00664340505005838,0.0764599534591967,0.178222095613545,0.127341024536371,0.101762142154348,0.0264348421757219,TRUE,199,199,0,"OK","P14-C014",54,50,849,0.17,"informative","weak","regular",7,28,0.988337553847375,0.00471142520612489,0,0.132999999999996
"V4-CMP-ONE-STAGE-CLUSTER-BB-RESP-v1","V4-TARGET-RESPONDENT-WEIGHTED-v1",0.117050835387412,0.117938379365222,-0.000887543977810532,0.0917668788607754,0.146238005589333,0.119002442225054,0.0544711267285579,0.0134233681354706,TRUE,199,199,0,"OK","P14-C014",54,50,849,0.17,"informative","weak","regular",7,28,0.988337553847375,0.00471142520612489,0,0.132999999999996
"V4-CMP-IID-RESP-BB-v1","WORKING-INDEPENDENCE-RESPONDENT",0.117050835387412,0.117938379365222,-0.000887543977810532,0.0877340967514234,0.150066479907228,0.118900288329326,0.0623323831558044,0.0161025678005149,TRUE,199,199,0,"OK","P14-C014",54,50,849,0.17,"informative","weak","regular",7,28,0.988337553847375,0.00471142520612489,0,0.132999999999996
"V4-CMP-TWO-STAGE-FREQ-BOOT-RESP-v1","V4-TARGET-RESPONDENT-WEIGHTED-v1",0.117050835387412,0.117938379365222,-0.000887543977810532,0.0809451038923885,0.159863392629085,0.120404248260737,0.0789182887366963,0.020253366215028,TRUE,199,199,0,"OK","P14-C014",54,50,849,0.17,"informative","weak","regular",7,28,0.988337553847375,0.00471142520612489,0,0.132999999999996
"V4-CMP-MOKKEN-TWOLEVEL-DELTA-v1","V4-TARGET-RESPONDENT-WEIGHTED-v1",0.117050835387416,0.117938379365222,-0.000887543977806451,0.0811065060664799,0.152995164708352,0.117050835387416,0.071888658641872,0.018339280519673,TRUE,,,0,"OK","P14-C014",54,50,849,0.17,"informative","weak","regular",7,28,0.988337553847375,0.00471142520612489,0,0.132999999999996
"V4-PRI-TWO-STAGE-HBB-RESP-v1","V4-TARGET-RESPONDENT-WEIGHTED-v1",0.127645152586179,0.117938379365222,0.00970677322095694,0.0855501876013896,0.179209729910804,0.132379958756097,0.0936595423094144,0.0248239663785635,TRUE,199,199,0,"OK","P14-C014",55,50,887,0.17,"informative","weak","regular",9,27,0.993726490533603,0.00338218714768895,0,0.149000000000001
"V4-SENS-TWO-STAGE-HBB-CLUSTER-v1","V4-TARGET-EQUAL-CLUSTER-v1",0.131151998997937,0.119245350705484,0.011906648292453,0.0838809311663345,0.188753143853599,0.136317037509967,0.104872212687265,0.0238624494612129,TRUE,199,199,0,"OK","P14-C014",55,50,887,0.17,"informative","weak","regular",9,27,0.993726490533603,0.00338218714768895,0,0.149000000000001
"V4-CMP-ONE-STAGE-CLUSTER-BB-RESP-v1","V4-TARGET-RESPONDENT-WEIGHTED-v1",0.127645152586179,0.117938379365222,0.00970677322095694,0.102641401027962,0.152518722197029,0.127580061612495,0.0498773211690672,0.0124163292401797,TRUE,199,199,0,"OK","P14-C014",55,50,887,0.17,"informative","weak","regular",9,27,0.993726490533603,0.00338218714768895,0,0.149000000000001
"V4-CMP-IID-RESP-BB-v1","WORKING-INDEPENDENCE-RESPONDENT",0.127645152586179,0.117938379365222,0.00970677322095694,0.0968245341660526,0.155281966593816,0.126053250379934,0.0584574324277638,0.0156330098475638,TRUE,199,199,0,"OK","P14-C014",55,50,887,0.17,"informative","weak","regular",9,27,0.993726490533603,0.00338218714768895,0,0.149000000000001
"V4-CMP-TWO-STAGE-FREQ-BOOT-RESP-v1","V4-TARGET-RESPONDENT-WEIGHTED-v1",0.127645152586179,0.117938379365222,0.00970677322095694,0.0944682024859033,0.169257732007896,0.1318629672469,0.0747895295219925,0.0186914617195389,TRUE,199,199,0,"OK","P14-C014",55,50,887,0.17,"informative","weak","regular",9,27,0.993726490533603,0.00338218714768895,0,0.149000000000001
"V4-CMP-MOKKEN-TWOLEVEL-DELTA-v1","V4-TARGET-RESPONDENT-WEIGHTED-v1",0.127645152586209,0.117938379365222,0.0097067732209871,0.0924961143964566,0.162794190775962,0.127645152586209,0.0702980763795057,0.0179335122823705,TRUE,,,0,"OK","P14-C014",55,50,887,0.17,"informative","weak","regular",9,27,0.993726490533603,0.00338218714768895,0,0.149000000000001
"V4-PRI-TWO-STAGE-HBB-RESP-v1","V4-TARGET-RESPONDENT-WEIGHTED-v1",0.114744910285307,0.117938379365222,-0.00319346907991531,0.0741891812008722,0.170917304131865,0.122553242666368,0.0967281229309924,0.0243724908335085,TRUE,199,199,0,"OK","P14-C014",56,50,875,0.17,"informative","weak","regular",9,26,0.995621356338726,0.00228571428571422,0,0.135000000000005
"V4-SENS-TWO-STAGE-HBB-CLUSTER-v1","V4-TARGET-EQUAL-CLUSTER-v1",0.105110447604051,0.119245350705484,-0.0141349031014328,0.0615116866794631,0.160314567004596,0.110913126842029,0.0988028803251325,0.024596352866886,TRUE,199,199,0,"OK","P14-C014",56,50,875,0.17,"informative","weak","regular",9,26,0.995621356338726,0.00228571428571422,0,0.135000000000005
"V4-CMP-ONE-STAGE-CLUSTER-BB-RESP-v1","V4-TARGET-RESPONDENT-WEIGHTED-v1",0.114744910285307,0.117938379365222,-0.00319346907991531,0.0884091924373883,0.140540773650047,0.114474983043718,0.0521315812126589,0.0132393258941653,TRUE,199,199,0,"OK","P14-C014",56,50,875,0.17,"informative","weak","regular",9,26,0.995621356338726,0.00228571428571422,0,0.135000000000005
"V4-CMP-IID-RESP-BB-v1","WORKING-INDEPENDENCE-RESPONDENT",0.114744910285307,0.117938379365222,-0.00319346907991531,0.0849682265329118,0.139457418683732,0.112212822608322,0.0544891921508201,0.0140524585321155,TRUE,199,199,0,"OK","P14-C014",56,50,875,0.17,"informative","weak","regular",9,26,0.995621356338726,0.00228571428571422,0,0.135000000000005
"V4-CMP-TWO-STAGE-FREQ-BOOT-RESP-v1","V4-TARGET-RESPONDENT-WEIGHTED-v1",0.114744910285307,0.117938379365222,-0.00319346907991531,0.076171398061001,0.15620488122041,0.116188139640705,0.0800334831594089,0.0202385225591377,TRUE,199,199,0,"OK","P14-C014",56,50,875,0.17,"informative","weak","regular",9,26,0.995621356338726,0.00228571428571422,0,0.135000000000005
"V4-CMP-MOKKEN-TWOLEVEL-DELTA-v1","V4-TARGET-RESPONDENT-WEIGHTED-v1",0.114744910285325,0.117938379365222,-0.00319346907989783,0.078504729765721,0.150985090804928,0.114744910285325,0.0724803610392071,0.0184902277824804,TRUE,,,0,"OK","P14-C014",56,50,875,0.17,"informative","weak","regular",9,26,0.995621356338726,0.00228571428571422,0,0.135000000000005
"V4-PRI-TWO-STAGE-HBB-RESP-v1","V4-TARGET-RESPONDENT-WEIGHTED-v1",0.117546459850879,0.117938379365222,-0.000391919514342948,0.0609117988707637,0.16844941785971,0.114680608365237,0.107537618988946,0.0261138809697681,TRUE,199,199,0,"OK","P14-C014",57,50,863,0.17,"informative","weak","regular",7,25,0.993807538173522,0.00231749710312867,0,0.134
"V4-SENS-TWO-STAGE-HBB-CLUSTER-v1","V4-TARGET-EQUAL-CLUSTER-v1",0.117791082726272,0.119245350705484,-0.00145426797921124,0.0731244087348389,0.1703297994726,0.12172710410372,0.0972053907377615,0.0265623927459035,TRUE,199,199,0,"OK","P14-C014",57,50,863,0.17,"informative","weak","regular",7,25,0.993807538173522,0.00231749710312867,0,0.134
"V4-CMP-ONE-STAGE-CLUSTER-BB-RESP-v1","V4-TARGET-RESPONDENT-WEIGHTED-v1",0.117546459850879,0.117938379365222,-0.000391919514342948,0.0942486826583292,0.146126895233429,0.120187788945879,0.0518782125750997,0.0137689509657906,TRUE,199,199,0,"OK","P14-C014",57,50,863,0.17,"informative","weak","regular",7,25,0.993807538173522,0.00231749710312867,0,0.134
"V4-CMP-IID-RESP-BB-v1","WORKING-INDEPENDENCE-RESPONDENT",0.117546459850879,0.117938379365222,-0.000391919514342948,0.095030488493694,0.153407129980621,0.124218809237157,0.0583766414869265,0.0155280794878677,TRUE,199,199,0,"OK","P14-C014",57,50,863,0.17,"informative","weak","regular",7,25,0.993807538173522,0.00231749710312867,0,0.134
"V4-CMP-TWO-STAGE-FREQ-BOOT-RESP-v1","V4-TARGET-RESPONDENT-WEIGHTED-v1",0.117546459850879,0.117938379365222,-0.000391919514342948,0.0750554815774692,0.152576456810295,0.113815969193882,0.0775209752328261,0.0192735946133278,TRUE,199,199,0,"OK","P14-C014",57,50,863,0.17,"informative","weak","regular",7,25,0.993807538173522,0.00231749710312867,0,0.134
"V4-CMP-MOKKEN-TWOLEVEL-DELTA-v1","V4-TARGET-RESPONDENT-WEIGHTED-v1",0.117546459850897,0.117938379365222,-0.000391919514324948,0.080524976349821,0.154567943351974,0.117546459850897,0.0740429670021528,0.0188888590775633,TRUE,,,0,"OK","P14-C014",57,50,863,0.17,"informative","weak","regular",7,25,0.993807538173522,0.00231749710312867,0,0.134
"V4-PRI-TWO-STAGE-HBB-RESP-v1","V4-TARGET-RESPONDENT-WEIGHTED-v1",0.102958276687253,0.117938379365222,-0.0149801026779691,0.0564549597670626,0.152995667447011,0.104725313607037,0.0965407076799483,0.0232805291836786,TRUE,199,199,0,"OK","P14-C014",58,50,829,0.17,"informative","weak","regular",8,24,0.99477001299053,0.00241254523522327,0,0.129000000000005
"V4-SENS-TWO-STAGE-HBB-CLUSTER-v1","V4-TARGET-EQUAL-CLUSTER-v1",0.10376530556551,0.119245350705484,-0.0154800451399734,0.060535118489731,0.166381665668298,0.113458392079015,0.105846547178567,0.0262581681060955,TRUE,199,199,0,"OK","P14-C014",58,50,829,0.17,"informative","weak","regular",8,24,0.99477001299053,0.00241254523522327,0,0.129000000000005
"V4-CMP-ONE-STAGE-CLUSTER-BB-RESP-v1","V4-TARGET-RESPONDENT-WEIGHTED-v1",0.102958276687253,0.117938379365222,-0.0149801026779691,0.0730523791279315,0.13151179991186,0.102282089519896,0.0584594207839288,0.0136187497106776,TRUE,199,199,0,"OK","P14-C014",58,50,829,0.17,"informative","weak","regular",8,24,0.99477001299053,0.00241254523522327,0,0.129000000000005
"V4-CMP-IID-RESP-BB-v1","WORKING-INDEPENDENCE-RESPONDENT",0.102958276687253,0.117938379365222,-0.0149801026779691,0.0742561189875785,0.132066012986988,0.103161065987283,0.0578098939994094,0.0143259163889992,TRUE,199,199,0,"OK","P14-C014",58,50,829,0.17,"informative","weak","regular",8,24,0.99477001299053,0.00241254523522327,0,0.129000000000005
"V4-CMP-TWO-STAGE-FREQ-BOOT-RESP-v1","V4-TARGET-RESPONDENT-WEIGHTED-v1",0.102958276687253,0.117938379365222,-0.0149801026779691,0.0644244321519897,0.141400187749321,0.102912309950655,0.0769757555973311,0.019768245115963,TRUE,199,199,0,"OK","P14-C014",58,50,829,0.17,"informative","weak","regular",8,24,0.99477001299053,0.00241254523522327,0,0.129000000000005
"V4-CMP-MOKKEN-TWOLEVEL-DELTA-v1","V4-TARGET-RESPONDENT-WEIGHTED-v1",0.102958276687278,0.117938379365222,-0.0149801026779444,0.0664066480405735,0.139509905333982,0.102958276687278,0.0731032572934088,0.0186491328080613,TRUE,,,0,"OK","P14-C014",58,50,829,0.17,"informative","weak","regular",8,24,0.99477001299053,0.00241254523522327,0,0.129000000000005
"V4-PRI-TWO-STAGE-HBB-RESP-v1","V4-TARGET-RESPONDENT-WEIGHTED-v1",0.150516885277208,0.117938379365222,0.0325785059119855,0.100698424806403,0.208979399398988,0.154838912102696,0.108280974592585,0.0261822176505597,TRUE,199,199,0,"OK","P14-C014",59,50,854,0.17,"informative","weak","regular",9,27,0.995877709144054,0.00117096018735363,0,0.134999999999991
"V4-SENS-TWO-STAGE-HBB-CLUSTER-v1","V4-TARGET-EQUAL-CLUSTER-v1",0.155656280685708,0.119245350705484,0.0364109299802243,0.105655774673769,0.208899940611985,0.157277857642877,0.103244165938216,0.026048144860968,TRUE,199,199,0,"OK","P14-C014",59,50,854,0.17,"informative","weak","regular",9,27,0.995877709144054,0.00117096018735363,0,0.134999999999991
"V4-CMP-ONE-STAGE-CLUSTER-BB-RESP-v1","V4-TARGET-RESPONDENT-WEIGHTED-v1",0.150516885277208,0.117938379365222,0.0325785059119855,0.120156866396233,0.178955336981423,0.149556101688828,0.0587984705851897,0.0145061276415593,FALSE,199,199,0,"OK","P14-C014",59,50,854,0.17,"informative","weak","regular",9,27,0.995877709144054,0.00117096018735363,0,0.134999999999991
"V4-CMP-IID-RESP-BB-v1","WORKING-INDEPENDENCE-RESPONDENT",0.150516885277208,0.117938379365222,0.0325785059119855,0.119492231867383,0.183219569772936,0.15135590082016,0.0637273379055536,0.0153764109785685,FALSE,199,199,0,"OK","P14-C014",59,50,854,0.17,"informative","weak","regular",9,27,0.995877709144054,0.00117096018735363,0,0.134999999999991
"V4-CMP-TWO-STAGE-FREQ-BOOT-RESP-v1","V4-TARGET-RESPONDENT-WEIGHTED-v1",0.150516885277208,0.117938379365222,0.0325785059119855,0.111432140050388,0.191221176534023,0.151326658292206,0.0797890364836347,0.0198964353428452,TRUE,199,199,0,"OK","P14-C014",59,50,854,0.17,"informative","weak","regular",9,27,0.995877709144054,0.00117096018735363,0,0.134999999999991
"V4-CMP-MOKKEN-TWOLEVEL-DELTA-v1","V4-TARGET-RESPONDENT-WEIGHTED-v1",0.150516885277198,0.117938379365222,0.0325785059119755,0.111229759870835,0.189804010683561,0.150516885277198,0.0785742508127265,0.020044820066213,TRUE,,,0,"OK","P14-C014",59,50,854,0.17,"informative","weak","regular",9,27,0.995877709144054,0.00117096018735363,0,0.134999999999991
"V4-PRI-TWO-STAGE-HBB-RESP-v1","V4-TARGET-RESPONDENT-WEIGHTED-v1",0.124754256855824,0.117938379365222,0.00681587749060154,0.0787459213975587,0.178180970253643,0.128463445825601,0.099435048856084,0.024399004231517,TRUE,199,199,0,"OK","P14-C014",60,50,888,0.17,"informative","weak","regular",9,27,0.993584149113855,0.00112612612612611,0,0.14800000000001
"V4-SENS-TWO-STAGE-HBB-CLUSTER-v1","V4-TARGET-EQUAL-CLUSTER-v1",0.130542492298891,0.119245350705484,0.0112971415934073,0.0798984207886944,0.179746592865357,0.129822506827026,0.0998481720766626,0.0246043682835702,TRUE,199,199,0,"OK","P14-C014",60,50,888,0.17,"informative","weak","regular",9,27,0.993584149113855,0.00112612612612611,0,0.14800000000001
"V4-CMP-ONE-STAGE-CLUSTER-BB-RESP-v1","V4-TARGET-RESPONDENT-WEIGHTED-v1",0.124754256855824,0.117938379365222,0.00681587749060154,0.0976705572016751,0.152176740570631,0.124923648886153,0.0545061833689557,0.0146505811209455,TRUE,199,199,0,"OK","P14-C014",60,50,888,0.17,"informative","weak","regular",9,27,0.993584149113855,0.00112612612612611,0,0.14800000000001
"V4-CMP-IID-RESP-BB-v1","WORKING-INDEPENDENCE-RESPONDENT",0.124754256855824,0.117938379365222,0.00681587749060154,0.0962136126742958,0.14864267503269,0.122428143853493,0.052429062358394,0.0135375080451309,TRUE,199,199,0,"OK","P14-C014",60,50,888,0.17,"informative","weak","regular",9,27,0.993584149113855,0.00112612612612611,0,0.14800000000001
"V4-CMP-TWO-STAGE-FREQ-BOOT-RESP-v1","V4-TARGET-RESPONDENT-WEIGHTED-v1",0.124754256855824,0.117938379365222,0.00681587749060154,0.0895368321854864,0.168777274922768,0.129157053554127,0.0792404427372812,0.0199857257457808,TRUE,199,199,0,"OK","P14-C014",60,50,888,0.17,"informative","weak","regular",9,27,0.993584149113855,0.00112612612612611,0,0.14800000000001
"V4-CMP-MOKKEN-TWOLEVEL-DELTA-v1","V4-TARGET-RESPONDENT-WEIGHTED-v1",0.124754256855801,0.117938379365222,0.00681587749057909,0.087190436951933,0.16231807675967,0.124754256855801,0.0751276398077369,0.0191655664084479,TRUE,,,0,"OK","P14-C014",60,50,888,0.17,"informative","weak","regular",9,27,0.993584149113855,0.00112612612612611,0,0.14800000000001
