"method_id","target_id","point_estimate","truth","bias","lower","upper","center","interval_length","se_equivalent","cover","defined_draws","total_draws","invalid_fraction","status","cell_id","replication","G","N","latent_icc","size_mechanism","strength","regularity","minimum_cluster_size","maximum_cluster_size","size_effect_correlation","sample_minimum_internal_cdf_gap","sample_exact_knot_count","replication_elapsed_seconds"
"V4-PRI-TWO-STAGE-HBB-RESP-v1","V4-TARGET-RESPONDENT-WEIGHTED-v1",0.149957299368608,0.119245350705483,0.0307119486631255,0.0859783799802035,0.217178899557727,0.151578639768965,0.131200519577523,0.0327734966755566,TRUE,199,199,0,"OK","P14-C001",1,20,400,0.05,"balanced","weak","regular",20,20,0,0.0025,0,0.196
"V4-SENS-TWO-STAGE-HBB-CLUSTER-v1","V4-TARGET-EQUAL-CLUSTER-v1",0.149957299368608,0.119245350705483,0.0307119486631255,0.0725486742790613,0.212668756998308,0.142608715638685,0.140120082719247,0.037520691200124,TRUE,199,199,0,"OK","P14-C001",1,20,400,0.05,"balanced","weak","regular",20,20,0,0.0025,0,0.196
"V4-CMP-ONE-STAGE-CLUSTER-BB-RESP-v1","V4-TARGET-RESPONDENT-WEIGHTED-v1",0.149957299368608,0.119245350705483,0.0307119486631255,0.105264606055889,0.193955601916693,0.149610103986291,0.0886909958608038,0.0234922917752817,TRUE,199,199,0,"OK","P14-C001",1,20,400,0.05,"balanced","weak","regular",20,20,0,0.0025,0,0.196
"V4-CMP-IID-RESP-BB-v1","WORKING-INDEPENDENCE-RESPONDENT",0.149957299368608,0.119245350705483,0.0307119486631255,0.111088737892106,0.193223174420441,0.152155956156274,0.0821344365283347,0.0202971846225446,TRUE,199,199,0,"OK","P14-C001",1,20,400,0.05,"balanced","weak","regular",20,20,0,0.0025,0,0.196
"V4-CMP-TWO-STAGE-FREQ-BOOT-RESP-v1","V4-TARGET-RESPONDENT-WEIGHTED-v1",0.149957299368608,0.119245350705483,0.0307119486631255,0.0822505842480816,0.220864284548806,0.151557434398444,0.138613700300724,0.0344497887938293,TRUE,199,199,0,"OK","P14-C001",1,20,400,0.05,"balanced","weak","regular",20,20,0,0.0025,0,0.196
"V4-CMP-MOKKEN-TWOLEVEL-DELTA-v1","V4-TARGET-RESPONDENT-WEIGHTED-v1",0.149957299368614,0.119245350705483,0.0307119486631311,0.088001456559015,0.211913142178212,0.149957299368614,0.123911685619197,0.0316107047365658,TRUE,,,0,"OK","P14-C001",1,20,400,0.05,"balanced","weak","regular",20,20,0,0.0025,0,0.196
"V4-PRI-TWO-STAGE-HBB-RESP-v1","V4-TARGET-RESPONDENT-WEIGHTED-v1",0.126995056943076,0.119245350705483,0.00774970623759298,0.0679202954010013,0.194936671349783,0.131428483375392,0.127016375948781,0.0328352614014733,TRUE,199,199,0,"OK","P14-C001",2,20,400,0.05,"balanced","weak","regular",20,20,0,0.00250000000000006,0,0.072
"V4-SENS-TWO-STAGE-HBB-CLUSTER-v1","V4-TARGET-EQUAL-CLUSTER-v1",0.126995056943076,0.119245350705483,0.00774970623759298,0.0625633624596812,0.204849008697189,0.133706185578435,0.142285646237508,0.036578613336832,TRUE,199,199,0,"OK","P14-C001",2,20,400,0.05,"balanced","weak","regular",20,20,0,0.00250000000000006,0,0.072
"V4-CMP-ONE-STAGE-CLUSTER-BB-RESP-v1","V4-TARGET-RESPONDENT-WEIGHTED-v1",0.126995056943076,0.119245350705483,0.00774970623759298,0.0909095547564151,0.166958995601513,0.128934275178964,0.0760494408450983,0.0195098320627621,TRUE,199,199,0,"OK","P14-C001",2,20,400,0.05,"balanced","weak","regular",20,20,0,0.00250000000000006,0,0.072
"V4-CMP-IID-RESP-BB-v1","WORKING-INDEPENDENCE-RESPONDENT",0.126995056943076,0.119245350705483,0.00774970623759298,0.0800578551814467,0.17225499065045,0.126156422915948,0.0921971354690034,0.0232582346498342,TRUE,199,199,0,"OK","P14-C001",2,20,400,0.05,"balanced","weak","regular",20,20,0,0.00250000000000006,0,0.072
"V4-CMP-TWO-STAGE-FREQ-BOOT-RESP-v1","V4-TARGET-RESPONDENT-WEIGHTED-v1",0.126995056943076,0.119245350705483,0.00774970623759298,0.0647639650977419,0.179543316445062,0.122153640771402,0.11477935134732,0.0279261336201032,TRUE,199,199,0,"OK","P14-C001",2,20,400,0.05,"balanced","weak","regular",20,20,0,0.00250000000000006,0,0.072
"V4-CMP-MOKKEN-TWOLEVEL-DELTA-v1","V4-TARGET-RESPONDENT-WEIGHTED-v1",0.126995056943081,0.119245350705483,0.00774970623759884,0.0691813969461069,0.184808716940056,0.126995056943081,0.115627319993949,0.029497307324523,TRUE,,,0,"OK","P14-C001",2,20,400,0.05,"balanced","weak","regular",20,20,0,0.00250000000000006,0,0.072
"V4-PRI-TWO-STAGE-HBB-RESP-v1","V4-TARGET-RESPONDENT-WEIGHTED-v1",0.122918298489425,0.119245350705483,0.00367294778394231,0.0542231054910548,0.195982438530693,0.125102772010874,0.141759333039639,0.0344707434822771,TRUE,199,199,0,"OK","P14-C001",3,20,400,0.05,"balanced","weak","regular",20,20,0,0.0025,0,0.068
"V4-SENS-TWO-STAGE-HBB-CLUSTER-v1","V4-TARGET-EQUAL-CLUSTER-v1",0.122918298489425,0.119245350705483,0.00367294778394231,0.0640221822111466,0.186542599319792,0.125282390765469,0.122520417108645,0.0319195856346612,TRUE,199,199,0,"OK","P14-C001",3,20,400,0.05,"balanced","weak","regular",20,20,0,0.0025,0,0.068
"V4-CMP-ONE-STAGE-CLUSTER-BB-RESP-v1","V4-TARGET-RESPONDENT-WEIGHTED-v1",0.122918298489425,0.119245350705483,0.00367294778394231,0.0814358056422322,0.158018290609362,0.119727048125797,0.0765824849671294,0.019273279998285,TRUE,199,199,0,"OK","P14-C001",3,20,400,0.05,"balanced","weak","regular",20,20,0,0.0025,0,0.068
"V4-CMP-IID-RESP-BB-v1","WORKING-INDEPENDENCE-RESPONDENT",0.122918298489425,0.119245350705483,0.00367294778394231,0.0786477367731037,0.161801370011672,0.120224553392388,0.0831536332385688,0.020573399187034,TRUE,199,199,0,"OK","P14-C001",3,20,400,0.05,"balanced","weak","regular",20,20,0,0.0025,0,0.068
"V4-CMP-TWO-STAGE-FREQ-BOOT-RESP-v1","V4-TARGET-RESPONDENT-WEIGHTED-v1",0.122918298489425,0.119245350705483,0.00367294778394231,0.0550962658420448,0.186880828542339,0.120988547192192,0.131784562700294,0.0331142182694782,TRUE,199,199,0,"OK","P14-C001",3,20,400,0.05,"balanced","weak","regular",20,20,0,0.0025,0,0.068
"V4-CMP-MOKKEN-TWOLEVEL-DELTA-v1","V4-TARGET-RESPONDENT-WEIGHTED-v1",0.122918298489432,0.119245350705483,0.0036729477839491,0.065598416625145,0.180238180353718,0.122918298489432,0.114639763728573,0.0292453750764905,TRUE,,,0,"OK","P14-C001",3,20,400,0.05,"balanced","weak","regular",20,20,0,0.0025,0,0.068
"V4-PRI-TWO-STAGE-HBB-RESP-v1","V4-TARGET-RESPONDENT-WEIGHTED-v1",0.106564691065219,0.119245350705483,-0.0126806596402635,0.044371326451281,0.195813371282686,0.120092348866983,0.151442044831405,0.0388073996985018,TRUE,199,199,0,"OK","P14-C001",4,20,400,0.05,"balanced","weak","regular",20,20,0,0.0025,0,0.0700000000000001
"V4-SENS-TWO-STAGE-HBB-CLUSTER-v1","V4-TARGET-EQUAL-CLUSTER-v1",0.106564691065219,0.119245350705483,-0.0126806596402635,0.048025143434825,0.180501540304411,0.114263341869618,0.132476396869586,0.0338041397414627,TRUE,199,199,0,"OK","P14-C001",4,20,400,0.05,"balanced","weak","regular",20,20,0,0.0025,0,0.0700000000000001
"V4-CMP-ONE-STAGE-CLUSTER-BB-RESP-v1","V4-TARGET-RESPONDENT-WEIGHTED-v1",0.106564691065219,0.119245350705483,-0.0126806596402635,0.0598853770001898,0.151753245139854,0.105819311070022,0.091867868139664,0.0230847959258328,TRUE,199,199,0,"OK","P14-C001",4,20,400,0.05,"balanced","weak","regular",20,20,0,0.0025,0,0.0700000000000001
"V4-CMP-IID-RESP-BB-v1","WORKING-INDEPENDENCE-RESPONDENT",0.106564691065219,0.119245350705483,-0.0126806596402635,0.069454647889883,0.156832568866721,0.113143608378302,0.0873779209768378,0.0213361766146396,TRUE,199,199,0,"OK","P14-C001",4,20,400,0.05,"balanced","weak","regular",20,20,0,0.0025,0,0.0700000000000001
"V4-CMP-TWO-STAGE-FREQ-BOOT-RESP-v1","V4-TARGET-RESPONDENT-WEIGHTED-v1",0.106564691065219,0.119245350705483,-0.0126806596402635,0.0503456162576538,0.164337302583285,0.10734145942047,0.113991686325632,0.0304040671718456,TRUE,199,199,0,"OK","P14-C001",4,20,400,0.05,"balanced","weak","regular",20,20,0,0.0025,0,0.0700000000000001
"V4-CMP-MOKKEN-TWOLEVEL-DELTA-v1","V4-TARGET-RESPONDENT-WEIGHTED-v1",0.106564691065225,0.119245350705483,-0.0126806596402577,0.0451772558849962,0.167952126245454,0.106564691065225,0.122774870360457,0.0313206955150426,TRUE,,,0,"OK","P14-C001",4,20,400,0.05,"balanced","weak","regular",20,20,0,0.0025,0,0.0700000000000001
"V4-PRI-TWO-STAGE-HBB-RESP-v1","V4-TARGET-RESPONDENT-WEIGHTED-v1",0.131099608188574,0.119245350705483,0.0118542574830912,0.0576584785260891,0.232887346550761,0.145272912538425,0.175228868024672,0.0384915941418599,TRUE,199,199,0,"OK","P14-C001",5,20,400,0.05,"balanced","weak","regular",20,20,0,0.0025,0,0.067
"V4-SENS-TWO-STAGE-HBB-CLUSTER-v1","V4-TARGET-EQUAL-CLUSTER-v1",0.131099608188574,0.119245350705483,0.0118542574830912,0.0677334312375631,0.192413874225672,0.130073652731617,0.124680442988109,0.0304673554996157,TRUE,199,199,0,"OK","P14-C001",5,20,400,0.05,"balanced","weak","regular",20,20,0,0.0025,0,0.067
"V4-CMP-ONE-STAGE-CLUSTER-BB-RESP-v1","V4-TARGET-RESPONDENT-WEIGHTED-v1",0.131099608188574,0.119245350705483,0.0118542574830912,0.0878904240030016,0.175943859581676,0.131917141792339,0.0880534355786747,0.0234682192402135,TRUE,199,199,0,"OK","P14-C001",5,20,400,0.05,"balanced","weak","regular",20,20,0,0.0025,0,0.067
"V4-CMP-IID-RESP-BB-v1","WORKING-INDEPENDENCE-RESPONDENT",0.131099608188574,0.119245350705483,0.0118542574830912,0.0880315989827061,0.17784930352713,0.132940451254918,0.0898177045444236,0.0223865637632664,TRUE,199,199,0,"OK","P14-C001",5,20,400,0.05,"balanced","weak","regular",20,20,0,0.0025,0,0.067
"V4-CMP-TWO-STAGE-FREQ-BOOT-RESP-v1","V4-TARGET-RESPONDENT-WEIGHTED-v1",0.131099608188574,0.119245350705483,0.0118542574830912,0.0702566742769979,0.195664359834251,0.132960517055625,0.125407685557253,0.0326808784927259,TRUE,199,199,0,"OK","P14-C001",5,20,400,0.05,"balanced","weak","regular",20,20,0,0.0025,0,0.067
"V4-CMP-MOKKEN-TWOLEVEL-DELTA-v1","V4-TARGET-RESPONDENT-WEIGHTED-v1",0.13109960818858,0.119245350705483,0.0118542574830972,0.0698943124216654,0.192304903955494,0.13109960818858,0.122410591533829,0.0312277655353333,TRUE,,,0,"OK","P14-C001",5,20,400,0.05,"balanced","weak","regular",20,20,0,0.0025,0,0.067
"V4-PRI-TWO-STAGE-HBB-RESP-v1","V4-TARGET-RESPONDENT-WEIGHTED-v1",0.126075751394917,0.119245350705483,0.00683040068943454,0.0670131616093028,0.199545907672367,0.133279534640835,0.132532746063065,0.0308834152125322,TRUE,199,199,0,"OK","P14-C001",6,20,400,0.05,"balanced","weak","regular",20,20,0,0,1,0.0670000000000001
"V4-SENS-TWO-STAGE-HBB-CLUSTER-v1","V4-TARGET-EQUAL-CLUSTER-v1",0.126075751394917,0.119245350705483,0.00683040068943454,0.0724229668074637,0.202404754150958,0.137413860479211,0.129981787343494,0.0319145794782929,TRUE,199,199,0,"OK","P14-C001",6,20,400,0.05,"balanced","weak","regular",20,20,0,0,1,0.0670000000000001
"V4-CMP-ONE-STAGE-CLUSTER-BB-RESP-v1","V4-TARGET-RESPONDENT-WEIGHTED-v1",0.126075751394917,0.119245350705483,0.00683040068943454,0.0967206520200288,0.161131449196766,0.128926050608397,0.0644107971767368,0.0166716232143447,TRUE,199,199,0,"OK","P14-C001",6,20,400,0.05,"balanced","weak","regular",20,20,0,0,1,0.0670000000000001
"V4-CMP-IID-RESP-BB-v1","WORKING-INDEPENDENCE-RESPONDENT",0.126075751394917,0.119245350705483,0.00683040068943454,0.0818294148707605,0.177255254922041,0.129542334896401,0.0954258400512802,0.0224642340452271,TRUE,199,199,0,"OK","P14-C001",6,20,400,0.05,"balanced","weak","regular",20,20,0,0,1,0.0670000000000001
"V4-CMP-TWO-STAGE-FREQ-BOOT-RESP-v1","V4-TARGET-RESPONDENT-WEIGHTED-v1",0.126075751394917,0.119245350705483,0.00683040068943454,0.076702748466384,0.183772491513446,0.130237619989915,0.107069743047062,0.025847700776339,TRUE,199,199,0,"OK","P14-C001",6,20,400,0.05,"balanced","weak","regular",20,20,0,0,1,0.0670000000000001
"V4-CMP-MOKKEN-TWOLEVEL-DELTA-v1","V4-TARGET-RESPONDENT-WEIGHTED-v1",0.126075751394924,0.119245350705483,0.00683040068944106,0.0737016046359776,0.17844989815387,0.126075751394924,0.104748293517892,0.026721994471361,TRUE,,,0,"OK","P14-C001",6,20,400,0.05,"balanced","weak","regular",20,20,0,0,1,0.0670000000000001
"V4-PRI-TWO-STAGE-HBB-RESP-v1","V4-TARGET-RESPONDENT-WEIGHTED-v1",0.120230942910879,0.119245350705483,0.000985592205396082,0.041313862738665,0.206179288953537,0.123746575846101,0.164865426214872,0.0409758964697224,TRUE,199,199,0,"OK","P14-C001",7,20,400,0.05,"balanced","weak","regular",20,20,0,0.0025,0,0.066
"V4-SENS-TWO-STAGE-HBB-CLUSTER-v1","V4-TARGET-EQUAL-CLUSTER-v1",0.120230942910879,0.119245350705483,0.000985592205396082,0.0427919018480764,0.202188634144622,0.122490267996349,0.159396732296546,0.0397979086198133,TRUE,199,199,0,"OK","P14-C001",7,20,400,0.05,"balanced","weak","regular",20,20,0,0.0025,0,0.066
"V4-CMP-ONE-STAGE-CLUSTER-BB-RESP-v1","V4-TARGET-RESPONDENT-WEIGHTED-v1",0.120230942910879,0.119245350705483,0.000985592205396082,0.0574555391654989,0.185823585366038,0.121639562265769,0.12836804620054,0.0309066195450068,TRUE,199,199,0,"OK","P14-C001",7,20,400,0.05,"balanced","weak","regular",20,20,0,0.0025,0,0.066
"V4-CMP-IID-RESP-BB-v1","WORKING-INDEPENDENCE-RESPONDENT",0.120230942910879,0.119245350705483,0.000985592205396082,0.0773559488992958,0.15571957049321,0.116537759696253,0.0783636215939144,0.0190024605062862,TRUE,199,199,0,"OK","P14-C001",7,20,400,0.05,"balanced","weak","regular",20,20,0,0.0025,0,0.066
"V4-CMP-TWO-STAGE-FREQ-BOOT-RESP-v1","V4-TARGET-RESPONDENT-WEIGHTED-v1",0.120230942910879,0.119245350705483,0.000985592205396082,0.0389069746021761,0.193499191978412,0.116203083290294,0.154592217376236,0.0360602598867258,TRUE,199,199,0,"OK","P14-C001",7,20,400,0.05,"balanced","weak","regular",20,20,0,0.0025,0,0.066
"V4-CMP-MOKKEN-TWOLEVEL-DELTA-v1","V4-TARGET-RESPONDENT-WEIGHTED-v1",0.120230942910884,0.119245350705483,0.00098559220540094,0.0472848131996599,0.193177072622107,0.120230942910884,0.145892259422447,0.0372180970092377,TRUE,,,0,"OK","P14-C001",7,20,400,0.05,"balanced","weak","regular",20,20,0,0.0025,0,0.066
"V4-PRI-TWO-STAGE-HBB-RESP-v1","V4-TARGET-RESPONDENT-WEIGHTED-v1",0.115310767044179,0.119245350705483,-0.00393458366130356,0.0563612287550449,0.184499081845733,0.120430155300389,0.128137853090688,0.0334926402438085,TRUE,199,199,0,"OK","P14-C001",8,20,400,0.05,"balanced","weak","regular",20,20,0,0.005,0,0.0660000000000001
"V4-SENS-TWO-STAGE-HBB-CLUSTER-v1","V4-TARGET-EQUAL-CLUSTER-v1",0.115310767044179,0.119245350705483,-0.00393458366130356,0.0622697903829584,0.183291227685158,0.122780509034058,0.1210214373022,0.0323104838360811,TRUE,199,199,0,"OK","P14-C001",8,20,400,0.05,"balanced","weak","regular",20,20,0,0.005,0,0.0660000000000001
"V4-CMP-ONE-STAGE-CLUSTER-BB-RESP-v1","V4-TARGET-RESPONDENT-WEIGHTED-v1",0.115310767044179,0.119245350705483,-0.00393458366130356,0.0790190597459938,0.143866227904335,0.111442643825164,0.064847168158341,0.015812681065867,TRUE,199,199,0,"OK","P14-C001",8,20,400,0.05,"balanced","weak","regular",20,20,0,0.005,0,0.0660000000000001
"V4-CMP-IID-RESP-BB-v1","WORKING-INDEPENDENCE-RESPONDENT",0.115310767044179,0.119245350705483,-0.00393458366130356,0.0717820204130305,0.15677990826609,0.11428096433956,0.08499788785306,0.0211556150456934,TRUE,199,199,0,"OK","P14-C001",8,20,400,0.05,"balanced","weak","regular",20,20,0,0.005,0,0.0660000000000001
"V4-CMP-TWO-STAGE-FREQ-BOOT-RESP-v1","V4-TARGET-RESPONDENT-WEIGHTED-v1",0.115310767044179,0.119245350705483,-0.00393458366130356,0.0627246713642919,0.179741858179686,0.121233264771989,0.117017186815394,0.0288631997976745,TRUE,199,199,0,"OK","P14-C001",8,20,400,0.05,"balanced","weak","regular",20,20,0,0.005,0,0.0660000000000001
"V4-CMP-MOKKEN-TWOLEVEL-DELTA-v1","V4-TARGET-RESPONDENT-WEIGHTED-v1",0.115310767044186,0.119245350705483,-0.00393458366129697,0.0631829278423048,0.167438606246067,0.115310767044186,0.104255678403762,0.0265963250412041,TRUE,,,0,"OK","P14-C001",8,20,400,0.05,"balanced","weak","regular",20,20,0,0.005,0,0.0660000000000001
"V4-PRI-TWO-STAGE-HBB-RESP-v1","V4-TARGET-RESPONDENT-WEIGHTED-v1",0.0646858794164347,0.119245350705483,-0.0545594712890479,0.0105242207506911,0.122387696571832,0.0664559586612614,0.111863475821141,0.028567045616023,TRUE,199,199,0,"OK","P14-C001",9,20,400,0.05,"balanced","weak","regular",20,20,0,0,1,0.067
"V4-SENS-TWO-STAGE-HBB-CLUSTER-v1","V4-TARGET-EQUAL-CLUSTER-v1",0.0646858794164347,0.119245350705483,-0.0545594712890479,0.0117793133859395,0.135845760803323,0.0738125370946311,0.124066447417383,0.0296528715281893,TRUE,199,199,0,"OK","P14-C001",9,20,400,0.05,"balanced","weak","regular",20,20,0,0,1,0.067
"V4-CMP-ONE-STAGE-CLUSTER-BB-RESP-v1","V4-TARGET-RESPONDENT-WEIGHTED-v1",0.0646858794164347,0.119245350705483,-0.0545594712890479,0.0301796967600262,0.0943938276166389,0.0622867621883325,0.0642141308566127,0.0154612430396716,FALSE,199,199,0,"OK","P14-C001",9,20,400,0.05,"balanced","weak","regular",20,20,0,0,1,0.067
"V4-CMP-IID-RESP-BB-v1","WORKING-INDEPENDENCE-RESPONDENT",0.0646858794164347,0.119245350705483,-0.0545594712890479,0.0312524929845079,0.0989117549595069,0.0650821239720074,0.067659261974999,0.017635077103602,FALSE,199,199,0,"OK","P14-C001",9,20,400,0.05,"balanced","weak","regular",20,20,0,0,1,0.067
"V4-CMP-TWO-STAGE-FREQ-BOOT-RESP-v1","V4-TARGET-RESPONDENT-WEIGHTED-v1",0.0646858794164347,0.119245350705483,-0.0545594712890479,0.0166667643362096,0.111794395696477,0.0642305800163433,0.0951276313602673,0.0238532665786,FALSE,199,199,0,"OK","P14-C001",9,20,400,0.05,"balanced","weak","regular",20,20,0,0,1,0.067
"V4-CMP-MOKKEN-TWOLEVEL-DELTA-v1","V4-TARGET-RESPONDENT-WEIGHTED-v1",0.0646858794164399,0.119245350705483,-0.0545594712890427,0.0174545805873367,0.111917178245543,0.0646858794164399,0.0944625976582064,0.0240980442506381,FALSE,,,0,"OK","P14-C001",9,20,400,0.05,"balanced","weak","regular",20,20,0,0,1,0.067
"V4-PRI-TWO-STAGE-HBB-RESP-v1","V4-TARGET-RESPONDENT-WEIGHTED-v1",0.115302122764004,0.119245350705483,-0.00394322794147837,0.0511681055834684,0.198275124037331,0.1247216148104,0.147107018453863,0.0395503209555798,TRUE,199,199,0,"OK","P14-C001",10,20,400,0.05,"balanced","weak","regular",20,20,0,0.0025,0,0.066
"V4-SENS-TWO-STAGE-HBB-CLUSTER-v1","V4-TARGET-EQUAL-CLUSTER-v1",0.115302122764004,0.119245350705483,-0.00394322794147837,0.0487035630493338,0.176657090083866,0.1126803265666,0.127953527034533,0.0347080172951761,TRUE,199,199,0,"OK","P14-C001",10,20,400,0.05,"balanced","weak","regular",20,20,0,0.0025,0,0.066
"V4-CMP-ONE-STAGE-CLUSTER-BB-RESP-v1","V4-TARGET-RESPONDENT-WEIGHTED-v1",0.115302122764004,0.119245350705483,-0.00394322794147837,0.0684454024554712,0.158525067694685,0.113485235075078,0.0900796652392142,0.0226855783732309,TRUE,199,199,0,"OK","P14-C001",10,20,400,0.05,"balanced","weak","regular",20,20,0,0.0025,0,0.066
"V4-CMP-IID-RESP-BB-v1","WORKING-INDEPENDENCE-RESPONDENT",0.115302122764004,0.119245350705483,-0.00394322794147837,0.0783601832904509,0.163947153877173,0.121153668583812,0.0855869705867218,0.0214120444904201,TRUE,199,199,0,"OK","P14-C001",10,20,400,0.05,"balanced","weak","regular",20,20,0,0.0025,0,0.066
"V4-CMP-TWO-STAGE-FREQ-BOOT-RESP-v1","V4-TARGET-RESPONDENT-WEIGHTED-v1",0.115302122764004,0.119245350705483,-0.00394322794147837,0.0581059902970272,0.184923565887721,0.121514778092374,0.126817575590694,0.0319100621720729,TRUE,199,199,0,"OK","P14-C001",10,20,400,0.05,"balanced","weak","regular",20,20,0,0.0025,0,0.066
"V4-CMP-MOKKEN-TWOLEVEL-DELTA-v1","V4-TARGET-RESPONDENT-WEIGHTED-v1",0.115302122764011,0.119245350705483,-0.00394322794147119,0.0549081996627906,0.175696045865232,0.115302122764011,0.120787846202442,0.0308137922827156,TRUE,,,0,"OK","P14-C001",10,20,400,0.05,"balanced","weak","regular",20,20,0,0.0025,0,0.066
"V4-PRI-TWO-STAGE-HBB-RESP-v1","V4-TARGET-RESPONDENT-WEIGHTED-v1",0.148049301686094,0.119245350705483,0.0288039509806112,0.0963919228993755,0.225020879486858,0.160706401193117,0.128628956587483,0.0317723535000774,TRUE,199,199,0,"OK","P14-C001",11,20,400,0.05,"balanced","weak","regular",20,20,0,0.0025,0,0.0700000000000001
"V4-SENS-TWO-STAGE-HBB-CLUSTER-v1","V4-TARGET-EQUAL-CLUSTER-v1",0.148049301686094,0.119245350705483,0.0288039509806112,0.0903495809444404,0.223176865266808,0.156763223105624,0.132827284322368,0.0350123945924765,TRUE,199,199,0,"OK","P14-C001",11,20,400,0.05,"balanced","weak","regular",20,20,0,0.0025,0,0.0700000000000001
"V4-CMP-ONE-STAGE-CLUSTER-BB-RESP-v1","V4-TARGET-RESPONDENT-WEIGHTED-v1",0.148049301686094,0.119245350705483,0.0288039509806112,0.117697874770141,0.188770672993948,0.153234273882045,0.071072798223807,0.0171084137817386,TRUE,199,199,0,"OK","P14-C001",11,20,400,0.05,"balanced","weak","regular",20,20,0,0.0025,0,0.0700000000000001
"V4-CMP-IID-RESP-BB-v1","WORKING-INDEPENDENCE-RESPONDENT",0.148049301686094,0.119245350705483,0.0288039509806112,0.107647776092839,0.200463309187539,0.154055542640189,0.0928155330947008,0.0242104415782651,TRUE,199,199,0,"OK","P14-C001",11,20,400,0.05,"balanced","weak","regular",20,20,0,0.0025,0,0.0700000000000001
"V4-CMP-TWO-STAGE-FREQ-BOOT-RESP-v1","V4-TARGET-RESPONDENT-WEIGHTED-v1",0.148049301686094,0.119245350705483,0.0288039509806112,0.0993824196689837,0.206429652107952,0.152906035888468,0.107047232438969,0.0277844596500063,TRUE,199,199,0,"OK","P14-C001",11,20,400,0.05,"balanced","weak","regular",20,20,0,0.0025,0,0.0700000000000001
"V4-CMP-MOKKEN-TWOLEVEL-DELTA-v1","V4-TARGET-RESPONDENT-WEIGHTED-v1",0.148049301686099,0.119245350705483,0.0288039509806164,0.0930779423078343,0.203020661064364,0.148049301686099,0.109942718756529,0.028047127300232,TRUE,,,0,"OK","P14-C001",11,20,400,0.05,"balanced","weak","regular",20,20,0,0.0025,0,0.0700000000000001
"V4-PRI-TWO-STAGE-HBB-RESP-v1","V4-TARGET-RESPONDENT-WEIGHTED-v1",0.104130060017113,0.119245350705483,-0.01511529068837,0.0382750421823113,0.17341747014824,0.105846256165276,0.135142427965928,0.0332370655498742,TRUE,199,199,0,"OK","P14-C001",12,20,400,0.05,"balanced","weak","regular",20,20,0,0.0025,0,0.0660000000000001
"V4-SENS-TWO-STAGE-HBB-CLUSTER-v1","V4-TARGET-EQUAL-CLUSTER-v1",0.104130060017113,0.119245350705483,-0.01511529068837,0.0418502681226118,0.176743736033238,0.109297002077925,0.134893467910626,0.035108338140785,TRUE,199,199,0,"OK","P14-C001",12,20,400,0.05,"balanced","weak","regular",20,20,0,0.0025,0,0.0660000000000001
"V4-CMP-ONE-STAGE-CLUSTER-BB-RESP-v1","V4-TARGET-RESPONDENT-WEIGHTED-v1",0.104130060017113,0.119245350705483,-0.01511529068837,0.0667464603373369,0.138689940909652,0.102718200623495,0.0719434805723155,0.0186976452031539,TRUE,199,199,0,"OK","P14-C001",12,20,400,0.05,"balanced","weak","regular",20,20,0,0.0025,0,0.0660000000000001
"V4-CMP-IID-RESP-BB-v1","WORKING-INDEPENDENCE-RESPONDENT",0.104130060017113,0.119245350705483,-0.01511529068837,0.0672611908418987,0.15111878266666,0.10918998675428,0.0838575918247617,0.0227622216641624,TRUE,199,199,0,"OK","P14-C001",12,20,400,0.05,"balanced","weak","regular",20,20,0,0.0025,0,0.0660000000000001
"V4-CMP-TWO-STAGE-FREQ-BOOT-RESP-v1","V4-TARGET-RESPONDENT-WEIGHTED-v1",0.104130060017113,0.119245350705483,-0.01511529068837,0.0449556027460104,0.166129752488165,0.105542677617088,0.121174149742155,0.0303726811930183,TRUE,199,199,0,"OK","P14-C001",12,20,400,0.05,"balanced","weak","regular",20,20,0,0.0025,0,0.0660000000000001
"V4-CMP-MOKKEN-TWOLEVEL-DELTA-v1","V4-TARGET-RESPONDENT-WEIGHTED-v1",0.104130060017121,0.119245350705483,-0.0151152906883616,0.0477240131822313,0.160536106852011,0.104130060017121,0.112812093669779,0.028779124147083,TRUE,,,0,"OK","P14-C001",12,20,400,0.05,"balanced","weak","regular",20,20,0,0.0025,0,0.0660000000000001
"V4-PRI-TWO-STAGE-HBB-RESP-v1","V4-TARGET-RESPONDENT-WEIGHTED-v1",0.0608140722077724,0.119245350705483,-0.0584312784977102,0.0111328480234664,0.129213327691289,0.0701730878573779,0.118080479667823,0.0307790188136356,TRUE,199,199,0,"OK","P14-C001",13,20,400,0.05,"balanced","weak","regular",20,20,0,0.0025,0,0.069
"V4-SENS-TWO-STAGE-HBB-CLUSTER-v1","V4-TARGET-EQUAL-CLUSTER-v1",0.0608140722077724,0.119245350705483,-0.0584312784977102,0.00497895989029351,0.126076121135021,0.0655275405126572,0.121097161244727,0.031141985822317,TRUE,199,199,0,"OK","P14-C001",13,20,400,0.05,"balanced","weak","regular",20,20,0,0.0025,0,0.069
"V4-CMP-ONE-STAGE-CLUSTER-BB-RESP-v1","V4-TARGET-RESPONDENT-WEIGHTED-v1",0.0608140722077724,0.119245350705483,-0.0584312784977102,0.0200826019214567,0.103346074528753,0.061714338225105,0.0832634726072966,0.0205362391964711,FALSE,199,199,0,"OK","P14-C001",13,20,400,0.05,"balanced","weak","regular",20,20,0,0.0025,0,0.069
"V4-CMP-IID-RESP-BB-v1","WORKING-INDEPENDENCE-RESPONDENT",0.0608140722077724,0.119245350705483,-0.0584312784977102,0.0236022307545572,0.0970771153704298,0.0603396730624935,0.0734748846158726,0.0183438764344549,FALSE,199,199,0,"OK","P14-C001",13,20,400,0.05,"balanced","weak","regular",20,20,0,0.0025,0,0.069
"V4-CMP-TWO-STAGE-FREQ-BOOT-RESP-v1","V4-TARGET-RESPONDENT-WEIGHTED-v1",0.0608140722077724,0.119245350705483,-0.0584312784977102,0.00706545917771645,0.128351985167226,0.067708722172471,0.121286525989509,0.030050007310596,TRUE,199,199,0,"OK","P14-C001",13,20,400,0.05,"balanced","weak","regular",20,20,0,0.0025,0,0.069
"V4-CMP-MOKKEN-TWOLEVEL-DELTA-v1","V4-TARGET-RESPONDENT-WEIGHTED-v1",0.0608140722077786,0.119245350705483,-0.058431278497704,0.00665724655417244,0.114970897861385,0.0608140722077786,0.108313651307212,0.0276315412327922,FALSE,,,0,"OK","P14-C001",13,20,400,0.05,"balanced","weak","regular",20,20,0,0.0025,0,0.069
"V4-PRI-TWO-STAGE-HBB-RESP-v1","V4-TARGET-RESPONDENT-WEIGHTED-v1",0.12428753945498,0.119245350705483,0.00504218874949752,0.0676693628292787,0.192352256578378,0.130010809703828,0.124682893749099,0.0302827617365894,TRUE,199,199,0,"OK","P14-C001",14,20,400,0.05,"balanced","weak","regular",20,20,0,0.0025,0,0.0680000000000001
"V4-SENS-TWO-STAGE-HBB-CLUSTER-v1","V4-TARGET-EQUAL-CLUSTER-v1",0.12428753945498,0.119245350705483,0.00504218874949752,0.0665500619625869,0.202135347255807,0.134342704609197,0.13558528529322,0.0334616729303808,TRUE,199,199,0,"OK","P14-C001",14,20,400,0.05,"balanced","weak","regular",20,20,0,0.0025,0,0.0680000000000001
"V4-CMP-ONE-STAGE-CLUSTER-BB-RESP-v1","V4-TARGET-RESPONDENT-WEIGHTED-v1",0.12428753945498,0.119245350705483,0.00504218874949752,0.0945460686024035,0.160974584263699,0.127760326433051,0.0664285156612957,0.01696990751741,TRUE,199,199,0,"OK","P14-C001",14,20,400,0.05,"balanced","weak","regular",20,20,0,0.0025,0,0.0680000000000001
"V4-CMP-IID-RESP-BB-v1","WORKING-INDEPENDENCE-RESPONDENT",0.12428753945498,0.119245350705483,0.00504218874949752,0.0854352096357776,0.163334764279303,0.12438498695754,0.0778995546435254,0.0195841602075909,TRUE,199,199,0,"OK","P14-C001",14,20,400,0.05,"balanced","weak","regular",20,20,0,0.0025,0,0.0680000000000001
"V4-CMP-TWO-STAGE-FREQ-BOOT-RESP-v1","V4-TARGET-RESPONDENT-WEIGHTED-v1",0.12428753945498,0.119245350705483,0.00504218874949752,0.0709297346007057,0.178153861976845,0.124541798288775,0.107224127376139,0.0277947840743744,TRUE,199,199,0,"OK","P14-C001",14,20,400,0.05,"balanced","weak","regular",20,20,0,0.0025,0,0.0680000000000001
"V4-CMP-MOKKEN-TWOLEVEL-DELTA-v1","V4-TARGET-RESPONDENT-WEIGHTED-v1",0.124287539454987,0.119245350705483,0.00504218874950423,0.0716676580513408,0.176907420858633,0.124287539454987,0.105239762807292,0.0268473715939196,TRUE,,,0,"OK","P14-C001",14,20,400,0.05,"balanced","weak","regular",20,20,0,0.0025,0,0.0680000000000001
"V4-PRI-TWO-STAGE-HBB-RESP-v1","V4-TARGET-RESPONDENT-WEIGHTED-v1",0.124582612694846,0.119245350705483,0.00533726198936378,0.0531264660401465,0.208177856922764,0.130652161481455,0.155051390882618,0.0393028923491757,TRUE,199,199,0,"OK","P14-C001",15,20,400,0.05,"balanced","weak","regular",20,20,0,0.00250000000000006,0,0.0680000000000001
"V4-SENS-TWO-STAGE-HBB-CLUSTER-v1","V4-TARGET-EQUAL-CLUSTER-v1",0.124582612694846,0.119245350705483,0.00533726198936378,0.0506055220798823,0.207933099883387,0.129269310981635,0.157327577803505,0.0393193880819754,TRUE,199,199,0,"OK","P14-C001",15,20,400,0.05,"balanced","weak","regular",20,20,0,0.00250000000000006,0,0.0680000000000001
"V4-CMP-ONE-STAGE-CLUSTER-BB-RESP-v1","V4-TARGET-RESPONDENT-WEIGHTED-v1",0.124582612694846,0.119245350705483,0.00533726198936378,0.0805157051464117,0.165968734997188,0.1232422200718,0.0854530298507766,0.0230984722402444,TRUE,199,199,0,"OK","P14-C001",15,20,400,0.05,"balanced","weak","regular",20,20,0,0.00250000000000006,0,0.0680000000000001
"V4-CMP-IID-RESP-BB-v1","WORKING-INDEPENDENCE-RESPONDENT",0.124582612694846,0.119245350705483,0.00533726198936378,0.0815216646987299,0.168848636544683,0.125185150621706,0.0873269718459531,0.0225981396322183,TRUE,199,199,0,"OK","P14-C001",15,20,400,0.05,"balanced","weak","regular",20,20,0,0.00250000000000006,0,0.0680000000000001
"V4-CMP-TWO-STAGE-FREQ-BOOT-RESP-v1","V4-TARGET-RESPONDENT-WEIGHTED-v1",0.124582612694846,0.119245350705483,0.00533726198936378,0.071100634569348,0.194723760244731,0.13291219740704,0.123623125675383,0.0323154665230283,TRUE,199,199,0,"OK","P14-C001",15,20,400,0.05,"balanced","weak","regular",20,20,0,0.00250000000000006,0,0.0680000000000001
"V4-CMP-MOKKEN-TWOLEVEL-DELTA-v1","V4-TARGET-RESPONDENT-WEIGHTED-v1",0.124582612694852,0.119245350705483,0.00533726198936955,0.0606625989035202,0.188502626486184,0.124582612694852,0.127840027582664,0.0326128512031471,TRUE,,,0,"OK","P14-C001",15,20,400,0.05,"balanced","weak","regular",20,20,0,0.00250000000000006,0,0.0680000000000001
"V4-PRI-TWO-STAGE-HBB-RESP-v1","V4-TARGET-RESPONDENT-WEIGHTED-v1",0.082667314770382,0.119245350705483,-0.0365780359351005,0.0302794132383395,0.149212642464141,0.0897460278512403,0.118933229225802,0.0315710037990348,TRUE,199,199,0,"OK","P14-C001",16,20,400,0.05,"balanced","weak","regular",20,20,0,0,1,0.081
"V4-SENS-TWO-STAGE-HBB-CLUSTER-v1","V4-TARGET-EQUAL-CLUSTER-v1",0.082667314770382,0.119245350705483,-0.0365780359351005,0.0192557591684287,0.147741399551692,0.0834985793600602,0.128485640383263,0.0315035737161765,TRUE,199,199,0,"OK","P14-C001",16,20,400,0.05,"balanced","weak","regular",20,20,0,0,1,0.081
"V4-CMP-ONE-STAGE-CLUSTER-BB-RESP-v1","V4-TARGET-RESPONDENT-WEIGHTED-v1",0.082667314770382,0.119245350705483,-0.0365780359351005,0.0526277932794581,0.121409153712138,0.0870184734957978,0.0687813604326795,0.0177897743780903,TRUE,199,199,0,"OK","P14-C001",16,20,400,0.05,"balanced","weak","regular",20,20,0,0,1,0.081
"V4-CMP-IID-RESP-BB-v1","WORKING-INDEPENDENCE-RESPONDENT",0.082667314770382,0.119245350705483,-0.0365780359351005,0.0385138606188399,0.124155962227437,0.0813349114231384,0.085642101608597,0.0206150292619157,TRUE,199,199,0,"OK","P14-C001",16,20,400,0.05,"balanced","weak","regular",20,20,0,0,1,0.081
"V4-CMP-TWO-STAGE-FREQ-BOOT-RESP-v1","V4-TARGET-RESPONDENT-WEIGHTED-v1",0.082667314770382,0.119245350705483,-0.0365780359351005,0.0263835671044201,0.140090128464869,0.0832368477846447,0.113706561360449,0.028624549646323,TRUE,199,199,0,"OK","P14-C001",16,20,400,0.05,"balanced","weak","regular",20,20,0,0,1,0.081
"V4-CMP-MOKKEN-TWOLEVEL-DELTA-v1","V4-TARGET-RESPONDENT-WEIGHTED-v1",0.0826673147703871,0.119245350705483,-0.0365780359350955,0.0289063314670452,0.136428298073729,0.0826673147703871,0.107521966606684,0.0274295771388667,TRUE,,,0,"OK","P14-C001",16,20,400,0.05,"balanced","weak","regular",20,20,0,0,1,0.081
"V4-PRI-TWO-STAGE-HBB-RESP-v1","V4-TARGET-RESPONDENT-WEIGHTED-v1",0.0985207027750735,0.119245350705483,-0.0207246479304091,0.0421652946975991,0.16994666197661,0.106055978337104,0.127781367279011,0.0323728386008831,TRUE,199,199,0,"OK","P14-C001",17,20,400,0.05,"balanced","weak","regular",20,20,0,0,1,0.0679999999999998
"V4-SENS-TWO-STAGE-HBB-CLUSTER-v1","V4-TARGET-EQUAL-CLUSTER-v1",0.0985207027750735,0.119245350705483,-0.0207246479304091,0.0461697600991829,0.174772038236709,0.110470899167946,0.128602278137526,0.0316471199003002,TRUE,199,199,0,"OK","P14-C001",17,20,400,0.05,"balanced","weak","regular",20,20,0,0,1,0.0679999999999998
"V4-CMP-ONE-STAGE-CLUSTER-BB-RESP-v1","V4-TARGET-RESPONDENT-WEIGHTED-v1",0.0985207027750735,0.119245350705483,-0.0207246479304091,0.0637052906476998,0.140226587863791,0.101965939255745,0.0765212972160914,0.0198106750320482,TRUE,199,199,0,"OK","P14-C001",17,20,400,0.05,"balanced","weak","regular",20,20,0,0,1,0.0679999999999998
"V4-CMP-IID-RESP-BB-v1","WORKING-INDEPENDENCE-RESPONDENT",0.0985207027750735,0.119245350705483,-0.0207246479304091,0.0613353132549776,0.136759182052584,0.099047247653781,0.0754238687976067,0.0205038392107774,TRUE,199,199,0,"OK","P14-C001",17,20,400,0.05,"balanced","weak","regular",20,20,0,0,1,0.0679999999999998
"V4-CMP-TWO-STAGE-FREQ-BOOT-RESP-v1","V4-TARGET-RESPONDENT-WEIGHTED-v1",0.0985207027750735,0.119245350705483,-0.0207246479304091,0.0470393735074883,0.15474859476918,0.100893984138334,0.107709221261692,0.0285449574989529,TRUE,199,199,0,"OK","P14-C001",17,20,400,0.05,"balanced","weak","regular",20,20,0,0,1,0.0679999999999998
"V4-CMP-MOKKEN-TWOLEVEL-DELTA-v1","V4-TARGET-RESPONDENT-WEIGHTED-v1",0.0985207027750783,0.119245350705483,-0.0207246479304043,0.0444911241784309,0.152550281371726,0.0985207027750783,0.108059157193295,0.0275666180719778,TRUE,,,0,"OK","P14-C001",17,20,400,0.05,"balanced","weak","regular",20,20,0,0,1,0.0679999999999998
"V4-PRI-TWO-STAGE-HBB-RESP-v1","V4-TARGET-RESPONDENT-WEIGHTED-v1",0.131082175522044,0.119245350705483,0.0118368248165611,0.0792069103325271,0.193216557810452,0.136211734071489,0.114009647477925,0.0303297794000971,TRUE,199,199,0,"OK","P14-C001",18,20,400,0.05,"balanced","weak","regular",20,20,0,0,1,0.0790000000000002
"V4-SENS-TWO-STAGE-HBB-CLUSTER-v1","V4-TARGET-EQUAL-CLUSTER-v1",0.131082175522044,0.119245350705483,0.0118368248165611,0.0698937261294319,0.204371891791258,0.137132808960345,0.134478165661826,0.0331364334943286,TRUE,199,199,0,"OK","P14-C001",18,20,400,0.05,"balanced","weak","regular",20,20,0,0,1,0.0790000000000002
"V4-CMP-ONE-STAGE-CLUSTER-BB-RESP-v1","V4-TARGET-RESPONDENT-WEIGHTED-v1",0.131082175522044,0.119245350705483,0.0118368248165611,0.109732276636422,0.159990174609346,0.134861225622884,0.0502578979729245,0.0133341317595667,TRUE,199,199,0,"OK","P14-C001",18,20,400,0.05,"balanced","weak","regular",20,20,0,0,1,0.0790000000000002
"V4-CMP-IID-RESP-BB-v1","WORKING-INDEPENDENCE-RESPONDENT",0.131082175522044,0.119245350705483,0.0118368248165611,0.0905297076932373,0.173668662393227,0.132099185043232,0.0831389546999896,0.0222791993406482,TRUE,199,199,0,"OK","P14-C001",18,20,400,0.05,"balanced","weak","regular",20,20,0,0,1,0.0790000000000002
"V4-CMP-TWO-STAGE-FREQ-BOOT-RESP-v1","V4-TARGET-RESPONDENT-WEIGHTED-v1",0.131082175522044,0.119245350705483,0.0118368248165611,0.0862324903840413,0.183125270046806,0.134678880215424,0.0968927796627647,0.0248267337081969,TRUE,199,199,0,"OK","P14-C001",18,20,400,0.05,"balanced","weak","regular",20,20,0,0,1,0.0790000000000002
"V4-CMP-MOKKEN-TWOLEVEL-DELTA-v1","V4-TARGET-RESPONDENT-WEIGHTED-v1",0.131082175522051,0.119245350705483,0.0118368248165685,0.0801514156100701,0.182012935434032,0.131082175522051,0.101861519823962,0.0259855590784914,TRUE,,,0,"OK","P14-C001",18,20,400,0.05,"balanced","weak","regular",20,20,0,0,1,0.0790000000000002
"V4-PRI-TWO-STAGE-HBB-RESP-v1","V4-TARGET-RESPONDENT-WEIGHTED-v1",0.116378788832044,0.119245350705483,-0.00286656187343813,0.0519908073883415,0.196604317809654,0.124297562598998,0.144613510421313,0.0368251603387404,TRUE,199,199,0,"OK","P14-C001",19,20,400,0.05,"balanced","weak","regular",20,20,0,0.00500000000000012,0,0.065
"V4-SENS-TWO-STAGE-HBB-CLUSTER-v1","V4-TARGET-EQUAL-CLUSTER-v1",0.116378788832044,0.119245350705483,-0.00286656187343813,0.0597407401012048,0.197552277830984,0.128646508966095,0.13781153772978,0.0361051314980111,TRUE,199,199,0,"OK","P14-C001",19,20,400,0.05,"balanced","weak","regular",20,20,0,0.00500000000000012,0,0.065
"V4-CMP-ONE-STAGE-CLUSTER-BB-RESP-v1","V4-TARGET-RESPONDENT-WEIGHTED-v1",0.116378788832044,0.119245350705483,-0.00286656187343813,0.0774753443597172,0.15921923372655,0.118347289043133,0.0817438893668323,0.0192048283776118,TRUE,199,199,0,"OK","P14-C001",19,20,400,0.05,"balanced","weak","regular",20,20,0,0.00500000000000012,0,0.065
"V4-CMP-IID-RESP-BB-v1","WORKING-INDEPENDENCE-RESPONDENT",0.116378788832044,0.119245350705483,-0.00286656187343813,0.077826233236859,0.161708878619186,0.119767555928023,0.0838826453823271,0.0216016929849454,TRUE,199,199,0,"OK","P14-C001",19,20,400,0.05,"balanced","weak","regular",20,20,0,0.00500000000000012,0,0.065
"V4-CMP-TWO-STAGE-FREQ-BOOT-RESP-v1","V4-TARGET-RESPONDENT-WEIGHTED-v1",0.116378788832044,0.119245350705483,-0.00286656187343813,0.0608817467612036,0.168793577134892,0.114837661948048,0.107911830373689,0.0287561086595062,TRUE,199,199,0,"OK","P14-C001",19,20,400,0.05,"balanced","weak","regular",20,20,0,0.00500000000000012,0,0.065
"V4-CMP-MOKKEN-TWOLEVEL-DELTA-v1","V4-TARGET-RESPONDENT-WEIGHTED-v1",0.11637878883205,0.119245350705483,-0.00286656187343261,0.057674946030291,0.175082631633809,0.11637878883205,0.117407685603518,0.029951490570647,TRUE,,,0,"OK","P14-C001",19,20,400,0.05,"balanced","weak","regular",20,20,0,0.00500000000000012,0,0.065
"V4-PRI-TWO-STAGE-HBB-RESP-v1","V4-TARGET-RESPONDENT-WEIGHTED-v1",0.139571455785454,0.119245350705483,0.0203261050799712,0.0811568623373839,0.201276746604608,0.141216804470996,0.120119884267224,0.0317569844660074,TRUE,199,199,0,"OK","P14-C001",20,20,400,0.05,"balanced","weak","regular",20,20,0,0,1,0.0660000000000001
"V4-SENS-TWO-STAGE-HBB-CLUSTER-v1","V4-TARGET-EQUAL-CLUSTER-v1",0.139571455785454,0.119245350705483,0.0203261050799712,0.0815632928577291,0.20042988802699,0.14099659044236,0.118866595169261,0.0309846680951189,TRUE,199,199,0,"OK","P14-C001",20,20,400,0.05,"balanced","weak","regular",20,20,0,0,1,0.0660000000000001
"V4-CMP-ONE-STAGE-CLUSTER-BB-RESP-v1","V4-TARGET-RESPONDENT-WEIGHTED-v1",0.139571455785454,0.119245350705483,0.0203261050799712,0.111162794594877,0.169040696337854,0.140101745466365,0.057877901742977,0.0142081464050091,TRUE,199,199,0,"OK","P14-C001",20,20,400,0.05,"balanced","weak","regular",20,20,0,0,1,0.0660000000000001
"V4-CMP-IID-RESP-BB-v1","WORKING-INDEPENDENCE-RESPONDENT",0.139571455785454,0.119245350705483,0.0203261050799712,0.103559517095424,0.183160118333012,0.143359817714218,0.0796006012375884,0.0205281893247105,TRUE,199,199,0,"OK","P14-C001",20,20,400,0.05,"balanced","weak","regular",20,20,0,0,1,0.0660000000000001
"V4-CMP-TWO-STAGE-FREQ-BOOT-RESP-v1","V4-TARGET-RESPONDENT-WEIGHTED-v1",0.139571455785454,0.119245350705483,0.0203261050799712,0.0897164961212254,0.191052448333751,0.140384472227488,0.101335952212525,0.0266497869228839,TRUE,199,199,0,"OK","P14-C001",20,20,400,0.05,"balanced","weak","regular",20,20,0,0,1,0.0660000000000001
"V4-CMP-MOKKEN-TWOLEVEL-DELTA-v1","V4-TARGET-RESPONDENT-WEIGHTED-v1",0.139571455785457,0.119245350705483,0.0203261050799749,0.0888476615572254,0.19029525001369,0.139571455785457,0.101447588456464,0.0258799624015211,TRUE,,,0,"OK","P14-C001",20,20,400,0.05,"balanced","weak","regular",20,20,0,0,1,0.0660000000000001
"V4-PRI-TWO-STAGE-HBB-RESP-v1","V4-TARGET-RESPONDENT-WEIGHTED-v1",0.0855769188958669,0.119245350705483,-0.0336684318096157,0.0145109514796948,0.148994373997888,0.0817526627387912,0.134483422518193,0.0354091435163012,TRUE,199,199,0,"OK","P14-C001",21,20,400,0.05,"balanced","weak","regular",20,20,0,0.0025,0,0.065
"V4-SENS-TWO-STAGE-HBB-CLUSTER-v1","V4-TARGET-EQUAL-CLUSTER-v1",0.0855769188958669,0.119245350705483,-0.0336684318096157,0.0146859128136224,0.149049408577875,0.0818676606957487,0.134363495764253,0.0329910768122119,TRUE,199,199,0,"OK","P14-C001",21,20,400,0.05,"balanced","weak","regular",20,20,0,0.0025,0,0.065
"V4-CMP-ONE-STAGE-CLUSTER-BB-RESP-v1","V4-TARGET-RESPONDENT-WEIGHTED-v1",0.0855769188958669,0.119245350705483,-0.0336684318096157,0.0368058412720983,0.14219924919203,0.0895025452320644,0.105393407919932,0.0243802357199134,TRUE,199,199,0,"OK","P14-C001",21,20,400,0.05,"balanced","weak","regular",20,20,0,0.0025,0,0.065
"V4-CMP-IID-RESP-BB-v1","WORKING-INDEPENDENCE-RESPONDENT",0.0855769188958669,0.119245350705483,-0.0336684318096157,0.0497732644711767,0.125320435998647,0.0875468502349118,0.0755471715274701,0.0202732357743351,TRUE,199,199,0,"OK","P14-C001",21,20,400,0.05,"balanced","weak","regular",20,20,0,0.0025,0,0.065
"V4-CMP-TWO-STAGE-FREQ-BOOT-RESP-v1","V4-TARGET-RESPONDENT-WEIGHTED-v1",0.0855769188958669,0.119245350705483,-0.0336684318096157,0.0284840434738376,0.159577163805792,0.0940306036398148,0.131093120331954,0.0333584788114002,TRUE,199,199,0,"OK","P14-C001",21,20,400,0.05,"balanced","weak","regular",20,20,0,0.0025,0,0.065
"V4-CMP-MOKKEN-TWOLEVEL-DELTA-v1","V4-TARGET-RESPONDENT-WEIGHTED-v1",0.0855769188958725,0.119245350705483,-0.0336684318096101,0.0238229874392104,0.147330850352535,0.0855769188958725,0.123507862913324,0.0315076868471917,TRUE,,,0,"OK","P14-C001",21,20,400,0.05,"balanced","weak","regular",20,20,0,0.0025,0,0.065
"V4-PRI-TWO-STAGE-HBB-RESP-v1","V4-TARGET-RESPONDENT-WEIGHTED-v1",0.126118850766872,0.119245350705483,0.0068735000613898,0.0679369844402436,0.196699092244297,0.13231803834227,0.128762107804054,0.031448976368916,TRUE,199,199,0,"OK","P14-C001",22,20,400,0.05,"balanced","weak","regular",20,20,0,0.005,0,0.065
"V4-SENS-TWO-STAGE-HBB-CLUSTER-v1","V4-TARGET-EQUAL-CLUSTER-v1",0.126118850766872,0.119245350705483,0.0068735000613898,0.0621457363720481,0.198220883615528,0.130183309993788,0.13607514724348,0.0350604135423418,TRUE,199,199,0,"OK","P14-C001",22,20,400,0.05,"balanced","weak","regular",20,20,0,0.005,0,0.065
"V4-CMP-ONE-STAGE-CLUSTER-BB-RESP-v1","V4-TARGET-RESPONDENT-WEIGHTED-v1",0.126118850766872,0.119245350705483,0.0068735000613898,0.0885012998446476,0.16981625241865,0.129158776131649,0.0813149525740024,0.0210601094619344,TRUE,199,199,0,"OK","P14-C001",22,20,400,0.05,"balanced","weak","regular",20,20,0,0.005,0,0.065
"V4-CMP-IID-RESP-BB-v1","WORKING-INDEPENDENCE-RESPONDENT",0.126118850766872,0.119245350705483,0.0068735000613898,0.0882397728279338,0.177535103533,0.132887438180467,0.0892953307050657,0.0218877689068133,TRUE,199,199,0,"OK","P14-C001",22,20,400,0.05,"balanced","weak","regular",20,20,0,0.005,0,0.065
"V4-CMP-TWO-STAGE-FREQ-BOOT-RESP-v1","V4-TARGET-RESPONDENT-WEIGHTED-v1",0.126118850766872,0.119245350705483,0.0068735000613898,0.074334877667856,0.184465030293327,0.129399953980591,0.11013015262547,0.0280761005318122,TRUE,199,199,0,"OK","P14-C001",22,20,400,0.05,"balanced","weak","regular",20,20,0,0.005,0,0.065
"V4-CMP-MOKKEN-TWOLEVEL-DELTA-v1","V4-TARGET-RESPONDENT-WEIGHTED-v1",0.126118850766879,0.119245350705483,0.00687350006139663,0.070178998418775,0.182058703114983,0.126118850766879,0.111879704696208,0.028541265446381,TRUE,,,0,"OK","P14-C001",22,20,400,0.05,"balanced","weak","regular",20,20,0,0.005,0,0.065
"V4-PRI-TWO-STAGE-HBB-RESP-v1","V4-TARGET-RESPONDENT-WEIGHTED-v1",0.144094319794136,0.119245350705483,0.024848969088653,0.0697881304765567,0.228226915748678,0.149007523112617,0.158438785272121,0.0373441879144394,TRUE,199,199,0,"OK","P14-C001",23,20,400,0.05,"balanced","weak","regular",20,20,0,0,2,0.0680000000000001
"V4-SENS-TWO-STAGE-HBB-CLUSTER-v1","V4-TARGET-EQUAL-CLUSTER-v1",0.144094319794136,0.119245350705483,0.024848969088653,0.0729648048618736,0.234440761363614,0.153702783112744,0.16147595650174,0.039630346320854,TRUE,199,199,0,"OK","P14-C001",23,20,400,0.05,"balanced","weak","regular",20,20,0,0,2,0.0680000000000001
"V4-CMP-ONE-STAGE-CLUSTER-BB-RESP-v1","V4-TARGET-RESPONDENT-WEIGHTED-v1",0.144094319794136,0.119245350705483,0.024848969088653,0.0892552274154292,0.193254331366635,0.141254779391032,0.103999103951205,0.0269223699509242,TRUE,199,199,0,"OK","P14-C001",23,20,400,0.05,"balanced","weak","regular",20,20,0,0,2,0.0680000000000001
"V4-CMP-IID-RESP-BB-v1","WORKING-INDEPENDENCE-RESPONDENT",0.144094319794136,0.119245350705483,0.024848969088653,0.104172252543686,0.188402231468659,0.146287242006173,0.0842299789249725,0.0217632868738594,TRUE,199,199,0,"OK","P14-C001",23,20,400,0.05,"balanced","weak","regular",20,20,0,0,2,0.0680000000000001
"V4-CMP-TWO-STAGE-FREQ-BOOT-RESP-v1","V4-TARGET-RESPONDENT-WEIGHTED-v1",0.144094319794136,0.119245350705483,0.024848969088653,0.0837578917365574,0.226609127131418,0.155183509433988,0.142851235394861,0.0355238220591909,TRUE,199,199,0,"OK","P14-C001",23,20,400,0.05,"balanced","weak","regular",20,20,0,0,2,0.0680000000000001
"V4-CMP-MOKKEN-TWOLEVEL-DELTA-v1","V4-TARGET-RESPONDENT-WEIGHTED-v1",0.144094319794142,0.119245350705483,0.0248489690886591,0.0757842295969615,0.212404409991322,0.144094319794142,0.13662018039436,0.0348527272623382,TRUE,,,0,"OK","P14-C001",23,20,400,0.05,"balanced","weak","regular",20,20,0,0,2,0.0680000000000001
"V4-PRI-TWO-STAGE-HBB-RESP-v1","V4-TARGET-RESPONDENT-WEIGHTED-v1",0.147928813047238,0.119245350705483,0.0286834623417556,0.0850446974260745,0.211082426821757,0.148063562123916,0.126037729395683,0.035692762589052,TRUE,199,199,0,"OK","P14-C001",24,20,400,0.05,"balanced","weak","regular",20,20,0,0.0025,0,0.0660000000000001
"V4-SENS-TWO-STAGE-HBB-CLUSTER-v1","V4-TARGET-EQUAL-CLUSTER-v1",0.147928813047238,0.119245350705483,0.0286834623417556,0.090995611708253,0.217967041657793,0.154481326683023,0.12697142994954,0.0333802959201263,TRUE,199,199,0,"OK","P14-C001",24,20,400,0.05,"balanced","weak","regular",20,20,0,0.0025,0,0.0660000000000001
"V4-CMP-ONE-STAGE-CLUSTER-BB-RESP-v1","V4-TARGET-RESPONDENT-WEIGHTED-v1",0.147928813047238,0.119245350705483,0.0286834623417556,0.112981641719582,0.184450691958386,0.148716166838984,0.0714690502388045,0.0192701170029763,TRUE,199,199,0,"OK","P14-C001",24,20,400,0.05,"balanced","weak","regular",20,20,0,0.0025,0,0.0660000000000001
"V4-CMP-IID-RESP-BB-v1","WORKING-INDEPENDENCE-RESPONDENT",0.147928813047238,0.119245350705483,0.0286834623417556,0.104903856696797,0.189510103174367,0.147206979935582,0.0846062464775699,0.0213644455862354,TRUE,199,199,0,"OK","P14-C001",24,20,400,0.05,"balanced","weak","regular",20,20,0,0.0025,0,0.0660000000000001
"V4-CMP-TWO-STAGE-FREQ-BOOT-RESP-v1","V4-TARGET-RESPONDENT-WEIGHTED-v1",0.147928813047238,0.119245350705483,0.0286834623417556,0.0873932894542599,0.212517344355988,0.149955316905124,0.125124054901729,0.0292580073670818,TRUE,199,199,0,"OK","P14-C001",24,20,400,0.05,"balanced","weak","regular",20,20,0,0.0025,0,0.0660000000000001
"V4-CMP-MOKKEN-TWOLEVEL-DELTA-v1","V4-TARGET-RESPONDENT-WEIGHTED-v1",0.147928813047244,0.119245350705483,0.0286834623417615,0.0919997678170944,0.203857858277394,0.147928813047244,0.1118580904603,0.02853575150937,TRUE,,,0,"OK","P14-C001",24,20,400,0.05,"balanced","weak","regular",20,20,0,0.0025,0,0.0660000000000001
"V4-PRI-TWO-STAGE-HBB-RESP-v1","V4-TARGET-RESPONDENT-WEIGHTED-v1",0.123604154275167,0.119245350705483,0.00435880356968397,0.0567033264652865,0.20192600837675,0.129314667421018,0.145222681911463,0.0356596816729962,TRUE,199,199,0,"OK","P14-C001",25,20,400,0.05,"balanced","weak","regular",20,20,0,0,2,0.0669999999999997
"V4-SENS-TWO-STAGE-HBB-CLUSTER-v1","V4-TARGET-EQUAL-CLUSTER-v1",0.123604154275167,0.119245350705483,0.00435880356968397,0.0629319633620317,0.196679343814636,0.129805653588334,0.133747380452604,0.0342655392154295,TRUE,199,199,0,"OK","P14-C001",25,20,400,0.05,"balanced","weak","regular",20,20,0,0,2,0.0669999999999997
"V4-CMP-ONE-STAGE-CLUSTER-BB-RESP-v1","V4-TARGET-RESPONDENT-WEIGHTED-v1",0.123604154275167,0.119245350705483,0.00435880356968397,0.0906632419704463,0.170408631729847,0.130535936850147,0.079745389759401,0.021538892866244,TRUE,199,199,0,"OK","P14-C001",25,20,400,0.05,"balanced","weak","regular",20,20,0,0,2,0.0669999999999997
"V4-CMP-IID-RESP-BB-v1","WORKING-INDEPENDENCE-RESPONDENT",0.123604154275167,0.119245350705483,0.00435880356968397,0.0777554615290631,0.167975969257729,0.122865715393396,0.0902205077286658,0.0224888905852825,TRUE,199,199,0,"OK","P14-C001",25,20,400,0.05,"balanced","weak","regular",20,20,0,0,2,0.0669999999999997
"V4-CMP-TWO-STAGE-FREQ-BOOT-RESP-v1","V4-TARGET-RESPONDENT-WEIGHTED-v1",0.123604154275167,0.119245350705483,0.00435880356968397,0.0657395848982721,0.187177163248253,0.126458374073262,0.12143757834998,0.0290964309943673,TRUE,199,199,0,"OK","P14-C001",25,20,400,0.05,"balanced","weak","regular",20,20,0,0,2,0.0669999999999997
"V4-CMP-MOKKEN-TWOLEVEL-DELTA-v1","V4-TARGET-RESPONDENT-WEIGHTED-v1",0.123604154275172,0.119245350705483,0.00435880356968942,0.0640197940904254,0.183188514459919,0.123604154275172,0.119168720369493,0.0304007423885033,TRUE,,,0,"OK","P14-C001",25,20,400,0.05,"balanced","weak","regular",20,20,0,0,2,0.0669999999999997
"V4-PRI-TWO-STAGE-HBB-RESP-v1","V4-TARGET-RESPONDENT-WEIGHTED-v1",0.123509106408109,0.119245350705483,0.00426375570262612,0.0656685641159457,0.194635259960818,0.130151912038382,0.128966695844872,0.0330951425006143,TRUE,199,199,0,"OK","P14-C001",26,20,400,0.05,"balanced","weak","regular",20,20,0,0.005,0,0.0670000000000002
"V4-SENS-TWO-STAGE-HBB-CLUSTER-v1","V4-TARGET-EQUAL-CLUSTER-v1",0.123509106408109,0.119245350705483,0.00426375570262612,0.0590402191387934,0.19500384223641,0.127022030687602,0.135963623097617,0.0343991173606707,TRUE,199,199,0,"OK","P14-C001",26,20,400,0.05,"balanced","weak","regular",20,20,0,0.005,0,0.0670000000000002
"V4-CMP-ONE-STAGE-CLUSTER-BB-RESP-v1","V4-TARGET-RESPONDENT-WEIGHTED-v1",0.123509106408109,0.119245350705483,0.00426375570262612,0.0849964842536101,0.165704580695563,0.125350532474587,0.0807080964419532,0.0208107861778863,TRUE,199,199,0,"OK","P14-C001",26,20,400,0.05,"balanced","weak","regular",20,20,0,0.005,0,0.0670000000000002
"V4-CMP-IID-RESP-BB-v1","WORKING-INDEPENDENCE-RESPONDENT",0.123509106408109,0.119245350705483,0.00426375570262612,0.0786841603515525,0.160029388768664,0.119356774560108,0.0813452284171119,0.0212276001366418,TRUE,199,199,0,"OK","P14-C001",26,20,400,0.05,"balanced","weak","regular",20,20,0,0.005,0,0.0670000000000002
"V4-CMP-TWO-STAGE-FREQ-BOOT-RESP-v1","V4-TARGET-RESPONDENT-WEIGHTED-v1",0.123509106408109,0.119245350705483,0.00426375570262612,0.0630131917689627,0.183062859192515,0.123038025480739,0.120049667423552,0.0316727827266349,TRUE,199,199,0,"OK","P14-C001",26,20,400,0.05,"balanced","weak","regular",20,20,0,0.005,0,0.0670000000000002
"V4-CMP-MOKKEN-TWOLEVEL-DELTA-v1","V4-TARGET-RESPONDENT-WEIGHTED-v1",0.123509106408116,0.119245350705483,0.00426375570263292,0.0654977498710224,0.181520462945209,0.123509106408116,0.116022713074186,0.0295981747596789,TRUE,,,0,"OK","P14-C001",26,20,400,0.05,"balanced","weak","regular",20,20,0,0.005,0,0.0670000000000002
"V4-PRI-TWO-STAGE-HBB-RESP-v1","V4-TARGET-RESPONDENT-WEIGHTED-v1",0.0958887295786444,0.119245350705483,-0.0233566211268382,0.0272617003506619,0.169301467436179,0.0982815838934207,0.142039767085518,0.0349478184343366,TRUE,199,199,0,"OK","P14-C001",27,20,400,0.05,"balanced","weak","regular",20,20,0,0.005,0,0.0659999999999998
"V4-SENS-TWO-STAGE-HBB-CLUSTER-v1","V4-TARGET-EQUAL-CLUSTER-v1",0.0958887295786444,0.119245350705483,-0.0233566211268382,0.0384490824241342,0.152974244152721,0.0957116632884278,0.114525161728587,0.0306682307126494,TRUE,199,199,0,"OK","P14-C001",27,20,400,0.05,"balanced","weak","regular",20,20,0,0.005,0,0.0659999999999998
"V4-CMP-ONE-STAGE-CLUSTER-BB-RESP-v1","V4-TARGET-RESPONDENT-WEIGHTED-v1",0.0958887295786444,0.119245350705483,-0.0233566211268382,0.0547055997128332,0.141130285982406,0.0979179428476198,0.0864246862695731,0.020632546468546,TRUE,199,199,0,"OK","P14-C001",27,20,400,0.05,"balanced","weak","regular",20,20,0,0.005,0,0.0659999999999998
"V4-CMP-IID-RESP-BB-v1","WORKING-INDEPENDENCE-RESPONDENT",0.0958887295786444,0.119245350705483,-0.0233566211268382,0.0578181906251554,0.138798670850377,0.0983084307377664,0.0809804802252221,0.0198393521424128,TRUE,199,199,0,"OK","P14-C001",27,20,400,0.05,"balanced","weak","regular",20,20,0,0.005,0,0.0659999999999998
"V4-CMP-TWO-STAGE-FREQ-BOOT-RESP-v1","V4-TARGET-RESPONDENT-WEIGHTED-v1",0.0958887295786444,0.119245350705483,-0.0233566211268382,0.0345655848140857,0.163986387380797,0.0992759860974413,0.129420802566711,0.0316828299845039,TRUE,199,199,0,"OK","P14-C001",27,20,400,0.05,"balanced","weak","regular",20,20,0,0.005,0,0.0659999999999998
"V4-CMP-MOKKEN-TWOLEVEL-DELTA-v1","V4-TARGET-RESPONDENT-WEIGHTED-v1",0.0958887295786519,0.119245350705483,-0.0233566211268307,0.0381596494510273,0.153617809706277,0.0958887295786519,0.115458160255249,0.0294541535369957,TRUE,,,0,"OK","P14-C001",27,20,400,0.05,"balanced","weak","regular",20,20,0,0.005,0,0.0659999999999998
"V4-PRI-TWO-STAGE-HBB-RESP-v1","V4-TARGET-RESPONDENT-WEIGHTED-v1",0.105489320500073,0.119245350705483,-0.0137560302054093,0.0463640597148969,0.178739640839999,0.112551850277448,0.132375581125102,0.0325991919750863,TRUE,199,199,0,"OK","P14-C001",28,20,400,0.05,"balanced","weak","regular",20,20,0,0.00250000000000006,0,0.0670000000000002
"V4-SENS-TWO-STAGE-HBB-CLUSTER-v1","V4-TARGET-EQUAL-CLUSTER-v1",0.105489320500073,0.119245350705483,-0.0137560302054093,0.0483066520762386,0.177408222336564,0.112857437206401,0.129101570260325,0.0326126729572563,TRUE,199,199,0,"OK","P14-C001",28,20,400,0.05,"balanced","weak","regular",20,20,0,0.00250000000000006,0,0.0670000000000002
"V4-CMP-ONE-STAGE-CLUSTER-BB-RESP-v1","V4-TARGET-RESPONDENT-WEIGHTED-v1",0.105489320500073,0.119245350705483,-0.0137560302054093,0.070479107271502,0.144598705866173,0.107538906568838,0.074119598594671,0.0188688412602474,TRUE,199,199,0,"OK","P14-C001",28,20,400,0.05,"balanced","weak","regular",20,20,0,0.00250000000000006,0,0.0670000000000002
"V4-CMP-IID-RESP-BB-v1","WORKING-INDEPENDENCE-RESPONDENT",0.105489320500073,0.119245350705483,-0.0137560302054093,0.061525984707271,0.147390240551136,0.104458112629203,0.0858642558438645,0.0220072102752547,TRUE,199,199,0,"OK","P14-C001",28,20,400,0.05,"balanced","weak","regular",20,20,0,0.00250000000000006,0,0.0670000000000002
"V4-CMP-TWO-STAGE-FREQ-BOOT-RESP-v1","V4-TARGET-RESPONDENT-WEIGHTED-v1",0.105489320500073,0.119245350705483,-0.0137560302054093,0.0528350177921481,0.170252332264356,0.111543675028252,0.117417314472208,0.0302494561566533,TRUE,199,199,0,"OK","P14-C001",28,20,400,0.05,"balanced","weak","regular",20,20,0,0.00250000000000006,0,0.0670000000000002
"V4-CMP-MOKKEN-TWOLEVEL-DELTA-v1","V4-TARGET-RESPONDENT-WEIGHTED-v1",0.105489320500079,0.119245350705483,-0.0137560302054035,0.0488214700252023,0.162157170974956,0.105489320500079,0.113335700949754,0.0289126998872763,TRUE,,,0,"OK","P14-C001",28,20,400,0.05,"balanced","weak","regular",20,20,0,0.00250000000000006,0,0.0670000000000002
"V4-PRI-TWO-STAGE-HBB-RESP-v1","V4-TARGET-RESPONDENT-WEIGHTED-v1",0.134338062644312,0.119245350705483,0.0150927119388297,0.0682297295914915,0.191841266648608,0.13003549812005,0.123611537057117,0.0311245948046438,TRUE,199,199,0,"OK","P14-C001",29,20,400,0.05,"balanced","weak","regular",20,20,0,0,1,0.0680000000000001
"V4-SENS-TWO-STAGE-HBB-CLUSTER-v1","V4-TARGET-EQUAL-CLUSTER-v1",0.134338062644312,0.119245350705483,0.0150927119388297,0.0775110634147156,0.205762470463472,0.141636766939094,0.128251407048756,0.0322354601428739,TRUE,199,199,0,"OK","P14-C001",29,20,400,0.05,"balanced","weak","regular",20,20,0,0,1,0.0680000000000001
"V4-CMP-ONE-STAGE-CLUSTER-BB-RESP-v1","V4-TARGET-RESPONDENT-WEIGHTED-v1",0.134338062644312,0.119245350705483,0.0150927119388297,0.10727432201232,0.160978245175027,0.134126283593673,0.0537039231627073,0.0130051117107171,TRUE,199,199,0,"OK","P14-C001",29,20,400,0.05,"balanced","weak","regular",20,20,0,0,1,0.0680000000000001
"V4-CMP-IID-RESP-BB-v1","WORKING-INDEPENDENCE-RESPONDENT",0.134338062644312,0.119245350705483,0.0150927119388297,0.0992785892066707,0.173664446986536,0.136471518096603,0.0743858577798656,0.0207358634612578,TRUE,199,199,0,"OK","P14-C001",29,20,400,0.05,"balanced","weak","regular",20,20,0,0,1,0.0680000000000001
"V4-CMP-TWO-STAGE-FREQ-BOOT-RESP-v1","V4-TARGET-RESPONDENT-WEIGHTED-v1",0.134338062644312,0.119245350705483,0.0150927119388297,0.0835541874583093,0.18598995643507,0.13477207194669,0.102435768976761,0.0251855038579454,TRUE,199,199,0,"OK","P14-C001",29,20,400,0.05,"balanced","weak","regular",20,20,0,0,1,0.0680000000000001
"V4-CMP-MOKKEN-TWOLEVEL-DELTA-v1","V4-TARGET-RESPONDENT-WEIGHTED-v1",0.134338062644318,0.119245350705483,0.0150927119388351,0.0846662920226807,0.184009833265955,0.134338062644318,0.0993435412432739,0.0253432058004339,TRUE,,,0,"OK","P14-C001",29,20,400,0.05,"balanced","weak","regular",20,20,0,0,1,0.0680000000000001
"V4-PRI-TWO-STAGE-HBB-RESP-v1","V4-TARGET-RESPONDENT-WEIGHTED-v1",0.119994550321147,0.119245350705483,0.000749199615664331,0.0580572858778939,0.206655298635506,0.1323562922567,0.148598012757612,0.0353517804322023,TRUE,199,199,0,"OK","P14-C001",30,20,400,0.05,"balanced","weak","regular",20,20,0,0.0025,0,0.0659999999999998
"V4-SENS-TWO-STAGE-HBB-CLUSTER-v1","V4-TARGET-EQUAL-CLUSTER-v1",0.119994550321147,0.119245350705483,0.000749199615664331,0.0489543132756348,0.192311958154722,0.120633135715179,0.143357644879088,0.0348100864070179,TRUE,199,199,0,"OK","P14-C001",30,20,400,0.05,"balanced","weak","regular",20,20,0,0.0025,0,0.0659999999999998
"V4-CMP-ONE-STAGE-CLUSTER-BB-RESP-v1","V4-TARGET-RESPONDENT-WEIGHTED-v1",0.119994550321147,0.119245350705483,0.000749199615664331,0.0828572865524263,0.155263609372233,0.11906044796233,0.0724063228198066,0.0190639363674687,TRUE,199,199,0,"OK","P14-C001",30,20,400,0.05,"balanced","weak","regular",20,20,0,0.0025,0,0.0659999999999998
"V4-CMP-IID-RESP-BB-v1","WORKING-INDEPENDENCE-RESPONDENT",0.119994550321147,0.119245350705483,0.000749199615664331,0.0795507452815503,0.164322950542283,0.121936847911917,0.084772205260733,0.0215336667907199,TRUE,199,199,0,"OK","P14-C001",30,20,400,0.05,"balanced","weak","regular",20,20,0,0.0025,0,0.0659999999999998
"V4-CMP-TWO-STAGE-FREQ-BOOT-RESP-v1","V4-TARGET-RESPONDENT-WEIGHTED-v1",0.119994550321147,0.119245350705483,0.000749199615664331,0.0642352503213244,0.185637465486597,0.124936357903961,0.121402215165272,0.0316645045701134,TRUE,199,199,0,"OK","P14-C001",30,20,400,0.05,"balanced","weak","regular",20,20,0,0.0025,0,0.0659999999999998
"V4-CMP-MOKKEN-TWOLEVEL-DELTA-v1","V4-TARGET-RESPONDENT-WEIGHTED-v1",0.119994550321152,0.119245350705483,0.000749199615669868,0.0620950545017612,0.177894046140544,0.119994550321152,0.115798991638782,0.0295411019162062,TRUE,,,0,"OK","P14-C001",30,20,400,0.05,"balanced","weak","regular",20,20,0,0.0025,0,0.0659999999999998
"V4-PRI-TWO-STAGE-HBB-RESP-v1","V4-TARGET-RESPONDENT-WEIGHTED-v1",0.0781726144181074,0.119245350705483,-0.0410727362873752,0.003759416549598,0.133667782903413,0.0687135997265057,0.129908366353815,0.031581124502621,TRUE,199,199,0,"OK","P14-C001",31,20,400,0.05,"balanced","weak","regular",20,20,0,0,1,0.0660000000000003
"V4-SENS-TWO-STAGE-HBB-CLUSTER-v1","V4-TARGET-EQUAL-CLUSTER-v1",0.0781726144181074,0.119245350705483,-0.0410727362873752,0.0155251102629307,0.158159708913273,0.0868424095881019,0.142634598650342,0.0354973226126182,TRUE,199,199,0,"OK","P14-C001",31,20,400,0.05,"balanced","weak","regular",20,20,0,0,1,0.0660000000000003
"V4-CMP-ONE-STAGE-CLUSTER-BB-RESP-v1","V4-TARGET-RESPONDENT-WEIGHTED-v1",0.0781726144181074,0.119245350705483,-0.0410727362873752,0.0281204886213303,0.117598976484973,0.0728597325531517,0.0894784878636428,0.021845472492694,FALSE,199,199,0,"OK","P14-C001",31,20,400,0.05,"balanced","weak","regular",20,20,0,0,1,0.0660000000000003
"V4-CMP-IID-RESP-BB-v1","WORKING-INDEPENDENCE-RESPONDENT",0.0781726144181074,0.119245350705483,-0.0410727362873752,0.0350612872411484,0.120334721859227,0.0776980045501876,0.0852734346180786,0.0204780536493881,TRUE,199,199,0,"OK","P14-C001",31,20,400,0.05,"balanced","weak","regular",20,20,0,0,1,0.0660000000000003
"V4-CMP-TWO-STAGE-FREQ-BOOT-RESP-v1","V4-TARGET-RESPONDENT-WEIGHTED-v1",0.0781726144181074,0.119245350705483,-0.0410727362873752,0.0196687219360685,0.13783381186496,0.0787512669005143,0.118165089928892,0.0297932552596893,TRUE,199,199,0,"OK","P14-C001",31,20,400,0.05,"balanced","weak","regular",20,20,0,0,1,0.0660000000000003
"V4-CMP-MOKKEN-TWOLEVEL-DELTA-v1","V4-TARGET-RESPONDENT-WEIGHTED-v1",0.0781726144181152,0.119245350705483,-0.0410727362873674,0.0213711506225557,0.134974078213675,0.0781726144181152,0.113602927591119,0.028980871201513,TRUE,,,0,"OK","P14-C001",31,20,400,0.05,"balanced","weak","regular",20,20,0,0,1,0.0660000000000003
"V4-PRI-TWO-STAGE-HBB-RESP-v1","V4-TARGET-RESPONDENT-WEIGHTED-v1",0.132515937610487,0.119245350705483,0.013270586905004,0.0726703102046317,0.207753628064759,0.140211969134695,0.135083317860127,0.0333954431311762,TRUE,199,199,0,"OK","P14-C001",32,20,400,0.05,"balanced","weak","regular",20,20,0,0.00250000000000006,0,0.069
"V4-SENS-TWO-STAGE-HBB-CLUSTER-v1","V4-TARGET-EQUAL-CLUSTER-v1",0.132515937610487,0.119245350705483,0.013270586905004,0.0723099682539796,0.19470906500988,0.13350951663193,0.122399096755901,0.0327186187205456,TRUE,199,199,0,"OK","P14-C001",32,20,400,0.05,"balanced","weak","regular",20,20,0,0.00250000000000006,0,0.069
"V4-CMP-ONE-STAGE-CLUSTER-BB-RESP-v1","V4-TARGET-RESPONDENT-WEIGHTED-v1",0.132515937610487,0.119245350705483,0.013270586905004,0.0999103913791205,0.166253084160342,0.133081737769731,0.066342692781222,0.0175848022623185,TRUE,199,199,0,"OK","P14-C001",32,20,400,0.05,"balanced","weak","regular",20,20,0,0.00250000000000006,0,0.069
"V4-CMP-IID-RESP-BB-v1","WORKING-INDEPENDENCE-RESPONDENT",0.132515937610487,0.119245350705483,0.013270586905004,0.0936954025222915,0.176984657967947,0.135340030245119,0.0832892554456558,0.0218119451749974,TRUE,199,199,0,"OK","P14-C001",32,20,400,0.05,"balanced","weak","regular",20,20,0,0.00250000000000006,0,0.069
"V4-CMP-TWO-STAGE-FREQ-BOOT-RESP-v1","V4-TARGET-RESPONDENT-WEIGHTED-v1",0.132515937610487,0.119245350705483,0.013270586905004,0.0813764797781161,0.193850784792488,0.137613632285302,0.112474305014372,0.0289048398432464,TRUE,199,199,0,"OK","P14-C001",32,20,400,0.05,"balanced","weak","regular",20,20,0,0.00250000000000006,0,0.069
"V4-CMP-MOKKEN-TWOLEVEL-DELTA-v1","V4-TARGET-RESPONDENT-WEIGHTED-v1",0.132515937610492,0.119245350705483,0.0132705869050098,0.0759299177714739,0.189101957449511,0.132515937610492,0.113172039678037,0.0288709487956727,TRUE,,,0,"OK","P14-C001",32,20,400,0.05,"balanced","weak","regular",20,20,0,0.00250000000000006,0,0.069
"V4-PRI-TWO-STAGE-HBB-RESP-v1","V4-TARGET-RESPONDENT-WEIGHTED-v1",0.0814790986202426,0.119245350705483,-0.03776625208524,0.0284246885951992,0.159478111410147,0.0939514000026731,0.131053422814948,0.0356114747734473,TRUE,199,199,0,"OK","P14-C001",33,20,400,0.05,"balanced","weak","regular",20,20,0,0,2,0.0819999999999999
"V4-SENS-TWO-STAGE-HBB-CLUSTER-v1","V4-TARGET-EQUAL-CLUSTER-v1",0.0814790986202426,0.119245350705483,-0.03776625208524,0.021853397669576,0.154408449152869,0.0881309234112224,0.132555051483293,0.0320715741079319,TRUE,199,199,0,"OK","P14-C001",33,20,400,0.05,"balanced","weak","regular",20,20,0,0,2,0.0819999999999999
"V4-CMP-ONE-STAGE-CLUSTER-BB-RESP-v1","V4-TARGET-RESPONDENT-WEIGHTED-v1",0.0814790986202426,0.119245350705483,-0.03776625208524,0.0375086595647966,0.128046976647813,0.0827778181063049,0.0905383170830164,0.0231756623929354,TRUE,199,199,0,"OK","P14-C001",33,20,400,0.05,"balanced","weak","regular",20,20,0,0,2,0.0819999999999999
"V4-CMP-IID-RESP-BB-v1","WORKING-INDEPENDENCE-RESPONDENT",0.0814790986202426,0.119245350705483,-0.03776625208524,0.0492438588965292,0.123926238228091,0.0865850485623101,0.0746823793315617,0.0204032062301927,TRUE,199,199,0,"OK","P14-C001",33,20,400,0.05,"balanced","weak","regular",20,20,0,0,2,0.0819999999999999
"V4-CMP-TWO-STAGE-FREQ-BOOT-RESP-v1","V4-TARGET-RESPONDENT-WEIGHTED-v1",0.0814790986202426,0.119245350705483,-0.03776625208524,0.019941051495896,0.142962661344358,0.0814518564201271,0.123021609848462,0.0314904967133391,TRUE,199,199,0,"OK","P14-C001",33,20,400,0.05,"balanced","weak","regular",20,20,0,0,2,0.0819999999999999
"V4-CMP-MOKKEN-TWOLEVEL-DELTA-v1","V4-TARGET-RESPONDENT-WEIGHTED-v1",0.0814790986202486,0.119245350705483,-0.037766252085234,0.0221106633508422,0.140847533889655,0.0814790986202486,0.118736870538813,0.0302905745910114,TRUE,,,0,"OK","P14-C001",33,20,400,0.05,"balanced","weak","regular",20,20,0,0,2,0.0819999999999999
"V4-PRI-TWO-STAGE-HBB-RESP-v1","V4-TARGET-RESPONDENT-WEIGHTED-v1",0.12202281995881,0.119245350705483,0.00277746925332775,0.0568293369516577,0.192485458191236,0.124657397571447,0.135656121239578,0.0353716522974526,TRUE,199,199,0,"OK","P14-C001",34,20,400,0.05,"balanced","weak","regular",20,20,0,0,1,0.0700000000000003
"V4-SENS-TWO-STAGE-HBB-CLUSTER-v1","V4-TARGET-EQUAL-CLUSTER-v1",0.12202281995881,0.119245350705483,0.00277746925332775,0.061583185247425,0.21715067262468,0.139366928936052,0.155567487377255,0.0371291828441115,TRUE,199,199,0,"OK","P14-C001",34,20,400,0.05,"balanced","weak","regular",20,20,0,0,1,0.0700000000000003
"V4-CMP-ONE-STAGE-CLUSTER-BB-RESP-v1","V4-TARGET-RESPONDENT-WEIGHTED-v1",0.12202281995881,0.119245350705483,0.00277746925332775,0.0822980648802912,0.160482930327038,0.121390497603665,0.0781848654467471,0.0213483390666553,TRUE,199,199,0,"OK","P14-C001",34,20,400,0.05,"balanced","weak","regular",20,20,0,0,1,0.0700000000000003
"V4-CMP-IID-RESP-BB-v1","WORKING-INDEPENDENCE-RESPONDENT",0.12202281995881,0.119245350705483,0.00277746925332775,0.0749932937876703,0.163193610453398,0.119093452120534,0.088200316665728,0.022298708295193,TRUE,199,199,0,"OK","P14-C001",34,20,400,0.05,"balanced","weak","regular",20,20,0,0,1,0.0700000000000003
"V4-CMP-TWO-STAGE-FREQ-BOOT-RESP-v1","V4-TARGET-RESPONDENT-WEIGHTED-v1",0.12202281995881,0.119245350705483,0.00277746925332775,0.068214201000814,0.19105597878883,0.129635089894822,0.122841777788016,0.0303873361767338,TRUE,199,199,0,"OK","P14-C001",34,20,400,0.05,"balanced","weak","regular",20,20,0,0,1,0.0700000000000003
"V4-CMP-MOKKEN-TWOLEVEL-DELTA-v1","V4-TARGET-RESPONDENT-WEIGHTED-v1",0.122022819958819,0.119245350705483,0.00277746925333654,0.0629674048115043,0.181078235106134,0.122022819958819,0.11811083029463,0.0301308675124321,TRUE,,,0,"OK","P14-C001",34,20,400,0.05,"balanced","weak","regular",20,20,0,0,1,0.0700000000000003
"V4-PRI-TWO-STAGE-HBB-RESP-v1","V4-TARGET-RESPONDENT-WEIGHTED-v1",0.0870883597260259,0.119245350705483,-0.0321569909794567,0.031695193646797,0.174478449159677,0.103086821403237,0.14278325551288,0.0357520304516511,TRUE,199,199,0,"OK","P14-C001",35,20,400,0.05,"balanced","weak","regular",20,20,0,0.00250000000000006,0,0.0669999999999997
"V4-SENS-TWO-STAGE-HBB-CLUSTER-v1","V4-TARGET-EQUAL-CLUSTER-v1",0.0870883597260259,0.119245350705483,-0.0321569909794567,0.0300288366233301,0.14879361619185,0.0894112264075899,0.11876477956852,0.0310077671159824,TRUE,199,199,0,"OK","P14-C001",35,20,400,0.05,"balanced","weak","regular",20,20,0,0.00250000000000006,0,0.0669999999999997
"V4-CMP-ONE-STAGE-CLUSTER-BB-RESP-v1","V4-TARGET-RESPONDENT-WEIGHTED-v1",0.0870883597260259,0.119245350705483,-0.0321569909794567,0.0484027300757562,0.127765514250182,0.088084122162969,0.0793627841744255,0.0195045526398103,TRUE,199,199,0,"OK","P14-C001",35,20,400,0.05,"balanced","weak","regular",20,20,0,0.00250000000000006,0,0.0669999999999997
"V4-CMP-IID-RESP-BB-v1","WORKING-INDEPENDENCE-RESPONDENT",0.0870883597260259,0.119245350705483,-0.0321569909794567,0.0473842863988908,0.128244942791071,0.0878146145949808,0.08086065639218,0.0216827399342863,TRUE,199,199,0,"OK","P14-C001",35,20,400,0.05,"balanced","weak","regular",20,20,0,0.00250000000000006,0,0.0669999999999997
"V4-CMP-TWO-STAGE-FREQ-BOOT-RESP-v1","V4-TARGET-RESPONDENT-WEIGHTED-v1",0.0870883597260259,0.119245350705483,-0.0321569909794567,0.0352103372687802,0.145090027642749,0.0901501824557646,0.109879690373969,0.0269792304748044,TRUE,199,199,0,"OK","P14-C001",35,20,400,0.05,"balanced","weak","regular",20,20,0,0.00250000000000006,0,0.0669999999999997
"V4-CMP-MOKKEN-TWOLEVEL-DELTA-v1","V4-TARGET-RESPONDENT-WEIGHTED-v1",0.0870883597260332,0.119245350705483,-0.0321569909794494,0.0347212122891748,0.139455507162892,0.0870883597260332,0.104734294873717,0.0267184233230426,TRUE,,,0,"OK","P14-C001",35,20,400,0.05,"balanced","weak","regular",20,20,0,0.00250000000000006,0,0.0669999999999997
"V4-PRI-TWO-STAGE-HBB-RESP-v1","V4-TARGET-RESPONDENT-WEIGHTED-v1",0.0930727878274343,0.119245350705483,-0.0261725628780483,0.0406146482522454,0.171679346303229,0.106146997277737,0.131064698050984,0.031357991547921,TRUE,199,199,0,"OK","P14-C001",36,20,400,0.05,"balanced","weak","regular",20,20,0,0.0025,0,0.069
"V4-SENS-TWO-STAGE-HBB-CLUSTER-v1","V4-TARGET-EQUAL-CLUSTER-v1",0.0930727878274343,0.119245350705483,-0.0261725628780483,0.0379610641643529,0.162174816214645,0.100067940189499,0.124213752050292,0.03171704152325,TRUE,199,199,0,"OK","P14-C001",36,20,400,0.05,"balanced","weak","regular",20,20,0,0.0025,0,0.069
"V4-CMP-ONE-STAGE-CLUSTER-BB-RESP-v1","V4-TARGET-RESPONDENT-WEIGHTED-v1",0.0930727878274343,0.119245350705483,-0.0261725628780483,0.0601397347400941,0.127176859293581,0.0936582970168375,0.0670371245534868,0.0166818097556874,TRUE,199,199,0,"OK","P14-C001",36,20,400,0.05,"balanced","weak","regular",20,20,0,0.0025,0,0.069
"V4-CMP-IID-RESP-BB-v1","WORKING-INDEPENDENCE-RESPONDENT",0.0930727878274343,0.119245350705483,-0.0261725628780483,0.0573248891125204,0.141292027660139,0.0993084583863296,0.0839671385476184,0.0217835813450805,TRUE,199,199,0,"OK","P14-C001",36,20,400,0.05,"balanced","weak","regular",20,20,0,0.0025,0,0.069
"V4-CMP-TWO-STAGE-FREQ-BOOT-RESP-v1","V4-TARGET-RESPONDENT-WEIGHTED-v1",0.0930727878274343,0.119245350705483,-0.0261725628780483,0.0463336877539744,0.146749404426446,0.0965415460902101,0.100415716672471,0.0264190858787437,TRUE,199,199,0,"OK","P14-C001",36,20,400,0.05,"balanced","weak","regular",20,20,0,0.0025,0,0.069
"V4-CMP-MOKKEN-TWOLEVEL-DELTA-v1","V4-TARGET-RESPONDENT-WEIGHTED-v1",0.0930727878274401,0.119245350705483,-0.0261725628780425,0.0416449821166957,0.144500593538185,0.0930727878274401,0.102855611421489,0.0262391585337284,TRUE,,,0,"OK","P14-C001",36,20,400,0.05,"balanced","weak","regular",20,20,0,0.0025,0,0.069
"V4-PRI-TWO-STAGE-HBB-RESP-v1","V4-TARGET-RESPONDENT-WEIGHTED-v1",0.178375409036444,0.119245350705483,0.0591300583309619,0.110595315978726,0.252767940802183,0.181681628390455,0.142172624823457,0.0360680041535264,TRUE,199,199,0,"OK","P14-C001",37,20,400,0.05,"balanced","weak","regular",20,20,0,0,2,0.0670000000000002
"V4-SENS-TWO-STAGE-HBB-CLUSTER-v1","V4-TARGET-EQUAL-CLUSTER-v1",0.178375409036444,0.119245350705483,0.0591300583309619,0.109766774192122,0.266509422637099,0.18813809841461,0.156742648444977,0.0389631520296388,TRUE,199,199,0,"OK","P14-C001",37,20,400,0.05,"balanced","weak","regular",20,20,0,0,2,0.0670000000000002
"V4-CMP-ONE-STAGE-CLUSTER-BB-RESP-v1","V4-TARGET-RESPONDENT-WEIGHTED-v1",0.178375409036444,0.119245350705483,0.0591300583309619,0.139278879292752,0.219084374805986,0.179181627049369,0.0798054955132341,0.0218742248965217,FALSE,199,199,0,"OK","P14-C001",37,20,400,0.05,"balanced","weak","regular",20,20,0,0,2,0.0670000000000002
"V4-CMP-IID-RESP-BB-v1","WORKING-INDEPENDENCE-RESPONDENT",0.178375409036444,0.119245350705483,0.0591300583309619,0.128918977975127,0.220970273340392,0.174944625657759,0.0920512953652646,0.025091050741266,FALSE,199,199,0,"OK","P14-C001",37,20,400,0.05,"balanced","weak","regular",20,20,0,0,2,0.0670000000000002
"V4-CMP-TWO-STAGE-FREQ-BOOT-RESP-v1","V4-TARGET-RESPONDENT-WEIGHTED-v1",0.178375409036444,0.119245350705483,0.0591300583309619,0.128165907922201,0.241524956804175,0.184845432363188,0.113359048881974,0.0291714189315437,FALSE,199,199,0,"OK","P14-C001",37,20,400,0.05,"balanced","weak","regular",20,20,0,0,2,0.0670000000000002
"V4-CMP-MOKKEN-TWOLEVEL-DELTA-v1","V4-TARGET-RESPONDENT-WEIGHTED-v1",0.178375409036451,0.119245350705483,0.0591300583309681,0.117512189838966,0.239238628233936,0.178375409036451,0.12172643839497,0.0310532334663118,TRUE,,,0,"OK","P14-C001",37,20,400,0.05,"balanced","weak","regular",20,20,0,0,2,0.0670000000000002
"V4-PRI-TWO-STAGE-HBB-RESP-v1","V4-TARGET-RESPONDENT-WEIGHTED-v1",0.0939333313100922,0.119245350705483,-0.0253120193953904,0.0359804158916995,0.164825132435335,0.100402774163517,0.128844716543635,0.0320705227013935,TRUE,199,199,0,"OK","P14-C001",38,20,400,0.05,"balanced","weak","regular",20,20,0,0.00250000000000006,0,0.0670000000000002
"V4-SENS-TWO-STAGE-HBB-CLUSTER-v1","V4-TARGET-EQUAL-CLUSTER-v1",0.0939333313100922,0.119245350705483,-0.0253120193953904,0.0292729784534996,0.1508143339352,0.0900436561943501,0.121541355481701,0.0304536555646564,TRUE,199,199,0,"OK","P14-C001",38,20,400,0.05,"balanced","weak","regular",20,20,0,0.00250000000000006,0,0.0670000000000002
"V4-CMP-ONE-STAGE-CLUSTER-BB-RESP-v1","V4-TARGET-RESPONDENT-WEIGHTED-v1",0.0939333313100922,0.119245350705483,-0.0253120193953904,0.0555312576077729,0.12098508832708,0.0882581729674266,0.0654538307193074,0.0157174009142561,TRUE,199,199,0,"OK","P14-C001",38,20,400,0.05,"balanced","weak","regular",20,20,0,0.00250000000000006,0,0.0670000000000002
"V4-CMP-IID-RESP-BB-v1","WORKING-INDEPENDENCE-RESPONDENT",0.0939333313100922,0.119245350705483,-0.0253120193953904,0.062128643586854,0.126771696874405,0.0944501702306297,0.0646430532875513,0.0173762047076879,TRUE,199,199,0,"OK","P14-C001",38,20,400,0.05,"balanced","weak","regular",20,20,0,0.00250000000000006,0,0.0670000000000002
"V4-CMP-TWO-STAGE-FREQ-BOOT-RESP-v1","V4-TARGET-RESPONDENT-WEIGHTED-v1",0.0939333313100922,0.119245350705483,-0.0253120193953904,0.0514873123553018,0.139735895141967,0.0956116037486346,0.0882485827866655,0.0245884335688118,TRUE,199,199,0,"OK","P14-C001",38,20,400,0.05,"balanced","weak","regular",20,20,0,0.00250000000000006,0,0.0670000000000002
"V4-CMP-MOKKEN-TWOLEVEL-DELTA-v1","V4-TARGET-RESPONDENT-WEIGHTED-v1",0.0939333313100994,0.119245350705483,-0.0253120193953832,0.0461510284505258,0.141715634169673,0.0939333313100994,0.0955646057191472,0.0243791739218038,TRUE,,,0,"OK","P14-C001",38,20,400,0.05,"balanced","weak","regular",20,20,0,0.00250000000000006,0,0.0670000000000002
"V4-PRI-TWO-STAGE-HBB-RESP-v1","V4-TARGET-RESPONDENT-WEIGHTED-v1",0.128322963983191,0.119245350705483,0.00907761327770847,0.0597367856848193,0.207545583507771,0.133641184596295,0.147808797822952,0.0356946358345375,TRUE,199,199,0,"OK","P14-C001",39,20,400,0.05,"balanced","weak","regular",20,20,0,0.0025,0,0.0669999999999997
"V4-SENS-TWO-STAGE-HBB-CLUSTER-v1","V4-TARGET-EQUAL-CLUSTER-v1",0.128322963983191,0.119245350705483,0.00907761327770847,0.0724911424789493,0.211823613414298,0.142157377946624,0.139332470935348,0.0352605104223014,TRUE,199,199,0,"OK","P14-C001",39,20,400,0.05,"balanced","weak","regular",20,20,0,0.0025,0,0.0669999999999997
"V4-CMP-ONE-STAGE-CLUSTER-BB-RESP-v1","V4-TARGET-RESPONDENT-WEIGHTED-v1",0.128322963983191,0.119245350705483,0.00907761327770847,0.092261309106194,0.181221452676667,0.13674138089143,0.0889601435704726,0.0221060099955584,TRUE,199,199,0,"OK","P14-C001",39,20,400,0.05,"balanced","weak","regular",20,20,0,0.0025,0,0.0669999999999997
"V4-CMP-IID-RESP-BB-v1","WORKING-INDEPENDENCE-RESPONDENT",0.128322963983191,0.119245350705483,0.00907761327770847,0.0901328469016905,0.179396355112489,0.13476460100709,0.0892635082107988,0.0220744246891281,TRUE,199,199,0,"OK","P14-C001",39,20,400,0.05,"balanced","weak","regular",20,20,0,0.0025,0,0.0669999999999997
"V4-CMP-TWO-STAGE-FREQ-BOOT-RESP-v1","V4-TARGET-RESPONDENT-WEIGHTED-v1",0.128322963983191,0.119245350705483,0.00907761327770847,0.0698118977633503,0.19019216681016,0.130002032286755,0.12038026904681,0.0316386471787239,TRUE,199,199,0,"OK","P14-C001",39,20,400,0.05,"balanced","weak","regular",20,20,0,0.0025,0,0.0669999999999997
"V4-CMP-MOKKEN-TWOLEVEL-DELTA-v1","V4-TARGET-RESPONDENT-WEIGHTED-v1",0.128322963983199,0.119245350705483,0.0090776132777166,0.0687898420346268,0.187856085931772,0.128322963983199,0.119066243897145,0.0303745999508981,TRUE,,,0,"OK","P14-C001",39,20,400,0.05,"balanced","weak","regular",20,20,0,0.0025,0,0.0669999999999997
"V4-PRI-TWO-STAGE-HBB-RESP-v1","V4-TARGET-RESPONDENT-WEIGHTED-v1",0.168580846095187,0.119245350705483,0.0493354953897044,0.0939927436091398,0.248437288015049,0.171215015812095,0.15444454440591,0.0403271081320374,TRUE,199,199,0,"OK","P14-C001",40,20,400,0.05,"balanced","weak","regular",20,20,0,0.005,0,0.0670000000000002
"V4-SENS-TWO-STAGE-HBB-CLUSTER-v1","V4-TARGET-EQUAL-CLUSTER-v1",0.168580846095187,0.119245350705483,0.0493354953897044,0.0896591935477799,0.249466860017252,0.169563026782516,0.159807666469472,0.0409771304354786,TRUE,199,199,0,"OK","P14-C001",40,20,400,0.05,"balanced","weak","regular",20,20,0,0.005,0,0.0670000000000002
"V4-CMP-ONE-STAGE-CLUSTER-BB-RESP-v1","V4-TARGET-RESPONDENT-WEIGHTED-v1",0.168580846095187,0.119245350705483,0.0493354953897044,0.120017422446558,0.225396741156935,0.172707081801747,0.105379318710376,0.0252267135835277,FALSE,199,199,0,"OK","P14-C001",40,20,400,0.05,"balanced","weak","regular",20,20,0,0.005,0,0.0670000000000002
"V4-CMP-IID-RESP-BB-v1","WORKING-INDEPENDENCE-RESPONDENT",0.168580846095187,0.119245350705483,0.0493354953897044,0.121886474069938,0.20916256628159,0.165524520175764,0.0872760922116524,0.0223104909404297,FALSE,199,199,0,"OK","P14-C001",40,20,400,0.05,"balanced","weak","regular",20,20,0,0.005,0,0.0670000000000002
"V4-CMP-TWO-STAGE-FREQ-BOOT-RESP-v1","V4-TARGET-RESPONDENT-WEIGHTED-v1",0.168580846095187,0.119245350705483,0.0493354953897044,0.0740442979440961,0.234883985241227,0.154464141592662,0.160839687297131,0.0379063724344663,TRUE,199,199,0,"OK","P14-C001",40,20,400,0.05,"balanced","weak","regular",20,20,0,0.005,0,0.0670000000000002
"V4-CMP-MOKKEN-TWOLEVEL-DELTA-v1","V4-TARGET-RESPONDENT-WEIGHTED-v1",0.168580846095194,0.119245350705483,0.0493354953897111,0.0996856898075193,0.237476002382868,0.168580846095194,0.137790312575349,0.0351512358548987,TRUE,,,0,"OK","P14-C001",40,20,400,0.05,"balanced","weak","regular",20,20,0,0.005,0,0.0670000000000002
"V4-PRI-TWO-STAGE-HBB-RESP-v1","V4-TARGET-RESPONDENT-WEIGHTED-v1",0.0967990531016744,0.119245350705483,-0.0224462976038082,0.033731284421762,0.180377664766285,0.107054474594024,0.146646380344523,0.0348701454778265,TRUE,199,199,0,"OK","P14-C001",41,20,400,0.05,"balanced","weak","regular",20,20,0,0.0025,0,0.0670000000000002
"V4-SENS-TWO-STAGE-HBB-CLUSTER-v1","V4-TARGET-EQUAL-CLUSTER-v1",0.0967990531016744,0.119245350705483,-0.0224462976038082,0.0402911914020211,0.156346998225157,0.0983190948135893,0.116055806823136,0.0287599493717748,TRUE,199,199,0,"OK","P14-C001",41,20,400,0.05,"balanced","weak","regular",20,20,0,0.0025,0,0.0670000000000002
"V4-CMP-ONE-STAGE-CLUSTER-BB-RESP-v1","V4-TARGET-RESPONDENT-WEIGHTED-v1",0.0967990531016744,0.119245350705483,-0.0224462976038082,0.0556902202426044,0.132699635965698,0.0941949281041512,0.0770094157230937,0.0202261406225942,TRUE,199,199,0,"OK","P14-C001",41,20,400,0.05,"balanced","weak","regular",20,20,0,0.0025,0,0.0670000000000002
"V4-CMP-IID-RESP-BB-v1","WORKING-INDEPENDENCE-RESPONDENT",0.0967990531016744,0.119245350705483,-0.0224462976038082,0.0578273529750905,0.142563874644785,0.100195613809938,0.0847365216696946,0.0210111661033127,TRUE,199,199,0,"OK","P14-C001",41,20,400,0.05,"balanced","weak","regular",20,20,0,0.0025,0,0.0670000000000002
"V4-CMP-TWO-STAGE-FREQ-BOOT-RESP-v1","V4-TARGET-RESPONDENT-WEIGHTED-v1",0.0967990531016744,0.119245350705483,-0.0224462976038082,0.0388873230120242,0.14056951303384,0.0897284180229321,0.101682190021816,0.027886388089445,TRUE,199,199,0,"OK","P14-C001",41,20,400,0.05,"balanced","weak","regular",20,20,0,0.0025,0,0.0670000000000002
"V4-CMP-MOKKEN-TWOLEVEL-DELTA-v1","V4-TARGET-RESPONDENT-WEIGHTED-v1",0.0967990531016787,0.119245350705483,-0.0224462976038039,0.0409523725466768,0.152645733656681,0.0967990531016787,0.111693361110004,0.0284937279437344,TRUE,,,0,"OK","P14-C001",41,20,400,0.05,"balanced","weak","regular",20,20,0,0.0025,0,0.0670000000000002
"V4-PRI-TWO-STAGE-HBB-RESP-v1","V4-TARGET-RESPONDENT-WEIGHTED-v1",0.106274968047504,0.119245350705483,-0.0129703826579785,0.0393011228879387,0.188128562159604,0.113714842523771,0.148827439271666,0.0382243079686302,TRUE,199,199,0,"OK","P14-C001",42,20,400,0.05,"balanced","weak","regular",20,20,0,0,2,0.0679999999999996
"V4-SENS-TWO-STAGE-HBB-CLUSTER-v1","V4-TARGET-EQUAL-CLUSTER-v1",0.106274968047504,0.119245350705483,-0.0129703826579785,0.0472521576696085,0.184066597039742,0.115659377354675,0.136814439370133,0.0364185999466027,TRUE,199,199,0,"OK","P14-C001",42,20,400,0.05,"balanced","weak","regular",20,20,0,0,2,0.0679999999999996
"V4-CMP-ONE-STAGE-CLUSTER-BB-RESP-v1","V4-TARGET-RESPONDENT-WEIGHTED-v1",0.106274968047504,0.119245350705483,-0.0129703826579785,0.059806526941584,0.161099937338285,0.110453232139935,0.101293410396701,0.0259413002775854,TRUE,199,199,0,"OK","P14-C001",42,20,400,0.05,"balanced","weak","regular",20,20,0,0,2,0.0679999999999996
"V4-CMP-IID-RESP-BB-v1","WORKING-INDEPENDENCE-RESPONDENT",0.106274968047504,0.119245350705483,-0.0129703826579785,0.065144806419895,0.149430440020795,0.107287623220345,0.0842856336008995,0.0210579175743631,TRUE,199,199,0,"OK","P14-C001",42,20,400,0.05,"balanced","weak","regular",20,20,0,0,2,0.0679999999999996
"V4-CMP-TWO-STAGE-FREQ-BOOT-RESP-v1","V4-TARGET-RESPONDENT-WEIGHTED-v1",0.106274968047504,0.119245350705483,-0.0129703826579785,0.0389865763037496,0.174710668939822,0.106848622621786,0.135724092636073,0.0336262212679282,TRUE,199,199,0,"OK","P14-C001",42,20,400,0.05,"balanced","weak","regular",20,20,0,0,2,0.0679999999999996
"V4-CMP-MOKKEN-TWOLEVEL-DELTA-v1","V4-TARGET-RESPONDENT-WEIGHTED-v1",0.106274968047511,0.119245350705483,-0.0129703826579711,0.0409187236850714,0.171631212409951,0.106274968047511,0.13071248872488,0.033345635367773,TRUE,,,0,"OK","P14-C001",42,20,400,0.05,"balanced","weak","regular",20,20,0,0,2,0.0679999999999996
"V4-PRI-TWO-STAGE-HBB-RESP-v1","V4-TARGET-RESPONDENT-WEIGHTED-v1",0.104742628455763,0.119245350705483,-0.0145027222497194,0.044439211300063,0.198627839876568,0.121533525588316,0.154188628576506,0.0358043897425783,TRUE,199,199,0,"OK","P14-C001",43,20,400,0.05,"balanced","weak","regular",20,20,0,0.00250000000000006,0,0.0810000000000004
"V4-SENS-TWO-STAGE-HBB-CLUSTER-v1","V4-TARGET-EQUAL-CLUSTER-v1",0.104742628455763,0.119245350705483,-0.0145027222497194,0.0315543595269966,0.175403188496157,0.103478774011577,0.143848828969161,0.0368917276739241,TRUE,199,199,0,"OK","P14-C001",43,20,400,0.05,"balanced","weak","regular",20,20,0,0.00250000000000006,0,0.0810000000000004
"V4-CMP-ONE-STAGE-CLUSTER-BB-RESP-v1","V4-TARGET-RESPONDENT-WEIGHTED-v1",0.104742628455763,0.119245350705483,-0.0145027222497194,0.0596670432594577,0.151411094960698,0.105539069110078,0.0917440517012399,0.0223732544318183,TRUE,199,199,0,"OK","P14-C001",43,20,400,0.05,"balanced","weak","regular",20,20,0,0.00250000000000006,0,0.0810000000000004
"V4-CMP-IID-RESP-BB-v1","WORKING-INDEPENDENCE-RESPONDENT",0.104742628455763,0.119245350705483,-0.0145027222497194,0.06426437206766,0.151274775440333,0.107769573753997,0.0870104033726734,0.021990720555474,TRUE,199,199,0,"OK","P14-C001",43,20,400,0.05,"balanced","weak","regular",20,20,0,0.00250000000000006,0,0.0810000000000004
"V4-CMP-TWO-STAGE-FREQ-BOOT-RESP-v1","V4-TARGET-RESPONDENT-WEIGHTED-v1",0.104742628455763,0.119245350705483,-0.0145027222497194,0.049208499475298,0.179357857114566,0.114283178294932,0.130149357639268,0.0314515726031306,TRUE,199,199,0,"OK","P14-C001",43,20,400,0.05,"balanced","weak","regular",20,20,0,0.00250000000000006,0,0.0810000000000004
"V4-CMP-MOKKEN-TWOLEVEL-DELTA-v1","V4-TARGET-RESPONDENT-WEIGHTED-v1",0.104742628455771,0.119245350705483,-0.0145027222497118,0.0436696384478556,0.165815618463686,0.104742628455771,0.12214598001583,0.0311602613566633,TRUE,,,0,"OK","P14-C001",43,20,400,0.05,"balanced","weak","regular",20,20,0,0.00250000000000006,0,0.0810000000000004
"V4-PRI-TWO-STAGE-HBB-RESP-v1","V4-TARGET-RESPONDENT-WEIGHTED-v1",0.105878621143998,0.119245350705483,-0.0133667295614847,0.0425613938574145,0.179106997548694,0.110834195703054,0.13654560369128,0.0349409698920627,TRUE,199,199,0,"OK","P14-C001",44,20,400,0.05,"balanced","weak","regular",20,20,0,0,1,0.0659999999999998
"V4-SENS-TWO-STAGE-HBB-CLUSTER-v1","V4-TARGET-EQUAL-CLUSTER-v1",0.105878621143998,0.119245350705483,-0.0133667295614847,0.0372750160301763,0.186382397731265,0.111828706880721,0.149107381701088,0.036566910306287,TRUE,199,199,0,"OK","P14-C001",44,20,400,0.05,"balanced","weak","regular",20,20,0,0,1,0.0659999999999998
"V4-CMP-ONE-STAGE-CLUSTER-BB-RESP-v1","V4-TARGET-RESPONDENT-WEIGHTED-v1",0.105878621143998,0.119245350705483,-0.0133667295614847,0.0645274629118815,0.150349760054718,0.1074386114833,0.085822297142836,0.0212336624604592,TRUE,199,199,0,"OK","P14-C001",44,20,400,0.05,"balanced","weak","regular",20,20,0,0,1,0.0659999999999998
"V4-CMP-IID-RESP-BB-v1","WORKING-INDEPENDENCE-RESPONDENT",0.105878621143998,0.119245350705483,-0.0133667295614847,0.0663784181611135,0.148550286636322,0.107464352398718,0.0821718684752084,0.0219716819427509,TRUE,199,199,0,"OK","P14-C001",44,20,400,0.05,"balanced","weak","regular",20,20,0,0,1,0.0659999999999998
"V4-CMP-TWO-STAGE-FREQ-BOOT-RESP-v1","V4-TARGET-RESPONDENT-WEIGHTED-v1",0.105878621143998,0.119245350705483,-0.0133667295614847,0.0438893829633911,0.162696653628758,0.103293018296075,0.118807270665367,0.0300791991098437,TRUE,199,199,0,"OK","P14-C001",44,20,400,0.05,"balanced","weak","regular",20,20,0,0,1,0.0659999999999998
"V4-CMP-MOKKEN-TWOLEVEL-DELTA-v1","V4-TARGET-RESPONDENT-WEIGHTED-v1",0.105878621144004,0.119245350705483,-0.0133667295614782,0.0473809942005634,0.164376248087445,0.105878621144004,0.116995253886882,0.0298462764647018,TRUE,,,0,"OK","P14-C001",44,20,400,0.05,"balanced","weak","regular",20,20,0,0,1,0.0659999999999998
"V4-PRI-TWO-STAGE-HBB-RESP-v1","V4-TARGET-RESPONDENT-WEIGHTED-v1",0.118610178828276,0.119245350705483,-0.000635171877206367,0.0457187417654546,0.195761257587043,0.120739999676249,0.150042515821588,0.037128005603216,TRUE,199,199,0,"OK","P14-C001",45,20,400,0.05,"balanced","weak","regular",20,20,0,0.0025,0,0.0669999999999997
"V4-SENS-TWO-STAGE-HBB-CLUSTER-v1","V4-TARGET-EQUAL-CLUSTER-v1",0.118610178828276,0.119245350705483,-0.000635171877206367,0.0531096121969461,0.200701903762278,0.126905757979612,0.147592291565332,0.0353872535183235,TRUE,199,199,0,"OK","P14-C001",45,20,400,0.05,"balanced","weak","regular",20,20,0,0.0025,0,0.0669999999999997
"V4-CMP-ONE-STAGE-CLUSTER-BB-RESP-v1","V4-TARGET-RESPONDENT-WEIGHTED-v1",0.118610178828276,0.119245350705483,-0.000635171877206367,0.0808408456629508,0.169315738396254,0.125078292029602,0.0884748927333033,0.022492966254655,TRUE,199,199,0,"OK","P14-C001",45,20,400,0.05,"balanced","weak","regular",20,20,0,0.0025,0,0.0669999999999997
"V4-CMP-IID-RESP-BB-v1","WORKING-INDEPENDENCE-RESPONDENT",0.118610178828276,0.119245350705483,-0.000635171877206367,0.0786979954540414,0.159056888222147,0.118877441838094,0.0803588927681056,0.0213070055146295,TRUE,199,199,0,"OK","P14-C001",45,20,400,0.05,"balanced","weak","regular",20,20,0,0.0025,0,0.0669999999999997
"V4-CMP-TWO-STAGE-FREQ-BOOT-RESP-v1","V4-TARGET-RESPONDENT-WEIGHTED-v1",0.118610178828276,0.119245350705483,-0.000635171877206367,0.0523745709950726,0.186266050335652,0.119320310665362,0.13389147934058,0.0321633959252811,TRUE,199,199,0,"OK","P14-C001",45,20,400,0.05,"balanced","weak","regular",20,20,0,0.0025,0,0.0669999999999997
"V4-CMP-MOKKEN-TWOLEVEL-DELTA-v1","V4-TARGET-RESPONDENT-WEIGHTED-v1",0.118610178828282,0.119245350705483,-0.000635171877200649,0.0574480328033109,0.179772324853253,0.118610178828282,0.122324292049942,0.031205749956331,TRUE,,,0,"OK","P14-C001",45,20,400,0.05,"balanced","weak","regular",20,20,0,0.0025,0,0.0669999999999997
"V4-PRI-TWO-STAGE-HBB-RESP-v1","V4-TARGET-RESPONDENT-WEIGHTED-v1",0.0959068320698952,0.119245350705483,-0.0233385186355874,0.0266311722539751,0.175241892709577,0.100936532481776,0.148610720455602,0.0346731483336209,TRUE,199,199,0,"OK","P14-C001",46,20,400,0.05,"balanced","weak","regular",20,20,0,0,2,0.0670000000000002
"V4-SENS-TWO-STAGE-HBB-CLUSTER-v1","V4-TARGET-EQUAL-CLUSTER-v1",0.0959068320698952,0.119245350705483,-0.0233385186355874,0.0350453842977706,0.177094925270825,0.106070154784298,0.142049540973055,0.0345400590478329,TRUE,199,199,0,"OK","P14-C001",46,20,400,0.05,"balanced","weak","regular",20,20,0,0,2,0.0670000000000002
"V4-CMP-ONE-STAGE-CLUSTER-BB-RESP-v1","V4-TARGET-RESPONDENT-WEIGHTED-v1",0.0959068320698952,0.119245350705483,-0.0233385186355874,0.0598591845341455,0.1320275561267,0.0959433703304229,0.0721683715925547,0.0185929360730011,TRUE,199,199,0,"OK","P14-C001",46,20,400,0.05,"balanced","weak","regular",20,20,0,0,2,0.0670000000000002
"V4-CMP-IID-RESP-BB-v1","WORKING-INDEPENDENCE-RESPONDENT",0.0959068320698952,0.119245350705483,-0.0233385186355874,0.0578124737042394,0.132876247204054,0.0953443604541469,0.0750637734998151,0.0190927353567651,TRUE,199,199,0,"OK","P14-C001",46,20,400,0.05,"balanced","weak","regular",20,20,0,0,2,0.0670000000000002
"V4-CMP-TWO-STAGE-FREQ-BOOT-RESP-v1","V4-TARGET-RESPONDENT-WEIGHTED-v1",0.0959068320698952,0.119245350705483,-0.0233385186355874,0.052617024773299,0.153963222597239,0.103290123685269,0.10134619782394,0.0266266471539735,TRUE,199,199,0,"OK","P14-C001",46,20,400,0.05,"balanced","weak","regular",20,20,0,0,2,0.0670000000000002
"V4-CMP-MOKKEN-TWOLEVEL-DELTA-v1","V4-TARGET-RESPONDENT-WEIGHTED-v1",0.0959068320699014,0.119245350705483,-0.0233385186355812,0.0427098312154303,0.149103832924372,0.0959068320699014,0.106394001708942,0.0271418257039834,TRUE,,,0,"OK","P14-C001",46,20,400,0.05,"balanced","weak","regular",20,20,0,0,2,0.0670000000000002
"V4-PRI-TWO-STAGE-HBB-RESP-v1","V4-TARGET-RESPONDENT-WEIGHTED-v1",0.0678200867217786,0.119245350705483,-0.051425263983704,0.0117890298880044,0.132581171665098,0.0721851007765511,0.120792141777093,0.0294123160613636,TRUE,199,199,0,"OK","P14-C001",47,20,400,0.05,"balanced","weak","regular",20,20,0,0.0025,0,0.0670000000000002
"V4-SENS-TWO-STAGE-HBB-CLUSTER-v1","V4-TARGET-EQUAL-CLUSTER-v1",0.0678200867217786,0.119245350705483,-0.051425263983704,0.0209002652415424,0.141132050423154,0.0810161578323481,0.120231785181612,0.0313150423770542,TRUE,199,199,0,"OK","P14-C001",47,20,400,0.05,"balanced","weak","regular",20,20,0,0.0025,0,0.0670000000000002
"V4-CMP-ONE-STAGE-CLUSTER-BB-RESP-v1","V4-TARGET-RESPONDENT-WEIGHTED-v1",0.0678200867217786,0.119245350705483,-0.051425263983704,0.0403839299313157,0.107680037440187,0.0740319836857515,0.0672961075088717,0.0173958619701627,FALSE,199,199,0,"OK","P14-C001",47,20,400,0.05,"balanced","weak","regular",20,20,0,0.0025,0,0.0670000000000002
"V4-CMP-IID-RESP-BB-v1","WORKING-INDEPENDENCE-RESPONDENT",0.0678200867217786,0.119245350705483,-0.051425263983704,0.0291149339024599,0.100758097052405,0.0649365154774326,0.0716431631499454,0.0188739036889892,FALSE,199,199,0,"OK","P14-C001",47,20,400,0.05,"balanced","weak","regular",20,20,0,0.0025,0,0.0670000000000002
"V4-CMP-TWO-STAGE-FREQ-BOOT-RESP-v1","V4-TARGET-RESPONDENT-WEIGHTED-v1",0.0678200867217786,0.119245350705483,-0.051425263983704,0.0260552931043102,0.126143585162704,0.0760994391335073,0.100088292058394,0.0245972393578264,TRUE,199,199,0,"OK","P14-C001",47,20,400,0.05,"balanced","weak","regular",20,20,0,0.0025,0,0.0670000000000002
"V4-CMP-MOKKEN-TWOLEVEL-DELTA-v1","V4-TARGET-RESPONDENT-WEIGHTED-v1",0.0678200867217831,0.119245350705483,-0.0514252639836995,0.0181377810982294,0.117502392345337,0.0678200867217831,0.0993646112471073,0.0253485809001805,FALSE,,,0,"OK","P14-C001",47,20,400,0.05,"balanced","weak","regular",20,20,0,0.0025,0,0.0670000000000002
"V4-PRI-TWO-STAGE-HBB-RESP-v1","V4-TARGET-RESPONDENT-WEIGHTED-v1",0.181197954477883,0.119245350705483,0.0619526037724003,0.124788628563457,0.260252663761937,0.192520646162697,0.13546403519848,0.0368036791961838,FALSE,199,199,0,"OK","P14-C001",48,20,400,0.05,"balanced","weak","regular",20,20,0,0.00750000000000001,0,0.0659999999999998
"V4-SENS-TWO-STAGE-HBB-CLUSTER-v1","V4-TARGET-EQUAL-CLUSTER-v1",0.181197954477883,0.119245350705483,0.0619526037724003,0.11019999054172,0.259967841234545,0.185083915888133,0.149767850692825,0.0392897556200365,TRUE,199,199,0,"OK","P14-C001",48,20,400,0.05,"balanced","weak","regular",20,20,0,0.00750000000000001,0,0.0659999999999998
"V4-CMP-ONE-STAGE-CLUSTER-BB-RESP-v1","V4-TARGET-RESPONDENT-WEIGHTED-v1",0.181197954477883,0.119245350705483,0.0619526037724003,0.132061511776739,0.241375369045327,0.186718440411033,0.109313857268588,0.0271541941078148,FALSE,199,199,0,"OK","P14-C001",48,20,400,0.05,"balanced","weak","regular",20,20,0,0.00750000000000001,0,0.0659999999999998
"V4-CMP-IID-RESP-BB-v1","WORKING-INDEPENDENCE-RESPONDENT",0.181197954477883,0.119245350705483,0.0619526037724003,0.137537991591966,0.224194414583259,0.180866203087612,0.0866564229912926,0.0218601213373196,FALSE,199,199,0,"OK","P14-C001",48,20,400,0.05,"balanced","weak","regular",20,20,0,0.00750000000000001,0,0.0659999999999998
"V4-CMP-TWO-STAGE-FREQ-BOOT-RESP-v1","V4-TARGET-RESPONDENT-WEIGHTED-v1",0.181197954477883,0.119245350705483,0.0619526037724003,0.108552425047467,0.240733239199412,0.174642832123439,0.132180814151945,0.0339819070771201,TRUE,199,199,0,"OK","P14-C001",48,20,400,0.05,"balanced","weak","regular",20,20,0,0.00750000000000001,0,0.0659999999999998
"V4-CMP-MOKKEN-TWOLEVEL-DELTA-v1","V4-TARGET-RESPONDENT-WEIGHTED-v1",0.181197954477887,0.119245350705483,0.0619526037724044,0.114940666478893,0.247455242476881,0.181197954477887,0.132514575997987,0.033805359956419,TRUE,,,0,"OK","P14-C001",48,20,400,0.05,"balanced","weak","regular",20,20,0,0.00750000000000001,0,0.0659999999999998
"V4-PRI-TWO-STAGE-HBB-RESP-v1","V4-TARGET-RESPONDENT-WEIGHTED-v1",0.133461745817783,0.119245350705483,0.0142163951123009,0.073609231465614,0.191008979120905,0.132309105293259,0.117399747655291,0.0316595266333593,TRUE,199,199,0,"OK","P14-C001",49,20,400,0.05,"balanced","weak","regular",20,20,0,0.0025,0,0.0699999999999998
"V4-SENS-TWO-STAGE-HBB-CLUSTER-v1","V4-TARGET-EQUAL-CLUSTER-v1",0.133461745817783,0.119245350705483,0.0142163951123009,0.0698944018810604,0.193030353995247,0.131462377938154,0.123135952114186,0.0322500529628718,TRUE,199,199,0,"OK","P14-C001",49,20,400,0.05,"balanced","weak","regular",20,20,0,0.0025,0,0.0699999999999998
"V4-CMP-ONE-STAGE-CLUSTER-BB-RESP-v1","V4-TARGET-RESPONDENT-WEIGHTED-v1",0.133461745817783,0.119245350705483,0.0142163951123009,0.101148102490051,0.172804229572441,0.136976166031246,0.0716561270823896,0.0172480045741637,TRUE,199,199,0,"OK","P14-C001",49,20,400,0.05,"balanced","weak","regular",20,20,0,0.0025,0,0.0699999999999998
"V4-CMP-IID-RESP-BB-v1","WORKING-INDEPENDENCE-RESPONDENT",0.133461745817783,0.119245350705483,0.0142163951123009,0.0931475785670833,0.174424590032462,0.133786084299773,0.0812770114653791,0.0209026508288089,TRUE,199,199,0,"OK","P14-C001",49,20,400,0.05,"balanced","weak","regular",20,20,0,0.0025,0,0.0699999999999998
"V4-CMP-TWO-STAGE-FREQ-BOOT-RESP-v1","V4-TARGET-RESPONDENT-WEIGHTED-v1",0.133461745817783,0.119245350705483,0.0142163951123009,0.0815265450282797,0.185475122038519,0.133500833533399,0.103948577010239,0.0259468345256829,TRUE,199,199,0,"OK","P14-C001",49,20,400,0.05,"balanced","weak","regular",20,20,0,0.0025,0,0.0699999999999998
"V4-CMP-MOKKEN-TWOLEVEL-DELTA-v1","V4-TARGET-RESPONDENT-WEIGHTED-v1",0.133461745817789,0.119245350705483,0.0142163951123064,0.0808140322706087,0.186109459364969,0.133461745817789,0.105295427094361,0.0268615719280858,TRUE,,,0,"OK","P14-C001",49,20,400,0.05,"balanced","weak","regular",20,20,0,0.0025,0,0.0699999999999998
"V4-PRI-TWO-STAGE-HBB-RESP-v1","V4-TARGET-RESPONDENT-WEIGHTED-v1",0.109815602964837,0.119245350705483,-0.00942974774064598,0.037501619642924,0.171718188980335,0.10460990431163,0.134216569337411,0.0353787627802494,TRUE,199,199,0,"OK","P14-C001",50,20,400,0.05,"balanced","weak","regular",20,20,0,0,1,0.0680000000000001
"V4-SENS-TWO-STAGE-HBB-CLUSTER-v1","V4-TARGET-EQUAL-CLUSTER-v1",0.109815602964837,0.119245350705483,-0.00942974774064598,0.0460819342115815,0.18781786633506,0.116949900273321,0.141735932123479,0.037478257021835,TRUE,199,199,0,"OK","P14-C001",50,20,400,0.05,"balanced","weak","regular",20,20,0,0,1,0.0680000000000001
"V4-CMP-ONE-STAGE-CLUSTER-BB-RESP-v1","V4-TARGET-RESPONDENT-WEIGHTED-v1",0.109815602964837,0.119245350705483,-0.00942974774064598,0.0639563825467088,0.157361905616988,0.110659144081848,0.093405523070279,0.0231311073370372,TRUE,199,199,0,"OK","P14-C001",50,20,400,0.05,"balanced","weak","regular",20,20,0,0,1,0.0680000000000001
"V4-CMP-IID-RESP-BB-v1","WORKING-INDEPENDENCE-RESPONDENT",0.109815602964837,0.119245350705483,-0.00942974774064598,0.0771881622149074,0.156948535484789,0.117068348849848,0.0797603732698812,0.0209890428316454,TRUE,199,199,0,"OK","P14-C001",50,20,400,0.05,"balanced","weak","regular",20,20,0,0,1,0.0680000000000001
"V4-CMP-TWO-STAGE-FREQ-BOOT-RESP-v1","V4-TARGET-RESPONDENT-WEIGHTED-v1",0.109815602964837,0.119245350705483,-0.00942974774064598,0.0507820670136822,0.176543651821463,0.113662859417573,0.125761584807781,0.0316907756055807,TRUE,199,199,0,"OK","P14-C001",50,20,400,0.05,"balanced","weak","regular",20,20,0,0,1,0.0680000000000001
"V4-CMP-MOKKEN-TWOLEVEL-DELTA-v1","V4-TARGET-RESPONDENT-WEIGHTED-v1",0.109815602964844,0.119245350705483,-0.00942974774063855,0.0466212736864847,0.173009932243203,0.109815602964844,0.126388658556719,0.0322425971991466,TRUE,,,0,"OK","P14-C001",50,20,400,0.05,"balanced","weak","regular",20,20,0,0,1,0.0680000000000001
"V4-PRI-TWO-STAGE-HBB-RESP-v1","V4-TARGET-RESPONDENT-WEIGHTED-v1",0.105201843715265,0.119245350705483,-0.0140435069902181,0.0552494304002762,0.182445435648067,0.118847433024172,0.127196005247791,0.03175538797027,TRUE,199,199,0,"OK","P14-C001",51,20,400,0.05,"balanced","weak","regular",20,20,0,0,1,0.0670000000000002
"V4-SENS-TWO-STAGE-HBB-CLUSTER-v1","V4-TARGET-EQUAL-CLUSTER-v1",0.105201843715265,0.119245350705483,-0.0140435069902181,0.0451720090645416,0.173922702695563,0.109547355880052,0.128750693631022,0.0340761322498223,TRUE,199,199,0,"OK","P14-C001",51,20,400,0.05,"balanced","weak","regular",20,20,0,0,1,0.0670000000000002
"V4-CMP-ONE-STAGE-CLUSTER-BB-RESP-v1","V4-TARGET-RESPONDENT-WEIGHTED-v1",0.105201843715265,0.119245350705483,-0.0140435069902181,0.0525733538019683,0.152199703063593,0.102386528432781,0.0996263492616247,0.025217468466538,TRUE,199,199,0,"OK","P14-C001",51,20,400,0.05,"balanced","weak","regular",20,20,0,0,1,0.0670000000000002
"V4-CMP-IID-RESP-BB-v1","WORKING-INDEPENDENCE-RESPONDENT",0.105201843715265,0.119245350705483,-0.0140435069902181,0.0675950136178137,0.140367146609095,0.103981080113454,0.0727721329912809,0.0183080870882116,TRUE,199,199,0,"OK","P14-C001",51,20,400,0.05,"balanced","weak","regular",20,20,0,0,1,0.0670000000000002
"V4-CMP-TWO-STAGE-FREQ-BOOT-RESP-v1","V4-TARGET-RESPONDENT-WEIGHTED-v1",0.105201843715265,0.119245350705483,-0.0140435069902181,0.0356792361199902,0.173842040387957,0.104760638253974,0.138162804267967,0.0371152462074737,TRUE,199,199,0,"OK","P14-C001",51,20,400,0.05,"balanced","weak","regular",20,20,0,0,1,0.0670000000000002
"V4-CMP-MOKKEN-TWOLEVEL-DELTA-v1","V4-TARGET-RESPONDENT-WEIGHTED-v1",0.105201843715273,0.119245350705483,-0.0140435069902101,0.0422209938736411,0.168182693556904,0.105201843715273,0.125961699683263,0.0321336771177513,TRUE,,,0,"OK","P14-C001",51,20,400,0.05,"balanced","weak","regular",20,20,0,0,1,0.0670000000000002
"V4-PRI-TWO-STAGE-HBB-RESP-v1","V4-TARGET-RESPONDENT-WEIGHTED-v1",0.102573136719673,0.119245350705483,-0.0166722139858097,0.0513902675130784,0.171248329057651,0.111319298285365,0.119858061544573,0.032724071621439,TRUE,199,199,0,"OK","P14-C001",52,20,400,0.05,"balanced","weak","regular",20,20,0,0.00250000000000006,0,0.0699999999999998
"V4-SENS-TWO-STAGE-HBB-CLUSTER-v1","V4-TARGET-EQUAL-CLUSTER-v1",0.102573136719673,0.119245350705483,-0.0166722139858097,0.0447306346262032,0.167964739652163,0.106347687139183,0.12323410502596,0.0304326781061172,TRUE,199,199,0,"OK","P14-C001",52,20,400,0.05,"balanced","weak","regular",20,20,0,0.00250000000000006,0,0.0699999999999998
"V4-CMP-ONE-STAGE-CLUSTER-BB-RESP-v1","V4-TARGET-RESPONDENT-WEIGHTED-v1",0.102573136719673,0.119245350705483,-0.0166722139858097,0.0657180956364416,0.138485377436929,0.102101736536685,0.072767281800487,0.0182533830727581,TRUE,199,199,0,"OK","P14-C001",52,20,400,0.05,"balanced","weak","regular",20,20,0,0.00250000000000006,0,0.0699999999999998
"V4-CMP-IID-RESP-BB-v1","WORKING-INDEPENDENCE-RESPONDENT",0.102573136719673,0.119245350705483,-0.0166722139858097,0.0588694964899194,0.146320034074779,0.102594765282349,0.0874505375848594,0.0213163746778043,TRUE,199,199,0,"OK","P14-C001",52,20,400,0.05,"balanced","weak","regular",20,20,0,0.00250000000000006,0,0.0699999999999998
"V4-CMP-TWO-STAGE-FREQ-BOOT-RESP-v1","V4-TARGET-RESPONDENT-WEIGHTED-v1",0.102573136719673,0.119245350705483,-0.0166722139858097,0.0477085830553306,0.14331528319753,0.0955119331264304,0.0956067001421997,0.0263018570523763,TRUE,199,199,0,"OK","P14-C001",52,20,400,0.05,"balanced","weak","regular",20,20,0,0.00250000000000006,0,0.0699999999999998
"V4-CMP-MOKKEN-TWOLEVEL-DELTA-v1","V4-TARGET-RESPONDENT-WEIGHTED-v1",0.102573136719676,0.119245350705483,-0.0166722139858069,0.0490963100693181,0.156049963370033,0.102573136719676,0.106953653300715,0.0272845965906395,TRUE,,,0,"OK","P14-C001",52,20,400,0.05,"balanced","weak","regular",20,20,0,0.00250000000000006,0,0.0699999999999998
"V4-PRI-TWO-STAGE-HBB-RESP-v1","V4-TARGET-RESPONDENT-WEIGHTED-v1",0.125559584943422,0.119245350705483,0.00631423423793935,0.0526171609601798,0.199768086943409,0.126192623951795,0.14715092598323,0.0367347851682209,TRUE,199,199,0,"OK","P14-C001",53,20,400,0.05,"balanced","weak","regular",20,20,0,0.0025,0,0.0670000000000002
"V4-SENS-TWO-STAGE-HBB-CLUSTER-v1","V4-TARGET-EQUAL-CLUSTER-v1",0.125559584943422,0.119245350705483,0.00631423423793935,0.0566610930553125,0.199729682835322,0.128195387945317,0.14306858978001,0.0372369534032703,TRUE,199,199,0,"OK","P14-C001",53,20,400,0.05,"balanced","weak","regular",20,20,0,0.0025,0,0.0670000000000002
"V4-CMP-ONE-STAGE-CLUSTER-BB-RESP-v1","V4-TARGET-RESPONDENT-WEIGHTED-v1",0.125559584943422,0.119245350705483,0.00631423423793935,0.0952461409409272,0.179472084008405,0.137359112474666,0.0842259430674775,0.0191375639212196,TRUE,199,199,0,"OK","P14-C001",53,20,400,0.05,"balanced","weak","regular",20,20,0,0.0025,0,0.0670000000000002
"V4-CMP-IID-RESP-BB-v1","WORKING-INDEPENDENCE-RESPONDENT",0.125559584943422,0.119245350705483,0.00631423423793935,0.0854565255217045,0.172170057906756,0.12881329171423,0.086713532385052,0.0231591552972454,TRUE,199,199,0,"OK","P14-C001",53,20,400,0.05,"balanced","weak","regular",20,20,0,0.0025,0,0.0670000000000002
"V4-CMP-TWO-STAGE-FREQ-BOOT-RESP-v1","V4-TARGET-RESPONDENT-WEIGHTED-v1",0.125559584943422,0.119245350705483,0.00631423423793935,0.0655789220208298,0.177909234569426,0.121744078295128,0.112330312548596,0.0297469643249912,TRUE,199,199,0,"OK","P14-C001",53,20,400,0.05,"balanced","weak","regular",20,20,0,0.0025,0,0.0670000000000002
"V4-CMP-MOKKEN-TWOLEVEL-DELTA-v1","V4-TARGET-RESPONDENT-WEIGHTED-v1",0.125559584943427,0.119245350705483,0.0063142342379444,0.0657829238871621,0.185336245999692,0.125559584943427,0.11955332211253,0.0304988568809302,TRUE,,,0,"OK","P14-C001",53,20,400,0.05,"balanced","weak","regular",20,20,0,0.0025,0,0.0670000000000002
"V4-PRI-TWO-STAGE-HBB-RESP-v1","V4-TARGET-RESPONDENT-WEIGHTED-v1",0.0977864423644794,0.119245350705483,-0.0214589083410032,0.0284834002656339,0.175005000494422,0.101744200380028,0.146521600228788,0.0369218691523157,TRUE,199,199,0,"OK","P14-C001",54,20,400,0.05,"balanced","weak","regular",20,20,0,0,1,0.0680000000000001
"V4-SENS-TWO-STAGE-HBB-CLUSTER-v1","V4-TARGET-EQUAL-CLUSTER-v1",0.0977864423644794,0.119245350705483,-0.0214589083410032,0.0233570024031362,0.17675037991678,0.100053691159958,0.153393377513643,0.0376439802089251,TRUE,199,199,0,"OK","P14-C001",54,20,400,0.05,"balanced","weak","regular",20,20,0,0,1,0.0680000000000001
"V4-CMP-ONE-STAGE-CLUSTER-BB-RESP-v1","V4-TARGET-RESPONDENT-WEIGHTED-v1",0.0977864423644794,0.119245350705483,-0.0214589083410032,0.0562438849049972,0.142055201718521,0.099149543311759,0.0858113168135237,0.0215179450362854,TRUE,199,199,0,"OK","P14-C001",54,20,400,0.05,"balanced","weak","regular",20,20,0,0,1,0.0680000000000001
"V4-CMP-IID-RESP-BB-v1","WORKING-INDEPENDENCE-RESPONDENT",0.0977864423644794,0.119245350705483,-0.0214589083410032,0.0585881164964303,0.140885615153133,0.0997368658247818,0.082297498656703,0.021239092430167,TRUE,199,199,0,"OK","P14-C001",54,20,400,0.05,"balanced","weak","regular",20,20,0,0,1,0.0680000000000001
"V4-CMP-TWO-STAGE-FREQ-BOOT-RESP-v1","V4-TARGET-RESPONDENT-WEIGHTED-v1",0.0977864423644794,0.119245350705483,-0.0214589083410032,0.046543223579341,0.159137398502206,0.102840311040773,0.112594174922865,0.0299150844178986,TRUE,199,199,0,"OK","P14-C001",54,20,400,0.05,"balanced","weak","regular",20,20,0,0,1,0.0680000000000001
"V4-CMP-MOKKEN-TWOLEVEL-DELTA-v1","V4-TARGET-RESPONDENT-WEIGHTED-v1",0.0977864423644849,0.119245350705483,-0.0214589083409977,0.0385614109904487,0.157011473738521,0.0977864423644849,0.118450062748072,0.0302174079938181,TRUE,,,0,"OK","P14-C001",54,20,400,0.05,"balanced","weak","regular",20,20,0,0,1,0.0680000000000001
"V4-PRI-TWO-STAGE-HBB-RESP-v1","V4-TARGET-RESPONDENT-WEIGHTED-v1",0.109930735860071,0.119245350705483,-0.00931461484541114,0.0411232044000177,0.165594685519107,0.103358944959562,0.124471481119089,0.0331158101955773,TRUE,199,199,0,"OK","P14-C001",55,20,400,0.05,"balanced","weak","regular",20,20,0,0,1,0.0800000000000001
"V4-SENS-TWO-STAGE-HBB-CLUSTER-v1","V4-TARGET-EQUAL-CLUSTER-v1",0.109930735860071,0.119245350705483,-0.00931461484541114,0.0461348356618969,0.182522759640811,0.114328797651354,0.136387923978914,0.0336714053630224,TRUE,199,199,0,"OK","P14-C001",55,20,400,0.05,"balanced","weak","regular",20,20,0,0,1,0.0800000000000001
"V4-CMP-ONE-STAGE-CLUSTER-BB-RESP-v1","V4-TARGET-RESPONDENT-WEIGHTED-v1",0.109930735860071,0.119245350705483,-0.00931461484541114,0.0684353183904571,0.143473796098809,0.105954557244633,0.0750384777083522,0.0200717250660303,TRUE,199,199,0,"OK","P14-C001",55,20,400,0.05,"balanced","weak","regular",20,20,0,0,1,0.0800000000000001
"V4-CMP-IID-RESP-BB-v1","WORKING-INDEPENDENCE-RESPONDENT",0.109930735860071,0.119245350705483,-0.00931461484541114,0.065109499676325,0.154898890261201,0.110004194968763,0.0897893905848764,0.02129317130791,TRUE,199,199,0,"OK","P14-C001",55,20,400,0.05,"balanced","weak","regular",20,20,0,0,1,0.0800000000000001
"V4-CMP-TWO-STAGE-FREQ-BOOT-RESP-v1","V4-TARGET-RESPONDENT-WEIGHTED-v1",0.109930735860071,0.119245350705483,-0.00931461484541114,0.055476853116844,0.170425965132196,0.11295140912452,0.114949112015352,0.0282011495476584,TRUE,199,199,0,"OK","P14-C001",55,20,400,0.05,"balanced","weak","regular",20,20,0,0,1,0.0800000000000001
"V4-CMP-MOKKEN-TWOLEVEL-DELTA-v1","V4-TARGET-RESPONDENT-WEIGHTED-v1",0.109930735860076,0.119245350705483,-0.00931461484540665,0.0539316716204777,0.165929800099674,0.109930735860076,0.111998128479197,0.0285714761502312,TRUE,,,0,"OK","P14-C001",55,20,400,0.05,"balanced","weak","regular",20,20,0,0,1,0.0800000000000001
"V4-PRI-TWO-STAGE-HBB-RESP-v1","V4-TARGET-RESPONDENT-WEIGHTED-v1",0.107098374307963,0.119245350705483,-0.0121469763975192,0.0506168981277722,0.166753362510229,0.108685130319001,0.116136464382457,0.0314419032398042,TRUE,199,199,0,"OK","P14-C001",56,20,400,0.05,"balanced","weak","regular",20,20,0,0.0025,0,0.0720000000000001
"V4-SENS-TWO-STAGE-HBB-CLUSTER-v1","V4-TARGET-EQUAL-CLUSTER-v1",0.107098374307963,0.119245350705483,-0.0121469763975192,0.0524320599575463,0.177745697672964,0.115088878815255,0.125313637715418,0.0307106194077423,TRUE,199,199,0,"OK","P14-C001",56,20,400,0.05,"balanced","weak","regular",20,20,0,0.0025,0,0.0720000000000001
"V4-CMP-ONE-STAGE-CLUSTER-BB-RESP-v1","V4-TARGET-RESPONDENT-WEIGHTED-v1",0.107098374307963,0.119245350705483,-0.0121469763975192,0.075910486347365,0.141032795565682,0.108471640956524,0.0651223092183171,0.0165217027563006,TRUE,199,199,0,"OK","P14-C001",56,20,400,0.05,"balanced","weak","regular",20,20,0,0.0025,0,0.0720000000000001
"V4-CMP-IID-RESP-BB-v1","WORKING-INDEPENDENCE-RESPONDENT",0.107098374307963,0.119245350705483,-0.0121469763975192,0.0712263956402043,0.143781588093705,0.107503991866955,0.0725551924535006,0.018766605570685,TRUE,199,199,0,"OK","P14-C001",56,20,400,0.05,"balanced","weak","regular",20,20,0,0.0025,0,0.0720000000000001
"V4-CMP-TWO-STAGE-FREQ-BOOT-RESP-v1","V4-TARGET-RESPONDENT-WEIGHTED-v1",0.107098374307963,0.119245350705483,-0.0121469763975192,0.0580450850988433,0.165739997248903,0.111892541173873,0.10769491215006,0.0289750484562965,TRUE,199,199,0,"OK","P14-C001",56,20,400,0.05,"balanced","weak","regular",20,20,0,0.0025,0,0.0720000000000001
"V4-CMP-MOKKEN-TWOLEVEL-DELTA-v1","V4-TARGET-RESPONDENT-WEIGHTED-v1",0.107098374307969,0.119245350705483,-0.0121469763975133,0.055402485573608,0.158794263042331,0.107098374307969,0.103391777468723,0.0263759380999508,TRUE,,,0,"OK","P14-C001",56,20,400,0.05,"balanced","weak","regular",20,20,0,0.0025,0,0.0720000000000001
"V4-PRI-TWO-STAGE-HBB-RESP-v1","V4-TARGET-RESPONDENT-WEIGHTED-v1",0.129248918011762,0.119245350705483,0.0100035673062794,0.0495869410551736,0.19492921722876,0.122258079141967,0.145342276173587,0.0373349563208794,TRUE,199,199,0,"OK","P14-C001",57,20,400,0.05,"balanced","weak","regular",20,20,0,0.0025,0,0.0800000000000001
"V4-SENS-TWO-STAGE-HBB-CLUSTER-v1","V4-TARGET-EQUAL-CLUSTER-v1",0.129248918011762,0.119245350705483,0.0100035673062794,0.0609477154049429,0.198425248346269,0.129686481875606,0.137477532941326,0.0347182764323289,TRUE,199,199,0,"OK","P14-C001",57,20,400,0.05,"balanced","weak","regular",20,20,0,0.0025,0,0.0800000000000001
"V4-CMP-ONE-STAGE-CLUSTER-BB-RESP-v1","V4-TARGET-RESPONDENT-WEIGHTED-v1",0.129248918011762,0.119245350705483,0.0100035673062794,0.0806170040075674,0.174435463041448,0.127526233524507,0.0938184590338801,0.0226167968365181,TRUE,199,199,0,"OK","P14-C001",57,20,400,0.05,"balanced","weak","regular",20,20,0,0.0025,0,0.0800000000000001
"V4-CMP-IID-RESP-BB-v1","WORKING-INDEPENDENCE-RESPONDENT",0.129248918011762,0.119245350705483,0.0100035673062794,0.0883497024367824,0.165628338203614,0.126989020320198,0.0772786357668319,0.0210123253903524,TRUE,199,199,0,"OK","P14-C001",57,20,400,0.05,"balanced","weak","regular",20,20,0,0.0025,0,0.0800000000000001
"V4-CMP-TWO-STAGE-FREQ-BOOT-RESP-v1","V4-TARGET-RESPONDENT-WEIGHTED-v1",0.129248918011762,0.119245350705483,0.0100035673062794,0.0656330313766699,0.192586137308677,0.129109584342673,0.126953105932007,0.0310321891099542,TRUE,199,199,0,"OK","P14-C001",57,20,400,0.05,"balanced","weak","regular",20,20,0,0.0025,0,0.0800000000000001
"V4-CMP-MOKKEN-TWOLEVEL-DELTA-v1","V4-TARGET-RESPONDENT-WEIGHTED-v1",0.129248918011768,0.119245350705483,0.0100035673062858,0.0665295333005664,0.19196830272297,0.129248918011768,0.125438769422404,0.0320002740896897,TRUE,,,0,"OK","P14-C001",57,20,400,0.05,"balanced","weak","regular",20,20,0,0.0025,0,0.0800000000000001
"V4-PRI-TWO-STAGE-HBB-RESP-v1","V4-TARGET-RESPONDENT-WEIGHTED-v1",0.121584441465325,0.119245350705483,0.00233909075984191,0.0516397092817289,0.194975879419511,0.12330779435062,0.143336170137782,0.0350747335132819,TRUE,199,199,0,"OK","P14-C001",58,20,400,0.05,"balanced","weak","regular",20,20,0,0,1,0.0669999999999993
"V4-SENS-TWO-STAGE-HBB-CLUSTER-v1","V4-TARGET-EQUAL-CLUSTER-v1",0.121584441465325,0.119245350705483,0.00233909075984191,0.0659501125694052,0.22851184523745,0.147230978903428,0.162561732668045,0.0393083510788467,TRUE,199,199,0,"OK","P14-C001",58,20,400,0.05,"balanced","weak","regular",20,20,0,0,1,0.0669999999999993
"V4-CMP-ONE-STAGE-CLUSTER-BB-RESP-v1","V4-TARGET-RESPONDENT-WEIGHTED-v1",0.121584441465325,0.119245350705483,0.00233909075984191,0.076639836768286,0.176574126396844,0.126606981582565,0.0999342896285578,0.0250661790448298,TRUE,199,199,0,"OK","P14-C001",58,20,400,0.05,"balanced","weak","regular",20,20,0,0,1,0.0669999999999993
"V4-CMP-IID-RESP-BB-v1","WORKING-INDEPENDENCE-RESPONDENT",0.121584441465325,0.119245350705483,0.00233909075984191,0.0798580395703972,0.169440201116787,0.124649120343592,0.0895821615463895,0.0221676776837828,TRUE,199,199,0,"OK","P14-C001",58,20,400,0.05,"balanced","weak","regular",20,20,0,0,1,0.0669999999999993
"V4-CMP-TWO-STAGE-FREQ-BOOT-RESP-v1","V4-TARGET-RESPONDENT-WEIGHTED-v1",0.121584441465325,0.119245350705483,0.00233909075984191,0.0631604870781666,0.188858111209343,0.126009299143755,0.125697624131177,0.0321707714899328,TRUE,199,199,0,"OK","P14-C001",58,20,400,0.05,"balanced","weak","regular",20,20,0,0,1,0.0669999999999993
"V4-CMP-MOKKEN-TWOLEVEL-DELTA-v1","V4-TARGET-RESPONDENT-WEIGHTED-v1",0.121584441465332,0.119245350705483,0.00233909075984938,0.0581854274425252,0.184983455488139,0.121584441465332,0.126798028045614,0.0323470301101909,TRUE,,,0,"OK","P14-C001",58,20,400,0.05,"balanced","weak","regular",20,20,0,0,1,0.0669999999999993
"V4-PRI-TWO-STAGE-HBB-RESP-v1","V4-TARGET-RESPONDENT-WEIGHTED-v1",0.136404637424368,0.119245350705483,0.0171592867188855,0.0640240644815278,0.21879813380329,0.141411099142409,0.154774069321762,0.0376356777712556,TRUE,199,199,0,"OK","P14-C001",59,20,400,0.05,"balanced","weak","regular",20,20,0,0.0025,0,0.0670000000000002
"V4-SENS-TWO-STAGE-HBB-CLUSTER-v1","V4-TARGET-EQUAL-CLUSTER-v1",0.136404637424368,0.119245350705483,0.0171592867188855,0.0710668171727248,0.208007782390901,0.139537299781813,0.136940965218176,0.0351301507928985,TRUE,199,199,0,"OK","P14-C001",59,20,400,0.05,"balanced","weak","regular",20,20,0,0.0025,0,0.0670000000000002
"V4-CMP-ONE-STAGE-CLUSTER-BB-RESP-v1","V4-TARGET-RESPONDENT-WEIGHTED-v1",0.136404637424368,0.119245350705483,0.0171592867188855,0.0907151099543721,0.178188834607522,0.134451972280947,0.0874737246531501,0.0225356552324357,TRUE,199,199,0,"OK","P14-C001",59,20,400,0.05,"balanced","weak","regular",20,20,0,0.0025,0,0.0670000000000002
"V4-CMP-IID-RESP-BB-v1","WORKING-INDEPENDENCE-RESPONDENT",0.136404637424368,0.119245350705483,0.0171592867188855,0.0952294524457204,0.180745819709951,0.137987636077836,0.0855163672642307,0.0201911232483008,TRUE,199,199,0,"OK","P14-C001",59,20,400,0.05,"balanced","weak","regular",20,20,0,0.0025,0,0.0670000000000002
"V4-CMP-TWO-STAGE-FREQ-BOOT-RESP-v1","V4-TARGET-RESPONDENT-WEIGHTED-v1",0.136404637424368,0.119245350705483,0.0171592867188855,0.0766607905115068,0.203161947920546,0.139911369216026,0.126501157409039,0.0327363820794618,TRUE,199,199,0,"OK","P14-C001",59,20,400,0.05,"balanced","weak","regular",20,20,0,0.0025,0,0.0670000000000002
"V4-CMP-MOKKEN-TWOLEVEL-DELTA-v1","V4-TARGET-RESPONDENT-WEIGHTED-v1",0.136404637424374,0.119245350705483,0.0171592867188914,0.074911191416653,0.197898083432095,0.136404637424374,0.122986892015442,0.0313747836658089,TRUE,,,0,"OK","P14-C001",59,20,400,0.05,"balanced","weak","regular",20,20,0,0.0025,0,0.0670000000000002
"V4-PRI-TWO-STAGE-HBB-RESP-v1","V4-TARGET-RESPONDENT-WEIGHTED-v1",0.0925280644582541,0.119245350705483,-0.0267172862472285,0.0277143864932788,0.166268939432028,0.0969916629626535,0.138554552938749,0.0344696691332218,TRUE,199,199,0,"OK","P14-C001",60,20,400,0.05,"balanced","weak","regular",20,20,0,0.0025,0,0.069
"V4-SENS-TWO-STAGE-HBB-CLUSTER-v1","V4-TARGET-EQUAL-CLUSTER-v1",0.0925280644582541,0.119245350705483,-0.0267172862472285,0.0286398429556856,0.169619295401499,0.0991295691785921,0.140979452445813,0.0344997380592579,TRUE,199,199,0,"OK","P14-C001",60,20,400,0.05,"balanced","weak","regular",20,20,0,0.0025,0,0.069
"V4-CMP-ONE-STAGE-CLUSTER-BB-RESP-v1","V4-TARGET-RESPONDENT-WEIGHTED-v1",0.0925280644582541,0.119245350705483,-0.0267172862472285,0.0562096372410449,0.135703466553713,0.0959565518973792,0.0794938293126685,0.0196800626402649,TRUE,199,199,0,"OK","P14-C001",60,20,400,0.05,"balanced","weak","regular",20,20,0,0.0025,0,0.069
"V4-CMP-IID-RESP-BB-v1","WORKING-INDEPENDENCE-RESPONDENT",0.0925280644582541,0.119245350705483,-0.0267172862472285,0.0568060240570312,0.13473108797194,0.0957685560144857,0.077925063914909,0.0203384539826778,TRUE,199,199,0,"OK","P14-C001",60,20,400,0.05,"balanced","weak","regular",20,20,0,0.0025,0,0.069
"V4-CMP-TWO-STAGE-FREQ-BOOT-RESP-v1","V4-TARGET-RESPONDENT-WEIGHTED-v1",0.0925280644582541,0.119245350705483,-0.0267172862472285,0.0384460459464213,0.162368636787146,0.100407341366784,0.123922590840725,0.0308146250168516,TRUE,199,199,0,"OK","P14-C001",60,20,400,0.05,"balanced","weak","regular",20,20,0,0.0025,0,0.069
"V4-CMP-MOKKEN-TWOLEVEL-DELTA-v1","V4-TARGET-RESPONDENT-WEIGHTED-v1",0.0925280644582597,0.119245350705483,-0.0267172862472229,0.037280920797272,0.147775208119247,0.0925280644582597,0.110494287321975,0.0281878361524855,TRUE,,,0,"OK","P14-C001",60,20,400,0.05,"balanced","weak","regular",20,20,0,0.0025,0,0.069
