"method_id","target_id","point_estimate","truth","bias","lower","upper","center","interval_length","se_equivalent","cover","defined_draws","total_draws","invalid_fraction","status","cell_id","replication","G","N","latent_icc","size_mechanism","strength","regularity","minimum_cluster_size","maximum_cluster_size","size_effect_correlation","sample_minimum_internal_cdf_gap","sample_exact_knot_count","replication_elapsed_seconds"
"V4-PRI-TWO-STAGE-HBB-RESP-v1","V4-TARGET-RESPONDENT-WEIGHTED-v1",0.126704280127403,0.119245350705482,0.00745892942192102,0.0871105153551091,0.174101820422264,0.130606167888687,0.086991305067155,0.0218096268513154,TRUE,199,199,0,"OK","P14-C018",1,50,963,0.3,"swmdk_like","weak","regular",5,29,-0.265749886602857,0.00415368639667713,0,0.15100000000001
"V4-SENS-TWO-STAGE-HBB-CLUSTER-v1","V4-TARGET-EQUAL-CLUSTER-v1",0.133163801769574,0.119245350705482,0.0139184510640919,0.0870296964012631,0.192185914750727,0.139607805575995,0.105156218349464,0.0255378515497628,TRUE,199,199,0,"OK","P14-C018",1,50,963,0.3,"swmdk_like","weak","regular",5,29,-0.265749886602857,0.00415368639667713,0,0.15100000000001
"V4-CMP-ONE-STAGE-CLUSTER-BB-RESP-v1","V4-TARGET-RESPONDENT-WEIGHTED-v1",0.126704280127403,0.119245350705482,0.00745892942192102,0.097205594734829,0.156814414493243,0.127010004614036,0.0596088197584139,0.0147073682709924,TRUE,199,199,0,"OK","P14-C018",1,50,963,0.3,"swmdk_like","weak","regular",5,29,-0.265749886602857,0.00415368639667713,0,0.15100000000001
"V4-CMP-IID-RESP-BB-v1","WORKING-INDEPENDENCE-RESPONDENT",0.126704280127403,0.119245350705482,0.00745892942192102,0.10273247379878,0.15595879962916,0.12934563671397,0.0532263258303804,0.0141786050703054,TRUE,199,199,0,"OK","P14-C018",1,50,963,0.3,"swmdk_like","weak","regular",5,29,-0.265749886602857,0.00415368639667713,0,0.15100000000001
"V4-CMP-TWO-STAGE-FREQ-BOOT-RESP-v1","V4-TARGET-RESPONDENT-WEIGHTED-v1",0.126704280127403,0.119245350705482,0.00745892942192102,0.0870119529952599,0.170382241935402,0.128697097465331,0.0833702889401416,0.021831700978449,TRUE,199,199,0,"OK","P14-C018",1,50,963,0.3,"swmdk_like","weak","regular",5,29,-0.265749886602857,0.00415368639667713,0,0.15100000000001
"V4-CMP-MOKKEN-TWOLEVEL-DELTA-v1","V4-TARGET-RESPONDENT-WEIGHTED-v1",0.126704280127414,0.119245350705482,0.00745892942193192,0.0942944420435648,0.159114118211263,0.126704280127414,0.0648196761676979,0.0165359355271289,TRUE,,,0,"OK","P14-C018",1,50,963,0.3,"swmdk_like","weak","regular",5,29,-0.265749886602857,0.00415368639667713,0,0.15100000000001
"V4-PRI-TWO-STAGE-HBB-RESP-v1","V4-TARGET-RESPONDENT-WEIGHTED-v1",0.116095689442165,0.119245350705482,-0.00314966126331709,0.0738699547829082,0.160658144343184,0.117264049563046,0.0867881895602762,0.0210355990550079,TRUE,199,199,0,"OK","P14-C018",2,50,1061,0.3,"swmdk_like","weak","regular",5,29,-0.0676486288472248,0.000942507068802945,0,0.179000000000002
"V4-SENS-TWO-STAGE-HBB-CLUSTER-v1","V4-TARGET-EQUAL-CLUSTER-v1",0.112206485308972,0.119245350705482,-0.00703886539650957,0.0677108892521529,0.158157777255263,0.112934333253708,0.0904468880031102,0.0228463713999803,TRUE,199,199,0,"OK","P14-C018",2,50,1061,0.3,"swmdk_like","weak","regular",5,29,-0.0676486288472248,0.000942507068802945,0,0.179000000000002
"V4-CMP-ONE-STAGE-CLUSTER-BB-RESP-v1","V4-TARGET-RESPONDENT-WEIGHTED-v1",0.116095689442165,0.119245350705482,-0.00314966126331709,0.0812132300284626,0.146221353840512,0.113717291934487,0.0650081238120496,0.016073421033067,TRUE,199,199,0,"OK","P14-C018",2,50,1061,0.3,"swmdk_like","weak","regular",5,29,-0.0676486288472248,0.000942507068802945,0,0.179000000000002
"V4-CMP-IID-RESP-BB-v1","WORKING-INDEPENDENCE-RESPONDENT",0.116095689442165,0.119245350705482,-0.00314966126331709,0.0884504226802188,0.140245886696235,0.114348154688227,0.0517954640160163,0.0118444638385608,TRUE,199,199,0,"OK","P14-C018",2,50,1061,0.3,"swmdk_like","weak","regular",5,29,-0.0676486288472248,0.000942507068802945,0,0.179000000000002
"V4-CMP-TWO-STAGE-FREQ-BOOT-RESP-v1","V4-TARGET-RESPONDENT-WEIGHTED-v1",0.116095689442165,0.119245350705482,-0.00314966126331709,0.0770740821954043,0.155095725957566,0.116084904076485,0.0780216437621621,0.0201181140377201,TRUE,199,199,0,"OK","P14-C018",2,50,1061,0.3,"swmdk_like","weak","regular",5,29,-0.0676486288472248,0.000942507068802945,0,0.179000000000002
"V4-CMP-MOKKEN-TWOLEVEL-DELTA-v1","V4-TARGET-RESPONDENT-WEIGHTED-v1",0.116095689442136,0.119245350705482,-0.00314966126334616,0.0836974547293859,0.148493924154885,0.116095689442136,0.0647964694254995,0.0165300153310484,TRUE,,,0,"OK","P14-C018",2,50,1061,0.3,"swmdk_like","weak","regular",5,29,-0.0676486288472248,0.000942507068802945,0,0.179000000000002
"V4-PRI-TWO-STAGE-HBB-RESP-v1","V4-TARGET-RESPONDENT-WEIGHTED-v1",0.113081596972282,0.119245350705482,-0.00616375373320004,0.074859195753945,0.151245802206998,0.113052498980472,0.0763866064530531,0.0193183736110116,TRUE,199,199,0,"OK","P14-C018",3,50,1088,0.3,"swmdk_like","weak","regular",8,29,-0.18872722742771,0.00183823529411764,0,0.179999999999993
"V4-SENS-TWO-STAGE-HBB-CLUSTER-v1","V4-TARGET-EQUAL-CLUSTER-v1",0.120145556745186,0.119245350705482,0.000900206039703949,0.0777339597699317,0.1679628829693,0.122848421369616,0.0902289231993683,0.0236216642457673,TRUE,199,199,0,"OK","P14-C018",3,50,1088,0.3,"swmdk_like","weak","regular",8,29,-0.18872722742771,0.00183823529411764,0,0.179999999999993
"V4-CMP-ONE-STAGE-CLUSTER-BB-RESP-v1","V4-TARGET-RESPONDENT-WEIGHTED-v1",0.113081596972282,0.119245350705482,-0.00616375373320004,0.0921454259958201,0.140609272448865,0.116377349222342,0.0484638464530446,0.0117804014648988,TRUE,199,199,0,"OK","P14-C018",3,50,1088,0.3,"swmdk_like","weak","regular",8,29,-0.18872722742771,0.00183823529411764,0,0.179999999999993
"V4-CMP-IID-RESP-BB-v1","WORKING-INDEPENDENCE-RESPONDENT",0.113081596972282,0.119245350705482,-0.00616375373320004,0.087582934884761,0.14195854045587,0.114770737670316,0.0543756055711092,0.01313559069833,TRUE,199,199,0,"OK","P14-C018",3,50,1088,0.3,"swmdk_like","weak","regular",8,29,-0.18872722742771,0.00183823529411764,0,0.179999999999993
"V4-CMP-TWO-STAGE-FREQ-BOOT-RESP-v1","V4-TARGET-RESPONDENT-WEIGHTED-v1",0.113081596972282,0.119245350705482,-0.00616375373320004,0.0741961138548415,0.144065757671818,0.10913093576333,0.0698696438169763,0.0177795696071043,TRUE,199,199,0,"OK","P14-C018",3,50,1088,0.3,"swmdk_like","weak","regular",8,29,-0.18872722742771,0.00183823529411764,0,0.179999999999993
"V4-CMP-MOKKEN-TWOLEVEL-DELTA-v1","V4-TARGET-RESPONDENT-WEIGHTED-v1",0.113081596972262,0.119245350705482,-0.00616375373321944,0.0823990962481345,0.14376409769639,0.113081596972262,0.0613650014482557,0.0156546247615505,TRUE,,,0,"OK","P14-C018",3,50,1088,0.3,"swmdk_like","weak","regular",8,29,-0.18872722742771,0.00183823529411764,0,0.179999999999993
"V4-PRI-TWO-STAGE-HBB-RESP-v1","V4-TARGET-RESPONDENT-WEIGHTED-v1",0.138309126295145,0.119245350705482,0.0190637755896632,0.0962616543422779,0.189042124800576,0.142651889571427,0.0927804704582982,0.0239650525398117,TRUE,199,199,0,"OK","P14-C018",4,50,1031,0.3,"swmdk_like","weak","regular",5,29,-0.288491548755837,0.000969932104752602,0,0.168000000000006
"V4-SENS-TWO-STAGE-HBB-CLUSTER-v1","V4-TARGET-EQUAL-CLUSTER-v1",0.145876143497252,0.119245350705482,0.02663079279177,0.0989968172827699,0.200207752825062,0.149602285053916,0.101210935542292,0.0255003591425583,TRUE,199,199,0,"OK","P14-C018",4,50,1031,0.3,"swmdk_like","weak","regular",5,29,-0.288491548755837,0.000969932104752602,0,0.168000000000006
"V4-CMP-ONE-STAGE-CLUSTER-BB-RESP-v1","V4-TARGET-RESPONDENT-WEIGHTED-v1",0.138309126295145,0.119245350705482,0.0190637755896632,0.104107245399774,0.165350760753365,0.13472900307657,0.0612435153535909,0.0157533312823414,TRUE,199,199,0,"OK","P14-C018",4,50,1031,0.3,"swmdk_like","weak","regular",5,29,-0.288491548755837,0.000969932104752602,0,0.168000000000006
"V4-CMP-IID-RESP-BB-v1","WORKING-INDEPENDENCE-RESPONDENT",0.138309126295145,0.119245350705482,0.0190637755896632,0.112718889422405,0.161144034012708,0.136931461717556,0.0484251445903033,0.0123294316726596,TRUE,199,199,0,"OK","P14-C018",4,50,1031,0.3,"swmdk_like","weak","regular",5,29,-0.288491548755837,0.000969932104752602,0,0.168000000000006
"V4-CMP-TWO-STAGE-FREQ-BOOT-RESP-v1","V4-TARGET-RESPONDENT-WEIGHTED-v1",0.138309126295145,0.119245350705482,0.0190637755896632,0.0896779805255713,0.176502607864809,0.13309029419519,0.0868246273392379,0.0223351158355527,TRUE,199,199,0,"OK","P14-C018",4,50,1031,0.3,"swmdk_like","weak","regular",5,29,-0.288491548755837,0.000969932104752602,0,0.168000000000006
"V4-CMP-MOKKEN-TWOLEVEL-DELTA-v1","V4-TARGET-RESPONDENT-WEIGHTED-v1",0.13830912629513,0.119245350705482,0.0190637755896479,0.102131547493228,0.174486705097031,0.13830912629513,0.0723551576038027,0.0184582875436822,TRUE,,,0,"OK","P14-C018",4,50,1031,0.3,"swmdk_like","weak","regular",5,29,-0.288491548755837,0.000969932104752602,0,0.168000000000006
"V4-PRI-TWO-STAGE-HBB-RESP-v1","V4-TARGET-RESPONDENT-WEIGHTED-v1",0.100172215271824,0.119245350705482,-0.019073135433658,0.0637889469639668,0.138840868487818,0.101314907725893,0.0750519215238515,0.0205741359646688,TRUE,199,199,0,"OK","P14-C018",5,50,1087,0.3,"swmdk_like","weak","regular",5,29,-0.0839690952151488,0.00183992640294384,0,0.158999999999992
"V4-SENS-TWO-STAGE-HBB-CLUSTER-v1","V4-TARGET-EQUAL-CLUSTER-v1",0.0963880463991719,0.119245350705482,-0.0228573043063099,0.0611065597604084,0.145931832521827,0.103519196141118,0.0848252727614183,0.0214440990186926,TRUE,199,199,0,"OK","P14-C018",5,50,1087,0.3,"swmdk_like","weak","regular",5,29,-0.0839690952151488,0.00183992640294384,0,0.158999999999992
"V4-CMP-ONE-STAGE-CLUSTER-BB-RESP-v1","V4-TARGET-RESPONDENT-WEIGHTED-v1",0.100172215271824,0.119245350705482,-0.019073135433658,0.0758839794092449,0.123290244822702,0.0995871121159737,0.0474062654134576,0.0129217984099726,TRUE,199,199,0,"OK","P14-C018",5,50,1087,0.3,"swmdk_like","weak","regular",5,29,-0.0839690952151488,0.00183992640294384,0,0.158999999999992
"V4-CMP-IID-RESP-BB-v1","WORKING-INDEPENDENCE-RESPONDENT",0.100172215271824,0.119245350705482,-0.019073135433658,0.0743525783433885,0.125252439669553,0.0998025090064706,0.0508998613261642,0.0125048933207898,TRUE,199,199,0,"OK","P14-C018",5,50,1087,0.3,"swmdk_like","weak","regular",5,29,-0.0839690952151488,0.00183992640294384,0,0.158999999999992
"V4-CMP-TWO-STAGE-FREQ-BOOT-RESP-v1","V4-TARGET-RESPONDENT-WEIGHTED-v1",0.100172215271824,0.119245350705482,-0.019073135433658,0.0686504171269693,0.13848535454232,0.103567885834645,0.0698349374153506,0.0180531089799232,TRUE,199,199,0,"OK","P14-C018",5,50,1087,0.3,"swmdk_like","weak","regular",5,29,-0.0839690952151488,0.00183992640294384,0,0.158999999999992
"V4-CMP-MOKKEN-TWOLEVEL-DELTA-v1","V4-TARGET-RESPONDENT-WEIGHTED-v1",0.100172215271853,0.119245350705482,-0.0190731354336283,0.0697590108782417,0.130585419665465,0.100172215271853,0.0608264087872237,0.0155172261498208,TRUE,,,0,"OK","P14-C018",5,50,1087,0.3,"swmdk_like","weak","regular",5,29,-0.0839690952151488,0.00183992640294384,0,0.158999999999992
"V4-PRI-TWO-STAGE-HBB-RESP-v1","V4-TARGET-RESPONDENT-WEIGHTED-v1",0.142120025198768,0.119245350705482,0.0228746744932864,0.101745973543623,0.189050869186058,0.145398421364841,0.0873048956424353,0.0225057707697777,TRUE,199,199,0,"OK","P14-C018",6,50,1049,0.3,"swmdk_like","weak","regular",5,29,-0.0789109678442343,0.00285986653956155,0,0.152000000000001
"V4-SENS-TWO-STAGE-HBB-CLUSTER-v1","V4-TARGET-EQUAL-CLUSTER-v1",0.141697652559936,0.119245350705482,0.0224523018544538,0.100683036089041,0.192087160832009,0.146385098460525,0.0914041247429675,0.0226534904627507,TRUE,199,199,0,"OK","P14-C018",6,50,1049,0.3,"swmdk_like","weak","regular",5,29,-0.0789109678442343,0.00285986653956155,0,0.152000000000001
"V4-CMP-ONE-STAGE-CLUSTER-BB-RESP-v1","V4-TARGET-RESPONDENT-WEIGHTED-v1",0.142120025198768,0.119245350705482,0.0228746744932864,0.117508950350752,0.169351749579131,0.143430349964941,0.0518427992283791,0.0133512315570647,TRUE,199,199,0,"OK","P14-C018",6,50,1049,0.3,"swmdk_like","weak","regular",5,29,-0.0789109678442343,0.00285986653956155,0,0.152000000000001
"V4-CMP-IID-RESP-BB-v1","WORKING-INDEPENDENCE-RESPONDENT",0.142120025198768,0.119245350705482,0.0228746744932864,0.114475955888275,0.173160299297602,0.143818127592938,0.0586843434093273,0.0149991205715338,TRUE,199,199,0,"OK","P14-C018",6,50,1049,0.3,"swmdk_like","weak","regular",5,29,-0.0789109678442343,0.00285986653956155,0,0.152000000000001
"V4-CMP-TWO-STAGE-FREQ-BOOT-RESP-v1","V4-TARGET-RESPONDENT-WEIGHTED-v1",0.142120025198768,0.119245350705482,0.0228746744932864,0.0970110922903156,0.188095036609729,0.142553064450022,0.0910839443194129,0.0233754252315964,TRUE,199,199,0,"OK","P14-C018",6,50,1049,0.3,"swmdk_like","weak","regular",5,29,-0.0789109678442343,0.00285986653956155,0,0.152000000000001
"V4-CMP-MOKKEN-TWOLEVEL-DELTA-v1","V4-TARGET-RESPONDENT-WEIGHTED-v1",0.142120025198786,0.119245350705482,0.0228746744933043,0.109058830349416,0.175181220048156,0.142120025198786,0.0661223896987395,0.0168682665141565,TRUE,,,0,"OK","P14-C018",6,50,1049,0.3,"swmdk_like","weak","regular",5,29,-0.0789109678442343,0.00285986653956155,0,0.152000000000001
"V4-PRI-TWO-STAGE-HBB-RESP-v1","V4-TARGET-RESPONDENT-WEIGHTED-v1",0.111392336023813,0.119245350705482,-0.0078530146816692,0.0759578139279747,0.151965040825273,0.113961427376624,0.0760072268972983,0.0194855440510143,TRUE,199,199,0,"OK","P14-C018",7,50,1076,0.3,"swmdk_like","weak","regular",5,29,-0.000977327073423781,0.00464684014869904,0,0.158000000000001
"V4-SENS-TWO-STAGE-HBB-CLUSTER-v1","V4-TARGET-EQUAL-CLUSTER-v1",0.103419522043078,0.119245350705482,-0.0158258286624042,0.0671340561662498,0.14997541304712,0.108554734606685,0.08284135688087,0.0209354739039631,TRUE,199,199,0,"OK","P14-C018",7,50,1076,0.3,"swmdk_like","weak","regular",5,29,-0.000977327073423781,0.00464684014869904,0,0.158000000000001
"V4-CMP-ONE-STAGE-CLUSTER-BB-RESP-v1","V4-TARGET-RESPONDENT-WEIGHTED-v1",0.111392336023813,0.119245350705482,-0.0078530146816692,0.0880117661622488,0.131721529375847,0.109866647769048,0.0437097632135979,0.0117562566691774,TRUE,199,199,0,"OK","P14-C018",7,50,1076,0.3,"swmdk_like","weak","regular",5,29,-0.000977327073423781,0.00464684014869904,0,0.158000000000001
"V4-CMP-IID-RESP-BB-v1","WORKING-INDEPENDENCE-RESPONDENT",0.111392336023813,0.119245350705482,-0.0078530146816692,0.0891495335446735,0.139425052840488,0.114287293192581,0.0502755192958142,0.0118948260127913,TRUE,199,199,0,"OK","P14-C018",7,50,1076,0.3,"swmdk_like","weak","regular",5,29,-0.000977327073423781,0.00464684014869904,0,0.158000000000001
"V4-CMP-TWO-STAGE-FREQ-BOOT-RESP-v1","V4-TARGET-RESPONDENT-WEIGHTED-v1",0.111392336023813,0.119245350705482,-0.0078530146816692,0.0729599701396477,0.148290598164035,0.110625284151841,0.075330628024387,0.0181551591654291,TRUE,199,199,0,"OK","P14-C018",7,50,1076,0.3,"swmdk_like","weak","regular",5,29,-0.000977327073423781,0.00464684014869904,0,0.158000000000001
"V4-CMP-MOKKEN-TWOLEVEL-DELTA-v1","V4-TARGET-RESPONDENT-WEIGHTED-v1",0.111392336023846,0.119245350705482,-0.00785301468163559,0.0814699519111488,0.141314720136544,0.111392336023846,0.059844768225395,0.0152668030375667,TRUE,,,0,"OK","P14-C018",7,50,1076,0.3,"swmdk_like","weak","regular",5,29,-0.000977327073423781,0.00464684014869904,0,0.158000000000001
"V4-PRI-TWO-STAGE-HBB-RESP-v1","V4-TARGET-RESPONDENT-WEIGHTED-v1",0.116150683067064,0.119245350705482,-0.00309466763841751,0.0689176536507355,0.163567958604444,0.11624280612759,0.0946503049537088,0.0229403804863825,TRUE,199,199,0,"OK","P14-C018",8,50,1044,0.3,"swmdk_like","weak","regular",5,29,0.00924739263566389,0.000957854406130276,0,0.165999999999997
"V4-SENS-TWO-STAGE-HBB-CLUSTER-v1","V4-TARGET-EQUAL-CLUSTER-v1",0.116458883365467,0.119245350705482,-0.00278646734001455,0.0727355190798679,0.163987973159051,0.118361746119459,0.0912524540791827,0.0222221086299943,TRUE,199,199,0,"OK","P14-C018",8,50,1044,0.3,"swmdk_like","weak","regular",5,29,0.00924739263566389,0.000957854406130276,0,0.165999999999997
"V4-CMP-ONE-STAGE-CLUSTER-BB-RESP-v1","V4-TARGET-RESPONDENT-WEIGHTED-v1",0.116150683067064,0.119245350705482,-0.00309466763841751,0.0898686573169439,0.145329971591554,0.117599314454249,0.0554613142746104,0.0146377950643557,TRUE,199,199,0,"OK","P14-C018",8,50,1044,0.3,"swmdk_like","weak","regular",5,29,0.00924739263566389,0.000957854406130276,0,0.165999999999997
"V4-CMP-IID-RESP-BB-v1","WORKING-INDEPENDENCE-RESPONDENT",0.116150683067064,0.119245350705482,-0.00309466763841751,0.0933089098086328,0.14326409686746,0.118286503338046,0.0499551870588271,0.0129269319260143,TRUE,199,199,0,"OK","P14-C018",8,50,1044,0.3,"swmdk_like","weak","regular",5,29,0.00924739263566389,0.000957854406130276,0,0.165999999999997
"V4-CMP-TWO-STAGE-FREQ-BOOT-RESP-v1","V4-TARGET-RESPONDENT-WEIGHTED-v1",0.116150683067064,0.119245350705482,-0.00309466763841751,0.0836644131099228,0.155198520858299,0.119431466984111,0.0715341077483764,0.0179413589691317,TRUE,199,199,0,"OK","P14-C018",8,50,1044,0.3,"swmdk_like","weak","regular",5,29,0.00924739263566389,0.000957854406130276,0,0.165999999999997
"V4-CMP-MOKKEN-TWOLEVEL-DELTA-v1","V4-TARGET-RESPONDENT-WEIGHTED-v1",0.116150683067059,0.119245350705482,-0.00309466763842249,0.0842902240320883,0.14801114210203,0.116150683067059,0.0637209180699421,0.0162556349434389,TRUE,,,0,"OK","P14-C018",8,50,1044,0.3,"swmdk_like","weak","regular",5,29,0.00924739263566389,0.000957854406130276,0,0.165999999999997
"V4-PRI-TWO-STAGE-HBB-RESP-v1","V4-TARGET-RESPONDENT-WEIGHTED-v1",0.102288261177031,0.119245350705482,-0.0169570895284507,0.0597429171389309,0.144747508219932,0.102245212679432,0.0850045910810013,0.0215433928775143,TRUE,199,199,0,"OK","P14-C018",9,50,965,0.3,"swmdk_like","weak","regular",5,29,-0.181679395186217,0.00103626943005175,0,0.156999999999996
"V4-SENS-TWO-STAGE-HBB-CLUSTER-v1","V4-TARGET-EQUAL-CLUSTER-v1",0.112177510671528,0.119245350705482,-0.00706784003395423,0.0653571540693434,0.167229949583634,0.116293551826488,0.10187279551429,0.0255235238516547,TRUE,199,199,0,"OK","P14-C018",9,50,965,0.3,"swmdk_like","weak","regular",5,29,-0.181679395186217,0.00103626943005175,0,0.156999999999996
"V4-CMP-ONE-STAGE-CLUSTER-BB-RESP-v1","V4-TARGET-RESPONDENT-WEIGHTED-v1",0.102288261177031,0.119245350705482,-0.0169570895284507,0.0748615959261255,0.126269479928883,0.100565537927504,0.0514078840027576,0.0137719861050178,TRUE,199,199,0,"OK","P14-C018",9,50,965,0.3,"swmdk_like","weak","regular",5,29,-0.181679395186217,0.00103626943005175,0,0.156999999999996
"V4-CMP-IID-RESP-BB-v1","WORKING-INDEPENDENCE-RESPONDENT",0.102288261177031,0.119245350705482,-0.0169570895284507,0.0758648142474014,0.126607047918199,0.1012359310828,0.0507422336707975,0.0127795387942874,TRUE,199,199,0,"OK","P14-C018",9,50,965,0.3,"swmdk_like","weak","regular",5,29,-0.181679395186217,0.00103626943005175,0,0.156999999999996
"V4-CMP-TWO-STAGE-FREQ-BOOT-RESP-v1","V4-TARGET-RESPONDENT-WEIGHTED-v1",0.102288261177031,0.119245350705482,-0.0169570895284507,0.0685878045654507,0.140264114723356,0.104425959644404,0.0716763101579056,0.0183499994966458,TRUE,199,199,0,"OK","P14-C018",9,50,965,0.3,"swmdk_like","weak","regular",5,29,-0.181679395186217,0.00103626943005175,0,0.156999999999996
"V4-CMP-MOKKEN-TWOLEVEL-DELTA-v1","V4-TARGET-RESPONDENT-WEIGHTED-v1",0.102288261177013,0.119245350705482,-0.0169570895284692,0.0699804658104632,0.134596056543562,0.102288261177013,0.0646155907330987,0.0164838719595815,TRUE,,,0,"OK","P14-C018",9,50,965,0.3,"swmdk_like","weak","regular",5,29,-0.181679395186217,0.00103626943005175,0,0.156999999999996
"V4-PRI-TWO-STAGE-HBB-RESP-v1","V4-TARGET-RESPONDENT-WEIGHTED-v1",0.0949075934688223,0.119245350705482,-0.0243377572366595,0.056065080685969,0.140765352359542,0.0984152165227555,0.0847002716735729,0.0201605551965226,TRUE,199,199,0,"OK","P14-C018",10,50,1077,0.3,"swmdk_like","weak","regular",5,29,0.186571325949081,0.00185701021355611,0,0.157000000000011
"V4-SENS-TWO-STAGE-HBB-CLUSTER-v1","V4-TARGET-EQUAL-CLUSTER-v1",0.092333732634836,0.119245350705482,-0.0269116180706458,0.0506327062959078,0.141355821513254,0.095994263904581,0.0907231152173464,0.023935458054223,TRUE,199,199,0,"OK","P14-C018",10,50,1077,0.3,"swmdk_like","weak","regular",5,29,0.186571325949081,0.00185701021355611,0,0.157000000000011
"V4-CMP-ONE-STAGE-CLUSTER-BB-RESP-v1","V4-TARGET-RESPONDENT-WEIGHTED-v1",0.0949075934688223,0.119245350705482,-0.0243377572366595,0.0653337327606408,0.126133531857761,0.0957336323092008,0.0607997990971199,0.0140650592845363,TRUE,199,199,0,"OK","P14-C018",10,50,1077,0.3,"swmdk_like","weak","regular",5,29,0.186571325949081,0.00185701021355611,0,0.157000000000011
"V4-CMP-IID-RESP-BB-v1","WORKING-INDEPENDENCE-RESPONDENT",0.0949075934688223,0.119245350705482,-0.0243377572366595,0.0708922069722896,0.122380333721462,0.0966362703468756,0.0514881267491721,0.012365215731001,TRUE,199,199,0,"OK","P14-C018",10,50,1077,0.3,"swmdk_like","weak","regular",5,29,0.186571325949081,0.00185701021355611,0,0.157000000000011
"V4-CMP-TWO-STAGE-FREQ-BOOT-RESP-v1","V4-TARGET-RESPONDENT-WEIGHTED-v1",0.0949075934688223,0.119245350705482,-0.0243377572366595,0.0586456536024621,0.128317180159907,0.0934814168811845,0.0696715265574447,0.0174468461221882,TRUE,199,199,0,"OK","P14-C018",10,50,1077,0.3,"swmdk_like","weak","regular",5,29,0.186571325949081,0.00185701021355611,0,0.157000000000011
"V4-CMP-MOKKEN-TWOLEVEL-DELTA-v1","V4-TARGET-RESPONDENT-WEIGHTED-v1",0.0949075934687915,0.119245350705482,-0.0243377572366903,0.0617565251906069,0.128058661746976,0.0949075934687915,0.0663021365563692,0.0169141211469578,TRUE,,,0,"OK","P14-C018",10,50,1077,0.3,"swmdk_like","weak","regular",5,29,0.186571325949081,0.00185701021355611,0,0.157000000000011
"V4-PRI-TWO-STAGE-HBB-RESP-v1","V4-TARGET-RESPONDENT-WEIGHTED-v1",0.128662208932121,0.119245350705482,0.00941685822663939,0.093301812360804,0.175509438974712,0.134405625667758,0.0822076266139076,0.0200713667999407,TRUE,199,199,0,"OK","P14-C018",11,50,1055,0.3,"swmdk_like","weak","regular",5,29,-0.10749413369483,0.00473933649289104,0,0.153999999999996
"V4-SENS-TWO-STAGE-HBB-CLUSTER-v1","V4-TARGET-EQUAL-CLUSTER-v1",0.130202244201232,0.119245350705482,0.0109568934957504,0.079963310281551,0.189247911255587,0.134605610768569,0.109284600974036,0.0272106985673695,TRUE,199,199,0,"OK","P14-C018",11,50,1055,0.3,"swmdk_like","weak","regular",5,29,-0.10749413369483,0.00473933649289104,0,0.153999999999996
"V4-CMP-ONE-STAGE-CLUSTER-BB-RESP-v1","V4-TARGET-RESPONDENT-WEIGHTED-v1",0.128662208932121,0.119245350705482,0.00941685822663939,0.103098622054294,0.15223254166471,0.127665581859502,0.049133919610416,0.0128062204441846,TRUE,199,199,0,"OK","P14-C018",11,50,1055,0.3,"swmdk_like","weak","regular",5,29,-0.10749413369483,0.00473933649289104,0,0.153999999999996
"V4-CMP-IID-RESP-BB-v1","WORKING-INDEPENDENCE-RESPONDENT",0.128662208932121,0.119245350705482,0.00941685822663939,0.105761256353503,0.156851371036016,0.13130631369476,0.051090114682513,0.0133743741343662,TRUE,199,199,0,"OK","P14-C018",11,50,1055,0.3,"swmdk_like","weak","regular",5,29,-0.10749413369483,0.00473933649289104,0,0.153999999999996
"V4-CMP-TWO-STAGE-FREQ-BOOT-RESP-v1","V4-TARGET-RESPONDENT-WEIGHTED-v1",0.128662208932121,0.119245350705482,0.00941685822663939,0.0897896051982477,0.167769138011348,0.128779371604798,0.0779795328131005,0.0191598698311343,TRUE,199,199,0,"OK","P14-C018",11,50,1055,0.3,"swmdk_like","weak","regular",5,29,-0.10749413369483,0.00473933649289104,0,0.153999999999996
"V4-CMP-MOKKEN-TWOLEVEL-DELTA-v1","V4-TARGET-RESPONDENT-WEIGHTED-v1",0.128662208932118,0.119245350705482,0.00941685822663584,0.0972894350118039,0.160034982852431,0.128662208932118,0.0627455478406275,0.0160068114351989,TRUE,,,0,"OK","P14-C018",11,50,1055,0.3,"swmdk_like","weak","regular",5,29,-0.10749413369483,0.00473933649289104,0,0.153999999999996
"V4-PRI-TWO-STAGE-HBB-RESP-v1","V4-TARGET-RESPONDENT-WEIGHTED-v1",0.0913184534812075,0.119245350705482,-0.0279268972242743,0.0521364966721058,0.13498914463641,0.0935628206542581,0.0828526479643046,0.0223414658948065,TRUE,199,199,0,"OK","P14-C018",12,50,1004,0.3,"swmdk_like","weak","regular",5,29,0.117982681658817,0,1,0.147999999999996
"V4-SENS-TWO-STAGE-HBB-CLUSTER-v1","V4-TARGET-EQUAL-CLUSTER-v1",0.0874043698713564,0.119245350705482,-0.0318409808341254,0.0479366599308654,0.131502362657032,0.0897195112939487,0.0835657027261666,0.0225170134234252,TRUE,199,199,0,"OK","P14-C018",12,50,1004,0.3,"swmdk_like","weak","regular",5,29,0.117982681658817,0,1,0.147999999999996
"V4-CMP-ONE-STAGE-CLUSTER-BB-RESP-v1","V4-TARGET-RESPONDENT-WEIGHTED-v1",0.0913184534812075,0.119245350705482,-0.0279268972242743,0.0621679952758978,0.121765561129128,0.0919667782025132,0.0595975658532307,0.0147981012566369,TRUE,199,199,0,"OK","P14-C018",12,50,1004,0.3,"swmdk_like","weak","regular",5,29,0.117982681658817,0,1,0.147999999999996
"V4-CMP-IID-RESP-BB-v1","WORKING-INDEPENDENCE-RESPONDENT",0.0913184534812075,0.119245350705482,-0.0279268972242743,0.0642185237350305,0.118916894794924,0.0915677092649775,0.054698371059894,0.0133864102810517,FALSE,199,199,0,"OK","P14-C018",12,50,1004,0.3,"swmdk_like","weak","regular",5,29,0.117982681658817,0,1,0.147999999999996
"V4-CMP-TWO-STAGE-FREQ-BOOT-RESP-v1","V4-TARGET-RESPONDENT-WEIGHTED-v1",0.0913184534812075,0.119245350705482,-0.0279268972242743,0.0538791561950666,0.129293136586223,0.0915861463906449,0.0754139803911564,0.0184808430646736,TRUE,199,199,0,"OK","P14-C018",12,50,1004,0.3,"swmdk_like","weak","regular",5,29,0.117982681658817,0,1,0.147999999999996
"V4-CMP-MOKKEN-TWOLEVEL-DELTA-v1","V4-TARGET-RESPONDENT-WEIGHTED-v1",0.0913184534812048,0.119245350705482,-0.027926897224277,0.0589779381608923,0.123658968801517,0.0913184534812048,0.064681030640625,0.0165005661203014,TRUE,,,0,"OK","P14-C018",12,50,1004,0.3,"swmdk_like","weak","regular",5,29,0.117982681658817,0,1,0.147999999999996
"V4-PRI-TWO-STAGE-HBB-RESP-v1","V4-TARGET-RESPONDENT-WEIGHTED-v1",0.107463799628438,0.119245350705482,-0.0117815510770438,0.0673585196228329,0.153224652522682,0.110291586072757,0.0858661328998491,0.0219828325862854,TRUE,199,199,0,"OK","P14-C018",13,50,987,0.3,"swmdk_like","weak","regular",5,29,0.121364480933196,0.00911854103343473,0,0.147000000000006
"V4-SENS-TWO-STAGE-HBB-CLUSTER-v1","V4-TARGET-EQUAL-CLUSTER-v1",0.102736515716711,0.119245350705482,-0.0165088349887713,0.0602518454724066,0.15588666204157,0.108069253756988,0.0956348165691633,0.0233459308610294,TRUE,199,199,0,"OK","P14-C018",13,50,987,0.3,"swmdk_like","weak","regular",5,29,0.121364480933196,0.00911854103343473,0,0.147000000000006
"V4-CMP-ONE-STAGE-CLUSTER-BB-RESP-v1","V4-TARGET-RESPONDENT-WEIGHTED-v1",0.107463799628438,0.119245350705482,-0.0117815510770438,0.0834291220547492,0.133739964153171,0.10858454310396,0.0503108420984214,0.012831315723957,TRUE,199,199,0,"OK","P14-C018",13,50,987,0.3,"swmdk_like","weak","regular",5,29,0.121364480933196,0.00911854103343473,0,0.147000000000006
"V4-CMP-IID-RESP-BB-v1","WORKING-INDEPENDENCE-RESPONDENT",0.107463799628438,0.119245350705482,-0.0117815510770438,0.0824730248776727,0.133995959834113,0.108234492355893,0.0515229349564406,0.0123659608284222,TRUE,199,199,0,"OK","P14-C018",13,50,987,0.3,"swmdk_like","weak","regular",5,29,0.121364480933196,0.00911854103343473,0,0.147000000000006
"V4-CMP-TWO-STAGE-FREQ-BOOT-RESP-v1","V4-TARGET-RESPONDENT-WEIGHTED-v1",0.107463799628438,0.119245350705482,-0.0117815510770438,0.0675866094594651,0.146184500505298,0.106885554982382,0.0785978910458331,0.0191232515407027,TRUE,199,199,0,"OK","P14-C018",13,50,987,0.3,"swmdk_like","weak","regular",5,29,0.121364480933196,0.00911854103343473,0,0.147000000000006
"V4-CMP-MOKKEN-TWOLEVEL-DELTA-v1","V4-TARGET-RESPONDENT-WEIGHTED-v1",0.107463799628466,0.119245350705482,-0.0117815510770157,0.0765529778357775,0.138374621421155,0.107463799628466,0.0618216435853772,0.0157711172432296,TRUE,,,0,"OK","P14-C018",13,50,987,0.3,"swmdk_like","weak","regular",5,29,0.121364480933196,0.00911854103343473,0,0.147000000000006
"V4-PRI-TWO-STAGE-HBB-RESP-v1","V4-TARGET-RESPONDENT-WEIGHTED-v1",0.131060308058572,0.119245350705482,0.0118149573530898,0.0925930015931735,0.173643588136308,0.133118294864741,0.0810505865431341,0.0219669258436025,TRUE,199,199,0,"OK","P14-C018",14,50,1149,0.3,"swmdk_like","weak","regular",10,29,0.0708801119311764,0.000870322019147107,0,0.164999999999992
"V4-SENS-TWO-STAGE-HBB-CLUSTER-v1","V4-TARGET-EQUAL-CLUSTER-v1",0.131673001962267,0.119245350705482,0.0124276512567847,0.0898192870820843,0.177174523056234,0.133496905069159,0.0873552359741499,0.0223449396823381,TRUE,199,199,0,"OK","P14-C018",14,50,1149,0.3,"swmdk_like","weak","regular",10,29,0.0708801119311764,0.000870322019147107,0,0.164999999999992
"V4-CMP-ONE-STAGE-CLUSTER-BB-RESP-v1","V4-TARGET-RESPONDENT-WEIGHTED-v1",0.131060308058572,0.119245350705482,0.0118149573530898,0.10608392856787,0.162847472267973,0.134465700417921,0.0567635437001027,0.0134821669822378,TRUE,199,199,0,"OK","P14-C018",14,50,1149,0.3,"swmdk_like","weak","regular",10,29,0.0708801119311764,0.000870322019147107,0,0.164999999999992
"V4-CMP-IID-RESP-BB-v1","WORKING-INDEPENDENCE-RESPONDENT",0.131060308058572,0.119245350705482,0.0118149573530898,0.109387777205734,0.161668406439392,0.135528091822563,0.0522806292336586,0.01267061737293,TRUE,199,199,0,"OK","P14-C018",14,50,1149,0.3,"swmdk_like","weak","regular",10,29,0.0708801119311764,0.000870322019147107,0,0.164999999999992
"V4-CMP-TWO-STAGE-FREQ-BOOT-RESP-v1","V4-TARGET-RESPONDENT-WEIGHTED-v1",0.131060308058572,0.119245350705482,0.0118149573530898,0.0981393067932432,0.172208687200735,0.135173996996989,0.0740693804074918,0.0180498206622822,TRUE,199,199,0,"OK","P14-C018",14,50,1149,0.3,"swmdk_like","weak","regular",10,29,0.0708801119311764,0.000870322019147107,0,0.164999999999992
"V4-CMP-MOKKEN-TWOLEVEL-DELTA-v1","V4-TARGET-RESPONDENT-WEIGHTED-v1",0.131060308058595,0.119245350705482,0.0118149573531134,0.0964640891851566,0.165656526932034,0.131060308058595,0.0691924377468774,0.0176514564279391,TRUE,,,0,"OK","P14-C018",14,50,1149,0.3,"swmdk_like","weak","regular",10,29,0.0708801119311764,0.000870322019147107,0,0.164999999999992
"V4-PRI-TWO-STAGE-HBB-RESP-v1","V4-TARGET-RESPONDENT-WEIGHTED-v1",0.121923020753757,0.119245350705482,0.00267767004827524,0.0790871998581601,0.173179102989309,0.126133151423734,0.0940919031311484,0.0240295551916641,TRUE,199,199,0,"OK","P14-C018",15,50,1040,0.3,"swmdk_like","weak","regular",5,29,-0.277357680657751,0.000961538461538458,0,0.15100000000001
"V4-SENS-TWO-STAGE-HBB-CLUSTER-v1","V4-TARGET-EQUAL-CLUSTER-v1",0.129389383760944,0.119245350705482,0.0101440330554627,0.0809253718753733,0.183936148346759,0.132430760111066,0.103010776471386,0.0251399942230698,TRUE,199,199,0,"OK","P14-C018",15,50,1040,0.3,"swmdk_like","weak","regular",5,29,-0.277357680657751,0.000961538461538458,0,0.15100000000001
"V4-CMP-ONE-STAGE-CLUSTER-BB-RESP-v1","V4-TARGET-RESPONDENT-WEIGHTED-v1",0.121923020753757,0.119245350705482,0.00267767004827524,0.0947433224565125,0.156150265702414,0.125446794079463,0.0614069432459019,0.0146130286957774,TRUE,199,199,0,"OK","P14-C018",15,50,1040,0.3,"swmdk_like","weak","regular",5,29,-0.277357680657751,0.000961538461538458,0,0.15100000000001
"V4-CMP-IID-RESP-BB-v1","WORKING-INDEPENDENCE-RESPONDENT",0.121923020753757,0.119245350705482,0.00267767004827524,0.0956716743065927,0.157584714507467,0.12662819440703,0.0619130402008739,0.0145142855312598,TRUE,199,199,0,"OK","P14-C018",15,50,1040,0.3,"swmdk_like","weak","regular",5,29,-0.277357680657751,0.000961538461538458,0,0.15100000000001
"V4-CMP-TWO-STAGE-FREQ-BOOT-RESP-v1","V4-TARGET-RESPONDENT-WEIGHTED-v1",0.121923020753757,0.119245350705482,0.00267767004827524,0.0843319735398457,0.161608450403082,0.122970211971464,0.0772764768632362,0.0191691503782809,TRUE,199,199,0,"OK","P14-C018",15,50,1040,0.3,"swmdk_like","weak","regular",5,29,-0.277357680657751,0.000961538461538458,0,0.15100000000001
"V4-CMP-MOKKEN-TWOLEVEL-DELTA-v1","V4-TARGET-RESPONDENT-WEIGHTED-v1",0.121923020753751,0.119245350705482,0.00267767004826934,0.0868666154917164,0.156979426015786,0.121923020753751,0.0701128105240695,0.0178862497160944,TRUE,,,0,"OK","P14-C018",15,50,1040,0.3,"swmdk_like","weak","regular",5,29,-0.277357680657751,0.000961538461538458,0,0.15100000000001
"V4-PRI-TWO-STAGE-HBB-RESP-v1","V4-TARGET-RESPONDENT-WEIGHTED-v1",0.121378922621589,0.119245350705482,0.00213357191610733,0.0865169259944503,0.156176123169923,0.121346524582187,0.069659197175473,0.018850009372497,TRUE,199,199,0,"OK","P14-C018",16,50,1164,0.3,"swmdk_like","weak","regular",8,29,-0.183297815920888,0.00515463917525771,0,0.182999999999993
"V4-SENS-TWO-STAGE-HBB-CLUSTER-v1","V4-TARGET-EQUAL-CLUSTER-v1",0.118903741998786,0.119245350705482,-0.000341608706695751,0.0829877714816375,0.160874862420808,0.121931316951223,0.0778870909391704,0.0203239130447759,TRUE,199,199,0,"OK","P14-C018",16,50,1164,0.3,"swmdk_like","weak","regular",8,29,-0.183297815920888,0.00515463917525771,0,0.182999999999993
"V4-CMP-ONE-STAGE-CLUSTER-BB-RESP-v1","V4-TARGET-RESPONDENT-WEIGHTED-v1",0.121378922621589,0.119245350705482,0.00213357191610733,0.095895822944408,0.146321240030051,0.12110853148723,0.0504254170856431,0.0129268163999664,TRUE,199,199,0,"OK","P14-C018",16,50,1164,0.3,"swmdk_like","weak","regular",8,29,-0.183297815920888,0.00515463917525771,0,0.182999999999993
"V4-CMP-IID-RESP-BB-v1","WORKING-INDEPENDENCE-RESPONDENT",0.121378922621589,0.119245350705482,0.00213357191610733,0.0992819985355932,0.147147866266499,0.123214932401046,0.0478658677309055,0.0123745995641729,TRUE,199,199,0,"OK","P14-C018",16,50,1164,0.3,"swmdk_like","weak","regular",8,29,-0.183297815920888,0.00515463917525771,0,0.182999999999993
"V4-CMP-TWO-STAGE-FREQ-BOOT-RESP-v1","V4-TARGET-RESPONDENT-WEIGHTED-v1",0.121378922621589,0.119245350705482,0.00213357191610733,0.0911356796122592,0.154010637997396,0.122573158804828,0.0628749583851373,0.0160987817624707,TRUE,199,199,0,"OK","P14-C018",16,50,1164,0.3,"swmdk_like","weak","regular",8,29,-0.183297815920888,0.00515463917525771,0,0.182999999999993
"V4-CMP-MOKKEN-TWOLEVEL-DELTA-v1","V4-TARGET-RESPONDENT-WEIGHTED-v1",0.121378922621585,0.119245350705482,0.0021335719161034,0.0887323399535266,0.154025505289644,0.121378922621585,0.0652931653361173,0.0166567257998467,TRUE,,,0,"OK","P14-C018",16,50,1164,0.3,"swmdk_like","weak","regular",8,29,-0.183297815920888,0.00515463917525771,0,0.182999999999993
"V4-PRI-TWO-STAGE-HBB-RESP-v1","V4-TARGET-RESPONDENT-WEIGHTED-v1",0.125938739893795,0.119245350705482,0.00669338918831318,0.0881708066115898,0.176336812160974,0.132253809386282,0.0881660055493843,0.021672470310693,TRUE,199,199,0,"OK","P14-C018",17,50,1086,0.3,"swmdk_like","weak","regular",5,29,0.0402702853069015,0.00368324125230202,0,0.155000000000001
"V4-SENS-TWO-STAGE-HBB-CLUSTER-v1","V4-TARGET-EQUAL-CLUSTER-v1",0.128647920580376,0.119245350705482,0.00940256987489464,0.0864691548042848,0.173890276874349,0.130179715839317,0.0874211220700641,0.0223094830749413,TRUE,199,199,0,"OK","P14-C018",17,50,1086,0.3,"swmdk_like","weak","regular",5,29,0.0402702853069015,0.00368324125230202,0,0.155000000000001
"V4-CMP-ONE-STAGE-CLUSTER-BB-RESP-v1","V4-TARGET-RESPONDENT-WEIGHTED-v1",0.125938739893795,0.119245350705482,0.00669338918831318,0.099514852353337,0.159363478494175,0.129439165423756,0.0598486261408381,0.0154295302757112,TRUE,199,199,0,"OK","P14-C018",17,50,1086,0.3,"swmdk_like","weak","regular",5,29,0.0402702853069015,0.00368324125230202,0,0.155000000000001
"V4-CMP-IID-RESP-BB-v1","WORKING-INDEPENDENCE-RESPONDENT",0.125938739893795,0.119245350705482,0.00669338918831318,0.0991634183125482,0.148572421969027,0.123867920140788,0.0494090036564789,0.0127243489907083,TRUE,199,199,0,"OK","P14-C018",17,50,1086,0.3,"swmdk_like","weak","regular",5,29,0.0402702853069015,0.00368324125230202,0,0.155000000000001
"V4-CMP-TWO-STAGE-FREQ-BOOT-RESP-v1","V4-TARGET-RESPONDENT-WEIGHTED-v1",0.125938739893795,0.119245350705482,0.00669338918831318,0.0840649571370988,0.172714734637305,0.128389845887202,0.0886497775002057,0.0213561691154854,TRUE,199,199,0,"OK","P14-C018",17,50,1086,0.3,"swmdk_like","weak","regular",5,29,0.0402702853069015,0.00368324125230202,0,0.155000000000001
"V4-CMP-MOKKEN-TWOLEVEL-DELTA-v1","V4-TARGET-RESPONDENT-WEIGHTED-v1",0.125938739893779,0.119245350705482,0.0066933891882973,0.0935549120443162,0.158322567743242,0.125938739893779,0.0647676556989258,0.0165226647555274,TRUE,,,0,"OK","P14-C018",17,50,1086,0.3,"swmdk_like","weak","regular",5,29,0.0402702853069015,0.00368324125230202,0,0.155000000000001
"V4-PRI-TWO-STAGE-HBB-RESP-v1","V4-TARGET-RESPONDENT-WEIGHTED-v1",0.117979569410039,0.119245350705482,-0.00126578129544298,0.0775858574383678,0.162667108136237,0.120126482787303,0.0850812506978696,0.0222308657696242,TRUE,199,199,0,"OK","P14-C018",18,50,1030,0.3,"swmdk_like","weak","regular",5,29,0.161925814699859,0.0009708737864077,0,0.162999999999997
"V4-SENS-TWO-STAGE-HBB-CLUSTER-v1","V4-TARGET-EQUAL-CLUSTER-v1",0.130041121399333,0.119245350705482,0.0107957706938509,0.0826493486554164,0.175560697178889,0.129105022917153,0.0929113485234724,0.0232752232929082,TRUE,199,199,0,"OK","P14-C018",18,50,1030,0.3,"swmdk_like","weak","regular",5,29,0.161925814699859,0.0009708737864077,0,0.162999999999997
"V4-CMP-ONE-STAGE-CLUSTER-BB-RESP-v1","V4-TARGET-RESPONDENT-WEIGHTED-v1",0.117979569410039,0.119245350705482,-0.00126578129544298,0.0932684936927413,0.146476118047056,0.119872305869899,0.0532076243543144,0.0138301753565636,TRUE,199,199,0,"OK","P14-C018",18,50,1030,0.3,"swmdk_like","weak","regular",5,29,0.161925814699859,0.0009708737864077,0,0.162999999999997
"V4-CMP-IID-RESP-BB-v1","WORKING-INDEPENDENCE-RESPONDENT",0.117979569410039,0.119245350705482,-0.00126578129544298,0.0911560939394999,0.14336952924319,0.117262811591345,0.05221343530369,0.0131563936903314,TRUE,199,199,0,"OK","P14-C018",18,50,1030,0.3,"swmdk_like","weak","regular",5,29,0.161925814699859,0.0009708737864077,0,0.162999999999997
"V4-CMP-TWO-STAGE-FREQ-BOOT-RESP-v1","V4-TARGET-RESPONDENT-WEIGHTED-v1",0.117979569410039,0.119245350705482,-0.00126578129544298,0.0776143480538094,0.160872410078275,0.119243379066042,0.0832580620244655,0.0195492843157998,TRUE,199,199,0,"OK","P14-C018",18,50,1030,0.3,"swmdk_like","weak","regular",5,29,0.161925814699859,0.0009708737864077,0,0.162999999999997
"V4-CMP-MOKKEN-TWOLEVEL-DELTA-v1","V4-TARGET-RESPONDENT-WEIGHTED-v1",0.117979569410017,0.119245350705482,-0.00126578129546474,0.0852273946158564,0.150731744204178,0.117979569410017,0.0655043495883214,0.0167106003235292,TRUE,,,0,"OK","P14-C018",18,50,1030,0.3,"swmdk_like","weak","regular",5,29,0.161925814699859,0.0009708737864077,0,0.162999999999997
"V4-PRI-TWO-STAGE-HBB-RESP-v1","V4-TARGET-RESPONDENT-WEIGHTED-v1",0.129935943923981,0.119245350705482,0.0106905932184991,0.0867695408438715,0.179362750799427,0.133066145821649,0.0925932099555554,0.0221156037317789,TRUE,199,199,0,"OK","P14-C018",19,50,1115,0.3,"swmdk_like","weak","regular",5,29,-0.0290416324326014,0.00179372197309413,0,0.169000000000011
"V4-SENS-TWO-STAGE-HBB-CLUSTER-v1","V4-TARGET-EQUAL-CLUSTER-v1",0.132694076783677,0.119245350705482,0.0134487260781953,0.0893006494682983,0.180376907368465,0.134838778418381,0.0910762579001664,0.0223337799619702,TRUE,199,199,0,"OK","P14-C018",19,50,1115,0.3,"swmdk_like","weak","regular",5,29,-0.0290416324326014,0.00179372197309413,0,0.169000000000011
"V4-CMP-ONE-STAGE-CLUSTER-BB-RESP-v1","V4-TARGET-RESPONDENT-WEIGHTED-v1",0.129935943923981,0.119245350705482,0.0106905932184991,0.0981631063396732,0.15611863971973,0.127140873029702,0.0579555333800572,0.0145289008081514,TRUE,199,199,0,"OK","P14-C018",19,50,1115,0.3,"swmdk_like","weak","regular",5,29,-0.0290416324326014,0.00179372197309413,0,0.169000000000011
"V4-CMP-IID-RESP-BB-v1","WORKING-INDEPENDENCE-RESPONDENT",0.129935943923981,0.119245350705482,0.0106905932184991,0.107486559173693,0.158844699626,0.133165629399846,0.0513581404523065,0.0125823879427267,TRUE,199,199,0,"OK","P14-C018",19,50,1115,0.3,"swmdk_like","weak","regular",5,29,-0.0290416324326014,0.00179372197309413,0,0.169000000000011
"V4-CMP-TWO-STAGE-FREQ-BOOT-RESP-v1","V4-TARGET-RESPONDENT-WEIGHTED-v1",0.129935943923981,0.119245350705482,0.0106905932184991,0.0967644681197994,0.167860969571995,0.132312718845897,0.0710965014521957,0.0184280511711729,TRUE,199,199,0,"OK","P14-C018",19,50,1115,0.3,"swmdk_like","weak","regular",5,29,-0.0290416324326014,0.00179372197309413,0,0.169000000000011
"V4-CMP-MOKKEN-TWOLEVEL-DELTA-v1","V4-TARGET-RESPONDENT-WEIGHTED-v1",0.129935943924015,0.119245350705482,0.0106905932185329,0.096205480479784,0.163666407368246,0.129935943924015,0.0674609268884616,0.0172097363575517,TRUE,,,0,"OK","P14-C018",19,50,1115,0.3,"swmdk_like","weak","regular",5,29,-0.0290416324326014,0.00179372197309413,0,0.169000000000011
"V4-PRI-TWO-STAGE-HBB-RESP-v1","V4-TARGET-RESPONDENT-WEIGHTED-v1",0.103084077740011,0.119245350705482,-0.0161612729654708,0.0613635467415626,0.137725426024101,0.0995444863828319,0.0763618792825386,0.020418453699809,TRUE,199,199,0,"OK","P14-C018",20,50,1146,0.3,"swmdk_like","weak","regular",5,29,-0.0845750776211807,0.000872600349040131,0,0.163999999999987
"V4-SENS-TWO-STAGE-HBB-CLUSTER-v1","V4-TARGET-EQUAL-CLUSTER-v1",0.100414050808019,0.119245350705482,-0.0188312998974624,0.0567158223613904,0.141416347571998,0.0990660849666943,0.084700525210608,0.0225903522531378,TRUE,199,199,0,"OK","P14-C018",20,50,1146,0.3,"swmdk_like","weak","regular",5,29,-0.0845750776211807,0.000872600349040131,0,0.163999999999987
"V4-CMP-ONE-STAGE-CLUSTER-BB-RESP-v1","V4-TARGET-RESPONDENT-WEIGHTED-v1",0.103084077740011,0.119245350705482,-0.0161612729654708,0.0790571918156635,0.129088850298287,0.104073021056975,0.0500316584826234,0.0131590564704285,TRUE,199,199,0,"OK","P14-C018",20,50,1146,0.3,"swmdk_like","weak","regular",5,29,-0.0845750776211807,0.000872600349040131,0,0.163999999999987
"V4-CMP-IID-RESP-BB-v1","WORKING-INDEPENDENCE-RESPONDENT",0.103084077740011,0.119245350705482,-0.0161612729654708,0.0776437137705124,0.127886095404378,0.102764904587445,0.0502423816338657,0.0120431438790763,TRUE,199,199,0,"OK","P14-C018",20,50,1146,0.3,"swmdk_like","weak","regular",5,29,-0.0845750776211807,0.000872600349040131,0,0.163999999999987
"V4-CMP-TWO-STAGE-FREQ-BOOT-RESP-v1","V4-TARGET-RESPONDENT-WEIGHTED-v1",0.103084077740011,0.119245350705482,-0.0161612729654708,0.0580524606963213,0.135958322702528,0.0970053916994244,0.0779058620062062,0.0194292721449475,TRUE,199,199,0,"OK","P14-C018",20,50,1146,0.3,"swmdk_like","weak","regular",5,29,-0.0845750776211807,0.000872600349040131,0,0.163999999999987
"V4-CMP-MOKKEN-TWOLEVEL-DELTA-v1","V4-TARGET-RESPONDENT-WEIGHTED-v1",0.103084077740019,0.119245350705482,-0.0161612729654627,0.0714826666776605,0.134685488802378,0.103084077740019,0.0632028221247172,0.016123465181823,TRUE,,,0,"OK","P14-C018",20,50,1146,0.3,"swmdk_like","weak","regular",5,29,-0.0845750776211807,0.000872600349040131,0,0.163999999999987
"V4-PRI-TWO-STAGE-HBB-RESP-v1","V4-TARGET-RESPONDENT-WEIGHTED-v1",0.103799793354209,0.119245350705482,-0.015445557351273,0.0608745425863652,0.141618167029567,0.101246354807966,0.0807436244432021,0.0211932538120746,TRUE,199,199,0,"OK","P14-C018",21,50,1066,0.3,"swmdk_like","weak","regular",5,29,-0.0552857169401265,0,1,0.156000000000006
"V4-SENS-TWO-STAGE-HBB-CLUSTER-v1","V4-TARGET-EQUAL-CLUSTER-v1",0.114448788281373,0.119245350705482,-0.00479656242410913,0.0715428387653989,0.172954538700985,0.122248688733192,0.101411699935586,0.0239247045753083,TRUE,199,199,0,"OK","P14-C018",21,50,1066,0.3,"swmdk_like","weak","regular",5,29,-0.0552857169401265,0,1,0.156000000000006
"V4-CMP-ONE-STAGE-CLUSTER-BB-RESP-v1","V4-TARGET-RESPONDENT-WEIGHTED-v1",0.103799793354209,0.119245350705482,-0.015445557351273,0.0790971170537273,0.13191862264894,0.105507869851334,0.0528215055952131,0.013445752600277,TRUE,199,199,0,"OK","P14-C018",21,50,1066,0.3,"swmdk_like","weak","regular",5,29,-0.0552857169401265,0,1,0.156000000000006
"V4-CMP-IID-RESP-BB-v1","WORKING-INDEPENDENCE-RESPONDENT",0.103799793354209,0.119245350705482,-0.015445557351273,0.0806619320535912,0.133983387242216,0.107322659647904,0.0533214551886248,0.0130889995562649,TRUE,199,199,0,"OK","P14-C018",21,50,1066,0.3,"swmdk_like","weak","regular",5,29,-0.0552857169401265,0,1,0.156000000000006
"V4-CMP-TWO-STAGE-FREQ-BOOT-RESP-v1","V4-TARGET-RESPONDENT-WEIGHTED-v1",0.103799793354209,0.119245350705482,-0.015445557351273,0.0720390377973155,0.133594413723055,0.102816725760185,0.0615553759257395,0.0156463452743628,TRUE,199,199,0,"OK","P14-C018",21,50,1066,0.3,"swmdk_like","weak","regular",5,29,-0.0552857169401265,0,1,0.156000000000006
"V4-CMP-MOKKEN-TWOLEVEL-DELTA-v1","V4-TARGET-RESPONDENT-WEIGHTED-v1",0.103799793354179,0.119245350705482,-0.0154455573513031,0.0720379899584409,0.135561596749917,0.103799793354179,0.0635236067914758,0.0162052995087007,TRUE,,,0,"OK","P14-C018",21,50,1066,0.3,"swmdk_like","weak","regular",5,29,-0.0552857169401265,0,1,0.156000000000006
"V4-PRI-TWO-STAGE-HBB-RESP-v1","V4-TARGET-RESPONDENT-WEIGHTED-v1",0.10286040833864,0.119245350705482,-0.016384942366842,0.064962901597114,0.142343018330471,0.103652959963792,0.0773801167333569,0.0190586445078683,TRUE,199,199,0,"OK","P14-C018",22,50,1033,0.3,"swmdk_like","weak","regular",5,29,0.190943601345141,0,1,0.165000000000006
"V4-SENS-TWO-STAGE-HBB-CLUSTER-v1","V4-TARGET-EQUAL-CLUSTER-v1",0.100293140182881,0.119245350705482,-0.0189522105226011,0.0612280111127679,0.140499987230195,0.100863999171482,0.0792719761174275,0.0205869684103291,TRUE,199,199,0,"OK","P14-C018",22,50,1033,0.3,"swmdk_like","weak","regular",5,29,0.190943601345141,0,1,0.165000000000006
"V4-CMP-ONE-STAGE-CLUSTER-BB-RESP-v1","V4-TARGET-RESPONDENT-WEIGHTED-v1",0.10286040833864,0.119245350705482,-0.016384942366842,0.0816098343712539,0.127649322930512,0.104629578650883,0.0460394885592581,0.0114621183100613,TRUE,199,199,0,"OK","P14-C018",22,50,1033,0.3,"swmdk_like","weak","regular",5,29,0.190943601345141,0,1,0.165000000000006
"V4-CMP-IID-RESP-BB-v1","WORKING-INDEPENDENCE-RESPONDENT",0.10286040833864,0.119245350705482,-0.016384942366842,0.0820022924139997,0.130741791574055,0.106372041994027,0.0487394991600551,0.0122164095511117,TRUE,199,199,0,"OK","P14-C018",22,50,1033,0.3,"swmdk_like","weak","regular",5,29,0.190943601345141,0,1,0.165000000000006
"V4-CMP-TWO-STAGE-FREQ-BOOT-RESP-v1","V4-TARGET-RESPONDENT-WEIGHTED-v1",0.10286040833864,0.119245350705482,-0.016384942366842,0.0688190811954209,0.137803362088254,0.103311221641838,0.0689842808928333,0.0171981560874522,TRUE,199,199,0,"OK","P14-C018",22,50,1033,0.3,"swmdk_like","weak","regular",5,29,0.190943601345141,0,1,0.165000000000006
"V4-CMP-MOKKEN-TWOLEVEL-DELTA-v1","V4-TARGET-RESPONDENT-WEIGHTED-v1",0.10286040833862,0.119245350705482,-0.016384942366862,0.0748714285220191,0.130849388155221,0.10286040833862,0.0559779596332016,0.0142803541480223,TRUE,,,0,"OK","P14-C018",22,50,1033,0.3,"swmdk_like","weak","regular",5,29,0.190943601345141,0,1,0.165000000000006
"V4-PRI-TWO-STAGE-HBB-RESP-v1","V4-TARGET-RESPONDENT-WEIGHTED-v1",0.130228698740515,0.119245350705482,0.0109833480350333,0.091161162552652,0.174855813935353,0.133008488244003,0.083694651382701,0.0216629061959807,TRUE,199,199,0,"OK","P14-C018",23,50,1066,0.3,"swmdk_like","weak","regular",5,29,0.0532715054652907,0.000938086303939933,0,0.153999999999996
"V4-SENS-TWO-STAGE-HBB-CLUSTER-v1","V4-TARGET-EQUAL-CLUSTER-v1",0.135685702330578,0.119245350705482,0.0164403516250957,0.0876462222697666,0.183195187232504,0.135420704751135,0.0955489649627376,0.0233697650995747,TRUE,199,199,0,"OK","P14-C018",23,50,1066,0.3,"swmdk_like","weak","regular",5,29,0.0532715054652907,0.000938086303939933,0,0.153999999999996
"V4-CMP-ONE-STAGE-CLUSTER-BB-RESP-v1","V4-TARGET-RESPONDENT-WEIGHTED-v1",0.130228698740515,0.119245350705482,0.0109833480350333,0.108013713196404,0.15069537992562,0.129354546561012,0.0426816667292167,0.0116722209434664,TRUE,199,199,0,"OK","P14-C018",23,50,1066,0.3,"swmdk_like","weak","regular",5,29,0.0532715054652907,0.000938086303939933,0,0.153999999999996
"V4-CMP-IID-RESP-BB-v1","WORKING-INDEPENDENCE-RESPONDENT",0.130228698740515,0.119245350705482,0.0109833480350333,0.106878456122686,0.158453778697895,0.132666117410291,0.0515753225752092,0.0135524381607767,TRUE,199,199,0,"OK","P14-C018",23,50,1066,0.3,"swmdk_like","weak","regular",5,29,0.0532715054652907,0.000938086303939933,0,0.153999999999996
"V4-CMP-TWO-STAGE-FREQ-BOOT-RESP-v1","V4-TARGET-RESPONDENT-WEIGHTED-v1",0.130228698740515,0.119245350705482,0.0109833480350333,0.098492134287453,0.164857066785598,0.131674600536526,0.066364932498145,0.0165520145889183,TRUE,199,199,0,"OK","P14-C018",23,50,1066,0.3,"swmdk_like","weak","regular",5,29,0.0532715054652907,0.000938086303939933,0,0.153999999999996
"V4-CMP-MOKKEN-TWOLEVEL-DELTA-v1","V4-TARGET-RESPONDENT-WEIGHTED-v1",0.130228698740484,0.119245350705482,0.010983348035002,0.0996729357173281,0.16078446176364,0.130228698740484,0.0611115260463115,0.0155899614810148,TRUE,,,0,"OK","P14-C018",23,50,1066,0.3,"swmdk_like","weak","regular",5,29,0.0532715054652907,0.000938086303939933,0,0.153999999999996
"V4-PRI-TWO-STAGE-HBB-RESP-v1","V4-TARGET-RESPONDENT-WEIGHTED-v1",0.114780633712152,0.119245350705482,-0.00446471699333012,0.0739242241739051,0.1542710104934,0.114097617333653,0.0803467863194948,0.021901939227762,TRUE,199,199,0,"OK","P14-C018",24,50,1031,0.3,"swmdk_like","weak","regular",5,29,0.0739296851300209,0,1,0.164000000000001
"V4-SENS-TWO-STAGE-HBB-CLUSTER-v1","V4-TARGET-EQUAL-CLUSTER-v1",0.110207220525216,0.119245350705482,-0.009038130180266,0.0699878651114204,0.157178116052933,0.113582990582177,0.0871902509415128,0.024925376389991,TRUE,199,199,0,"OK","P14-C018",24,50,1031,0.3,"swmdk_like","weak","regular",5,29,0.0739296851300209,0,1,0.164000000000001
"V4-CMP-ONE-STAGE-CLUSTER-BB-RESP-v1","V4-TARGET-RESPONDENT-WEIGHTED-v1",0.114780633712152,0.119245350705482,-0.00446471699333012,0.0877418146340213,0.138582305945351,0.113162060289686,0.0508404913113299,0.0131113357634285,TRUE,199,199,0,"OK","P14-C018",24,50,1031,0.3,"swmdk_like","weak","regular",5,29,0.0739296851300209,0,1,0.164000000000001
"V4-CMP-IID-RESP-BB-v1","WORKING-INDEPENDENCE-RESPONDENT",0.114780633712152,0.119245350705482,-0.00446471699333012,0.0892701593616961,0.144388320911587,0.116829240136641,0.0551181615498907,0.0139192962978896,TRUE,199,199,0,"OK","P14-C018",24,50,1031,0.3,"swmdk_like","weak","regular",5,29,0.0739296851300209,0,1,0.164000000000001
"V4-CMP-TWO-STAGE-FREQ-BOOT-RESP-v1","V4-TARGET-RESPONDENT-WEIGHTED-v1",0.114780633712152,0.119245350705482,-0.00446471699333012,0.0744396488650934,0.156190834779843,0.115315241822468,0.0817511859147495,0.0199891285355678,TRUE,199,199,0,"OK","P14-C018",24,50,1031,0.3,"swmdk_like","weak","regular",5,29,0.0739296851300209,0,1,0.164000000000001
"V4-CMP-MOKKEN-TWOLEVEL-DELTA-v1","V4-TARGET-RESPONDENT-WEIGHTED-v1",0.114780633712136,0.119245350705482,-0.00446471699334573,0.0815809211724316,0.147980346251841,0.114780633712136,0.0663994250794089,0.0169389401037874,TRUE,,,0,"OK","P14-C018",24,50,1031,0.3,"swmdk_like","weak","regular",5,29,0.0739296851300209,0,1,0.164000000000001
"V4-PRI-TWO-STAGE-HBB-RESP-v1","V4-TARGET-RESPONDENT-WEIGHTED-v1",0.105295827296319,0.119245350705482,-0.0139495234091625,0.0667642445123516,0.144314062267302,0.105539153389827,0.0775498177549504,0.0193730702376195,TRUE,199,199,0,"OK","P14-C018",25,50,1076,0.3,"swmdk_like","weak","regular",5,29,-0.0751104753790621,0.00278810408921926,0,0.155000000000001
"V4-SENS-TWO-STAGE-HBB-CLUSTER-v1","V4-TARGET-EQUAL-CLUSTER-v1",0.106050892026842,0.119245350705482,-0.01319445867864,0.0698932373063935,0.145785524569861,0.107839380938127,0.0758922872634678,0.021233909331457,TRUE,199,199,0,"OK","P14-C018",25,50,1076,0.3,"swmdk_like","weak","regular",5,29,-0.0751104753790621,0.00278810408921926,0,0.155000000000001
"V4-CMP-ONE-STAGE-CLUSTER-BB-RESP-v1","V4-TARGET-RESPONDENT-WEIGHTED-v1",0.105295827296319,0.119245350705482,-0.0139495234091625,0.0792108735064615,0.129839010812125,0.104524942159293,0.0506281373056637,0.0121189742278983,TRUE,199,199,0,"OK","P14-C018",25,50,1076,0.3,"swmdk_like","weak","regular",5,29,-0.0751104753790621,0.00278810408921926,0,0.155000000000001
"V4-CMP-IID-RESP-BB-v1","WORKING-INDEPENDENCE-RESPONDENT",0.105295827296319,0.119245350705482,-0.0139495234091625,0.0831691742395792,0.134993707022083,0.109081440630831,0.0518245327825036,0.0121027180343451,TRUE,199,199,0,"OK","P14-C018",25,50,1076,0.3,"swmdk_like","weak","regular",5,29,-0.0751104753790621,0.00278810408921926,0,0.155000000000001
"V4-CMP-TWO-STAGE-FREQ-BOOT-RESP-v1","V4-TARGET-RESPONDENT-WEIGHTED-v1",0.105295827296319,0.119245350705482,-0.0139495234091625,0.0759632328383959,0.137090640676709,0.106526936757552,0.0611274078383131,0.0168636425633742,TRUE,199,199,0,"OK","P14-C018",25,50,1076,0.3,"swmdk_like","weak","regular",5,29,-0.0751104753790621,0.00278810408921926,0,0.155000000000001
"V4-CMP-MOKKEN-TWOLEVEL-DELTA-v1","V4-TARGET-RESPONDENT-WEIGHTED-v1",0.105295827296351,0.119245350705482,-0.0139495234091304,0.0766159756316092,0.133975678961094,0.105295827296351,0.0573597033294845,0.0146328462619544,TRUE,,,0,"OK","P14-C018",25,50,1076,0.3,"swmdk_like","weak","regular",5,29,-0.0751104753790621,0.00278810408921926,0,0.155000000000001
"V4-PRI-TWO-STAGE-HBB-RESP-v1","V4-TARGET-RESPONDENT-WEIGHTED-v1",0.103668154455014,0.119245350705482,-0.015577196250468,0.0675917645285876,0.154089521009701,0.110840642769144,0.086497756481113,0.0206233770026542,TRUE,199,199,0,"OK","P14-C018",26,50,1111,0.3,"swmdk_like","weak","regular",5,29,-0.0815546866162123,0,1,0.161000000000001
"V4-SENS-TWO-STAGE-HBB-CLUSTER-v1","V4-TARGET-EQUAL-CLUSTER-v1",0.119063043480615,0.119245350705482,-0.000182307224867173,0.0773503073095639,0.167840391218703,0.122595349264133,0.0904900839091388,0.02490940578265,TRUE,199,199,0,"OK","P14-C018",26,50,1111,0.3,"swmdk_like","weak","regular",5,29,-0.0815546866162123,0,1,0.161000000000001
"V4-CMP-ONE-STAGE-CLUSTER-BB-RESP-v1","V4-TARGET-RESPONDENT-WEIGHTED-v1",0.103668154455014,0.119245350705482,-0.015577196250468,0.0776214247875419,0.127405467732671,0.102513446260106,0.049784042945129,0.0120685142398727,TRUE,199,199,0,"OK","P14-C018",26,50,1111,0.3,"swmdk_like","weak","regular",5,29,-0.0815546866162123,0,1,0.161000000000001
"V4-CMP-IID-RESP-BB-v1","WORKING-INDEPENDENCE-RESPONDENT",0.103668154455014,0.119245350705482,-0.015577196250468,0.0751419915146551,0.125403825432709,0.100272908473682,0.0502618339180535,0.0129247913777419,TRUE,199,199,0,"OK","P14-C018",26,50,1111,0.3,"swmdk_like","weak","regular",5,29,-0.0815546866162123,0,1,0.161000000000001
"V4-CMP-TWO-STAGE-FREQ-BOOT-RESP-v1","V4-TARGET-RESPONDENT-WEIGHTED-v1",0.103668154455014,0.119245350705482,-0.015577196250468,0.0668688718992442,0.138875188954425,0.102872030426834,0.0720063170551806,0.0179694183783504,TRUE,199,199,0,"OK","P14-C018",26,50,1111,0.3,"swmdk_like","weak","regular",5,29,-0.0815546866162123,0,1,0.161000000000001
"V4-CMP-MOKKEN-TWOLEVEL-DELTA-v1","V4-TARGET-RESPONDENT-WEIGHTED-v1",0.103668154454996,0.119245350705482,-0.015577196250486,0.073176862883131,0.134159446026861,0.103668154454996,0.0609825831437297,0.0155570672789787,TRUE,,,0,"OK","P14-C018",26,50,1111,0.3,"swmdk_like","weak","regular",5,29,-0.0815546866162123,0,1,0.161000000000001
"V4-PRI-TWO-STAGE-HBB-RESP-v1","V4-TARGET-RESPONDENT-WEIGHTED-v1",0.101860790303545,0.119245350705482,-0.0173845604019364,0.0641039390716016,0.145488862079603,0.104796400575602,0.0813849230080013,0.0213316874111583,TRUE,199,199,0,"OK","P14-C018",27,50,1059,0.3,"swmdk_like","weak","regular",8,29,0.0893999197925802,0,1,0.159999999999997
"V4-SENS-TWO-STAGE-HBB-CLUSTER-v1","V4-TARGET-EQUAL-CLUSTER-v1",0.0990132276951686,0.119245350705482,-0.0202321230103132,0.0598030610388885,0.138607664512234,0.0992053627755614,0.078804603473346,0.0214128164462398,TRUE,199,199,0,"OK","P14-C018",27,50,1059,0.3,"swmdk_like","weak","regular",8,29,0.0893999197925802,0,1,0.159999999999997
"V4-CMP-ONE-STAGE-CLUSTER-BB-RESP-v1","V4-TARGET-RESPONDENT-WEIGHTED-v1",0.101860790303545,0.119245350705482,-0.0173845604019364,0.0772534960518556,0.122482741954196,0.099868119003026,0.0452292459023409,0.0113738873748445,TRUE,199,199,0,"OK","P14-C018",27,50,1059,0.3,"swmdk_like","weak","regular",8,29,0.0893999197925802,0,1,0.159999999999997
"V4-CMP-IID-RESP-BB-v1","WORKING-INDEPENDENCE-RESPONDENT",0.101860790303545,0.119245350705482,-0.0173845604019364,0.0778782035463093,0.127285698982872,0.102581951264591,0.0494074954365628,0.0125533843798685,TRUE,199,199,0,"OK","P14-C018",27,50,1059,0.3,"swmdk_like","weak","regular",8,29,0.0893999197925802,0,1,0.159999999999997
"V4-CMP-TWO-STAGE-FREQ-BOOT-RESP-v1","V4-TARGET-RESPONDENT-WEIGHTED-v1",0.101860790303545,0.119245350705482,-0.0173845604019364,0.06597029973151,0.130706560698712,0.0983384302151109,0.0647362609672018,0.0158071429996376,TRUE,199,199,0,"OK","P14-C018",27,50,1059,0.3,"swmdk_like","weak","regular",8,29,0.0893999197925802,0,1,0.159999999999997
"V4-CMP-MOKKEN-TWOLEVEL-DELTA-v1","V4-TARGET-RESPONDENT-WEIGHTED-v1",0.101860790303564,0.119245350705482,-0.0173845604019181,0.0711572890744028,0.132564291532725,0.101860790303564,0.0614070024583219,0.0156653395018206,TRUE,,,0,"OK","P14-C018",27,50,1059,0.3,"swmdk_like","weak","regular",8,29,0.0893999197925802,0,1,0.159999999999997
"V4-PRI-TWO-STAGE-HBB-RESP-v1","V4-TARGET-RESPONDENT-WEIGHTED-v1",0.140933682476736,0.119245350705482,0.0216883317712542,0.0924080373152952,0.198301035175848,0.145354536245571,0.105892997860552,0.0266691883187525,TRUE,199,199,0,"OK","P14-C018",28,50,1028,0.3,"swmdk_like","weak","regular",5,29,0.129990513116205,0.000972762645914393,0,0.152999999999992
"V4-SENS-TWO-STAGE-HBB-CLUSTER-v1","V4-TARGET-EQUAL-CLUSTER-v1",0.145133366772782,0.119245350705482,0.0258880160673006,0.0954707093875268,0.190992510442882,0.143231609915204,0.0955218010553552,0.0250667660605761,TRUE,199,199,0,"OK","P14-C018",28,50,1028,0.3,"swmdk_like","weak","regular",5,29,0.129990513116205,0.000972762645914393,0,0.152999999999992
"V4-CMP-ONE-STAGE-CLUSTER-BB-RESP-v1","V4-TARGET-RESPONDENT-WEIGHTED-v1",0.140933682476736,0.119245350705482,0.0216883317712542,0.109226716533481,0.173175508264978,0.14120111239923,0.063948791731497,0.0160717269198051,TRUE,199,199,0,"OK","P14-C018",28,50,1028,0.3,"swmdk_like","weak","regular",5,29,0.129990513116205,0.000972762645914393,0,0.152999999999992
"V4-CMP-IID-RESP-BB-v1","WORKING-INDEPENDENCE-RESPONDENT",0.140933682476736,0.119245350705482,0.0216883317712542,0.118772565134041,0.17018021955091,0.144476392342475,0.0514076544168688,0.0134972566706135,TRUE,199,199,0,"OK","P14-C018",28,50,1028,0.3,"swmdk_like","weak","regular",5,29,0.129990513116205,0.000972762645914393,0,0.152999999999992
"V4-CMP-TWO-STAGE-FREQ-BOOT-RESP-v1","V4-TARGET-RESPONDENT-WEIGHTED-v1",0.140933682476736,0.119245350705482,0.0216883317712542,0.0992545201290915,0.178116842845172,0.138685681487132,0.0788623227160809,0.0192079218670276,TRUE,199,199,0,"OK","P14-C018",28,50,1028,0.3,"swmdk_like","weak","regular",5,29,0.129990513116205,0.000972762645914393,0,0.152999999999992
"V4-CMP-MOKKEN-TWOLEVEL-DELTA-v1","V4-TARGET-RESPONDENT-WEIGHTED-v1",0.140933682476732,0.119245350705482,0.0216883317712498,0.107003798567643,0.174863566385821,0.140933682476732,0.0678597678181782,0.0173114833623085,TRUE,,,0,"OK","P14-C018",28,50,1028,0.3,"swmdk_like","weak","regular",5,29,0.129990513116205,0.000972762645914393,0,0.152999999999992
"V4-PRI-TWO-STAGE-HBB-RESP-v1","V4-TARGET-RESPONDENT-WEIGHTED-v1",0.115424587806743,0.119245350705482,-0.00382076289873891,0.0753309555488171,0.160908831736191,0.118119893642504,0.085577876187374,0.0210909132219795,TRUE,199,199,0,"OK","P14-C018",29,50,1143,0.3,"swmdk_like","weak","regular",5,29,-0.0901939977533183,0,2,0.178000000000011
"V4-SENS-TWO-STAGE-HBB-CLUSTER-v1","V4-TARGET-EQUAL-CLUSTER-v1",0.117218930715053,0.119245350705482,-0.00202641999042889,0.0723064281641038,0.172067947588253,0.122187187876178,0.0997615194241492,0.0244727806748074,TRUE,199,199,0,"OK","P14-C018",29,50,1143,0.3,"swmdk_like","weak","regular",5,29,-0.0901939977533183,0,2,0.178000000000011
"V4-CMP-ONE-STAGE-CLUSTER-BB-RESP-v1","V4-TARGET-RESPONDENT-WEIGHTED-v1",0.115424587806743,0.119245350705482,-0.00382076289873891,0.0904986633609978,0.141495314284934,0.115996988822966,0.0509966509239359,0.0129039678385386,TRUE,199,199,0,"OK","P14-C018",29,50,1143,0.3,"swmdk_like","weak","regular",5,29,-0.0901939977533183,0,2,0.178000000000011
"V4-CMP-IID-RESP-BB-v1","WORKING-INDEPENDENCE-RESPONDENT",0.115424587806743,0.119245350705482,-0.00382076289873891,0.0896600087090816,0.143590807306919,0.116625408008,0.0539307985978374,0.013588317389242,TRUE,199,199,0,"OK","P14-C018",29,50,1143,0.3,"swmdk_like","weak","regular",5,29,-0.0901939977533183,0,2,0.178000000000011
"V4-CMP-TWO-STAGE-FREQ-BOOT-RESP-v1","V4-TARGET-RESPONDENT-WEIGHTED-v1",0.115424587806743,0.119245350705482,-0.00382076289873891,0.0753978349266116,0.150442979111548,0.11292040701908,0.0750451441849368,0.0184758789991918,TRUE,199,199,0,"OK","P14-C018",29,50,1143,0.3,"swmdk_like","weak","regular",5,29,-0.0901939977533183,0,2,0.178000000000011
"V4-CMP-MOKKEN-TWOLEVEL-DELTA-v1","V4-TARGET-RESPONDENT-WEIGHTED-v1",0.115424587806713,0.119245350705482,-0.00382076289876877,0.0824644173948942,0.148384758218532,0.115424587806713,0.0659203408236376,0.0168167224866398,TRUE,,,0,"OK","P14-C018",29,50,1143,0.3,"swmdk_like","weak","regular",5,29,-0.0901939977533183,0,2,0.178000000000011
"V4-PRI-TWO-STAGE-HBB-RESP-v1","V4-TARGET-RESPONDENT-WEIGHTED-v1",0.124280525340372,0.119245350705482,0.00503517463489002,0.0839098355032654,0.168503806695972,0.126206821099619,0.0845939711927069,0.0228528630836811,TRUE,199,199,0,"OK","P14-C018",30,50,1061,0.3,"swmdk_like","weak","regular",5,29,0.0331631972585732,0.008482563619227,0,0.153999999999996
"V4-SENS-TWO-STAGE-HBB-CLUSTER-v1","V4-TARGET-EQUAL-CLUSTER-v1",0.109735456333485,0.119245350705482,-0.00950989437199702,0.0737703640549166,0.164738360470458,0.119254362262687,0.0909679964155418,0.0252092571770317,TRUE,199,199,0,"OK","P14-C018",30,50,1061,0.3,"swmdk_like","weak","regular",5,29,0.0331631972585732,0.008482563619227,0,0.153999999999996
"V4-CMP-ONE-STAGE-CLUSTER-BB-RESP-v1","V4-TARGET-RESPONDENT-WEIGHTED-v1",0.124280525340372,0.119245350705482,0.00503517463489002,0.095162189688611,0.151137640770938,0.123149915229774,0.0559754510823269,0.0130929998131224,TRUE,199,199,0,"OK","P14-C018",30,50,1061,0.3,"swmdk_like","weak","regular",5,29,0.0331631972585732,0.008482563619227,0,0.153999999999996
"V4-CMP-IID-RESP-BB-v1","WORKING-INDEPENDENCE-RESPONDENT",0.124280525340372,0.119245350705482,0.00503517463489002,0.0985493582662296,0.146670000262111,0.122609679264171,0.0481206419958819,0.0124025045994279,TRUE,199,199,0,"OK","P14-C018",30,50,1061,0.3,"swmdk_like","weak","regular",5,29,0.0331631972585732,0.008482563619227,0,0.153999999999996
"V4-CMP-TWO-STAGE-FREQ-BOOT-RESP-v1","V4-TARGET-RESPONDENT-WEIGHTED-v1",0.124280525340372,0.119245350705482,0.00503517463489002,0.0833622576520661,0.161170428421525,0.122266343036795,0.0778081707694586,0.0193156508078365,TRUE,199,199,0,"OK","P14-C018",30,50,1061,0.3,"swmdk_like","weak","regular",5,29,0.0331631972585732,0.008482563619227,0,0.153999999999996
"V4-CMP-MOKKEN-TWOLEVEL-DELTA-v1","V4-TARGET-RESPONDENT-WEIGHTED-v1",0.124280525340343,0.119245350705482,0.00503517463486135,0.0931122613852762,0.15544878929541,0.124280525340343,0.0623365279101339,0.0159024676988548,TRUE,,,0,"OK","P14-C018",30,50,1061,0.3,"swmdk_like","weak","regular",5,29,0.0331631972585732,0.008482563619227,0,0.153999999999996
"V4-PRI-TWO-STAGE-HBB-RESP-v1","V4-TARGET-RESPONDENT-WEIGHTED-v1",0.123074569204454,0.119245350705482,0.0038292184989725,0.0876418359096629,0.176148288901203,0.131895062405433,0.0885064529915405,0.0215988394921878,TRUE,199,199,0,"OK","P14-C018",31,50,1055,0.3,"swmdk_like","weak","regular",5,29,-0.113614930165389,0.000947867298578209,0,0.155999999999992
"V4-SENS-TWO-STAGE-HBB-CLUSTER-v1","V4-TARGET-EQUAL-CLUSTER-v1",0.110545918565975,0.119245350705482,-0.008699432139507,0.066225707380769,0.162026048037457,0.114125877709113,0.0958003406566882,0.0232801233311524,TRUE,199,199,0,"OK","P14-C018",31,50,1055,0.3,"swmdk_like","weak","regular",5,29,-0.113614930165389,0.000947867298578209,0,0.155999999999992
"V4-CMP-ONE-STAGE-CLUSTER-BB-RESP-v1","V4-TARGET-RESPONDENT-WEIGHTED-v1",0.123074569204454,0.119245350705482,0.0038292184989725,0.0911243964367926,0.152513235791208,0.121818816114,0.0613888393544156,0.0152281607102979,TRUE,199,199,0,"OK","P14-C018",31,50,1055,0.3,"swmdk_like","weak","regular",5,29,-0.113614930165389,0.000947867298578209,0,0.155999999999992
"V4-CMP-IID-RESP-BB-v1","WORKING-INDEPENDENCE-RESPONDENT",0.123074569204454,0.119245350705482,0.0038292184989725,0.100934089420073,0.153025726715433,0.126979908067753,0.0520916372953607,0.0133642109851755,TRUE,199,199,0,"OK","P14-C018",31,50,1055,0.3,"swmdk_like","weak","regular",5,29,-0.113614930165389,0.000947867298578209,0,0.155999999999992
"V4-CMP-TWO-STAGE-FREQ-BOOT-RESP-v1","V4-TARGET-RESPONDENT-WEIGHTED-v1",0.123074569204454,0.119245350705482,0.0038292184989725,0.0755829820443453,0.162817113837393,0.119200047940869,0.0872341317930478,0.0208153083811183,TRUE,199,199,0,"OK","P14-C018",31,50,1055,0.3,"swmdk_like","weak","regular",5,29,-0.113614930165389,0.000947867298578209,0,0.155999999999992
"V4-CMP-MOKKEN-TWOLEVEL-DELTA-v1","V4-TARGET-RESPONDENT-WEIGHTED-v1",0.123074569204452,0.119245350705482,0.00382921849897032,0.087552165663522,0.158596972745382,0.123074569204452,0.0710448070818602,0.0181240083088905,TRUE,,,0,"OK","P14-C018",31,50,1055,0.3,"swmdk_like","weak","regular",5,29,-0.113614930165389,0.000947867298578209,0,0.155999999999992
"V4-PRI-TWO-STAGE-HBB-RESP-v1","V4-TARGET-RESPONDENT-WEIGHTED-v1",0.0978358376003675,0.119245350705482,-0.0214095131051144,0.0627274977699605,0.13612728301612,0.0994273903930403,0.0733997852461595,0.0205218267846496,TRUE,199,199,0,"OK","P14-C018",32,50,932,0.3,"swmdk_like","weak","regular",5,28,0.0958411985315447,0.00214592274678105,0,0.143000000000001
"V4-SENS-TWO-STAGE-HBB-CLUSTER-v1","V4-TARGET-EQUAL-CLUSTER-v1",0.0935606458506393,0.119245350705482,-0.0256847048548425,0.0480137720943806,0.15509128575522,0.1015525289248,0.107077513660839,0.0250591099179578,TRUE,199,199,0,"OK","P14-C018",32,50,932,0.3,"swmdk_like","weak","regular",5,28,0.0958411985315447,0.00214592274678105,0,0.143000000000001
"V4-CMP-ONE-STAGE-CLUSTER-BB-RESP-v1","V4-TARGET-RESPONDENT-WEIGHTED-v1",0.0978358376003675,0.119245350705482,-0.0214095131051144,0.0721064761499268,0.124822585413568,0.0984645307817473,0.0527161092636409,0.0127277439424504,TRUE,199,199,0,"OK","P14-C018",32,50,932,0.3,"swmdk_like","weak","regular",5,28,0.0958411985315447,0.00214592274678105,0,0.143000000000001
"V4-CMP-IID-RESP-BB-v1","WORKING-INDEPENDENCE-RESPONDENT",0.0978358376003675,0.119245350705482,-0.0214095131051144,0.0698353124101587,0.129595469770465,0.0997153910903118,0.0597601573603062,0.0137492176450508,TRUE,199,199,0,"OK","P14-C018",32,50,932,0.3,"swmdk_like","weak","regular",5,28,0.0958411985315447,0.00214592274678105,0,0.143000000000001
"V4-CMP-TWO-STAGE-FREQ-BOOT-RESP-v1","V4-TARGET-RESPONDENT-WEIGHTED-v1",0.0978358376003675,0.119245350705482,-0.0214095131051144,0.058176442915867,0.139442733610507,0.0988095882631869,0.0812662906946397,0.0196633191140653,TRUE,199,199,0,"OK","P14-C018",32,50,932,0.3,"swmdk_like","weak","regular",5,28,0.0958411985315447,0.00214592274678105,0,0.143000000000001
"V4-CMP-MOKKEN-TWOLEVEL-DELTA-v1","V4-TARGET-RESPONDENT-WEIGHTED-v1",0.0978358376003873,0.119245350705482,-0.0214095131050945,0.0687945745592755,0.126877100641499,0.0978358376003873,0.0580825260822235,0.0148172432096638,TRUE,,,0,"OK","P14-C018",32,50,932,0.3,"swmdk_like","weak","regular",5,28,0.0958411985315447,0.00214592274678105,0,0.143000000000001
"V4-PRI-TWO-STAGE-HBB-RESP-v1","V4-TARGET-RESPONDENT-WEIGHTED-v1",0.13070479806283,0.119245350705482,0.0114594473573482,0.0858877305200741,0.171543583086738,0.128715656803406,0.0856558525666643,0.0226120547829877,TRUE,199,199,0,"OK","P14-C018",33,50,1053,0.3,"swmdk_like","weak","regular",5,29,0.0256321799139347,0.000949667616334249,0,0.172000000000011
"V4-SENS-TWO-STAGE-HBB-CLUSTER-v1","V4-TARGET-EQUAL-CLUSTER-v1",0.12568326652617,0.119245350705482,0.00643791582068783,0.0829578136275065,0.172549745995726,0.127753779811616,0.0895919323682197,0.0246661420281223,TRUE,199,199,0,"OK","P14-C018",33,50,1053,0.3,"swmdk_like","weak","regular",5,29,0.0256321799139347,0.000949667616334249,0,0.172000000000011
"V4-CMP-ONE-STAGE-CLUSTER-BB-RESP-v1","V4-TARGET-RESPONDENT-WEIGHTED-v1",0.13070479806283,0.119245350705482,0.0114594473573482,0.104338159977561,0.162751845614897,0.133545002796229,0.0584136856373358,0.0155003096197365,TRUE,199,199,0,"OK","P14-C018",33,50,1053,0.3,"swmdk_like","weak","regular",5,29,0.0256321799139347,0.000949667616334249,0,0.172000000000011
"V4-CMP-IID-RESP-BB-v1","WORKING-INDEPENDENCE-RESPONDENT",0.13070479806283,0.119245350705482,0.0114594473573482,0.10199632223119,0.159373771030526,0.130685046630858,0.057377448799336,0.0143796984707609,TRUE,199,199,0,"OK","P14-C018",33,50,1053,0.3,"swmdk_like","weak","regular",5,29,0.0256321799139347,0.000949667616334249,0,0.172000000000011
"V4-CMP-TWO-STAGE-FREQ-BOOT-RESP-v1","V4-TARGET-RESPONDENT-WEIGHTED-v1",0.13070479806283,0.119245350705482,0.0114594473573482,0.0932573245240447,0.171628963193725,0.132443143858885,0.0783716386696801,0.019740766162393,TRUE,199,199,0,"OK","P14-C018",33,50,1053,0.3,"swmdk_like","weak","regular",5,29,0.0256321799139347,0.000949667616334249,0,0.172000000000011
"V4-CMP-MOKKEN-TWOLEVEL-DELTA-v1","V4-TARGET-RESPONDENT-WEIGHTED-v1",0.130704798062807,0.119245350705482,0.0114594473573251,0.0976436598934639,0.16376593623215,0.130704798062807,0.0661222763386861,0.0168682375952441,TRUE,,,0,"OK","P14-C018",33,50,1053,0.3,"swmdk_like","weak","regular",5,29,0.0256321799139347,0.000949667616334249,0,0.172000000000011
"V4-PRI-TWO-STAGE-HBB-RESP-v1","V4-TARGET-RESPONDENT-WEIGHTED-v1",0.144543703727035,0.119245350705482,0.0252983530215532,0.0963920299770926,0.196468670334678,0.146430350155885,0.100076640357586,0.0251191326857625,TRUE,199,199,0,"OK","P14-C018",34,50,1102,0.3,"swmdk_like","weak","regular",8,29,-0.034203698003271,0.001814882032668,0,0.164999999999992
"V4-SENS-TWO-STAGE-HBB-CLUSTER-v1","V4-TARGET-EQUAL-CLUSTER-v1",0.144187892669479,0.119245350705482,0.0249425419639974,0.0945012527808554,0.192701753942771,0.143601503361813,0.0982005011619153,0.0234520621150078,TRUE,199,199,0,"OK","P14-C018",34,50,1102,0.3,"swmdk_like","weak","regular",8,29,-0.034203698003271,0.001814882032668,0,0.164999999999992
"V4-CMP-ONE-STAGE-CLUSTER-BB-RESP-v1","V4-TARGET-RESPONDENT-WEIGHTED-v1",0.144543703727035,0.119245350705482,0.0252983530215532,0.115649877978717,0.174177516820406,0.144913697399561,0.0585276388416891,0.0155366498279416,TRUE,199,199,0,"OK","P14-C018",34,50,1102,0.3,"swmdk_like","weak","regular",8,29,-0.034203698003271,0.001814882032668,0,0.164999999999992
"V4-CMP-IID-RESP-BB-v1","WORKING-INDEPENDENCE-RESPONDENT",0.144543703727035,0.119245350705482,0.0252983530215532,0.121908747355902,0.169920878841495,0.145914813098698,0.0480121314855931,0.0126113166344052,FALSE,199,199,0,"OK","P14-C018",34,50,1102,0.3,"swmdk_like","weak","regular",8,29,-0.034203698003271,0.001814882032668,0,0.164999999999992
"V4-CMP-TWO-STAGE-FREQ-BOOT-RESP-v1","V4-TARGET-RESPONDENT-WEIGHTED-v1",0.144543703727035,0.119245350705482,0.0252983530215532,0.109559920378053,0.180126354022222,0.144843137200137,0.0705664336441692,0.0193282828484063,TRUE,199,199,0,"OK","P14-C018",34,50,1102,0.3,"swmdk_like","weak","regular",8,29,-0.034203698003271,0.001814882032668,0,0.164999999999992
"V4-CMP-MOKKEN-TWOLEVEL-DELTA-v1","V4-TARGET-RESPONDENT-WEIGHTED-v1",0.144543703727052,0.119245350705482,0.0252983530215699,0.109347072761195,0.179740334692908,0.144543703727052,0.070393261931713,0.017957794757191,TRUE,,,0,"OK","P14-C018",34,50,1102,0.3,"swmdk_like","weak","regular",8,29,-0.034203698003271,0.001814882032668,0,0.164999999999992
"V4-PRI-TWO-STAGE-HBB-RESP-v1","V4-TARGET-RESPONDENT-WEIGHTED-v1",0.0977383398535415,0.119245350705482,-0.0215070108519403,0.0621310249058663,0.131103494921326,0.096617259913596,0.0689724700154593,0.0203278474329602,TRUE,199,199,0,"OK","P14-C018",35,50,1109,0.3,"swmdk_like","weak","regular",5,29,-0.0596096660381237,0.000901713255184844,0,0.165000000000006
"V4-SENS-TWO-STAGE-HBB-CLUSTER-v1","V4-TARGET-EQUAL-CLUSTER-v1",0.0978618852471705,0.119245350705482,-0.0213834654583113,0.0590823397198899,0.14577809755611,0.102430218638,0.0866957578362196,0.0220623208692719,TRUE,199,199,0,"OK","P14-C018",35,50,1109,0.3,"swmdk_like","weak","regular",5,29,-0.0596096660381237,0.000901713255184844,0,0.165000000000006
"V4-CMP-ONE-STAGE-CLUSTER-BB-RESP-v1","V4-TARGET-RESPONDENT-WEIGHTED-v1",0.0977383398535415,0.119245350705482,-0.0215070108519403,0.0730676133745161,0.118967694683891,0.0960176540292037,0.0459000813093752,0.0121775942386219,FALSE,199,199,0,"OK","P14-C018",35,50,1109,0.3,"swmdk_like","weak","regular",5,29,-0.0596096660381237,0.000901713255184844,0,0.165000000000006
"V4-CMP-IID-RESP-BB-v1","WORKING-INDEPENDENCE-RESPONDENT",0.0977383398535415,0.119245350705482,-0.0215070108519403,0.0729642557444345,0.124894813447148,0.098929534595791,0.0519305577027131,0.0129332041965094,TRUE,199,199,0,"OK","P14-C018",35,50,1109,0.3,"swmdk_like","weak","regular",5,29,-0.0596096660381237,0.000901713255184844,0,0.165000000000006
"V4-CMP-TWO-STAGE-FREQ-BOOT-RESP-v1","V4-TARGET-RESPONDENT-WEIGHTED-v1",0.0977383398535415,0.119245350705482,-0.0215070108519403,0.0662294903608797,0.133554968058265,0.0998922292095721,0.0673254776973848,0.0167854974375297,TRUE,199,199,0,"OK","P14-C018",35,50,1109,0.3,"swmdk_like","weak","regular",5,29,-0.0596096660381237,0.000901713255184844,0,0.165000000000006
"V4-CMP-MOKKEN-TWOLEVEL-DELTA-v1","V4-TARGET-RESPONDENT-WEIGHTED-v1",0.0977383398535472,0.119245350705482,-0.0215070108519346,0.0663733362232575,0.129103343483837,0.0977383398535472,0.0627300072605794,0.0160028469286644,TRUE,,,0,"OK","P14-C018",35,50,1109,0.3,"swmdk_like","weak","regular",5,29,-0.0596096660381237,0.000901713255184844,0,0.165000000000006
"V4-PRI-TWO-STAGE-HBB-RESP-v1","V4-TARGET-RESPONDENT-WEIGHTED-v1",0.115062340130748,0.119245350705482,-0.00418301057473421,0.072528337054359,0.172977076746825,0.122752706900592,0.100448739692466,0.0251754223518881,TRUE,199,199,0,"OK","P14-C018",36,50,1064,0.3,"swmdk_like","weak","regular",5,28,0.0648464943947418,0.00093984962406013,0,0.161999999999992
"V4-SENS-TWO-STAGE-HBB-CLUSTER-v1","V4-TARGET-EQUAL-CLUSTER-v1",0.113361395045472,0.119245350705482,-0.00588395566001008,0.0710399200166074,0.170934265189775,0.120987092603191,0.0998943451731674,0.0245728226251979,TRUE,199,199,0,"OK","P14-C018",36,50,1064,0.3,"swmdk_like","weak","regular",5,28,0.0648464943947418,0.00093984962406013,0,0.161999999999992
"V4-CMP-ONE-STAGE-CLUSTER-BB-RESP-v1","V4-TARGET-RESPONDENT-WEIGHTED-v1",0.115062340130748,0.119245350705482,-0.00418301057473421,0.0881032348348882,0.15197182783096,0.120037531332924,0.0638685929960718,0.0162221991918312,TRUE,199,199,0,"OK","P14-C018",36,50,1064,0.3,"swmdk_like","weak","regular",5,28,0.0648464943947418,0.00093984962406013,0,0.161999999999992
"V4-CMP-IID-RESP-BB-v1","WORKING-INDEPENDENCE-RESPONDENT",0.115062340130748,0.119245350705482,-0.00418301057473421,0.0910470254641213,0.140585873867905,0.115816449666013,0.049538848403784,0.013244343410364,TRUE,199,199,0,"OK","P14-C018",36,50,1064,0.3,"swmdk_like","weak","regular",5,28,0.0648464943947418,0.00093984962406013,0,0.161999999999992
"V4-CMP-TWO-STAGE-FREQ-BOOT-RESP-v1","V4-TARGET-RESPONDENT-WEIGHTED-v1",0.115062340130748,0.119245350705482,-0.00418301057473421,0.0714745973831372,0.155746147430426,0.113610372406782,0.0842715500472892,0.0204802814961926,TRUE,199,199,0,"OK","P14-C018",36,50,1064,0.3,"swmdk_like","weak","regular",5,28,0.0648464943947418,0.00093984962406013,0,0.161999999999992
"V4-CMP-MOKKEN-TWOLEVEL-DELTA-v1","V4-TARGET-RESPONDENT-WEIGHTED-v1",0.115062340130779,0.119245350705482,-0.00418301057470251,0.080600918976336,0.149523761285223,0.115062340130779,0.0689228423088866,0.0175826808177449,TRUE,,,0,"OK","P14-C018",36,50,1064,0.3,"swmdk_like","weak","regular",5,28,0.0648464943947418,0.00093984962406013,0,0.161999999999992
"V4-PRI-TWO-STAGE-HBB-RESP-v1","V4-TARGET-RESPONDENT-WEIGHTED-v1",0.139672683928863,0.119245350705482,0.0204273332233811,0.0952081399534665,0.183218873352419,0.139213506652943,0.0880107333989522,0.0231856172251805,TRUE,199,199,0,"OK","P14-C018",37,50,1088,0.3,"swmdk_like","weak","regular",5,29,-0.0554379951240238,0,1,0.173000000000002
"V4-SENS-TWO-STAGE-HBB-CLUSTER-v1","V4-TARGET-EQUAL-CLUSTER-v1",0.137791737754573,0.119245350705482,0.0185463870490916,0.0901035371371639,0.199151273683125,0.144627405410144,0.109047736545961,0.0260952318070284,TRUE,199,199,0,"OK","P14-C018",37,50,1088,0.3,"swmdk_like","weak","regular",5,29,-0.0554379951240238,0,1,0.173000000000002
"V4-CMP-ONE-STAGE-CLUSTER-BB-RESP-v1","V4-TARGET-RESPONDENT-WEIGHTED-v1",0.139672683928863,0.119245350705482,0.0204273332233811,0.112166755911109,0.174933118583437,0.143549937247273,0.0627663626723277,0.0148971453138235,TRUE,199,199,0,"OK","P14-C018",37,50,1088,0.3,"swmdk_like","weak","regular",5,29,-0.0554379951240238,0,1,0.173000000000002
"V4-CMP-IID-RESP-BB-v1","WORKING-INDEPENDENCE-RESPONDENT",0.139672683928863,0.119245350705482,0.0204273332233811,0.11595915003164,0.163726010271171,0.139842580151406,0.0477668602395308,0.0124490906147054,TRUE,199,199,0,"OK","P14-C018",37,50,1088,0.3,"swmdk_like","weak","regular",5,29,-0.0554379951240238,0,1,0.173000000000002
"V4-CMP-TWO-STAGE-FREQ-BOOT-RESP-v1","V4-TARGET-RESPONDENT-WEIGHTED-v1",0.139672683928863,0.119245350705482,0.0204273332233811,0.10131591676631,0.179612157000608,0.140464036883459,0.0782962402342986,0.0197432312175431,TRUE,199,199,0,"OK","P14-C018",37,50,1088,0.3,"swmdk_like","weak","regular",5,29,-0.0554379951240238,0,1,0.173000000000002
"V4-CMP-MOKKEN-TWOLEVEL-DELTA-v1","V4-TARGET-RESPONDENT-WEIGHTED-v1",0.139672683928847,0.119245350705482,0.0204273332233655,0.10504333205258,0.174302035805114,0.139672683928847,0.069258703752534,0.0176683613318505,TRUE,,,0,"OK","P14-C018",37,50,1088,0.3,"swmdk_like","weak","regular",5,29,-0.0554379951240238,0,1,0.173000000000002
"V4-PRI-TWO-STAGE-HBB-RESP-v1","V4-TARGET-RESPONDENT-WEIGHTED-v1",0.139805180623974,0.119245350705482,0.0205598299184921,0.0969321508188284,0.176572873832685,0.136752512325757,0.0796407230138567,0.0209160331296374,TRUE,199,199,0,"OK","P14-C018",38,50,1009,0.3,"swmdk_like","weak","regular",5,29,-0.193123285109951,0.0069375619425171,0,0.147999999999996
"V4-SENS-TWO-STAGE-HBB-CLUSTER-v1","V4-TARGET-EQUAL-CLUSTER-v1",0.15488830248202,0.119245350705482,0.0356429517765385,0.105436021105426,0.217716916229662,0.161576468667544,0.112280895124236,0.0276190731489137,TRUE,199,199,0,"OK","P14-C018",38,50,1009,0.3,"swmdk_like","weak","regular",5,29,-0.193123285109951,0.0069375619425171,0,0.147999999999996
"V4-CMP-ONE-STAGE-CLUSTER-BB-RESP-v1","V4-TARGET-RESPONDENT-WEIGHTED-v1",0.139805180623974,0.119245350705482,0.0205598299184921,0.115382741435099,0.163121647318118,0.139252194376608,0.0477389058830197,0.0120911112936577,TRUE,199,199,0,"OK","P14-C018",38,50,1009,0.3,"swmdk_like","weak","regular",5,29,-0.193123285109951,0.0069375619425171,0,0.147999999999996
"V4-CMP-IID-RESP-BB-v1","WORKING-INDEPENDENCE-RESPONDENT",0.139805180623974,0.119245350705482,0.0205598299184921,0.112913062252467,0.171656303894157,0.142284683073312,0.0587432416416905,0.0146544354772936,TRUE,199,199,0,"OK","P14-C018",38,50,1009,0.3,"swmdk_like","weak","regular",5,29,-0.193123285109951,0.0069375619425171,0,0.147999999999996
"V4-CMP-TWO-STAGE-FREQ-BOOT-RESP-v1","V4-TARGET-RESPONDENT-WEIGHTED-v1",0.139805180623974,0.119245350705482,0.0205598299184921,0.092582124541684,0.180989657082157,0.136785890811921,0.0884075325404732,0.0214137955780856,TRUE,199,199,0,"OK","P14-C018",38,50,1009,0.3,"swmdk_like","weak","regular",5,29,-0.193123285109951,0.0069375619425171,0,0.147999999999996
"V4-CMP-MOKKEN-TWOLEVEL-DELTA-v1","V4-TARGET-RESPONDENT-WEIGHTED-v1",0.139805180623942,0.119245350705482,0.0205598299184604,0.107101879131972,0.172508482115913,0.139805180623942,0.0654066029839408,0.0166856645070674,TRUE,,,0,"OK","P14-C018",38,50,1009,0.3,"swmdk_like","weak","regular",5,29,-0.193123285109951,0.0069375619425171,0,0.147999999999996
"V4-PRI-TWO-STAGE-HBB-RESP-v1","V4-TARGET-RESPONDENT-WEIGHTED-v1",0.133123090207714,0.119245350705482,0.0138777395022326,0.0775818608416259,0.177303772701411,0.127442816771518,0.0997219118597852,0.0237774093113134,TRUE,199,199,0,"OK","P14-C018",39,50,1088,0.3,"swmdk_like","weak","regular",5,29,0.066081107062164,0.0045955882352941,0,0.169000000000011
"V4-SENS-TWO-STAGE-HBB-CLUSTER-v1","V4-TARGET-EQUAL-CLUSTER-v1",0.138117341542248,0.119245350705482,0.0188719908367661,0.0991770910031651,0.177043394306795,0.13811024265498,0.07786630330363,0.0218556913337334,TRUE,199,199,0,"OK","P14-C018",39,50,1088,0.3,"swmdk_like","weak","regular",5,29,0.066081107062164,0.0045955882352941,0,0.169000000000011
"V4-CMP-ONE-STAGE-CLUSTER-BB-RESP-v1","V4-TARGET-RESPONDENT-WEIGHTED-v1",0.133123090207714,0.119245350705482,0.0138777395022326,0.103309402575395,0.159598676220661,0.131454039398028,0.0562892736452664,0.0144629826843755,TRUE,199,199,0,"OK","P14-C018",39,50,1088,0.3,"swmdk_like","weak","regular",5,29,0.066081107062164,0.0045955882352941,0,0.169000000000011
"V4-CMP-IID-RESP-BB-v1","WORKING-INDEPENDENCE-RESPONDENT",0.133123090207714,0.119245350705482,0.0138777395022326,0.111651977133492,0.158245361496823,0.134948669315158,0.046593384363331,0.011911188710478,TRUE,199,199,0,"OK","P14-C018",39,50,1088,0.3,"swmdk_like","weak","regular",5,29,0.066081107062164,0.0045955882352941,0,0.169000000000011
"V4-CMP-TWO-STAGE-FREQ-BOOT-RESP-v1","V4-TARGET-RESPONDENT-WEIGHTED-v1",0.133123090207714,0.119245350705482,0.0138777395022326,0.0998208284335823,0.178544207792165,0.139182518112873,0.0787233793585823,0.0190599332925213,TRUE,199,199,0,"OK","P14-C018",39,50,1088,0.3,"swmdk_like","weak","regular",5,29,0.066081107062164,0.0045955882352941,0,0.169000000000011
"V4-CMP-MOKKEN-TWOLEVEL-DELTA-v1","V4-TARGET-RESPONDENT-WEIGHTED-v1",0.133123090207698,0.119245350705482,0.0138777395022163,0.0987765847005132,0.167469595714883,0.133123090207698,0.0686930110143698,0.0175240493081025,TRUE,,,0,"OK","P14-C018",39,50,1088,0.3,"swmdk_like","weak","regular",5,29,0.066081107062164,0.0045955882352941,0,0.169000000000011
"V4-PRI-TWO-STAGE-HBB-RESP-v1","V4-TARGET-RESPONDENT-WEIGHTED-v1",0.104686422437007,0.119245350705482,-0.0145589282684752,0.0627159981332114,0.150700357124292,0.106708177628752,0.0879843589910808,0.0218500376514677,TRUE,199,199,0,"OK","P14-C018",40,50,1052,0.3,"swmdk_like","weak","regular",5,29,0.0231328089122556,0,1,0.164999999999992
"V4-SENS-TWO-STAGE-HBB-CLUSTER-v1","V4-TARGET-EQUAL-CLUSTER-v1",0.0944974847052255,0.119245350705482,-0.0247478660002563,0.0479775187387477,0.141394234047188,0.0946858763929677,0.09341671530844,0.0228437320936948,TRUE,199,199,0,"OK","P14-C018",40,50,1052,0.3,"swmdk_like","weak","regular",5,29,0.0231328089122556,0,1,0.164999999999992
"V4-CMP-ONE-STAGE-CLUSTER-BB-RESP-v1","V4-TARGET-RESPONDENT-WEIGHTED-v1",0.104686422437007,0.119245350705482,-0.0145589282684752,0.0789118587118252,0.130793175346497,0.104852517029161,0.0518813166346717,0.013039488255221,TRUE,199,199,0,"OK","P14-C018",40,50,1052,0.3,"swmdk_like","weak","regular",5,29,0.0231328089122556,0,1,0.164999999999992
"V4-CMP-IID-RESP-BB-v1","WORKING-INDEPENDENCE-RESPONDENT",0.104686422437007,0.119245350705482,-0.0145589282684752,0.0795227172187587,0.131982047594633,0.105752382406696,0.0524593303758747,0.0129867025894823,TRUE,199,199,0,"OK","P14-C018",40,50,1052,0.3,"swmdk_like","weak","regular",5,29,0.0231328089122556,0,1,0.164999999999992
"V4-CMP-TWO-STAGE-FREQ-BOOT-RESP-v1","V4-TARGET-RESPONDENT-WEIGHTED-v1",0.104686422437007,0.119245350705482,-0.0145589282684752,0.0725824686081212,0.134398590025503,0.103490529316812,0.0618161214173819,0.0173832464922516,TRUE,199,199,0,"OK","P14-C018",40,50,1052,0.3,"swmdk_like","weak","regular",5,29,0.0231328089122556,0,1,0.164999999999992
"V4-CMP-MOKKEN-TWOLEVEL-DELTA-v1","V4-TARGET-RESPONDENT-WEIGHTED-v1",0.104686422436987,0.119245350705482,-0.0145589282684949,0.0737764881712008,0.135596356702773,0.104686422436987,0.0618198685315722,0.0157706644150605,TRUE,,,0,"OK","P14-C018",40,50,1052,0.3,"swmdk_like","weak","regular",5,29,0.0231328089122556,0,1,0.164999999999992
"V4-PRI-TWO-STAGE-HBB-RESP-v1","V4-TARGET-RESPONDENT-WEIGHTED-v1",0.0901333681832544,0.119245350705482,-0.0291119825222274,0.0567496390132059,0.124454494267285,0.0906020666402453,0.0677048552540789,0.0183229377252312,TRUE,199,199,0,"OK","P14-C018",41,50,1000,0.3,"swmdk_like","weak","regular",5,29,-0.0121991573010726,0.001,0,0.158000000000001
"V4-SENS-TWO-STAGE-HBB-CLUSTER-v1","V4-TARGET-EQUAL-CLUSTER-v1",0.0853146047048023,0.119245350705482,-0.0339307460006795,0.044082500568771,0.127082703687145,0.0855826021279582,0.0830002031183744,0.0204946947999735,TRUE,199,199,0,"OK","P14-C018",41,50,1000,0.3,"swmdk_like","weak","regular",5,29,-0.0121991573010726,0.001,0,0.158000000000001
"V4-CMP-ONE-STAGE-CLUSTER-BB-RESP-v1","V4-TARGET-RESPONDENT-WEIGHTED-v1",0.0901333681832544,0.119245350705482,-0.0291119825222274,0.0692702087749985,0.110831309210041,0.0900507589925199,0.0415611004350429,0.0106714508178454,FALSE,199,199,0,"OK","P14-C018",41,50,1000,0.3,"swmdk_like","weak","regular",5,29,-0.0121991573010726,0.001,0,0.158000000000001
"V4-CMP-IID-RESP-BB-v1","WORKING-INDEPENDENCE-RESPONDENT",0.0901333681832544,0.119245350705482,-0.0291119825222274,0.0689707908820644,0.116201404233597,0.0925860975578305,0.0472306133515323,0.0123435858184027,FALSE,199,199,0,"OK","P14-C018",41,50,1000,0.3,"swmdk_like","weak","regular",5,29,-0.0121991573010726,0.001,0,0.158000000000001
"V4-CMP-TWO-STAGE-FREQ-BOOT-RESP-v1","V4-TARGET-RESPONDENT-WEIGHTED-v1",0.0901333681832544,0.119245350705482,-0.0291119825222274,0.0615569807156323,0.121012087579594,0.0912845341476131,0.0594551068639616,0.0154836716554029,TRUE,199,199,0,"OK","P14-C018",41,50,1000,0.3,"swmdk_like","weak","regular",5,29,-0.0121991573010726,0.001,0,0.158000000000001
"V4-CMP-MOKKEN-TWOLEVEL-DELTA-v1","V4-TARGET-RESPONDENT-WEIGHTED-v1",0.0901333681832432,0.119245350705482,-0.0291119825222386,0.0626599422099328,0.117606794156554,0.0901333681832432,0.0549468519466209,0.0140173116394063,FALSE,,,0,"OK","P14-C018",41,50,1000,0.3,"swmdk_like","weak","regular",5,29,-0.0121991573010726,0.001,0,0.158000000000001
"V4-PRI-TWO-STAGE-HBB-RESP-v1","V4-TARGET-RESPONDENT-WEIGHTED-v1",0.113927871667095,0.119245350705482,-0.00531747903838656,0.0691728867877756,0.152682491716836,0.110927689252306,0.0835096049290607,0.0210137772098213,TRUE,199,199,0,"OK","P14-C018",42,50,1055,0.3,"swmdk_like","weak","regular",5,29,0.0287620760193104,0.00473933649289104,0,0.153000000000006
"V4-SENS-TWO-STAGE-HBB-CLUSTER-v1","V4-TARGET-EQUAL-CLUSTER-v1",0.113647634907361,0.119245350705482,-0.00559771579812035,0.0698904002977716,0.156759574527012,0.113324987412392,0.0868691742292403,0.0219651865515113,TRUE,199,199,0,"OK","P14-C018",42,50,1055,0.3,"swmdk_like","weak","regular",5,29,0.0287620760193104,0.00473933649289104,0,0.153000000000006
"V4-CMP-ONE-STAGE-CLUSTER-BB-RESP-v1","V4-TARGET-RESPONDENT-WEIGHTED-v1",0.113927871667095,0.119245350705482,-0.00531747903838656,0.0809312038599726,0.148453587700759,0.114692395780366,0.0675223838407864,0.0162721370003437,TRUE,199,199,0,"OK","P14-C018",42,50,1055,0.3,"swmdk_like","weak","regular",5,29,0.0287620760193104,0.00473933649289104,0,0.153000000000006
"V4-CMP-IID-RESP-BB-v1","WORKING-INDEPENDENCE-RESPONDENT",0.113927871667095,0.119245350705482,-0.00531747903838656,0.088698040717612,0.139221162268477,0.113959601493044,0.0505231215508645,0.0129317527898668,TRUE,199,199,0,"OK","P14-C018",42,50,1055,0.3,"swmdk_like","weak","regular",5,29,0.0287620760193104,0.00473933649289104,0,0.153000000000006
"V4-CMP-TWO-STAGE-FREQ-BOOT-RESP-v1","V4-TARGET-RESPONDENT-WEIGHTED-v1",0.113927871667095,0.119245350705482,-0.00531747903838656,0.0752791704402562,0.155837622842522,0.115558396641389,0.0805584524022654,0.0202075758853502,TRUE,199,199,0,"OK","P14-C018",42,50,1055,0.3,"swmdk_like","weak","regular",5,29,0.0287620760193104,0.00473933649289104,0,0.153000000000006
"V4-CMP-MOKKEN-TWOLEVEL-DELTA-v1","V4-TARGET-RESPONDENT-WEIGHTED-v1",0.113927871667092,0.119245350705482,-0.00531747903839032,0.0794165718069827,0.1484391715272,0.113927871667092,0.0690225997202177,0.0176081296045895,TRUE,,,0,"OK","P14-C018",42,50,1055,0.3,"swmdk_like","weak","regular",5,29,0.0287620760193104,0.00473933649289104,0,0.153000000000006
"V4-PRI-TWO-STAGE-HBB-RESP-v1","V4-TARGET-RESPONDENT-WEIGHTED-v1",0.0959468375267115,0.119245350705482,-0.0232985131787703,0.0647780403852034,0.135865443565997,0.1003217419756,0.0710874031807935,0.0183459732452836,TRUE,199,199,0,"OK","P14-C018",43,50,1075,0.3,"swmdk_like","weak","regular",5,29,-0.0560652459648168,0.0027906976744187,0,0.156999999999996
"V4-SENS-TWO-STAGE-HBB-CLUSTER-v1","V4-TARGET-EQUAL-CLUSTER-v1",0.0965183940931398,0.119245350705482,-0.022726956612342,0.0578121978822081,0.136693448422232,0.0972528231522199,0.0788812505400235,0.019384899050947,TRUE,199,199,0,"OK","P14-C018",43,50,1075,0.3,"swmdk_like","weak","regular",5,29,-0.0560652459648168,0.0027906976744187,0,0.156999999999996
"V4-CMP-ONE-STAGE-CLUSTER-BB-RESP-v1","V4-TARGET-RESPONDENT-WEIGHTED-v1",0.0959468375267115,0.119245350705482,-0.0232985131787703,0.0755973535524157,0.114007837407408,0.0948025954799119,0.0384104838549923,0.00939494346141036,FALSE,199,199,0,"OK","P14-C018",43,50,1075,0.3,"swmdk_like","weak","regular",5,29,-0.0560652459648168,0.0027906976744187,0,0.156999999999996
"V4-CMP-IID-RESP-BB-v1","WORKING-INDEPENDENCE-RESPONDENT",0.0959468375267115,0.119245350705482,-0.0232985131787703,0.0750057893584907,0.123858324480906,0.0994320569196985,0.0488525351224157,0.0125483534014681,TRUE,199,199,0,"OK","P14-C018",43,50,1075,0.3,"swmdk_like","weak","regular",5,29,-0.0560652459648168,0.0027906976744187,0,0.156999999999996
"V4-CMP-TWO-STAGE-FREQ-BOOT-RESP-v1","V4-TARGET-RESPONDENT-WEIGHTED-v1",0.0959468375267115,0.119245350705482,-0.0232985131787703,0.0694826777090441,0.130368879414875,0.0999257785619594,0.0608862017058306,0.0151800383867239,TRUE,199,199,0,"OK","P14-C018",43,50,1075,0.3,"swmdk_like","weak","regular",5,29,-0.0560652459648168,0.0027906976744187,0,0.156999999999996
"V4-CMP-MOKKEN-TWOLEVEL-DELTA-v1","V4-TARGET-RESPONDENT-WEIGHTED-v1",0.0959468375267453,0.119245350705482,-0.0232985131787366,0.0694056949851337,0.122487980068357,0.0959468375267453,0.0530822850832231,0.0135416480868856,TRUE,,,0,"OK","P14-C018",43,50,1075,0.3,"swmdk_like","weak","regular",5,29,-0.0560652459648168,0.0027906976744187,0,0.156999999999996
"V4-PRI-TWO-STAGE-HBB-RESP-v1","V4-TARGET-RESPONDENT-WEIGHTED-v1",0.142030515028284,0.119245350705482,0.0227851643228023,0.0972644647983185,0.182203967000196,0.139734215899257,0.0849395022018775,0.0227472379805732,TRUE,199,199,0,"OK","P14-C018",44,50,999,0.3,"swmdk_like","weak","regular",5,29,0.00154000863127431,0.00100100100100098,0,0.161000000000001
"V4-SENS-TWO-STAGE-HBB-CLUSTER-v1","V4-TARGET-EQUAL-CLUSTER-v1",0.137075283217962,0.119245350705482,0.0178299325124803,0.0945626763212609,0.191576974654226,0.143069825487743,0.0970142983329647,0.023813109567824,TRUE,199,199,0,"OK","P14-C018",44,50,999,0.3,"swmdk_like","weak","regular",5,29,0.00154000863127431,0.00100100100100098,0,0.161000000000001
"V4-CMP-ONE-STAGE-CLUSTER-BB-RESP-v1","V4-TARGET-RESPONDENT-WEIGHTED-v1",0.142030515028284,0.119245350705482,0.0227851643228023,0.114664065146692,0.171653455124292,0.143158760135492,0.0569893899775994,0.0134358466833884,TRUE,199,199,0,"OK","P14-C018",44,50,999,0.3,"swmdk_like","weak","regular",5,29,0.00154000863127431,0.00100100100100098,0,0.161000000000001
"V4-CMP-IID-RESP-BB-v1","WORKING-INDEPENDENCE-RESPONDENT",0.142030515028284,0.119245350705482,0.0227851643228023,0.115395999820364,0.167313235417551,0.141354617618957,0.0519172355971874,0.0129081261907476,TRUE,199,199,0,"OK","P14-C018",44,50,999,0.3,"swmdk_like","weak","regular",5,29,0.00154000863127431,0.00100100100100098,0,0.161000000000001
"V4-CMP-TWO-STAGE-FREQ-BOOT-RESP-v1","V4-TARGET-RESPONDENT-WEIGHTED-v1",0.142030515028284,0.119245350705482,0.0227851643228023,0.107315992262069,0.184857397251382,0.146086694756725,0.0775414049893131,0.0196081891958064,TRUE,199,199,0,"OK","P14-C018",44,50,999,0.3,"swmdk_like","weak","regular",5,29,0.00154000863127431,0.00100100100100098,0,0.161000000000001
"V4-CMP-MOKKEN-TWOLEVEL-DELTA-v1","V4-TARGET-RESPONDENT-WEIGHTED-v1",0.142030515028309,0.119245350705482,0.0227851643228272,0.111560629192803,0.172500400863815,0.142030515028309,0.0609397716710125,0.0155461457842332,TRUE,,,0,"OK","P14-C018",44,50,999,0.3,"swmdk_like","weak","regular",5,29,0.00154000863127431,0.00100100100100098,0,0.161000000000001
"V4-PRI-TWO-STAGE-HBB-RESP-v1","V4-TARGET-RESPONDENT-WEIGHTED-v1",0.1227541355077,0.119245350705482,0.00350878480221806,0.0837548670115719,0.163208148329521,0.123481507670546,0.0794532813179488,0.0207581457214509,TRUE,199,199,0,"OK","P14-C018",45,50,976,0.3,"swmdk_like","weak","regular",5,29,-0.192530883996571,0.00409836065573765,0,0.162999999999997
"V4-SENS-TWO-STAGE-HBB-CLUSTER-v1","V4-TARGET-EQUAL-CLUSTER-v1",0.134421033316238,0.119245350705482,0.0151756826107563,0.0782388596525483,0.1905477784195,0.134393319036024,0.112308918766952,0.0277602905394232,TRUE,199,199,0,"OK","P14-C018",45,50,976,0.3,"swmdk_like","weak","regular",5,29,-0.192530883996571,0.00409836065573765,0,0.162999999999997
"V4-CMP-ONE-STAGE-CLUSTER-BB-RESP-v1","V4-TARGET-RESPONDENT-WEIGHTED-v1",0.1227541355077,0.119245350705482,0.00350878480221806,0.0940484764311527,0.15294594539289,0.123497210912021,0.0588974689617368,0.0144479813800014,TRUE,199,199,0,"OK","P14-C018",45,50,976,0.3,"swmdk_like","weak","regular",5,29,-0.192530883996571,0.00409836065573765,0,0.162999999999997
"V4-CMP-IID-RESP-BB-v1","WORKING-INDEPENDENCE-RESPONDENT",0.1227541355077,0.119245350705482,0.00350878480221806,0.101458159557028,0.15069001023439,0.126074084895709,0.049231850677362,0.0130128020072981,TRUE,199,199,0,"OK","P14-C018",45,50,976,0.3,"swmdk_like","weak","regular",5,29,-0.192530883996571,0.00409836065573765,0,0.162999999999997
"V4-CMP-TWO-STAGE-FREQ-BOOT-RESP-v1","V4-TARGET-RESPONDENT-WEIGHTED-v1",0.1227541355077,0.119245350705482,0.00350878480221806,0.0836206477756779,0.159468842377853,0.121544745076766,0.0758481946021753,0.0188063825226515,TRUE,199,199,0,"OK","P14-C018",45,50,976,0.3,"swmdk_like","weak","regular",5,29,-0.192530883996571,0.00409836065573765,0,0.162999999999997
"V4-CMP-MOKKEN-TWOLEVEL-DELTA-v1","V4-TARGET-RESPONDENT-WEIGHTED-v1",0.122754135507701,0.119245350705482,0.00350878480221893,0.0884532141449747,0.157055056870427,0.122754135507701,0.0686018427254521,0.0175007916641772,TRUE,,,0,"OK","P14-C018",45,50,976,0.3,"swmdk_like","weak","regular",5,29,-0.192530883996571,0.00409836065573765,0,0.162999999999997
"V4-PRI-TWO-STAGE-HBB-RESP-v1","V4-TARGET-RESPONDENT-WEIGHTED-v1",0.11767086687282,0.119245350705482,-0.00157448383266162,0.0795838179759796,0.166526221825318,0.123055019900649,0.0869424038493382,0.0229371614760666,TRUE,199,199,0,"OK","P14-C018",46,50,1086,0.3,"swmdk_like","weak","regular",5,29,0.265595913321399,0.000920810313075504,0,0.174999999999997
"V4-SENS-TWO-STAGE-HBB-CLUSTER-v1","V4-TARGET-EQUAL-CLUSTER-v1",0.124098530161365,0.119245350705482,0.00485317945588301,0.0754507267715961,0.165781542659132,0.120616134715364,0.090330815887536,0.0252383243995105,TRUE,199,199,0,"OK","P14-C018",46,50,1086,0.3,"swmdk_like","weak","regular",5,29,0.265595913321399,0.000920810313075504,0,0.174999999999997
"V4-CMP-ONE-STAGE-CLUSTER-BB-RESP-v1","V4-TARGET-RESPONDENT-WEIGHTED-v1",0.11767086687282,0.119245350705482,-0.00157448383266162,0.092305133545115,0.146098432352133,0.119201782948624,0.0537932988070178,0.0137834366175024,TRUE,199,199,0,"OK","P14-C018",46,50,1086,0.3,"swmdk_like","weak","regular",5,29,0.265595913321399,0.000920810313075504,0,0.174999999999997
"V4-CMP-IID-RESP-BB-v1","WORKING-INDEPENDENCE-RESPONDENT",0.11767086687282,0.119245350705482,-0.00157448383266162,0.0894269350654464,0.149031451802134,0.11922919343379,0.059604516736688,0.0141288519880567,TRUE,199,199,0,"OK","P14-C018",46,50,1086,0.3,"swmdk_like","weak","regular",5,29,0.265595913321399,0.000920810313075504,0,0.174999999999997
"V4-CMP-TWO-STAGE-FREQ-BOOT-RESP-v1","V4-TARGET-RESPONDENT-WEIGHTED-v1",0.11767086687282,0.119245350705482,-0.00157448383266162,0.0824129111067981,0.156763791442743,0.11958835127477,0.0743508803359445,0.0200437131772741,TRUE,199,199,0,"OK","P14-C018",46,50,1086,0.3,"swmdk_like","weak","regular",5,29,0.265595913321399,0.000920810313075504,0,0.174999999999997
"V4-CMP-MOKKEN-TWOLEVEL-DELTA-v1","V4-TARGET-RESPONDENT-WEIGHTED-v1",0.117670866872802,0.119245350705482,-0.00157448383267934,0.083101908404061,0.152239825341544,0.117670866872802,0.069137916937483,0.0176375478026214,TRUE,,,0,"OK","P14-C018",46,50,1086,0.3,"swmdk_like","weak","regular",5,29,0.265595913321399,0.000920810313075504,0,0.174999999999997
"V4-PRI-TWO-STAGE-HBB-RESP-v1","V4-TARGET-RESPONDENT-WEIGHTED-v1",0.126336011270012,0.119245350705482,0.0070906605645301,0.0826785737936357,0.1706625879898,0.126670580891718,0.087984014196164,0.0225786703258648,TRUE,199,199,0,"OK","P14-C018",47,50,1025,0.3,"swmdk_like","weak","regular",5,29,-0.0273388260633089,0,1,0.156000000000006
"V4-SENS-TWO-STAGE-HBB-CLUSTER-v1","V4-TARGET-EQUAL-CLUSTER-v1",0.119114844417754,0.119245350705482,-0.00013050628772808,0.0766150099223885,0.167844980204612,0.1222299950635,0.0912299702822236,0.0234207627183621,TRUE,199,199,0,"OK","P14-C018",47,50,1025,0.3,"swmdk_like","weak","regular",5,29,-0.0273388260633089,0,1,0.156000000000006
"V4-CMP-ONE-STAGE-CLUSTER-BB-RESP-v1","V4-TARGET-RESPONDENT-WEIGHTED-v1",0.126336011270012,0.119245350705482,0.0070906605645301,0.101181934397365,0.147391320841034,0.1242866276192,0.0462093864436693,0.0111896992978276,TRUE,199,199,0,"OK","P14-C018",47,50,1025,0.3,"swmdk_like","weak","regular",5,29,-0.0273388260633089,0,1,0.156000000000006
"V4-CMP-IID-RESP-BB-v1","WORKING-INDEPENDENCE-RESPONDENT",0.126336011270012,0.119245350705482,0.0070906605645301,0.104654650717066,0.156639206597054,0.13064692865706,0.0519845558799873,0.0131248351197886,TRUE,199,199,0,"OK","P14-C018",47,50,1025,0.3,"swmdk_like","weak","regular",5,29,-0.0273388260633089,0,1,0.156000000000006
"V4-CMP-TWO-STAGE-FREQ-BOOT-RESP-v1","V4-TARGET-RESPONDENT-WEIGHTED-v1",0.126336011270012,0.119245350705482,0.0070906605645301,0.0942719808813376,0.158226410716357,0.126249195798847,0.0639544298350196,0.0166860816148733,TRUE,199,199,0,"OK","P14-C018",47,50,1025,0.3,"swmdk_like","weak","regular",5,29,-0.0273388260633089,0,1,0.156000000000006
"V4-CMP-MOKKEN-TWOLEVEL-DELTA-v1","V4-TARGET-RESPONDENT-WEIGHTED-v1",0.126336011270013,0.119245350705482,0.00709066056453155,0.0957891440788452,0.156882878461182,0.126336011270013,0.0610937343823364,0.0155854227078242,TRUE,,,0,"OK","P14-C018",47,50,1025,0.3,"swmdk_like","weak","regular",5,29,-0.0273388260633089,0,1,0.156000000000006
"V4-PRI-TWO-STAGE-HBB-RESP-v1","V4-TARGET-RESPONDENT-WEIGHTED-v1",0.110743436273105,0.119245350705482,-0.00850191443237713,0.0734561055914407,0.146621703333305,0.110038904462373,0.0731655977418638,0.0188733463011226,TRUE,199,199,0,"OK","P14-C018",48,50,1131,0.3,"swmdk_like","weak","regular",5,29,0.0695137600198483,0.00618921308576492,0,0.164999999999992
"V4-SENS-TWO-STAGE-HBB-CLUSTER-v1","V4-TARGET-EQUAL-CLUSTER-v1",0.106192488330791,0.119245350705482,-0.0130528623746905,0.0639292760782365,0.153124604111093,0.108526940094665,0.0891953280328561,0.021722903680335,TRUE,199,199,0,"OK","P14-C018",48,50,1131,0.3,"swmdk_like","weak","regular",5,29,0.0695137600198483,0.00618921308576492,0,0.164999999999992
"V4-CMP-ONE-STAGE-CLUSTER-BB-RESP-v1","V4-TARGET-RESPONDENT-WEIGHTED-v1",0.110743436273105,0.119245350705482,-0.00850191443237713,0.0877583015805827,0.133287697271018,0.1105229994258,0.0455293956904352,0.0122909733679712,TRUE,199,199,0,"OK","P14-C018",48,50,1131,0.3,"swmdk_like","weak","regular",5,29,0.0695137600198483,0.00618921308576492,0,0.164999999999992
"V4-CMP-IID-RESP-BB-v1","WORKING-INDEPENDENCE-RESPONDENT",0.110743436273105,0.119245350705482,-0.00850191443237713,0.0884382317039887,0.14087206450699,0.114655148105489,0.0524338328030014,0.0126916027260818,TRUE,199,199,0,"OK","P14-C018",48,50,1131,0.3,"swmdk_like","weak","regular",5,29,0.0695137600198483,0.00618921308576492,0,0.164999999999992
"V4-CMP-TWO-STAGE-FREQ-BOOT-RESP-v1","V4-TARGET-RESPONDENT-WEIGHTED-v1",0.110743436273105,0.119245350705482,-0.00850191443237713,0.0763284011245795,0.144652946626651,0.110490673875615,0.0683245455020714,0.0167144695687565,TRUE,199,199,0,"OK","P14-C018",48,50,1131,0.3,"swmdk_like","weak","regular",5,29,0.0695137600198483,0.00618921308576492,0,0.164999999999992
"V4-CMP-MOKKEN-TWOLEVEL-DELTA-v1","V4-TARGET-RESPONDENT-WEIGHTED-v1",0.110743436273111,0.119245350705482,-0.00850191443237093,0.0802370047440892,0.141249867802133,0.110743436273111,0.0610128630580434,0.0155647918888574,TRUE,,,0,"OK","P14-C018",48,50,1131,0.3,"swmdk_like","weak","regular",5,29,0.0695137600198483,0.00618921308576492,0,0.164999999999992
"V4-PRI-TWO-STAGE-HBB-RESP-v1","V4-TARGET-RESPONDENT-WEIGHTED-v1",0.0952299568396657,0.119245350705482,-0.0240153938658161,0.0584618710775213,0.136116772759112,0.0972893219183167,0.0776549016815907,0.0203451612917365,TRUE,199,199,0,"OK","P14-C018",49,50,1110,0.3,"swmdk_like","weak","regular",5,29,0.0746034217447248,0.00180180180180178,0,0.161000000000001
"V4-SENS-TWO-STAGE-HBB-CLUSTER-v1","V4-TARGET-EQUAL-CLUSTER-v1",0.101361433386652,0.119245350705482,-0.0178839173188299,0.066738665044786,0.144271193227263,0.105504929136024,0.0775325281824765,0.0195628380238448,TRUE,199,199,0,"OK","P14-C018",49,50,1110,0.3,"swmdk_like","weak","regular",5,29,0.0746034217447248,0.00180180180180178,0,0.161000000000001
"V4-CMP-ONE-STAGE-CLUSTER-BB-RESP-v1","V4-TARGET-RESPONDENT-WEIGHTED-v1",0.0952299568396657,0.119245350705482,-0.0240153938658161,0.0701023893810675,0.117971956652275,0.0940371730166711,0.0478695672712071,0.0122915770388938,FALSE,199,199,0,"OK","P14-C018",49,50,1110,0.3,"swmdk_like","weak","regular",5,29,0.0746034217447248,0.00180180180180178,0,0.161000000000001
"V4-CMP-IID-RESP-BB-v1","WORKING-INDEPENDENCE-RESPONDENT",0.0952299568396657,0.119245350705482,-0.0240153938658161,0.0729555126130365,0.118945869727169,0.0959506911701026,0.0459903571141322,0.0115981007252417,FALSE,199,199,0,"OK","P14-C018",49,50,1110,0.3,"swmdk_like","weak","regular",5,29,0.0746034217447248,0.00180180180180178,0,0.161000000000001
"V4-CMP-TWO-STAGE-FREQ-BOOT-RESP-v1","V4-TARGET-RESPONDENT-WEIGHTED-v1",0.0952299568396657,0.119245350705482,-0.0240153938658161,0.0628744323088653,0.129676468194846,0.0962754502518556,0.0668020358859805,0.0177904544806711,TRUE,199,199,0,"OK","P14-C018",49,50,1110,0.3,"swmdk_like","weak","regular",5,29,0.0746034217447248,0.00180180180180178,0,0.161000000000001
"V4-CMP-MOKKEN-TWOLEVEL-DELTA-v1","V4-TARGET-RESPONDENT-WEIGHTED-v1",0.0952299568396575,0.119245350705482,-0.0240153938658243,0.0660243516905206,0.124435561988794,0.0952299568396575,0.0584112102982738,0.0149010927647176,TRUE,,,0,"OK","P14-C018",49,50,1110,0.3,"swmdk_like","weak","regular",5,29,0.0746034217447248,0.00180180180180178,0,0.161000000000001
"V4-PRI-TWO-STAGE-HBB-RESP-v1","V4-TARGET-RESPONDENT-WEIGHTED-v1",0.128543619049711,0.119245350705482,0.00929826834422905,0.0896688364928154,0.166419686564971,0.128044261528893,0.0767508500721555,0.0207918725284441,TRUE,199,199,0,"OK","P14-C018",50,50,1092,0.3,"swmdk_like","weak","regular",5,29,0.0503012348303724,0.00274725274725274,0,0.157000000000011
"V4-SENS-TWO-STAGE-HBB-CLUSTER-v1","V4-TARGET-EQUAL-CLUSTER-v1",0.117791167151373,0.119245350705482,-0.00145418355410873,0.0782315050392159,0.163697237520854,0.120964371280035,0.0854657324816379,0.0227209617968911,TRUE,199,199,0,"OK","P14-C018",50,50,1092,0.3,"swmdk_like","weak","regular",5,29,0.0503012348303724,0.00274725274725274,0,0.157000000000011
"V4-CMP-ONE-STAGE-CLUSTER-BB-RESP-v1","V4-TARGET-RESPONDENT-WEIGHTED-v1",0.128543619049711,0.119245350705482,0.00929826834422905,0.0987964603540172,0.156361238018031,0.127578849186024,0.0575647776640138,0.0137838085028025,TRUE,199,199,0,"OK","P14-C018",50,50,1092,0.3,"swmdk_like","weak","regular",5,29,0.0503012348303724,0.00274725274725274,0,0.157000000000011
"V4-CMP-IID-RESP-BB-v1","WORKING-INDEPENDENCE-RESPONDENT",0.128543619049711,0.119245350705482,0.00929826834422905,0.106671032892624,0.154879950349062,0.130775491620843,0.0482089174564377,0.0124388449173122,TRUE,199,199,0,"OK","P14-C018",50,50,1092,0.3,"swmdk_like","weak","regular",5,29,0.0503012348303724,0.00274725274725274,0,0.157000000000011
"V4-CMP-TWO-STAGE-FREQ-BOOT-RESP-v1","V4-TARGET-RESPONDENT-WEIGHTED-v1",0.128543619049711,0.119245350705482,0.00929826834422905,0.0837297890778355,0.163520627017725,0.12362520804778,0.0797908379398892,0.0184172056449793,TRUE,199,199,0,"OK","P14-C018",50,50,1092,0.3,"swmdk_like","weak","regular",5,29,0.0503012348303724,0.00274725274725274,0,0.157000000000011
"V4-CMP-MOKKEN-TWOLEVEL-DELTA-v1","V4-TARGET-RESPONDENT-WEIGHTED-v1",0.128543619049708,0.119245350705482,0.00929826834422574,0.0970144017785808,0.160072836320834,0.128543619049708,0.0630584345422536,0.0160866309380301,TRUE,,,0,"OK","P14-C018",50,50,1092,0.3,"swmdk_like","weak","regular",5,29,0.0503012348303724,0.00274725274725274,0,0.157000000000011
"V4-PRI-TWO-STAGE-HBB-RESP-v1","V4-TARGET-RESPONDENT-WEIGHTED-v1",0.140891738406724,0.119245350705482,0.0216463877012424,0.0978795035548575,0.179895250410837,0.138887376982847,0.0820157468559797,0.0215520041767921,TRUE,199,199,0,"OK","P14-C018",51,50,1142,0.3,"swmdk_like","weak","regular",5,29,0.241914769940576,0.00437828371278426,0,0.179999999999993
"V4-SENS-TWO-STAGE-HBB-CLUSTER-v1","V4-TARGET-EQUAL-CLUSTER-v1",0.136281890376354,0.119245350705482,0.017036539670872,0.0996247044861293,0.182820149314724,0.141222426900427,0.0831954448285952,0.0202959737243046,TRUE,199,199,0,"OK","P14-C018",51,50,1142,0.3,"swmdk_like","weak","regular",5,29,0.241914769940576,0.00437828371278426,0,0.179999999999993
"V4-CMP-ONE-STAGE-CLUSTER-BB-RESP-v1","V4-TARGET-RESPONDENT-WEIGHTED-v1",0.140891738406724,0.119245350705482,0.0216463877012424,0.116656569623574,0.160984184578178,0.138820377100876,0.0443276149546041,0.0106011703646201,TRUE,199,199,0,"OK","P14-C018",51,50,1142,0.3,"swmdk_like","weak","regular",5,29,0.241914769940576,0.00437828371278426,0,0.179999999999993
"V4-CMP-IID-RESP-BB-v1","WORKING-INDEPENDENCE-RESPONDENT",0.140891738406724,0.119245350705482,0.0216463877012424,0.118207896880428,0.163856914140426,0.141032405510427,0.0456490172599979,0.0124390512606271,TRUE,199,199,0,"OK","P14-C018",51,50,1142,0.3,"swmdk_like","weak","regular",5,29,0.241914769940576,0.00437828371278426,0,0.179999999999993
"V4-CMP-TWO-STAGE-FREQ-BOOT-RESP-v1","V4-TARGET-RESPONDENT-WEIGHTED-v1",0.140891738406724,0.119245350705482,0.0216463877012424,0.112281096751763,0.180725304730432,0.146503200741097,0.0684442079786684,0.0173199774688288,TRUE,199,199,0,"OK","P14-C018",51,50,1142,0.3,"swmdk_like","weak","regular",5,29,0.241914769940576,0.00437828371278426,0,0.179999999999993
"V4-CMP-MOKKEN-TWOLEVEL-DELTA-v1","V4-TARGET-RESPONDENT-WEIGHTED-v1",0.140891738406702,0.119245350705482,0.0216463877012199,0.112259972186695,0.169523504626708,0.140891738406702,0.0572635324400131,0.0146083124209681,TRUE,,,0,"OK","P14-C018",51,50,1142,0.3,"swmdk_like","weak","regular",5,29,0.241914769940576,0.00437828371278426,0,0.179999999999993
"V4-PRI-TWO-STAGE-HBB-RESP-v1","V4-TARGET-RESPONDENT-WEIGHTED-v1",0.129821738259826,0.119245350705482,0.0105763875543441,0.0897059971978336,0.179322148483222,0.134514072840528,0.0896161512853883,0.022629517047372,TRUE,199,199,0,"OK","P14-C018",52,50,917,0.3,"swmdk_like","weak","regular",5,29,-0.0455622627750772,0.00109051254089421,0,0.143000000000001
"V4-SENS-TWO-STAGE-HBB-CLUSTER-v1","V4-TARGET-EQUAL-CLUSTER-v1",0.135245975771466,0.119245350705482,0.0160006250659845,0.0777534967265941,0.195231623279267,0.13649256000293,0.117478126552672,0.029737541846431,TRUE,199,199,0,"OK","P14-C018",52,50,917,0.3,"swmdk_like","weak","regular",5,29,-0.0455622627750772,0.00109051254089421,0,0.143000000000001
"V4-CMP-ONE-STAGE-CLUSTER-BB-RESP-v1","V4-TARGET-RESPONDENT-WEIGHTED-v1",0.129821738259826,0.119245350705482,0.0105763875543441,0.101229582993784,0.163763920275188,0.132496751634486,0.0625343372814046,0.0148801721921112,TRUE,199,199,0,"OK","P14-C018",52,50,917,0.3,"swmdk_like","weak","regular",5,29,-0.0455622627750772,0.00109051254089421,0,0.143000000000001
"V4-CMP-IID-RESP-BB-v1","WORKING-INDEPENDENCE-RESPONDENT",0.129821738259826,0.119245350705482,0.0105763875543441,0.105641746946779,0.158031023460533,0.131836385203656,0.0523892765137539,0.0137107199204904,TRUE,199,199,0,"OK","P14-C018",52,50,917,0.3,"swmdk_like","weak","regular",5,29,-0.0455622627750772,0.00109051254089421,0,0.143000000000001
"V4-CMP-TWO-STAGE-FREQ-BOOT-RESP-v1","V4-TARGET-RESPONDENT-WEIGHTED-v1",0.129821738259826,0.119245350705482,0.0105763875543441,0.0913930346620404,0.164101709325666,0.127747371993853,0.0727086746636251,0.018793740506733,TRUE,199,199,0,"OK","P14-C018",52,50,917,0.3,"swmdk_like","weak","regular",5,29,-0.0455622627750772,0.00109051254089421,0,0.143000000000001
"V4-CMP-MOKKEN-TWOLEVEL-DELTA-v1","V4-TARGET-RESPONDENT-WEIGHTED-v1",0.129821738259816,0.119245350705482,0.0105763875543346,0.096668381370568,0.162975095149065,0.129821738259816,0.0663067137784968,0.0169152888271202,TRUE,,,0,"OK","P14-C018",52,50,917,0.3,"swmdk_like","weak","regular",5,29,-0.0455622627750772,0.00109051254089421,0,0.143000000000001
"V4-PRI-TWO-STAGE-HBB-RESP-v1","V4-TARGET-RESPONDENT-WEIGHTED-v1",0.13888953222692,0.119245350705482,0.0196441815214379,0.0967999773196726,0.192219982942618,0.144509980131145,0.0954200056229452,0.0236087085894863,TRUE,199,199,0,"OK","P14-C018",53,50,1042,0.3,"swmdk_like","weak","regular",5,29,0.0258144062029268,0.000959692898272524,0,0.156000000000006
"V4-SENS-TWO-STAGE-HBB-CLUSTER-v1","V4-TARGET-EQUAL-CLUSTER-v1",0.136999602040645,0.119245350705482,0.0177542513351635,0.0891435858349684,0.183048717394844,0.136096151614906,0.0939051315598752,0.0252768694461363,TRUE,199,199,0,"OK","P14-C018",53,50,1042,0.3,"swmdk_like","weak","regular",5,29,0.0258144062029268,0.000959692898272524,0,0.156000000000006
"V4-CMP-ONE-STAGE-CLUSTER-BB-RESP-v1","V4-TARGET-RESPONDENT-WEIGHTED-v1",0.13888953222692,0.119245350705482,0.0196441815214379,0.112384024167471,0.165891128028435,0.139137576097953,0.0535071038609631,0.013567767438658,TRUE,199,199,0,"OK","P14-C018",53,50,1042,0.3,"swmdk_like","weak","regular",5,29,0.0258144062029268,0.000959692898272524,0,0.156000000000006
"V4-CMP-IID-RESP-BB-v1","WORKING-INDEPENDENCE-RESPONDENT",0.13888953222692,0.119245350705482,0.0196441815214379,0.118947483474585,0.164313892774054,0.14163068812432,0.045366409299469,0.0119520735403346,TRUE,199,199,0,"OK","P14-C018",53,50,1042,0.3,"swmdk_like","weak","regular",5,29,0.0258144062029268,0.000959692898272524,0,0.156000000000006
"V4-CMP-TWO-STAGE-FREQ-BOOT-RESP-v1","V4-TARGET-RESPONDENT-WEIGHTED-v1",0.13888953222692,0.119245350705482,0.0196441815214379,0.0996289055438525,0.173907577892193,0.136768241718023,0.0742786723483402,0.0194973532917019,TRUE,199,199,0,"OK","P14-C018",53,50,1042,0.3,"swmdk_like","weak","regular",5,29,0.0258144062029268,0.000959692898272524,0,0.156000000000006
"V4-CMP-MOKKEN-TWOLEVEL-DELTA-v1","V4-TARGET-RESPONDENT-WEIGHTED-v1",0.138889532226893,0.119245350705482,0.0196441815214113,0.105503517768427,0.17227554668536,0.138889532226893,0.0667720289169329,0.0170339938497907,TRUE,,,0,"OK","P14-C018",53,50,1042,0.3,"swmdk_like","weak","regular",5,29,0.0258144062029268,0.000959692898272524,0,0.156000000000006
"V4-PRI-TWO-STAGE-HBB-RESP-v1","V4-TARGET-RESPONDENT-WEIGHTED-v1",0.116202136571041,0.119245350705482,-0.00304321413444071,0.0717856469097228,0.157953106552876,0.114869376731299,0.0861674596431531,0.0224616939692785,TRUE,199,199,0,"OK","P14-C018",54,50,1034,0.3,"swmdk_like","weak","regular",8,29,0.105753179352721,0,1,0.170000000000002
"V4-SENS-TWO-STAGE-HBB-CLUSTER-v1","V4-TARGET-EQUAL-CLUSTER-v1",0.120677448821705,0.119245350705482,0.00143209811622275,0.0722072087915782,0.168088152351781,0.12014768057168,0.095880943560203,0.0231323080351763,TRUE,199,199,0,"OK","P14-C018",54,50,1034,0.3,"swmdk_like","weak","regular",8,29,0.105753179352721,0,1,0.170000000000002
"V4-CMP-ONE-STAGE-CLUSTER-BB-RESP-v1","V4-TARGET-RESPONDENT-WEIGHTED-v1",0.116202136571041,0.119245350705482,-0.00304321413444071,0.0905711877795071,0.143371798321881,0.116971493050694,0.0528006105423736,0.0135126529006923,TRUE,199,199,0,"OK","P14-C018",54,50,1034,0.3,"swmdk_like","weak","regular",8,29,0.105753179352721,0,1,0.170000000000002
"V4-CMP-IID-RESP-BB-v1","WORKING-INDEPENDENCE-RESPONDENT",0.116202136571041,0.119245350705482,-0.00304321413444071,0.0906941017978465,0.140963708544621,0.115828905171234,0.0502696067467746,0.0130585546737276,TRUE,199,199,0,"OK","P14-C018",54,50,1034,0.3,"swmdk_like","weak","regular",8,29,0.105753179352721,0,1,0.170000000000002
"V4-CMP-TWO-STAGE-FREQ-BOOT-RESP-v1","V4-TARGET-RESPONDENT-WEIGHTED-v1",0.116202136571041,0.119245350705482,-0.00304321413444071,0.0747024051255837,0.149030102462988,0.111866253794286,0.0743276973374039,0.0188584834353715,TRUE,199,199,0,"OK","P14-C018",54,50,1034,0.3,"swmdk_like","weak","regular",8,29,0.105753179352721,0,1,0.170000000000002
"V4-CMP-MOKKEN-TWOLEVEL-DELTA-v1","V4-TARGET-RESPONDENT-WEIGHTED-v1",0.11620213657106,0.119245350705482,-0.00304321413442178,0.0822252176551997,0.15017905548692,0.11620213657106,0.0679538378317208,0.0173354812557098,TRUE,,,0,"OK","P14-C018",54,50,1034,0.3,"swmdk_like","weak","regular",8,29,0.105753179352721,0,1,0.170000000000002
"V4-PRI-TWO-STAGE-HBB-RESP-v1","V4-TARGET-RESPONDENT-WEIGHTED-v1",0.121927452291042,0.119245350705482,0.00268210158555969,0.0788943233968049,0.162987730456169,0.120941026926487,0.084093407059364,0.0212952255071277,TRUE,199,199,0,"OK","P14-C018",55,50,1072,0.3,"swmdk_like","weak","regular",5,29,-0.0676052498259567,0.00279850746268662,0,0.168999999999997
"V4-SENS-TWO-STAGE-HBB-CLUSTER-v1","V4-TARGET-EQUAL-CLUSTER-v1",0.114736696356153,0.119245350705482,-0.00450865434932891,0.0651114518302405,0.154106077567691,0.109608764698966,0.0889946257374502,0.0221280080159982,TRUE,199,199,0,"OK","P14-C018",55,50,1072,0.3,"swmdk_like","weak","regular",5,29,-0.0676052498259567,0.00279850746268662,0,0.168999999999997
"V4-CMP-ONE-STAGE-CLUSTER-BB-RESP-v1","V4-TARGET-RESPONDENT-WEIGHTED-v1",0.121927452291042,0.119245350705482,0.00268210158555969,0.0956233877775107,0.147577304687862,0.121600346232686,0.0519539169103513,0.0129506259392641,TRUE,199,199,0,"OK","P14-C018",55,50,1072,0.3,"swmdk_like","weak","regular",5,29,-0.0676052498259567,0.00279850746268662,0,0.168999999999997
"V4-CMP-IID-RESP-BB-v1","WORKING-INDEPENDENCE-RESPONDENT",0.121927452291042,0.119245350705482,0.00268210158555969,0.0959054381847158,0.144847299520622,0.120376368852669,0.0489418613359064,0.0126743741175674,TRUE,199,199,0,"OK","P14-C018",55,50,1072,0.3,"swmdk_like","weak","regular",5,29,-0.0676052498259567,0.00279850746268662,0,0.168999999999997
"V4-CMP-TWO-STAGE-FREQ-BOOT-RESP-v1","V4-TARGET-RESPONDENT-WEIGHTED-v1",0.121927452291042,0.119245350705482,0.00268210158555969,0.0900777886145678,0.154178252982279,0.122128020798424,0.0641004643677114,0.0163279154506261,TRUE,199,199,0,"OK","P14-C018",55,50,1072,0.3,"swmdk_like","weak","regular",5,29,-0.0676052498259567,0.00279850746268662,0,0.168999999999997
"V4-CMP-MOKKEN-TWOLEVEL-DELTA-v1","V4-TARGET-RESPONDENT-WEIGHTED-v1",0.121927452291051,0.119245350705482,0.00268210158556879,0.0897800230471282,0.154074881534973,0.121927452291051,0.0642948584878449,0.0164020510057824,TRUE,,,0,"OK","P14-C018",55,50,1072,0.3,"swmdk_like","weak","regular",5,29,-0.0676052498259567,0.00279850746268662,0,0.168999999999997
"V4-PRI-TWO-STAGE-HBB-RESP-v1","V4-TARGET-RESPONDENT-WEIGHTED-v1",0.113814576030012,0.119245350705482,-0.00543077467546967,0.0699861274606961,0.164637767752095,0.117311947606396,0.0946516402913989,0.0236845356228325,TRUE,199,199,0,"OK","P14-C018",56,50,1080,0.3,"swmdk_like","weak","regular",5,29,0.0684577350237348,0.00462962962962998,0,0.156999999999996
"V4-SENS-TWO-STAGE-HBB-CLUSTER-v1","V4-TARGET-EQUAL-CLUSTER-v1",0.109872294045498,0.119245350705482,-0.00937305665998366,0.0660805440558846,0.156395719370805,0.111238131713345,0.0903151753149207,0.0233050204647847,TRUE,199,199,0,"OK","P14-C018",56,50,1080,0.3,"swmdk_like","weak","regular",5,29,0.0684577350237348,0.00462962962962998,0,0.156999999999996
"V4-CMP-ONE-STAGE-CLUSTER-BB-RESP-v1","V4-TARGET-RESPONDENT-WEIGHTED-v1",0.113814576030012,0.119245350705482,-0.00543077467546967,0.0884493747998127,0.138473950447484,0.113461662623648,0.0500245756476709,0.0141200238108341,TRUE,199,199,0,"OK","P14-C018",56,50,1080,0.3,"swmdk_like","weak","regular",5,29,0.0684577350237348,0.00462962962962998,0,0.156999999999996
"V4-CMP-IID-RESP-BB-v1","WORKING-INDEPENDENCE-RESPONDENT",0.113814576030012,0.119245350705482,-0.00543077467546967,0.0896521974729999,0.139409276246928,0.114530736859964,0.0497570787739284,0.0131274531340887,TRUE,199,199,0,"OK","P14-C018",56,50,1080,0.3,"swmdk_like","weak","regular",5,29,0.0684577350237348,0.00462962962962998,0,0.156999999999996
"V4-CMP-TWO-STAGE-FREQ-BOOT-RESP-v1","V4-TARGET-RESPONDENT-WEIGHTED-v1",0.113814576030012,0.119245350705482,-0.00543077467546967,0.0789727069768056,0.152559136933284,0.115765921955045,0.0735864299564787,0.019333602880463,TRUE,199,199,0,"OK","P14-C018",56,50,1080,0.3,"swmdk_like","weak","regular",5,29,0.0684577350237348,0.00462962962962998,0,0.156999999999996
"V4-CMP-MOKKEN-TWOLEVEL-DELTA-v1","V4-TARGET-RESPONDENT-WEIGHTED-v1",0.113814576030047,0.119245350705482,-0.00543077467543442,0.0820469848386023,0.145582167221493,0.113814576030047,0.0635351823828902,0.0162082525199564,TRUE,,,0,"OK","P14-C018",56,50,1080,0.3,"swmdk_like","weak","regular",5,29,0.0684577350237348,0.00462962962962998,0,0.156999999999996
"V4-PRI-TWO-STAGE-HBB-RESP-v1","V4-TARGET-RESPONDENT-WEIGHTED-v1",0.117010022188768,0.119245350705482,-0.00223532851671432,0.0782046485877522,0.17015843202622,0.124181540306986,0.0919537834384681,0.0218380403118998,TRUE,199,199,0,"OK","P14-C018",57,50,1079,0.3,"swmdk_like","weak","regular",5,29,-0.114331754085656,0,1,0.171000000000006
"V4-SENS-TWO-STAGE-HBB-CLUSTER-v1","V4-TARGET-EQUAL-CLUSTER-v1",0.125664392383439,0.119245350705482,0.00641904167795758,0.0864967307431303,0.180803649969809,0.13365019035647,0.0943069192266788,0.0239040347520761,TRUE,199,199,0,"OK","P14-C018",57,50,1079,0.3,"swmdk_like","weak","regular",5,29,-0.114331754085656,0,1,0.171000000000006
"V4-CMP-ONE-STAGE-CLUSTER-BB-RESP-v1","V4-TARGET-RESPONDENT-WEIGHTED-v1",0.117010022188768,0.119245350705482,-0.00223532851671432,0.0859365540558085,0.145727811144209,0.115832182600009,0.0597912570884005,0.0146742947020045,TRUE,199,199,0,"OK","P14-C018",57,50,1079,0.3,"swmdk_like","weak","regular",5,29,-0.114331754085656,0,1,0.171000000000006
"V4-CMP-IID-RESP-BB-v1","WORKING-INDEPENDENCE-RESPONDENT",0.117010022188768,0.119245350705482,-0.00223532851671432,0.0901325329014791,0.145549587684031,0.117841060292755,0.055417054782552,0.0136317337872125,TRUE,199,199,0,"OK","P14-C018",57,50,1079,0.3,"swmdk_like","weak","regular",5,29,-0.114331754085656,0,1,0.171000000000006
"V4-CMP-TWO-STAGE-FREQ-BOOT-RESP-v1","V4-TARGET-RESPONDENT-WEIGHTED-v1",0.117010022188768,0.119245350705482,-0.00223532851671432,0.0818384282685296,0.148985283065762,0.115411855667146,0.067146854797232,0.0183878713088619,TRUE,199,199,0,"OK","P14-C018",57,50,1079,0.3,"swmdk_like","weak","regular",5,29,-0.114331754085656,0,1,0.171000000000006
"V4-CMP-MOKKEN-TWOLEVEL-DELTA-v1","V4-TARGET-RESPONDENT-WEIGHTED-v1",0.117010022188742,0.119245350705482,-0.00223532851673948,0.0824675194454385,0.151552524932046,0.117010022188742,0.0690850054866077,0.0176240497354904,TRUE,,,0,"OK","P14-C018",57,50,1079,0.3,"swmdk_like","weak","regular",5,29,-0.114331754085656,0,1,0.171000000000006
"V4-PRI-TWO-STAGE-HBB-RESP-v1","V4-TARGET-RESPONDENT-WEIGHTED-v1",0.120073120781452,0.119245350705482,0.000827770075969778,0.0777560567867651,0.167542432760999,0.122649244773882,0.0897863759742339,0.0234787390815715,TRUE,199,199,0,"OK","P14-C018",58,50,1045,0.3,"swmdk_like","weak","regular",5,29,0.0949545344634647,0.0019138755980862,0,0.164999999999992
"V4-SENS-TWO-STAGE-HBB-CLUSTER-v1","V4-TARGET-EQUAL-CLUSTER-v1",0.130328678564117,0.119245350705482,0.011083327858635,0.0791397858799275,0.180292187922522,0.129715986901225,0.101152402042594,0.0255807762667724,TRUE,199,199,0,"OK","P14-C018",58,50,1045,0.3,"swmdk_like","weak","regular",5,29,0.0949545344634647,0.0019138755980862,0,0.164999999999992
"V4-CMP-ONE-STAGE-CLUSTER-BB-RESP-v1","V4-TARGET-RESPONDENT-WEIGHTED-v1",0.120073120781452,0.119245350705482,0.000827770075969778,0.0895429929052401,0.152819349297859,0.121181171101549,0.0632763563926184,0.016408642364942,TRUE,199,199,0,"OK","P14-C018",58,50,1045,0.3,"swmdk_like","weak","regular",5,29,0.0949545344634647,0.0019138755980862,0,0.164999999999992
"V4-CMP-IID-RESP-BB-v1","WORKING-INDEPENDENCE-RESPONDENT",0.120073120781452,0.119245350705482,0.000827770075969778,0.0938877568770984,0.143155953877401,0.11852185537725,0.0492681970003026,0.0129618395018882,TRUE,199,199,0,"OK","P14-C018",58,50,1045,0.3,"swmdk_like","weak","regular",5,29,0.0949545344634647,0.0019138755980862,0,0.164999999999992
"V4-CMP-TWO-STAGE-FREQ-BOOT-RESP-v1","V4-TARGET-RESPONDENT-WEIGHTED-v1",0.120073120781452,0.119245350705482,0.000827770075969778,0.076121030632622,0.162666997024398,0.11939401382851,0.0865459663917765,0.0203477089647222,TRUE,199,199,0,"OK","P14-C018",58,50,1045,0.3,"swmdk_like","weak","regular",5,29,0.0949545344634647,0.0019138755980862,0,0.164999999999992
"V4-CMP-MOKKEN-TWOLEVEL-DELTA-v1","V4-TARGET-RESPONDENT-WEIGHTED-v1",0.120073120781477,0.119245350705482,0.000827770075995202,0.0854825737955128,0.154663667767441,0.120073120781477,0.0691810939719284,0.0176485625546235,TRUE,,,0,"OK","P14-C018",58,50,1045,0.3,"swmdk_like","weak","regular",5,29,0.0949545344634647,0.0019138755980862,0,0.164999999999992
"V4-PRI-TWO-STAGE-HBB-RESP-v1","V4-TARGET-RESPONDENT-WEIGHTED-v1",0.111484587018051,0.119245350705482,-0.00776076368743087,0.0719893055999877,0.157925973556369,0.114957639578178,0.0859366679563809,0.0207974024395559,TRUE,199,199,0,"OK","P14-C018",59,50,1083,0.3,"swmdk_like","weak","regular",5,29,-0.0601845947576749,0,1,0.171000000000006
"V4-SENS-TWO-STAGE-HBB-CLUSTER-v1","V4-TARGET-EQUAL-CLUSTER-v1",0.110003246248975,0.119245350705482,-0.00924210445650721,0.0654560967841144,0.155021132877552,0.110238614830833,0.0895650360934377,0.0220175306732617,TRUE,199,199,0,"OK","P14-C018",59,50,1083,0.3,"swmdk_like","weak","regular",5,29,-0.0601845947576749,0,1,0.171000000000006
"V4-CMP-ONE-STAGE-CLUSTER-BB-RESP-v1","V4-TARGET-RESPONDENT-WEIGHTED-v1",0.111484587018051,0.119245350705482,-0.00776076368743087,0.0872122279941767,0.134370952962714,0.110791590478445,0.0471587249685369,0.0124482494606798,TRUE,199,199,0,"OK","P14-C018",59,50,1083,0.3,"swmdk_like","weak","regular",5,29,-0.0601845947576749,0,1,0.171000000000006
"V4-CMP-IID-RESP-BB-v1","WORKING-INDEPENDENCE-RESPONDENT",0.111484587018051,0.119245350705482,-0.00776076368743087,0.0888186472285531,0.136817051757615,0.112817849493084,0.0479984045290614,0.0127200360948181,TRUE,199,199,0,"OK","P14-C018",59,50,1083,0.3,"swmdk_like","weak","regular",5,29,-0.0601845947576749,0,1,0.171000000000006
"V4-CMP-TWO-STAGE-FREQ-BOOT-RESP-v1","V4-TARGET-RESPONDENT-WEIGHTED-v1",0.111484587018051,0.119245350705482,-0.00776076368743087,0.0716461183630435,0.150808122842639,0.111227120602841,0.0791620044795957,0.0209494340661885,TRUE,199,199,0,"OK","P14-C018",59,50,1083,0.3,"swmdk_like","weak","regular",5,29,-0.0601845947576749,0,1,0.171000000000006
"V4-CMP-MOKKEN-TWOLEVEL-DELTA-v1","V4-TARGET-RESPONDENT-WEIGHTED-v1",0.111484587018044,0.119245350705482,-0.00776076368743762,0.0796432994175805,0.143325874618508,0.111484587018044,0.0636825752009275,0.0162458534195647,TRUE,,,0,"OK","P14-C018",59,50,1083,0.3,"swmdk_like","weak","regular",5,29,-0.0601845947576749,0,1,0.171000000000006
"V4-PRI-TWO-STAGE-HBB-RESP-v1","V4-TARGET-RESPONDENT-WEIGHTED-v1",0.137493124006995,0.119245350705482,0.0182477733015129,0.091644954333401,0.178373654675452,0.135009304504426,0.0867287003420508,0.0217299117696027,TRUE,199,199,0,"OK","P14-C018",60,50,1054,0.3,"swmdk_like","weak","regular",5,29,0.217093488767049,0.00094876660341553,0,0.158000000000001
"V4-SENS-TWO-STAGE-HBB-CLUSTER-v1","V4-TARGET-EQUAL-CLUSTER-v1",0.136878991247499,0.119245350705482,0.0176336405420171,0.0926062563496185,0.185284156744907,0.138945206547263,0.0926779003952883,0.0236885763019076,TRUE,199,199,0,"OK","P14-C018",60,50,1054,0.3,"swmdk_like","weak","regular",5,29,0.217093488767049,0.00094876660341553,0,0.158000000000001
"V4-CMP-ONE-STAGE-CLUSTER-BB-RESP-v1","V4-TARGET-RESPONDENT-WEIGHTED-v1",0.137493124006995,0.119245350705482,0.0182477733015129,0.108243128211956,0.164010461587741,0.136126794899848,0.0557673333757849,0.0138517342894069,TRUE,199,199,0,"OK","P14-C018",60,50,1054,0.3,"swmdk_like","weak","regular",5,29,0.217093488767049,0.00094876660341553,0,0.158000000000001
"V4-CMP-IID-RESP-BB-v1","WORKING-INDEPENDENCE-RESPONDENT",0.137493124006995,0.119245350705482,0.0182477733015129,0.11417172537141,0.164025292018223,0.139098508694817,0.049853566646813,0.0131458880517311,TRUE,199,199,0,"OK","P14-C018",60,50,1054,0.3,"swmdk_like","weak","regular",5,29,0.217093488767049,0.00094876660341553,0,0.158000000000001
"V4-CMP-TWO-STAGE-FREQ-BOOT-RESP-v1","V4-TARGET-RESPONDENT-WEIGHTED-v1",0.137493124006995,0.119245350705482,0.0182477733015129,0.0964065892840932,0.169637814800385,0.133022202042239,0.0732312255162917,0.0189805361781897,TRUE,199,199,0,"OK","P14-C018",60,50,1054,0.3,"swmdk_like","weak","regular",5,29,0.217093488767049,0.00094876660341553,0,0.158000000000001
"V4-CMP-MOKKEN-TWOLEVEL-DELTA-v1","V4-TARGET-RESPONDENT-WEIGHTED-v1",0.137493124006963,0.119245350705482,0.0182477733014815,0.104152491317401,0.170833756696525,0.137493124006963,0.066681265379124,0.0170108394605966,TRUE,,,0,"OK","P14-C018",60,50,1054,0.3,"swmdk_like","weak","regular",5,29,0.217093488767049,0.00094876660341553,0,0.158000000000001
