"method_id","target_id","point_estimate","truth","bias","lower","upper","center","interval_length","se_equivalent","cover","defined_draws","total_draws","invalid_fraction","status","cell_id","replication","G","N","latent_icc","size_mechanism","strength","regularity","minimum_cluster_size","maximum_cluster_size","size_effect_correlation","sample_minimum_internal_cdf_gap","sample_exact_knot_count","replication_elapsed_seconds"
"V4-PRI-TWO-STAGE-HBB-RESP-v1","V4-TARGET-RESPONDENT-WEIGHTED-v1",0.283012258856904,0.279737009112224,0.00327524974468002,0.229700946127323,0.334960132552428,0.282330539339876,0.105259186425105,0.0271433133965858,TRUE,199,199,0,"OK","P14-C015",1,50,1000,0.3,"balanced","medium","near_knot",20,20,0,0,3,0.158999999999992
"V4-SENS-TWO-STAGE-HBB-CLUSTER-v1","V4-TARGET-EQUAL-CLUSTER-v1",0.283012258856904,0.279737009112224,0.00327524974468002,0.224665481361833,0.331786608007311,0.278226044684572,0.107121126645478,0.0278001455415771,TRUE,199,199,0,"OK","P14-C015",1,50,1000,0.3,"balanced","medium","near_knot",20,20,0,0,3,0.158999999999992
"V4-CMP-ONE-STAGE-CLUSTER-BB-RESP-v1","V4-TARGET-RESPONDENT-WEIGHTED-v1",0.283012258856904,0.279737009112224,0.00327524974468002,0.244899891471056,0.322189527913233,0.283544709692145,0.0772896364421766,0.0187602942332527,TRUE,199,199,0,"OK","P14-C015",1,50,1000,0.3,"balanced","medium","near_knot",20,20,0,0,3,0.158999999999992
"V4-CMP-IID-RESP-BB-v1","WORKING-INDEPENDENCE-RESPONDENT",0.283012258856904,0.279737009112224,0.00327524974468002,0.249903645615142,0.311161179421101,0.280532412518121,0.0612575338059594,0.0150614016184878,TRUE,199,199,0,"OK","P14-C015",1,50,1000,0.3,"balanced","medium","near_knot",20,20,0,0,3,0.158999999999992
"V4-CMP-TWO-STAGE-FREQ-BOOT-RESP-v1","V4-TARGET-RESPONDENT-WEIGHTED-v1",0.283012258856904,0.279737009112224,0.00327524974468002,0.236390700061575,0.333514881840804,0.28495279095119,0.0971241817792289,0.0246174807817691,TRUE,199,199,0,"OK","P14-C015",1,50,1000,0.3,"balanced","medium","near_knot",20,20,0,0,3,0.158999999999992
"V4-CMP-MOKKEN-TWOLEVEL-DELTA-v1","V4-TARGET-RESPONDENT-WEIGHTED-v1",0.283012258856893,0.279737009112224,0.00327524974466886,0.236177875254076,0.32984664245971,0.283012258856893,0.0936687672056349,0.0238955327609288,TRUE,,,0,"OK","P14-C015",1,50,1000,0.3,"balanced","medium","near_knot",20,20,0,0,3,0.158999999999992
"V4-PRI-TWO-STAGE-HBB-RESP-v1","V4-TARGET-RESPONDENT-WEIGHTED-v1",0.272553187733214,0.279737009112224,-0.00718382137901041,0.223456397360066,0.335087966982626,0.279272182171346,0.111631569622559,0.0291589782450368,TRUE,199,199,0,"OK","P14-C015",2,50,1000,0.3,"balanced","medium","near_knot",20,20,0,0.002,0,0.165000000000006
"V4-SENS-TWO-STAGE-HBB-CLUSTER-v1","V4-TARGET-EQUAL-CLUSTER-v1",0.272553187733214,0.279737009112224,-0.00718382137901041,0.212361399196676,0.337876576540346,0.275118987868511,0.12551517734367,0.0294777873184521,TRUE,199,199,0,"OK","P14-C015",2,50,1000,0.3,"balanced","medium","near_knot",20,20,0,0.002,0,0.165000000000006
"V4-CMP-ONE-STAGE-CLUSTER-BB-RESP-v1","V4-TARGET-RESPONDENT-WEIGHTED-v1",0.272553187733214,0.279737009112224,-0.00718382137901041,0.237028537197125,0.315502176910208,0.276265357053667,0.0784736397130822,0.020381601399572,TRUE,199,199,0,"OK","P14-C015",2,50,1000,0.3,"balanced","medium","near_knot",20,20,0,0.002,0,0.165000000000006
"V4-CMP-IID-RESP-BB-v1","WORKING-INDEPENDENCE-RESPONDENT",0.272553187733214,0.279737009112224,-0.00718382137901041,0.241783343309612,0.304709423151911,0.273246383230761,0.0629260798422986,0.0160979780245277,TRUE,199,199,0,"OK","P14-C015",2,50,1000,0.3,"balanced","medium","near_knot",20,20,0,0.002,0,0.165000000000006
"V4-CMP-TWO-STAGE-FREQ-BOOT-RESP-v1","V4-TARGET-RESPONDENT-WEIGHTED-v1",0.272553187733214,0.279737009112224,-0.00718382137901041,0.222525748293298,0.327197175958987,0.274861462126143,0.104671427665689,0.0273600348181688,TRUE,199,199,0,"OK","P14-C015",2,50,1000,0.3,"balanced","medium","near_knot",20,20,0,0.002,0,0.165000000000006
"V4-CMP-MOKKEN-TWOLEVEL-DELTA-v1","V4-TARGET-RESPONDENT-WEIGHTED-v1",0.272553187733201,0.279737009112224,-0.00718382137902318,0.219334161543992,0.325772213922409,0.272553187733201,0.106438052378417,0.0271530633261598,TRUE,,,0,"OK","P14-C015",2,50,1000,0.3,"balanced","medium","near_knot",20,20,0,0.002,0,0.165000000000006
"V4-PRI-TWO-STAGE-HBB-RESP-v1","V4-TARGET-RESPONDENT-WEIGHTED-v1",0.269006122525648,0.279737009112224,-0.0107308865865759,0.221154727057029,0.328847266616204,0.275000996836617,0.107692539559175,0.0285585810832092,TRUE,199,199,0,"OK","P14-C015",3,50,1000,0.3,"balanced","medium","near_knot",20,20,0,0.003,0,0.149999999999991
"V4-SENS-TWO-STAGE-HBB-CLUSTER-v1","V4-TARGET-EQUAL-CLUSTER-v1",0.269006122525648,0.279737009112224,-0.0107308865865759,0.215300285928639,0.322737268655289,0.269018777291964,0.10743698272665,0.0282787619467914,TRUE,199,199,0,"OK","P14-C015",3,50,1000,0.3,"balanced","medium","near_knot",20,20,0,0.003,0,0.149999999999991
"V4-CMP-ONE-STAGE-CLUSTER-BB-RESP-v1","V4-TARGET-RESPONDENT-WEIGHTED-v1",0.269006122525648,0.279737009112224,-0.0107308865865759,0.222668009598559,0.312763527571427,0.267715768584993,0.0900955179728676,0.0214247428346871,TRUE,199,199,0,"OK","P14-C015",3,50,1000,0.3,"balanced","medium","near_knot",20,20,0,0.003,0,0.149999999999991
"V4-CMP-IID-RESP-BB-v1","WORKING-INDEPENDENCE-RESPONDENT",0.269006122525648,0.279737009112224,-0.0107308865865759,0.235354915798332,0.296103449977064,0.265729182887698,0.0607485341787313,0.0148274387567788,TRUE,199,199,0,"OK","P14-C015",3,50,1000,0.3,"balanced","medium","near_knot",20,20,0,0.003,0,0.149999999999991
"V4-CMP-TWO-STAGE-FREQ-BOOT-RESP-v1","V4-TARGET-RESPONDENT-WEIGHTED-v1",0.269006122525648,0.279737009112224,-0.0107308865865759,0.218962836813768,0.313777110860897,0.266369973837333,0.0948142740471299,0.024994726204631,TRUE,199,199,0,"OK","P14-C015",3,50,1000,0.3,"balanced","medium","near_knot",20,20,0,0.003,0,0.149999999999991
"V4-CMP-MOKKEN-TWOLEVEL-DELTA-v1","V4-TARGET-RESPONDENT-WEIGHTED-v1",0.269006122525635,0.279737009112224,-0.0107308865865886,0.217143695338844,0.320868549712427,0.269006122525635,0.103724854373582,0.0264609082594759,TRUE,,,0,"OK","P14-C015",3,50,1000,0.3,"balanced","medium","near_knot",20,20,0,0.003,0,0.149999999999991
"V4-PRI-TWO-STAGE-HBB-RESP-v1","V4-TARGET-RESPONDENT-WEIGHTED-v1",0.270432563443208,0.279737009112224,-0.00930444566901639,0.207516855028724,0.342949611950793,0.275233233489758,0.135432756922069,0.030597323936812,TRUE,199,199,0,"OK","P14-C015",4,50,1000,0.3,"balanced","medium","near_knot",20,20,0,0.002,0,0.153000000000006
"V4-SENS-TWO-STAGE-HBB-CLUSTER-v1","V4-TARGET-EQUAL-CLUSTER-v1",0.270432563443208,0.279737009112224,-0.00930444566901639,0.210814645701925,0.323397496480967,0.267106071091446,0.112582850779043,0.0308667715261188,TRUE,199,199,0,"OK","P14-C015",4,50,1000,0.3,"balanced","medium","near_knot",20,20,0,0.002,0,0.153000000000006
"V4-CMP-ONE-STAGE-CLUSTER-BB-RESP-v1","V4-TARGET-RESPONDENT-WEIGHTED-v1",0.270432563443208,0.279737009112224,-0.00930444566901639,0.23411636174629,0.315166067030616,0.274641214388453,0.0810497052843263,0.0215693139531996,TRUE,199,199,0,"OK","P14-C015",4,50,1000,0.3,"balanced","medium","near_knot",20,20,0,0.002,0,0.153000000000006
"V4-CMP-IID-RESP-BB-v1","WORKING-INDEPENDENCE-RESPONDENT",0.270432563443208,0.279737009112224,-0.00930444566901639,0.241058902671704,0.298335878392043,0.269697390531873,0.0572769757203395,0.0141413640507146,TRUE,199,199,0,"OK","P14-C015",4,50,1000,0.3,"balanced","medium","near_knot",20,20,0,0.002,0,0.153000000000006
"V4-CMP-TWO-STAGE-FREQ-BOOT-RESP-v1","V4-TARGET-RESPONDENT-WEIGHTED-v1",0.270432563443208,0.279737009112224,-0.00930444566901639,0.220973981958306,0.321627268518601,0.271300625238453,0.100653286560295,0.0250377656893476,TRUE,199,199,0,"OK","P14-C015",4,50,1000,0.3,"balanced","medium","near_knot",20,20,0,0.002,0,0.153000000000006
"V4-CMP-MOKKEN-TWOLEVEL-DELTA-v1","V4-TARGET-RESPONDENT-WEIGHTED-v1",0.270432563443196,0.279737009112224,-0.00930444566902788,0.220210289813544,0.320654837072848,0.270432563443196,0.100444547259304,0.0256240798432007,TRUE,,,0,"OK","P14-C015",4,50,1000,0.3,"balanced","medium","near_knot",20,20,0,0.002,0,0.153000000000006
"V4-PRI-TWO-STAGE-HBB-RESP-v1","V4-TARGET-RESPONDENT-WEIGHTED-v1",0.276087337655495,0.279737009112224,-0.0036496714567294,0.229609542758891,0.341315378563925,0.285462460661408,0.111705835805034,0.0276020156081053,TRUE,199,199,0,"OK","P14-C015",5,50,1000,0.3,"balanced","medium","near_knot",20,20,0,0,1,0.165999999999997
"V4-SENS-TWO-STAGE-HBB-CLUSTER-v1","V4-TARGET-EQUAL-CLUSTER-v1",0.276087337655495,0.279737009112224,-0.0036496714567294,0.226689471369839,0.341859427443302,0.28427444940657,0.115169956073463,0.027292549296965,TRUE,199,199,0,"OK","P14-C015",5,50,1000,0.3,"balanced","medium","near_knot",20,20,0,0,1,0.165999999999997
"V4-CMP-ONE-STAGE-CLUSTER-BB-RESP-v1","V4-TARGET-RESPONDENT-WEIGHTED-v1",0.276087337655495,0.279737009112224,-0.0036496714567294,0.236101329868973,0.311863864163255,0.273982597016114,0.0757625342942817,0.0208640933634315,TRUE,199,199,0,"OK","P14-C015",5,50,1000,0.3,"balanced","medium","near_knot",20,20,0,0,1,0.165999999999997
"V4-CMP-IID-RESP-BB-v1","WORKING-INDEPENDENCE-RESPONDENT",0.276087337655495,0.279737009112224,-0.0036496714567294,0.246954568389062,0.305883842325126,0.276419205357094,0.0589292739360638,0.0150013053822594,TRUE,199,199,0,"OK","P14-C015",5,50,1000,0.3,"balanced","medium","near_knot",20,20,0,0,1,0.165999999999997
"V4-CMP-TWO-STAGE-FREQ-BOOT-RESP-v1","V4-TARGET-RESPONDENT-WEIGHTED-v1",0.276087337655495,0.279737009112224,-0.0036496714567294,0.219796053216319,0.32583995154878,0.27281800238255,0.10604389833246,0.0252527665972286,TRUE,199,199,0,"OK","P14-C015",5,50,1000,0.3,"balanced","medium","near_knot",20,20,0,0,1,0.165999999999997
"V4-CMP-MOKKEN-TWOLEVEL-DELTA-v1","V4-TARGET-RESPONDENT-WEIGHTED-v1",0.276087337655483,0.279737009112224,-0.00364967145674078,0.225116764105441,0.327057911205526,0.276087337655483,0.101941147100086,0.0260058725323997,TRUE,,,0,"OK","P14-C015",5,50,1000,0.3,"balanced","medium","near_knot",20,20,0,0,1,0.165999999999997
"V4-PRI-TWO-STAGE-HBB-RESP-v1","V4-TARGET-RESPONDENT-WEIGHTED-v1",0.262026442652919,0.279737009112224,-0.0177105664593055,0.202930302489454,0.31259530886649,0.257762805677972,0.109665006377036,0.0275470859255342,TRUE,199,199,0,"OK","P14-C015",6,50,1000,0.3,"balanced","medium","near_knot",20,20,0,0.005,0,0.150999999999996
"V4-SENS-TWO-STAGE-HBB-CLUSTER-v1","V4-TARGET-EQUAL-CLUSTER-v1",0.262026442652919,0.279737009112224,-0.0177105664593055,0.205637390841822,0.320420200400544,0.263028795621183,0.114782809558722,0.0273674765849509,TRUE,199,199,0,"OK","P14-C015",6,50,1000,0.3,"balanced","medium","near_knot",20,20,0,0.005,0,0.150999999999996
"V4-CMP-ONE-STAGE-CLUSTER-BB-RESP-v1","V4-TARGET-RESPONDENT-WEIGHTED-v1",0.262026442652919,0.279737009112224,-0.0177105664593055,0.224364560921905,0.300686786481758,0.262525673701831,0.0763222255598532,0.0192109654033661,TRUE,199,199,0,"OK","P14-C015",6,50,1000,0.3,"balanced","medium","near_knot",20,20,0,0.005,0,0.150999999999996
"V4-CMP-IID-RESP-BB-v1","WORKING-INDEPENDENCE-RESPONDENT",0.262026442652919,0.279737009112224,-0.0177105664593055,0.233826306432273,0.294262816786569,0.264044561609421,0.0604365103542962,0.0161451832876023,TRUE,199,199,0,"OK","P14-C015",6,50,1000,0.3,"balanced","medium","near_knot",20,20,0,0.005,0,0.150999999999996
"V4-CMP-TWO-STAGE-FREQ-BOOT-RESP-v1","V4-TARGET-RESPONDENT-WEIGHTED-v1",0.262026442652919,0.279737009112224,-0.0177105664593055,0.211710902282071,0.309764139302315,0.260737520792193,0.098053237020244,0.0251019360155486,TRUE,199,199,0,"OK","P14-C015",6,50,1000,0.3,"balanced","medium","near_knot",20,20,0,0.005,0,0.150999999999996
"V4-CMP-MOKKEN-TWOLEVEL-DELTA-v1","V4-TARGET-RESPONDENT-WEIGHTED-v1",0.262026442652907,0.279737009112224,-0.0177105664593176,0.213053439688338,0.310999445617475,0.262026442652907,0.0979460059291377,0.024986685138534,TRUE,,,0,"OK","P14-C015",6,50,1000,0.3,"balanced","medium","near_knot",20,20,0,0.005,0,0.150999999999996
"V4-PRI-TWO-STAGE-HBB-RESP-v1","V4-TARGET-RESPONDENT-WEIGHTED-v1",0.289904134444194,0.279737009112224,0.0101671253319697,0.234568357388527,0.347525423732723,0.291046890560625,0.112957066344197,0.0285796972512652,TRUE,199,199,0,"OK","P14-C015",7,50,1000,0.3,"balanced","medium","near_knot",20,20,0,0.004,0,0.15100000000001
"V4-SENS-TWO-STAGE-HBB-CLUSTER-v1","V4-TARGET-EQUAL-CLUSTER-v1",0.289904134444194,0.279737009112224,0.0101671253319697,0.235960188946536,0.34395392761426,0.289957058280398,0.107993738667724,0.0292629673709808,TRUE,199,199,0,"OK","P14-C015",7,50,1000,0.3,"balanced","medium","near_knot",20,20,0,0.004,0,0.15100000000001
"V4-CMP-ONE-STAGE-CLUSTER-BB-RESP-v1","V4-TARGET-RESPONDENT-WEIGHTED-v1",0.289904134444194,0.279737009112224,0.0101671253319697,0.253651324125819,0.32956899892202,0.291610161523919,0.0759176747962011,0.0187685593638095,TRUE,199,199,0,"OK","P14-C015",7,50,1000,0.3,"balanced","medium","near_knot",20,20,0,0.004,0,0.15100000000001
"V4-CMP-IID-RESP-BB-v1","WORKING-INDEPENDENCE-RESPONDENT",0.289904134444194,0.279737009112224,0.0101671253319697,0.258212499816437,0.329525545325832,0.293869022571135,0.0713130455093948,0.0165268476348848,TRUE,199,199,0,"OK","P14-C015",7,50,1000,0.3,"balanced","medium","near_knot",20,20,0,0.004,0,0.15100000000001
"V4-CMP-TWO-STAGE-FREQ-BOOT-RESP-v1","V4-TARGET-RESPONDENT-WEIGHTED-v1",0.289904134444194,0.279737009112224,0.0101671253319697,0.238094931379876,0.338953207787648,0.288524069583762,0.100858276407772,0.0255496312285192,TRUE,199,199,0,"OK","P14-C015",7,50,1000,0.3,"balanced","medium","near_knot",20,20,0,0.004,0,0.15100000000001
"V4-CMP-MOKKEN-TWOLEVEL-DELTA-v1","V4-TARGET-RESPONDENT-WEIGHTED-v1",0.289904134444183,0.279737009112224,0.0101671253319587,0.241768825235245,0.33803944365312,0.289904134444183,0.0962706184178753,0.0245592825116292,TRUE,,,0,"OK","P14-C015",7,50,1000,0.3,"balanced","medium","near_knot",20,20,0,0.004,0,0.15100000000001
"V4-PRI-TWO-STAGE-HBB-RESP-v1","V4-TARGET-RESPONDENT-WEIGHTED-v1",0.273405915471506,0.279737009112224,-0.0063310936407176,0.223283688983178,0.32852222368153,0.275902956332354,0.105238534698351,0.028338858704324,TRUE,199,199,0,"OK","P14-C015",8,50,1000,0.3,"balanced","medium","near_knot",20,20,0,0.00900000000000001,0,0.164000000000001
"V4-SENS-TWO-STAGE-HBB-CLUSTER-v1","V4-TARGET-EQUAL-CLUSTER-v1",0.273405915471506,0.279737009112224,-0.0063310936407176,0.219189050926344,0.325665077609188,0.272427064267766,0.106476026682844,0.0274897886307983,TRUE,199,199,0,"OK","P14-C015",8,50,1000,0.3,"balanced","medium","near_knot",20,20,0,0.00900000000000001,0,0.164000000000001
"V4-CMP-ONE-STAGE-CLUSTER-BB-RESP-v1","V4-TARGET-RESPONDENT-WEIGHTED-v1",0.273405915471506,0.279737009112224,-0.0063310936407176,0.24449227021794,0.304399116933164,0.274445693575552,0.0599068467152238,0.0163273839534796,TRUE,199,199,0,"OK","P14-C015",8,50,1000,0.3,"balanced","medium","near_knot",20,20,0,0.00900000000000001,0,0.164000000000001
"V4-CMP-IID-RESP-BB-v1","WORKING-INDEPENDENCE-RESPONDENT",0.273405915471506,0.279737009112224,-0.0063310936407176,0.244521042892556,0.3065962368096,0.275558639851078,0.0620751939170444,0.0157291196307441,TRUE,199,199,0,"OK","P14-C015",8,50,1000,0.3,"balanced","medium","near_knot",20,20,0,0.00900000000000001,0,0.164000000000001
"V4-CMP-TWO-STAGE-FREQ-BOOT-RESP-v1","V4-TARGET-RESPONDENT-WEIGHTED-v1",0.273405915471506,0.279737009112224,-0.0063310936407176,0.231537071136443,0.317007078798864,0.274272074967653,0.0854700076624216,0.0201685810200221,TRUE,199,199,0,"OK","P14-C015",8,50,1000,0.3,"balanced","medium","near_knot",20,20,0,0.00900000000000001,0,0.164000000000001
"V4-CMP-MOKKEN-TWOLEVEL-DELTA-v1","V4-TARGET-RESPONDENT-WEIGHTED-v1",0.273405915471494,0.279737009112224,-0.00633109364073003,0.228798957642932,0.318012873300056,0.273405915471494,0.0892139156571246,0.022759070156603,TRUE,,,0,"OK","P14-C015",8,50,1000,0.3,"balanced","medium","near_knot",20,20,0,0.00900000000000001,0,0.164000000000001
"V4-PRI-TWO-STAGE-HBB-RESP-v1","V4-TARGET-RESPONDENT-WEIGHTED-v1",0.323065924069571,0.279737009112224,0.0433289149573468,0.275634689135692,0.380696339239973,0.328165514187833,0.105061650104281,0.0264859007894411,TRUE,199,199,0,"OK","P14-C015",9,50,1000,0.3,"balanced","medium","near_knot",20,20,0,0.003,0,0.150999999999996
"V4-SENS-TWO-STAGE-HBB-CLUSTER-v1","V4-TARGET-EQUAL-CLUSTER-v1",0.323065924069571,0.279737009112224,0.0433289149573468,0.262389484127863,0.374778556233173,0.318584020180518,0.11238907210531,0.0273430968129114,TRUE,199,199,0,"OK","P14-C015",9,50,1000,0.3,"balanced","medium","near_knot",20,20,0,0.003,0,0.150999999999996
"V4-CMP-ONE-STAGE-CLUSTER-BB-RESP-v1","V4-TARGET-RESPONDENT-WEIGHTED-v1",0.323065924069571,0.279737009112224,0.0433289149573468,0.288566653730139,0.34866339487508,0.31861502430261,0.060096741144941,0.015864844397497,FALSE,199,199,0,"OK","P14-C015",9,50,1000,0.3,"balanced","medium","near_knot",20,20,0,0.003,0,0.150999999999996
"V4-CMP-IID-RESP-BB-v1","WORKING-INDEPENDENCE-RESPONDENT",0.323065924069571,0.279737009112224,0.0433289149573468,0.298763505974478,0.34972662012232,0.324245063048399,0.0509631141478419,0.0137305310757563,FALSE,199,199,0,"OK","P14-C015",9,50,1000,0.3,"balanced","medium","near_knot",20,20,0,0.003,0,0.150999999999996
"V4-CMP-TWO-STAGE-FREQ-BOOT-RESP-v1","V4-TARGET-RESPONDENT-WEIGHTED-v1",0.323065924069571,0.279737009112224,0.0433289149573468,0.270929950774139,0.36512479409465,0.318027372434395,0.0941948433205116,0.0234652122338149,TRUE,199,199,0,"OK","P14-C015",9,50,1000,0.3,"balanced","medium","near_knot",20,20,0,0.003,0,0.150999999999996
"V4-CMP-MOKKEN-TWOLEVEL-DELTA-v1","V4-TARGET-RESPONDENT-WEIGHTED-v1",0.323065924069561,0.279737009112224,0.0433289149573374,0.278975359176896,0.367156488962227,0.323065924069561,0.0881811297853319,0.0224955995316479,TRUE,,,0,"OK","P14-C015",9,50,1000,0.3,"balanced","medium","near_knot",20,20,0,0.003,0,0.150999999999996
"V4-PRI-TWO-STAGE-HBB-RESP-v1","V4-TARGET-RESPONDENT-WEIGHTED-v1",0.230202871446582,0.279737009112224,-0.0495341376656416,0.178359731744363,0.281801078268064,0.230080405006213,0.103441346523701,0.0276883175671225,TRUE,199,199,0,"OK","P14-C015",10,50,1000,0.3,"balanced","medium","near_knot",20,20,0,0.005,0,0.176999999999992
"V4-SENS-TWO-STAGE-HBB-CLUSTER-v1","V4-TARGET-EQUAL-CLUSTER-v1",0.230202871446582,0.279737009112224,-0.0495341376656416,0.175554231561226,0.285676031169895,0.230615131365561,0.110121799608669,0.0265644050295757,TRUE,199,199,0,"OK","P14-C015",10,50,1000,0.3,"balanced","medium","near_knot",20,20,0,0.005,0,0.176999999999992
"V4-CMP-ONE-STAGE-CLUSTER-BB-RESP-v1","V4-TARGET-RESPONDENT-WEIGHTED-v1",0.230202871446582,0.279737009112224,-0.0495341376656416,0.181325789485058,0.271943500836778,0.226634645160918,0.0906177113517199,0.0213828273670041,FALSE,199,199,0,"OK","P14-C015",10,50,1000,0.3,"balanced","medium","near_knot",20,20,0,0.005,0,0.176999999999992
"V4-CMP-IID-RESP-BB-v1","WORKING-INDEPENDENCE-RESPONDENT",0.230202871446582,0.279737009112224,-0.0495341376656416,0.197011022576058,0.269046988342179,0.233029005459119,0.0720359657661211,0.0167999666608069,FALSE,199,199,0,"OK","P14-C015",10,50,1000,0.3,"balanced","medium","near_knot",20,20,0,0.005,0,0.176999999999992
"V4-CMP-TWO-STAGE-FREQ-BOOT-RESP-v1","V4-TARGET-RESPONDENT-WEIGHTED-v1",0.230202871446582,0.279737009112224,-0.0495341376656416,0.181316116503535,0.278098447489122,0.229707281996328,0.096782330985587,0.0242155198162585,FALSE,199,199,0,"OK","P14-C015",10,50,1000,0.3,"balanced","medium","near_knot",20,20,0,0.005,0,0.176999999999992
"V4-CMP-MOKKEN-TWOLEVEL-DELTA-v1","V4-TARGET-RESPONDENT-WEIGHTED-v1",0.23020287144657,0.279737009112224,-0.0495341376656537,0.181773635750517,0.278632107142623,0.23020287144657,0.0968584713921058,0.024709247760702,FALSE,,,0,"OK","P14-C015",10,50,1000,0.3,"balanced","medium","near_knot",20,20,0,0.005,0,0.176999999999992
"V4-PRI-TWO-STAGE-HBB-RESP-v1","V4-TARGET-RESPONDENT-WEIGHTED-v1",0.275923612049499,0.279737009112224,-0.00381339706272471,0.219085817354963,0.334378796115502,0.276732306735233,0.115292978760539,0.0288084572545128,TRUE,199,199,0,"OK","P14-C015",11,50,1000,0.3,"balanced","medium","near_knot",20,20,0,0.006,0,0.164000000000001
"V4-SENS-TWO-STAGE-HBB-CLUSTER-v1","V4-TARGET-EQUAL-CLUSTER-v1",0.275923612049499,0.279737009112224,-0.00381339706272471,0.227921440947157,0.331183380519799,0.279552410733478,0.103261939572641,0.0274864048236806,TRUE,199,199,0,"OK","P14-C015",11,50,1000,0.3,"balanced","medium","near_knot",20,20,0,0.006,0,0.164000000000001
"V4-CMP-ONE-STAGE-CLUSTER-BB-RESP-v1","V4-TARGET-RESPONDENT-WEIGHTED-v1",0.275923612049499,0.279737009112224,-0.00381339706272471,0.227419497334826,0.310162693987422,0.268791095661124,0.0827431966525964,0.0210058312358555,TRUE,199,199,0,"OK","P14-C015",11,50,1000,0.3,"balanced","medium","near_knot",20,20,0,0.006,0,0.164000000000001
"V4-CMP-IID-RESP-BB-v1","WORKING-INDEPENDENCE-RESPONDENT",0.275923612049499,0.279737009112224,-0.00381339706272471,0.247585118964629,0.308880039530557,0.278232579247593,0.0612949205659274,0.0157976775325078,TRUE,199,199,0,"OK","P14-C015",11,50,1000,0.3,"balanced","medium","near_knot",20,20,0,0.006,0,0.164000000000001
"V4-CMP-TWO-STAGE-FREQ-BOOT-RESP-v1","V4-TARGET-RESPONDENT-WEIGHTED-v1",0.275923612049499,0.279737009112224,-0.00381339706272471,0.227430747532342,0.326054223501124,0.276742485516733,0.0986234759687814,0.0244258028650601,TRUE,199,199,0,"OK","P14-C015",11,50,1000,0.3,"balanced","medium","near_knot",20,20,0,0.006,0,0.164000000000001
"V4-CMP-MOKKEN-TWOLEVEL-DELTA-v1","V4-TARGET-RESPONDENT-WEIGHTED-v1",0.275923612049485,0.279737009112224,-0.00381339706273887,0.226775242417693,0.325071981681278,0.275923612049485,0.0982967392635846,0.0250761595720474,TRUE,,,0,"OK","P14-C015",11,50,1000,0.3,"balanced","medium","near_knot",20,20,0,0.006,0,0.164000000000001
"V4-PRI-TWO-STAGE-HBB-RESP-v1","V4-TARGET-RESPONDENT-WEIGHTED-v1",0.265598258796869,0.279737009112224,-0.0141387503153547,0.207202769034503,0.332810492184067,0.270006630609285,0.125607723149563,0.0321417489143986,TRUE,199,199,0,"OK","P14-C015",12,50,1000,0.3,"balanced","medium","near_knot",20,20,0,0.002,0,0.164000000000001
"V4-SENS-TWO-STAGE-HBB-CLUSTER-v1","V4-TARGET-EQUAL-CLUSTER-v1",0.265598258796869,0.279737009112224,-0.0141387503153547,0.206914898337048,0.330044599754774,0.268479749045911,0.123129701417727,0.0304190360750901,TRUE,199,199,0,"OK","P14-C015",12,50,1000,0.3,"balanced","medium","near_knot",20,20,0,0.002,0,0.164000000000001
"V4-CMP-ONE-STAGE-CLUSTER-BB-RESP-v1","V4-TARGET-RESPONDENT-WEIGHTED-v1",0.265598258796869,0.279737009112224,-0.0141387503153547,0.223461678729932,0.310187363855659,0.266824521292796,0.0867256851257271,0.0214487319867051,TRUE,199,199,0,"OK","P14-C015",12,50,1000,0.3,"balanced","medium","near_knot",20,20,0,0.002,0,0.164000000000001
"V4-CMP-IID-RESP-BB-v1","WORKING-INDEPENDENCE-RESPONDENT",0.265598258796869,0.279737009112224,-0.0141387503153547,0.237389269471364,0.29415833359119,0.265773801531277,0.0567690641198262,0.0143099739900122,TRUE,199,199,0,"OK","P14-C015",12,50,1000,0.3,"balanced","medium","near_knot",20,20,0,0.002,0,0.164000000000001
"V4-CMP-TWO-STAGE-FREQ-BOOT-RESP-v1","V4-TARGET-RESPONDENT-WEIGHTED-v1",0.265598258796869,0.279737009112224,-0.0141387503153547,0.217392974958665,0.307004014304447,0.262198494631556,0.089611039345782,0.0250965971954383,TRUE,199,199,0,"OK","P14-C015",12,50,1000,0.3,"balanced","medium","near_knot",20,20,0,0.002,0,0.164000000000001
"V4-CMP-MOKKEN-TWOLEVEL-DELTA-v1","V4-TARGET-RESPONDENT-WEIGHTED-v1",0.265598258796858,0.279737009112224,-0.0141387503153659,0.21492941524671,0.316267102347006,0.265598258796858,0.101337687100296,0.0258519258260954,TRUE,,,0,"OK","P14-C015",12,50,1000,0.3,"balanced","medium","near_knot",20,20,0,0.002,0,0.164000000000001
"V4-PRI-TWO-STAGE-HBB-RESP-v1","V4-TARGET-RESPONDENT-WEIGHTED-v1",0.273889861010031,0.279737009112224,-0.00584714810219339,0.228799954148853,0.323997794241729,0.276398874195291,0.0951978400928758,0.0261115575053664,TRUE,199,199,0,"OK","P14-C015",13,50,1000,0.3,"balanced","medium","near_knot",20,20,0,0,1,0.150000000000006
"V4-SENS-TWO-STAGE-HBB-CLUSTER-v1","V4-TARGET-EQUAL-CLUSTER-v1",0.273889861010031,0.279737009112224,-0.00584714810219339,0.213525943981463,0.327244185061647,0.270385064521555,0.113718241080184,0.0273843204518731,TRUE,199,199,0,"OK","P14-C015",13,50,1000,0.3,"balanced","medium","near_knot",20,20,0,0,1,0.150000000000006
"V4-CMP-ONE-STAGE-CLUSTER-BB-RESP-v1","V4-TARGET-RESPONDENT-WEIGHTED-v1",0.273889861010031,0.279737009112224,-0.00584714810219339,0.240541411728683,0.30890938570223,0.274725398715456,0.068367973973546,0.0183428059778425,TRUE,199,199,0,"OK","P14-C015",13,50,1000,0.3,"balanced","medium","near_knot",20,20,0,0,1,0.150000000000006
"V4-CMP-IID-RESP-BB-v1","WORKING-INDEPENDENCE-RESPONDENT",0.273889861010031,0.279737009112224,-0.00584714810219339,0.241750485120116,0.303074584112887,0.272412534616501,0.0613240989927707,0.015704209858115,TRUE,199,199,0,"OK","P14-C015",13,50,1000,0.3,"balanced","medium","near_knot",20,20,0,0,1,0.150000000000006
"V4-CMP-TWO-STAGE-FREQ-BOOT-RESP-v1","V4-TARGET-RESPONDENT-WEIGHTED-v1",0.273889861010031,0.279737009112224,-0.00584714810219339,0.22693011946342,0.311970099910789,0.269450109687104,0.0850399804473682,0.0217209402306087,TRUE,199,199,0,"OK","P14-C015",13,50,1000,0.3,"balanced","medium","near_knot",20,20,0,0,1,0.150000000000006
"V4-CMP-MOKKEN-TWOLEVEL-DELTA-v1","V4-TARGET-RESPONDENT-WEIGHTED-v1",0.273889861010021,0.279737009112224,-0.00584714810220344,0.227953974285772,0.31982574773427,0.273889861010021,0.0918717734484981,0.0234371075624784,TRUE,,,0,"OK","P14-C015",13,50,1000,0.3,"balanced","medium","near_knot",20,20,0,0,1,0.150000000000006
"V4-PRI-TWO-STAGE-HBB-RESP-v1","V4-TARGET-RESPONDENT-WEIGHTED-v1",0.272949506378241,0.279737009112224,-0.00678750273398271,0.230623899381283,0.330921952540427,0.280772925960855,0.100298053159144,0.0243550692662544,TRUE,199,199,0,"OK","P14-C015",14,50,1000,0.3,"balanced","medium","near_knot",20,20,0,0.003,0,0.162999999999997
"V4-SENS-TWO-STAGE-HBB-CLUSTER-v1","V4-TARGET-EQUAL-CLUSTER-v1",0.272949506378241,0.279737009112224,-0.00678750273398271,0.227986434262789,0.322888823056532,0.27543762865966,0.0949023887937429,0.0241275210044134,TRUE,199,199,0,"OK","P14-C015",14,50,1000,0.3,"balanced","medium","near_knot",20,20,0,0.003,0,0.162999999999997
"V4-CMP-ONE-STAGE-CLUSTER-BB-RESP-v1","V4-TARGET-RESPONDENT-WEIGHTED-v1",0.272949506378241,0.279737009112224,-0.00678750273398271,0.248569544423086,0.298270750190137,0.273420147306611,0.0497012057670517,0.0132667072192515,TRUE,199,199,0,"OK","P14-C015",14,50,1000,0.3,"balanced","medium","near_knot",20,20,0,0.003,0,0.162999999999997
"V4-CMP-IID-RESP-BB-v1","WORKING-INDEPENDENCE-RESPONDENT",0.272949506378241,0.279737009112224,-0.00678750273398271,0.241025745782258,0.301813253602798,0.271419499692528,0.0607875078205403,0.0150836685468035,TRUE,199,199,0,"OK","P14-C015",14,50,1000,0.3,"balanced","medium","near_knot",20,20,0,0.003,0,0.162999999999997
"V4-CMP-TWO-STAGE-FREQ-BOOT-RESP-v1","V4-TARGET-RESPONDENT-WEIGHTED-v1",0.272949506378241,0.279737009112224,-0.00678750273398271,0.222421333880498,0.319460718858914,0.270941026369706,0.0970393849784158,0.0236331617269166,TRUE,199,199,0,"OK","P14-C015",14,50,1000,0.3,"balanced","medium","near_knot",20,20,0,0.003,0,0.162999999999997
"V4-CMP-MOKKEN-TWOLEVEL-DELTA-v1","V4-TARGET-RESPONDENT-WEIGHTED-v1",0.272949506378228,0.279737009112224,-0.00678750273399609,0.231850679638715,0.314048333117741,0.272949506378228,0.0821976534790263,0.0209691744663144,TRUE,,,0,"OK","P14-C015",14,50,1000,0.3,"balanced","medium","near_knot",20,20,0,0.003,0,0.162999999999997
"V4-PRI-TWO-STAGE-HBB-RESP-v1","V4-TARGET-RESPONDENT-WEIGHTED-v1",0.278926762279981,0.279737009112224,-0.000810246832243289,0.229954206339235,0.342350323113233,0.286152264726234,0.112396116773998,0.0282951244504612,TRUE,199,199,0,"OK","P14-C015",15,50,1000,0.3,"balanced","medium","near_knot",20,20,0,0.004,0,0.150000000000006
"V4-SENS-TWO-STAGE-HBB-CLUSTER-v1","V4-TARGET-EQUAL-CLUSTER-v1",0.278926762279981,0.279737009112224,-0.000810246832243289,0.23113867485824,0.327704682468547,0.279421678663393,0.0965660076103071,0.0276313168759932,TRUE,199,199,0,"OK","P14-C015",15,50,1000,0.3,"balanced","medium","near_knot",20,20,0,0.004,0,0.150000000000006
"V4-CMP-ONE-STAGE-CLUSTER-BB-RESP-v1","V4-TARGET-RESPONDENT-WEIGHTED-v1",0.278926762279981,0.279737009112224,-0.000810246832243289,0.247621642381835,0.314780704063975,0.281201173222905,0.0671590616821395,0.0173153754528921,TRUE,199,199,0,"OK","P14-C015",15,50,1000,0.3,"balanced","medium","near_knot",20,20,0,0.004,0,0.150000000000006
"V4-CMP-IID-RESP-BB-v1","WORKING-INDEPENDENCE-RESPONDENT",0.278926762279981,0.279737009112224,-0.000810246832243289,0.245656347629936,0.307952338238677,0.276804342934307,0.0622959906087412,0.014957670673204,TRUE,199,199,0,"OK","P14-C015",15,50,1000,0.3,"balanced","medium","near_knot",20,20,0,0.004,0,0.150000000000006
"V4-CMP-TWO-STAGE-FREQ-BOOT-RESP-v1","V4-TARGET-RESPONDENT-WEIGHTED-v1",0.278926762279981,0.279737009112224,-0.000810246832243289,0.230085711769695,0.33219550967429,0.281140610721993,0.102109797904596,0.0247322405539962,TRUE,199,199,0,"OK","P14-C015",15,50,1000,0.3,"balanced","medium","near_knot",20,20,0,0.004,0,0.150000000000006
"V4-CMP-MOKKEN-TWOLEVEL-DELTA-v1","V4-TARGET-RESPONDENT-WEIGHTED-v1",0.278926762279969,0.279737009112224,-0.000810246832254724,0.232945842348768,0.324907682211171,0.278926762279969,0.0919618398624026,0.0234600841106739,TRUE,,,0,"OK","P14-C015",15,50,1000,0.3,"balanced","medium","near_knot",20,20,0,0.004,0,0.150000000000006
"V4-PRI-TWO-STAGE-HBB-RESP-v1","V4-TARGET-RESPONDENT-WEIGHTED-v1",0.28083766590726,0.279737009112224,0.00110065679503579,0.232500816261187,0.328319677935319,0.280410247098253,0.0958188616741315,0.0256353506232773,TRUE,199,199,0,"OK","P14-C015",16,50,1000,0.3,"balanced","medium","near_knot",20,20,0,0.005,0,0.152999999999992
"V4-SENS-TWO-STAGE-HBB-CLUSTER-v1","V4-TARGET-EQUAL-CLUSTER-v1",0.28083766590726,0.279737009112224,0.00110065679503579,0.224334212856486,0.332707590849496,0.278520901852991,0.10837337799301,0.0282170074815215,TRUE,199,199,0,"OK","P14-C015",16,50,1000,0.3,"balanced","medium","near_knot",20,20,0,0.005,0,0.152999999999992
"V4-CMP-ONE-STAGE-CLUSTER-BB-RESP-v1","V4-TARGET-RESPONDENT-WEIGHTED-v1",0.28083766590726,0.279737009112224,0.00110065679503579,0.247655677312569,0.321022210873373,0.284338944092971,0.073366533560804,0.0189706646304199,TRUE,199,199,0,"OK","P14-C015",16,50,1000,0.3,"balanced","medium","near_knot",20,20,0,0.005,0,0.152999999999992
"V4-CMP-IID-RESP-BB-v1","WORKING-INDEPENDENCE-RESPONDENT",0.28083766590726,0.279737009112224,0.00110065679503579,0.243847540982042,0.317608749106352,0.280728145044197,0.0737612081243106,0.0163225104069427,TRUE,199,199,0,"OK","P14-C015",16,50,1000,0.3,"balanced","medium","near_knot",20,20,0,0.005,0,0.152999999999992
"V4-CMP-TWO-STAGE-FREQ-BOOT-RESP-v1","V4-TARGET-RESPONDENT-WEIGHTED-v1",0.28083766590726,0.279737009112224,0.00110065679503579,0.233660485907128,0.32759334886426,0.280626917385694,0.0939328629571323,0.0229257421462958,TRUE,199,199,0,"OK","P14-C015",16,50,1000,0.3,"balanced","medium","near_knot",20,20,0,0.005,0,0.152999999999992
"V4-CMP-MOKKEN-TWOLEVEL-DELTA-v1","V4-TARGET-RESPONDENT-WEIGHTED-v1",0.28083766590725,0.279737009112224,0.0011006567950258,0.233975200793818,0.327700131020682,0.28083766590725,0.0937249302268639,0.0239098603255351,TRUE,,,0,"OK","P14-C015",16,50,1000,0.3,"balanced","medium","near_knot",20,20,0,0.005,0,0.152999999999992
"V4-PRI-TWO-STAGE-HBB-RESP-v1","V4-TARGET-RESPONDENT-WEIGHTED-v1",0.280618958054278,0.279737009112224,0.000881948942053512,0.221530987702573,0.32860767478319,0.275069331242881,0.107076687080617,0.0274994530328489,TRUE,199,199,0,"OK","P14-C015",17,50,1000,0.3,"balanced","medium","near_knot",20,20,0,0.006,0,0.150000000000006
"V4-SENS-TWO-STAGE-HBB-CLUSTER-v1","V4-TARGET-EQUAL-CLUSTER-v1",0.280618958054278,0.279737009112224,0.000881948942053512,0.231900328208646,0.341871282355962,0.286885805282304,0.109970954147316,0.0297696086305058,TRUE,199,199,0,"OK","P14-C015",17,50,1000,0.3,"balanced","medium","near_knot",20,20,0,0.006,0,0.150000000000006
"V4-CMP-ONE-STAGE-CLUSTER-BB-RESP-v1","V4-TARGET-RESPONDENT-WEIGHTED-v1",0.280618958054278,0.279737009112224,0.000881948942053512,0.244910213765016,0.315752135598617,0.280331174681816,0.0708419218336009,0.0178318524288921,TRUE,199,199,0,"OK","P14-C015",17,50,1000,0.3,"balanced","medium","near_knot",20,20,0,0.006,0,0.150000000000006
"V4-CMP-IID-RESP-BB-v1","WORKING-INDEPENDENCE-RESPONDENT",0.280618958054278,0.279737009112224,0.000881948942053512,0.250183503530426,0.311005672974278,0.280594588252352,0.0608221694438517,0.0151523612695397,TRUE,199,199,0,"OK","P14-C015",17,50,1000,0.3,"balanced","medium","near_knot",20,20,0,0.006,0,0.150000000000006
"V4-CMP-TWO-STAGE-FREQ-BOOT-RESP-v1","V4-TARGET-RESPONDENT-WEIGHTED-v1",0.280618958054278,0.279737009112224,0.000881948942053512,0.232359848091324,0.327441318031735,0.279900583061529,0.0950814699404112,0.0238066126644747,TRUE,199,199,0,"OK","P14-C015",17,50,1000,0.3,"balanced","medium","near_knot",20,20,0,0.006,0,0.150000000000006
"V4-CMP-MOKKEN-TWOLEVEL-DELTA-v1","V4-TARGET-RESPONDENT-WEIGHTED-v1",0.280618958054268,0.279737009112224,0.000881948942043631,0.231351687060211,0.329886229048324,0.280618958054268,0.0985345419881125,0.0251368246471212,TRUE,,,0,"OK","P14-C015",17,50,1000,0.3,"balanced","medium","near_knot",20,20,0,0.006,0,0.150000000000006
"V4-PRI-TWO-STAGE-HBB-RESP-v1","V4-TARGET-RESPONDENT-WEIGHTED-v1",0.304913134685824,0.279737009112224,0.0251761255735994,0.248165401467549,0.361755808812145,0.304960605139847,0.113590407344595,0.0289024072908774,TRUE,199,199,0,"OK","P14-C015",18,50,1000,0.3,"balanced","medium","near_knot",20,20,0,0.002,0,0.152999999999992
"V4-SENS-TWO-STAGE-HBB-CLUSTER-v1","V4-TARGET-EQUAL-CLUSTER-v1",0.304913134685824,0.279737009112224,0.0251761255735994,0.235278314919276,0.355375651274716,0.295326983096996,0.12009733635544,0.0290153324985457,TRUE,199,199,0,"OK","P14-C015",18,50,1000,0.3,"balanced","medium","near_knot",20,20,0,0.002,0,0.152999999999992
"V4-CMP-ONE-STAGE-CLUSTER-BB-RESP-v1","V4-TARGET-RESPONDENT-WEIGHTED-v1",0.304913134685824,0.279737009112224,0.0251761255735994,0.266835121142964,0.338392951384892,0.302614036263928,0.0715578302419276,0.0193490347348733,TRUE,199,199,0,"OK","P14-C015",18,50,1000,0.3,"balanced","medium","near_knot",20,20,0,0.002,0,0.152999999999992
"V4-CMP-IID-RESP-BB-v1","WORKING-INDEPENDENCE-RESPONDENT",0.304913134685824,0.279737009112224,0.0251761255735994,0.270062200826664,0.337701488942244,0.303881844884454,0.0676392881155799,0.0166649142918954,TRUE,199,199,0,"OK","P14-C015",18,50,1000,0.3,"balanced","medium","near_knot",20,20,0,0.002,0,0.152999999999992
"V4-CMP-TWO-STAGE-FREQ-BOOT-RESP-v1","V4-TARGET-RESPONDENT-WEIGHTED-v1",0.304913134685824,0.279737009112224,0.0251761255735994,0.261555274850362,0.361151640957738,0.31135345790405,0.0995963661073753,0.0244146016152419,TRUE,199,199,0,"OK","P14-C015",18,50,1000,0.3,"balanced","medium","near_knot",20,20,0,0.002,0,0.152999999999992
"V4-CMP-MOKKEN-TWOLEVEL-DELTA-v1","V4-TARGET-RESPONDENT-WEIGHTED-v1",0.304913134685815,0.279737009112224,0.0251761255735909,0.253983410247071,0.355842859124559,0.304913134685815,0.101859448877488,0.0259850307661115,TRUE,,,0,"OK","P14-C015",18,50,1000,0.3,"balanced","medium","near_knot",20,20,0,0.002,0,0.152999999999992
"V4-PRI-TWO-STAGE-HBB-RESP-v1","V4-TARGET-RESPONDENT-WEIGHTED-v1",0.271047207874549,0.279737009112224,-0.00868980123767465,0.221964206266737,0.328209127946259,0.275086667106498,0.106244921679522,0.0282495908165578,TRUE,199,199,0,"OK","P14-C015",19,50,1000,0.3,"balanced","medium","near_knot",20,20,0,0.002,0,0.164000000000001
"V4-SENS-TWO-STAGE-HBB-CLUSTER-v1","V4-TARGET-EQUAL-CLUSTER-v1",0.271047207874549,0.279737009112224,-0.00868980123767465,0.217028380792359,0.319169464221986,0.268098922507173,0.102141083429627,0.0263654237689748,TRUE,199,199,0,"OK","P14-C015",19,50,1000,0.3,"balanced","medium","near_knot",20,20,0,0.002,0,0.164000000000001
"V4-CMP-ONE-STAGE-CLUSTER-BB-RESP-v1","V4-TARGET-RESPONDENT-WEIGHTED-v1",0.271047207874549,0.279737009112224,-0.00868980123767465,0.236275955031321,0.304354122258828,0.270315038645075,0.0680781672275068,0.016690007500095,TRUE,199,199,0,"OK","P14-C015",19,50,1000,0.3,"balanced","medium","near_knot",20,20,0,0.002,0,0.164000000000001
"V4-CMP-IID-RESP-BB-v1","WORKING-INDEPENDENCE-RESPONDENT",0.271047207874549,0.279737009112224,-0.00868980123767465,0.240650750797103,0.299902726773643,0.270276738785373,0.0592519759765398,0.0149152679594239,TRUE,199,199,0,"OK","P14-C015",19,50,1000,0.3,"balanced","medium","near_knot",20,20,0,0.002,0,0.164000000000001
"V4-CMP-TWO-STAGE-FREQ-BOOT-RESP-v1","V4-TARGET-RESPONDENT-WEIGHTED-v1",0.271047207874549,0.279737009112224,-0.00868980123767465,0.224974531039616,0.317282529326941,0.271128530183278,0.0923079982873244,0.0245972659766169,TRUE,199,199,0,"OK","P14-C015",19,50,1000,0.3,"balanced","medium","near_knot",20,20,0,0.002,0,0.164000000000001
"V4-CMP-MOKKEN-TWOLEVEL-DELTA-v1","V4-TARGET-RESPONDENT-WEIGHTED-v1",0.271047207874538,0.279737009112224,-0.0086898012376857,0.225931336465328,0.316163079283749,0.271047207874538,0.0902317428184214,0.0230187247138616,TRUE,,,0,"OK","P14-C015",19,50,1000,0.3,"balanced","medium","near_knot",20,20,0,0.002,0,0.164000000000001
"V4-PRI-TWO-STAGE-HBB-RESP-v1","V4-TARGET-RESPONDENT-WEIGHTED-v1",0.258450734822526,0.279737009112224,-0.0212862742896986,0.210118483992783,0.315535647581085,0.262827065786934,0.105417163588302,0.0251597815983795,TRUE,199,199,0,"OK","P14-C015",20,50,1000,0.3,"balanced","medium","near_knot",20,20,0,0,1,0.152000000000001
"V4-SENS-TWO-STAGE-HBB-CLUSTER-v1","V4-TARGET-EQUAL-CLUSTER-v1",0.258450734822526,0.279737009112224,-0.0212862742896986,0.208676520661267,0.310840985842632,0.25975875325195,0.102164465181365,0.0254995739031256,TRUE,199,199,0,"OK","P14-C015",20,50,1000,0.3,"balanced","medium","near_knot",20,20,0,0,1,0.152000000000001
"V4-CMP-ONE-STAGE-CLUSTER-BB-RESP-v1","V4-TARGET-RESPONDENT-WEIGHTED-v1",0.258450734822526,0.279737009112224,-0.0212862742896986,0.221361210215766,0.290970539653927,0.256165874934847,0.0696093294381607,0.0171290193835955,TRUE,199,199,0,"OK","P14-C015",20,50,1000,0.3,"balanced","medium","near_knot",20,20,0,0,1,0.152000000000001
"V4-CMP-IID-RESP-BB-v1","WORKING-INDEPENDENCE-RESPONDENT",0.258450734822526,0.279737009112224,-0.0212862742896986,0.229758968259942,0.288950397351621,0.259354682805781,0.0591914290916797,0.0152115542386052,TRUE,199,199,0,"OK","P14-C015",20,50,1000,0.3,"balanced","medium","near_knot",20,20,0,0,1,0.152000000000001
"V4-CMP-TWO-STAGE-FREQ-BOOT-RESP-v1","V4-TARGET-RESPONDENT-WEIGHTED-v1",0.258450734822526,0.279737009112224,-0.0212862742896986,0.21584862682303,0.298162539588375,0.257005583205702,0.0823139127653441,0.0228362218123957,TRUE,199,199,0,"OK","P14-C015",20,50,1000,0.3,"balanced","medium","near_knot",20,20,0,0,1,0.152000000000001
"V4-CMP-MOKKEN-TWOLEVEL-DELTA-v1","V4-TARGET-RESPONDENT-WEIGHTED-v1",0.258450734822514,0.279737009112224,-0.0212862742897101,0.213817618415973,0.303083851229055,0.258450734822514,0.089266232813082,0.0227724166151018,TRUE,,,0,"OK","P14-C015",20,50,1000,0.3,"balanced","medium","near_knot",20,20,0,0,1,0.152000000000001
"V4-PRI-TWO-STAGE-HBB-RESP-v1","V4-TARGET-RESPONDENT-WEIGHTED-v1",0.29633785599918,0.279737009112224,0.0166008468869564,0.241456479941555,0.349666502749775,0.295561491345665,0.10821002280822,0.0270967889987652,TRUE,199,199,0,"OK","P14-C015",21,50,1000,0.3,"balanced","medium","near_knot",20,20,0,0.001,0,0.164000000000001
"V4-SENS-TWO-STAGE-HBB-CLUSTER-v1","V4-TARGET-EQUAL-CLUSTER-v1",0.29633785599918,0.279737009112224,0.0166008468869564,0.237912776261122,0.356408377985214,0.297160577123168,0.118495601724092,0.0283793430200252,TRUE,199,199,0,"OK","P14-C015",21,50,1000,0.3,"balanced","medium","near_knot",20,20,0,0.001,0,0.164000000000001
"V4-CMP-ONE-STAGE-CLUSTER-BB-RESP-v1","V4-TARGET-RESPONDENT-WEIGHTED-v1",0.29633785599918,0.279737009112224,0.0166008468869564,0.256861162867979,0.333164377884493,0.295012770376236,0.0763032150165139,0.0184918720064174,TRUE,199,199,0,"OK","P14-C015",21,50,1000,0.3,"balanced","medium","near_knot",20,20,0,0.001,0,0.164000000000001
"V4-CMP-IID-RESP-BB-v1","WORKING-INDEPENDENCE-RESPONDENT",0.29633785599918,0.279737009112224,0.0166008468869564,0.265818296503719,0.329978101292848,0.297898198898283,0.0641598047891286,0.0161595661011218,TRUE,199,199,0,"OK","P14-C015",21,50,1000,0.3,"balanced","medium","near_knot",20,20,0,0.001,0,0.164000000000001
"V4-CMP-TWO-STAGE-FREQ-BOOT-RESP-v1","V4-TARGET-RESPONDENT-WEIGHTED-v1",0.29633785599918,0.279737009112224,0.0166008468869564,0.246750661518493,0.335753686741238,0.291252174129865,0.0890030252227447,0.0240882192302248,TRUE,199,199,0,"OK","P14-C015",21,50,1000,0.3,"balanced","medium","near_knot",20,20,0,0.001,0,0.164000000000001
"V4-CMP-MOKKEN-TWOLEVEL-DELTA-v1","V4-TARGET-RESPONDENT-WEIGHTED-v1",0.29633785599917,0.279737009112224,0.0166008468869454,0.249343460546932,0.343332251451407,0.29633785599917,0.0939887909044753,0.0239771729597704,TRUE,,,0,"OK","P14-C015",21,50,1000,0.3,"balanced","medium","near_knot",20,20,0,0.001,0,0.164000000000001
"V4-PRI-TWO-STAGE-HBB-RESP-v1","V4-TARGET-RESPONDENT-WEIGHTED-v1",0.284309668584335,0.279737009112224,0.00457265947211088,0.230335555699181,0.344912895548756,0.287624225623968,0.114577339849575,0.0289484462781299,TRUE,199,199,0,"OK","P14-C015",22,50,1000,0.3,"balanced","medium","near_knot",20,20,0,0,1,0.150999999999996
"V4-SENS-TWO-STAGE-HBB-CLUSTER-v1","V4-TARGET-EQUAL-CLUSTER-v1",0.284309668584335,0.279737009112224,0.00457265947211088,0.240817046254671,0.338503230264278,0.289660138259474,0.0976861840096072,0.0248836082266843,TRUE,199,199,0,"OK","P14-C015",22,50,1000,0.3,"balanced","medium","near_knot",20,20,0,0,1,0.150999999999996
"V4-CMP-ONE-STAGE-CLUSTER-BB-RESP-v1","V4-TARGET-RESPONDENT-WEIGHTED-v1",0.284309668584335,0.279737009112224,0.00457265947211088,0.253177714650582,0.31194281667174,0.282560265661161,0.0587651020211575,0.0153112778710116,TRUE,199,199,0,"OK","P14-C015",22,50,1000,0.3,"balanced","medium","near_knot",20,20,0,0,1,0.150999999999996
"V4-CMP-IID-RESP-BB-v1","WORKING-INDEPENDENCE-RESPONDENT",0.284309668584335,0.279737009112224,0.00457265947211088,0.255610059929934,0.316514402203658,0.286062231066796,0.0609043422737242,0.0153747478366332,TRUE,199,199,0,"OK","P14-C015",22,50,1000,0.3,"balanced","medium","near_knot",20,20,0,0,1,0.150999999999996
"V4-CMP-TWO-STAGE-FREQ-BOOT-RESP-v1","V4-TARGET-RESPONDENT-WEIGHTED-v1",0.284309668584335,0.279737009112224,0.00457265947211088,0.238515600792193,0.329911309462741,0.284213455127467,0.091395708670548,0.0220902966048505,TRUE,199,199,0,"OK","P14-C015",22,50,1000,0.3,"balanced","medium","near_knot",20,20,0,0,1,0.150999999999996
"V4-CMP-MOKKEN-TWOLEVEL-DELTA-v1","V4-TARGET-RESPONDENT-WEIGHTED-v1",0.284309668584324,0.279737009112224,0.00457265947210017,0.242031173357232,0.326588163811416,0.284309668584324,0.0845569904541838,0.021571057203387,TRUE,,,0,"OK","P14-C015",22,50,1000,0.3,"balanced","medium","near_knot",20,20,0,0,1,0.150999999999996
"V4-PRI-TWO-STAGE-HBB-RESP-v1","V4-TARGET-RESPONDENT-WEIGHTED-v1",0.258580747314097,0.279737009112224,-0.0211562617981275,0.207001512529275,0.316155960566451,0.261578736547863,0.109154448037176,0.0273701604418149,TRUE,199,199,0,"OK","P14-C015",23,50,1000,0.3,"balanced","medium","near_knot",20,20,0,0.001,0,0.15100000000001
"V4-SENS-TWO-STAGE-HBB-CLUSTER-v1","V4-TARGET-EQUAL-CLUSTER-v1",0.258580747314097,0.279737009112224,-0.0211562617981275,0.199525287897554,0.31242198648079,0.255973637189172,0.112896698583236,0.0285650320750443,TRUE,199,199,0,"OK","P14-C015",23,50,1000,0.3,"balanced","medium","near_knot",20,20,0,0.001,0,0.15100000000001
"V4-CMP-ONE-STAGE-CLUSTER-BB-RESP-v1","V4-TARGET-RESPONDENT-WEIGHTED-v1",0.258580747314097,0.279737009112224,-0.0211562617981275,0.220697474903648,0.295733818775511,0.25821564683958,0.0750363438718637,0.0169198659880717,TRUE,199,199,0,"OK","P14-C015",23,50,1000,0.3,"balanced","medium","near_knot",20,20,0,0.001,0,0.15100000000001
"V4-CMP-IID-RESP-BB-v1","WORKING-INDEPENDENCE-RESPONDENT",0.258580747314097,0.279737009112224,-0.0211562617981275,0.228040922751564,0.289876754918945,0.258958838835255,0.0618358321673816,0.0162972267563309,TRUE,199,199,0,"OK","P14-C015",23,50,1000,0.3,"balanced","medium","near_knot",20,20,0,0.001,0,0.15100000000001
"V4-CMP-TWO-STAGE-FREQ-BOOT-RESP-v1","V4-TARGET-RESPONDENT-WEIGHTED-v1",0.258580747314097,0.279737009112224,-0.0211562617981275,0.215228897272079,0.304063710287461,0.25964630377977,0.0888348130153819,0.0231492407752898,TRUE,199,199,0,"OK","P14-C015",23,50,1000,0.3,"balanced","medium","near_knot",20,20,0,0.001,0,0.15100000000001
"V4-CMP-MOKKEN-TWOLEVEL-DELTA-v1","V4-TARGET-RESPONDENT-WEIGHTED-v1",0.258580747314085,0.279737009112224,-0.0211562617981391,0.211951028080748,0.305210466547422,0.258580747314085,0.0932594384666737,0.0237911102454668,TRUE,,,0,"OK","P14-C015",23,50,1000,0.3,"balanced","medium","near_knot",20,20,0,0.001,0,0.15100000000001
"V4-PRI-TWO-STAGE-HBB-RESP-v1","V4-TARGET-RESPONDENT-WEIGHTED-v1",0.277610864450757,0.279737009112224,-0.00212614466146704,0.228885076535478,0.344513489805856,0.286699283170667,0.115628413270378,0.0298207458506107,TRUE,199,199,0,"OK","P14-C015",24,50,1000,0.3,"balanced","medium","near_knot",20,20,0,0.001,0,0.152000000000001
"V4-SENS-TWO-STAGE-HBB-CLUSTER-v1","V4-TARGET-EQUAL-CLUSTER-v1",0.277610864450757,0.279737009112224,-0.00212614466146704,0.224206732784582,0.328897701643265,0.276552217213923,0.104690968858683,0.0285863315090066,TRUE,199,199,0,"OK","P14-C015",24,50,1000,0.3,"balanced","medium","near_knot",20,20,0,0.001,0,0.152000000000001
"V4-CMP-ONE-STAGE-CLUSTER-BB-RESP-v1","V4-TARGET-RESPONDENT-WEIGHTED-v1",0.277610864450757,0.279737009112224,-0.00212614466146704,0.235904728037209,0.318656781754443,0.277280754895826,0.0827520537172347,0.0216641080584537,TRUE,199,199,0,"OK","P14-C015",24,50,1000,0.3,"balanced","medium","near_knot",20,20,0,0.001,0,0.152000000000001
"V4-CMP-IID-RESP-BB-v1","WORKING-INDEPENDENCE-RESPONDENT",0.277610864450757,0.279737009112224,-0.00212614466146704,0.245454667364965,0.308042481874944,0.276748574619954,0.0625878145099787,0.016312311190906,TRUE,199,199,0,"OK","P14-C015",24,50,1000,0.3,"balanced","medium","near_knot",20,20,0,0.001,0,0.152000000000001
"V4-CMP-TWO-STAGE-FREQ-BOOT-RESP-v1","V4-TARGET-RESPONDENT-WEIGHTED-v1",0.277610864450757,0.279737009112224,-0.00212614466146704,0.231681454943511,0.332429315081875,0.282055385012693,0.100747860138363,0.0263055625823954,TRUE,199,199,0,"OK","P14-C015",24,50,1000,0.3,"balanced","medium","near_knot",20,20,0,0.001,0,0.152000000000001
"V4-CMP-MOKKEN-TWOLEVEL-DELTA-v1","V4-TARGET-RESPONDENT-WEIGHTED-v1",0.277610864450746,0.279737009112224,-0.00212614466147776,0.225184591162166,0.330037137739327,0.277610864450746,0.104852546577161,0.0267485901282433,TRUE,,,0,"OK","P14-C015",24,50,1000,0.3,"balanced","medium","near_knot",20,20,0,0.001,0,0.152000000000001
"V4-PRI-TWO-STAGE-HBB-RESP-v1","V4-TARGET-RESPONDENT-WEIGHTED-v1",0.285635196636402,0.279737009112224,0.0058981875241782,0.222846242186449,0.342815764343641,0.282831003265045,0.119969522157191,0.0309160091029263,TRUE,199,199,0,"OK","P14-C015",25,50,1000,0.3,"balanced","medium","near_knot",20,20,0,0.001,0,0.150999999999996
"V4-SENS-TWO-STAGE-HBB-CLUSTER-v1","V4-TARGET-EQUAL-CLUSTER-v1",0.285635196636402,0.279737009112224,0.0058981875241782,0.22412380912601,0.351791885683019,0.287957847404515,0.127668076557009,0.0298148276384478,TRUE,199,199,0,"OK","P14-C015",25,50,1000,0.3,"balanced","medium","near_knot",20,20,0,0.001,0,0.150999999999996
"V4-CMP-ONE-STAGE-CLUSTER-BB-RESP-v1","V4-TARGET-RESPONDENT-WEIGHTED-v1",0.285635196636402,0.279737009112224,0.0058981875241782,0.242345572209612,0.3208552474295,0.281600409819556,0.0785096752198879,0.0202496825544399,TRUE,199,199,0,"OK","P14-C015",25,50,1000,0.3,"balanced","medium","near_knot",20,20,0,0.001,0,0.150999999999996
"V4-CMP-IID-RESP-BB-v1","WORKING-INDEPENDENCE-RESPONDENT",0.285635196636402,0.279737009112224,0.0058981875241782,0.252085225674555,0.321282626887658,0.286683926281106,0.0691974012131027,0.0171146998376047,TRUE,199,199,0,"OK","P14-C015",25,50,1000,0.3,"balanced","medium","near_knot",20,20,0,0.001,0,0.150999999999996
"V4-CMP-TWO-STAGE-FREQ-BOOT-RESP-v1","V4-TARGET-RESPONDENT-WEIGHTED-v1",0.285635196636402,0.279737009112224,0.0058981875241782,0.222694790944066,0.341512824344368,0.282103807644217,0.118818033400302,0.0283021213312919,TRUE,199,199,0,"OK","P14-C015",25,50,1000,0.3,"balanced","medium","near_knot",20,20,0,0.001,0,0.150999999999996
"V4-CMP-MOKKEN-TWOLEVEL-DELTA-v1","V4-TARGET-RESPONDENT-WEIGHTED-v1",0.285635196636392,0.279737009112224,0.00589818752416771,0.233787111989677,0.337483281283107,0.285635196636392,0.10369616929343,0.0264535905025225,TRUE,,,0,"OK","P14-C015",25,50,1000,0.3,"balanced","medium","near_knot",20,20,0,0.001,0,0.150999999999996
"V4-PRI-TWO-STAGE-HBB-RESP-v1","V4-TARGET-RESPONDENT-WEIGHTED-v1",0.274391086941233,0.279737009112224,-0.00534592217099078,0.224960776984738,0.338907761942152,0.281934269463445,0.113946984957414,0.0290794617196652,TRUE,199,199,0,"OK","P14-C015",26,50,1000,0.3,"balanced","medium","near_knot",20,20,0,0,1,0.164999999999992
"V4-SENS-TWO-STAGE-HBB-CLUSTER-v1","V4-TARGET-EQUAL-CLUSTER-v1",0.274391086941233,0.279737009112224,-0.00534592217099078,0.209759413414614,0.332153298263657,0.270956355839136,0.122393884849043,0.0291498560365852,TRUE,199,199,0,"OK","P14-C015",26,50,1000,0.3,"balanced","medium","near_knot",20,20,0,0,1,0.164999999999992
"V4-CMP-ONE-STAGE-CLUSTER-BB-RESP-v1","V4-TARGET-RESPONDENT-WEIGHTED-v1",0.274391086941233,0.279737009112224,-0.00534592217099078,0.238069947656916,0.309122366743719,0.273596157200318,0.0710524190868025,0.0175154110350172,TRUE,199,199,0,"OK","P14-C015",26,50,1000,0.3,"balanced","medium","near_knot",20,20,0,0,1,0.164999999999992
"V4-CMP-IID-RESP-BB-v1","WORKING-INDEPENDENCE-RESPONDENT",0.274391086941233,0.279737009112224,-0.00534592217099078,0.241178161378936,0.30171556410077,0.271446862739853,0.060537402721834,0.0156995529426756,TRUE,199,199,0,"OK","P14-C015",26,50,1000,0.3,"balanced","medium","near_knot",20,20,0,0,1,0.164999999999992
"V4-CMP-TWO-STAGE-FREQ-BOOT-RESP-v1","V4-TARGET-RESPONDENT-WEIGHTED-v1",0.274391086941233,0.279737009112224,-0.00534592217099078,0.228607792935264,0.319887521865987,0.274247657400626,0.091279728930723,0.0235129047837463,TRUE,199,199,0,"OK","P14-C015",26,50,1000,0.3,"balanced","medium","near_knot",20,20,0,0,1,0.164999999999992
"V4-CMP-MOKKEN-TWOLEVEL-DELTA-v1","V4-TARGET-RESPONDENT-WEIGHTED-v1",0.274391086941223,0.279737009112224,-0.00534592217100116,0.226324109725753,0.322458064156693,0.274391086941223,0.0961339544309397,0.0245244186090235,TRUE,,,0,"OK","P14-C015",26,50,1000,0.3,"balanced","medium","near_knot",20,20,0,0,1,0.164999999999992
"V4-PRI-TWO-STAGE-HBB-RESP-v1","V4-TARGET-RESPONDENT-WEIGHTED-v1",0.26130350652656,0.279737009112224,-0.018433502585664,0.20951994263831,0.302551093260781,0.256035517949546,0.0930311506224705,0.024581615603484,TRUE,199,199,0,"OK","P14-C015",27,50,1000,0.3,"balanced","medium","near_knot",20,20,0,0,1,0.15100000000001
"V4-SENS-TWO-STAGE-HBB-CLUSTER-v1","V4-TARGET-EQUAL-CLUSTER-v1",0.26130350652656,0.279737009112224,-0.018433502585664,0.212202790505162,0.306524693516436,0.259363742010799,0.094321903011274,0.023960467520869,TRUE,199,199,0,"OK","P14-C015",27,50,1000,0.3,"balanced","medium","near_knot",20,20,0,0,1,0.15100000000001
"V4-CMP-ONE-STAGE-CLUSTER-BB-RESP-v1","V4-TARGET-RESPONDENT-WEIGHTED-v1",0.26130350652656,0.279737009112224,-0.018433502585664,0.236708726355949,0.289758615690843,0.263233671023396,0.053049889334894,0.0145231726265938,TRUE,199,199,0,"OK","P14-C015",27,50,1000,0.3,"balanced","medium","near_knot",20,20,0,0,1,0.15100000000001
"V4-CMP-IID-RESP-BB-v1","WORKING-INDEPENDENCE-RESPONDENT",0.26130350652656,0.279737009112224,-0.018433502585664,0.226281727724873,0.291561979855285,0.258921853790079,0.0652802521304118,0.0160904264014652,TRUE,199,199,0,"OK","P14-C015",27,50,1000,0.3,"balanced","medium","near_knot",20,20,0,0,1,0.15100000000001
"V4-CMP-TWO-STAGE-FREQ-BOOT-RESP-v1","V4-TARGET-RESPONDENT-WEIGHTED-v1",0.26130350652656,0.279737009112224,-0.018433502585664,0.221715511067954,0.298575678260111,0.260145594664032,0.0768601671921562,0.021236714907266,TRUE,199,199,0,"OK","P14-C015",27,50,1000,0.3,"balanced","medium","near_knot",20,20,0,0,1,0.15100000000001
"V4-CMP-MOKKEN-TWOLEVEL-DELTA-v1","V4-TARGET-RESPONDENT-WEIGHTED-v1",0.261303506526549,0.279737009112224,-0.0184335025856748,0.219848232394893,0.302758780658205,0.261303506526549,0.0829105482633119,0.0211510387224714,TRUE,,,0,"OK","P14-C015",27,50,1000,0.3,"balanced","medium","near_knot",20,20,0,0,1,0.15100000000001
"V4-PRI-TWO-STAGE-HBB-RESP-v1","V4-TARGET-RESPONDENT-WEIGHTED-v1",0.239991535533098,0.279737009112224,-0.0397454735791266,0.193651653999059,0.294747914772401,0.24419978438573,0.101096260773342,0.0271036891806462,TRUE,199,199,0,"OK","P14-C015",28,50,1000,0.3,"balanced","medium","near_knot",20,20,0,0.001,0,0.156999999999996
"V4-SENS-TWO-STAGE-HBB-CLUSTER-v1","V4-TARGET-EQUAL-CLUSTER-v1",0.239991535533098,0.279737009112224,-0.0397454735791266,0.189810640854817,0.28687986452514,0.238345252689979,0.097069223670324,0.0249579190059791,TRUE,199,199,0,"OK","P14-C015",28,50,1000,0.3,"balanced","medium","near_knot",20,20,0,0.001,0,0.156999999999996
"V4-CMP-ONE-STAGE-CLUSTER-BB-RESP-v1","V4-TARGET-RESPONDENT-WEIGHTED-v1",0.239991535533098,0.279737009112224,-0.0397454735791266,0.209114588619586,0.267882355919719,0.238498472269653,0.0587677673001329,0.0160623131197053,FALSE,199,199,0,"OK","P14-C015",28,50,1000,0.3,"balanced","medium","near_knot",20,20,0,0.001,0,0.156999999999996
"V4-CMP-IID-RESP-BB-v1","WORKING-INDEPENDENCE-RESPONDENT",0.239991535533098,0.279737009112224,-0.0397454735791266,0.209490636578075,0.274838558954954,0.242164597766514,0.0653479223768789,0.0171212523778055,FALSE,199,199,0,"OK","P14-C015",28,50,1000,0.3,"balanced","medium","near_knot",20,20,0,0.001,0,0.156999999999996
"V4-CMP-TWO-STAGE-FREQ-BOOT-RESP-v1","V4-TARGET-RESPONDENT-WEIGHTED-v1",0.239991535533098,0.279737009112224,-0.0397454735791266,0.191909582131938,0.281090172660347,0.236499877396143,0.0891805905284089,0.0223611468598338,TRUE,199,199,0,"OK","P14-C015",28,50,1000,0.3,"balanced","medium","near_knot",20,20,0,0.001,0,0.156999999999996
"V4-CMP-MOKKEN-TWOLEVEL-DELTA-v1","V4-TARGET-RESPONDENT-WEIGHTED-v1",0.239991535533083,0.279737009112224,-0.0397454735791406,0.196244473132671,0.283738597933496,0.239991535533083,0.0874941248008252,0.0223203399376131,TRUE,,,0,"OK","P14-C015",28,50,1000,0.3,"balanced","medium","near_knot",20,20,0,0.001,0,0.156999999999996
"V4-PRI-TWO-STAGE-HBB-RESP-v1","V4-TARGET-RESPONDENT-WEIGHTED-v1",0.249451654707784,0.279737009112224,-0.0302853544044403,0.201004847057349,0.3033488498813,0.252176848469324,0.102344002823951,0.0271307776008676,TRUE,199,199,0,"OK","P14-C015",29,50,1000,0.3,"balanced","medium","near_knot",20,20,0,0.003,0,0.156999999999996
"V4-SENS-TWO-STAGE-HBB-CLUSTER-v1","V4-TARGET-EQUAL-CLUSTER-v1",0.249451654707784,0.279737009112224,-0.0302853544044403,0.200358376712008,0.298633331032989,0.249495853872498,0.098274954320981,0.0252263028424112,TRUE,199,199,0,"OK","P14-C015",29,50,1000,0.3,"balanced","medium","near_knot",20,20,0,0.003,0,0.156999999999996
"V4-CMP-ONE-STAGE-CLUSTER-BB-RESP-v1","V4-TARGET-RESPONDENT-WEIGHTED-v1",0.249451654707784,0.279737009112224,-0.0302853544044403,0.217421187384246,0.280913789632278,0.249167488508262,0.0634926022480322,0.0169257121096406,TRUE,199,199,0,"OK","P14-C015",29,50,1000,0.3,"balanced","medium","near_knot",20,20,0,0.003,0,0.156999999999996
"V4-CMP-IID-RESP-BB-v1","WORKING-INDEPENDENCE-RESPONDENT",0.249451654707784,0.279737009112224,-0.0302853544044403,0.220927665828244,0.282368541089321,0.251648103458783,0.0614408752610766,0.0157690063904875,TRUE,199,199,0,"OK","P14-C015",29,50,1000,0.3,"balanced","medium","near_knot",20,20,0,0.003,0,0.156999999999996
"V4-CMP-TWO-STAGE-FREQ-BOOT-RESP-v1","V4-TARGET-RESPONDENT-WEIGHTED-v1",0.249451654707784,0.279737009112224,-0.0302853544044403,0.202945608484428,0.302643746849611,0.25279467766702,0.0996981383651836,0.0246290261010378,TRUE,199,199,0,"OK","P14-C015",29,50,1000,0.3,"balanced","medium","near_knot",20,20,0,0.003,0,0.156999999999996
"V4-CMP-MOKKEN-TWOLEVEL-DELTA-v1","V4-TARGET-RESPONDENT-WEIGHTED-v1",0.249451654707772,0.279737009112224,-0.0302853544044521,0.20524822952561,0.293655079889934,0.249451654707772,0.0884068503643244,0.0225531823701013,TRUE,,,0,"OK","P14-C015",29,50,1000,0.3,"balanced","medium","near_knot",20,20,0,0.003,0,0.156999999999996
"V4-PRI-TWO-STAGE-HBB-RESP-v1","V4-TARGET-RESPONDENT-WEIGHTED-v1",0.286355948698192,0.279737009112224,0.00661893958596832,0.22435544352351,0.343275113761322,0.283815278642416,0.118919670237812,0.0279612324302222,TRUE,199,199,0,"OK","P14-C015",30,50,1000,0.3,"balanced","medium","near_knot",20,20,0,0,1,0.158000000000001
"V4-SENS-TWO-STAGE-HBB-CLUSTER-v1","V4-TARGET-EQUAL-CLUSTER-v1",0.286355948698192,0.279737009112224,0.00661893958596832,0.239391014897493,0.338230502948036,0.288810758922764,0.0988394880505426,0.0267739030785468,TRUE,199,199,0,"OK","P14-C015",30,50,1000,0.3,"balanced","medium","near_knot",20,20,0,0,1,0.158000000000001
"V4-CMP-ONE-STAGE-CLUSTER-BB-RESP-v1","V4-TARGET-RESPONDENT-WEIGHTED-v1",0.286355948698192,0.279737009112224,0.00661893958596832,0.248333580377121,0.328962534280792,0.288648057328956,0.0806289539036711,0.0204248739021125,TRUE,199,199,0,"OK","P14-C015",30,50,1000,0.3,"balanced","medium","near_knot",20,20,0,0,1,0.158000000000001
"V4-CMP-IID-RESP-BB-v1","WORKING-INDEPENDENCE-RESPONDENT",0.286355948698192,0.279737009112224,0.00661893958596832,0.255348613252994,0.313773002154422,0.284560807703708,0.0584243889014283,0.0142696487752928,TRUE,199,199,0,"OK","P14-C015",30,50,1000,0.3,"balanced","medium","near_knot",20,20,0,0,1,0.158000000000001
"V4-CMP-TWO-STAGE-FREQ-BOOT-RESP-v1","V4-TARGET-RESPONDENT-WEIGHTED-v1",0.286355948698192,0.279737009112224,0.00661893958596832,0.237577377616543,0.33859252049395,0.288084949055247,0.101015142877407,0.0240641522226796,TRUE,199,199,0,"OK","P14-C015",30,50,1000,0.3,"balanced","medium","near_knot",20,20,0,0,1,0.158000000000001
"V4-CMP-MOKKEN-TWOLEVEL-DELTA-v1","V4-TARGET-RESPONDENT-WEIGHTED-v1",0.286355948698181,0.279737009112224,0.00661893958595661,0.237418569454769,0.335293327941592,0.286355948698181,0.0978747584868226,0.0249685094366137,TRUE,,,0,"OK","P14-C015",30,50,1000,0.3,"balanced","medium","near_knot",20,20,0,0,1,0.158000000000001
"V4-PRI-TWO-STAGE-HBB-RESP-v1","V4-TARGET-RESPONDENT-WEIGHTED-v1",0.280854656499026,0.279737009112224,0.00111764738680181,0.227499149029753,0.331932871449079,0.279716010239416,0.104433722419326,0.0255051513677437,TRUE,199,199,0,"OK","P14-C015",31,50,1000,0.3,"balanced","medium","near_knot",20,20,0,0.002,0,0.171000000000006
"V4-SENS-TWO-STAGE-HBB-CLUSTER-v1","V4-TARGET-EQUAL-CLUSTER-v1",0.280854656499026,0.279737009112224,0.00111764738680181,0.221344609834667,0.328263577557305,0.274804093695986,0.106918967722639,0.0262841753425448,TRUE,199,199,0,"OK","P14-C015",31,50,1000,0.3,"balanced","medium","near_knot",20,20,0,0.002,0,0.171000000000006
"V4-CMP-ONE-STAGE-CLUSTER-BB-RESP-v1","V4-TARGET-RESPONDENT-WEIGHTED-v1",0.280854656499026,0.279737009112224,0.00111764738680181,0.236144591918833,0.310403167299226,0.27327387960903,0.0742585753803926,0.0173564625504297,TRUE,199,199,0,"OK","P14-C015",31,50,1000,0.3,"balanced","medium","near_knot",20,20,0,0.002,0,0.171000000000006
"V4-CMP-IID-RESP-BB-v1","WORKING-INDEPENDENCE-RESPONDENT",0.280854656499026,0.279737009112224,0.00111764738680181,0.253545811476577,0.318335591415972,0.285940701446274,0.0647897799393949,0.0159972104348515,TRUE,199,199,0,"OK","P14-C015",31,50,1000,0.3,"balanced","medium","near_knot",20,20,0,0.002,0,0.171000000000006
"V4-CMP-TWO-STAGE-FREQ-BOOT-RESP-v1","V4-TARGET-RESPONDENT-WEIGHTED-v1",0.280854656499026,0.279737009112224,0.00111764738680181,0.234860527458462,0.324113179968296,0.279486853713379,0.0892526525098342,0.0233181166012949,TRUE,199,199,0,"OK","P14-C015",31,50,1000,0.3,"balanced","medium","near_knot",20,20,0,0.002,0,0.171000000000006
"V4-CMP-MOKKEN-TWOLEVEL-DELTA-v1","V4-TARGET-RESPONDENT-WEIGHTED-v1",0.280854656499016,0.279737009112224,0.0011176473867921,0.2366286548833,0.325080658114733,0.280854656499016,0.0884520032314329,0.02256470117031,TRUE,,,0,"OK","P14-C015",31,50,1000,0.3,"balanced","medium","near_knot",20,20,0,0.002,0,0.171000000000006
"V4-PRI-TWO-STAGE-HBB-RESP-v1","V4-TARGET-RESPONDENT-WEIGHTED-v1",0.285581161327626,0.279737009112224,0.0058441522154018,0.233354928839543,0.335943651057311,0.284649289948427,0.102588722217768,0.0263095985275193,TRUE,199,199,0,"OK","P14-C015",32,50,1000,0.3,"balanced","medium","near_knot",20,20,0,0.005,0,0.158999999999992
"V4-SENS-TWO-STAGE-HBB-CLUSTER-v1","V4-TARGET-EQUAL-CLUSTER-v1",0.285581161327626,0.279737009112224,0.0058441522154018,0.235192406721832,0.339157395058401,0.287174900890117,0.103964988336569,0.0271497464614498,TRUE,199,199,0,"OK","P14-C015",32,50,1000,0.3,"balanced","medium","near_knot",20,20,0,0.005,0,0.158999999999992
"V4-CMP-ONE-STAGE-CLUSTER-BB-RESP-v1","V4-TARGET-RESPONDENT-WEIGHTED-v1",0.285581161327626,0.279737009112224,0.0058441522154018,0.246648782128081,0.321450974626472,0.284049878377276,0.0748021924983913,0.0182527953834599,TRUE,199,199,0,"OK","P14-C015",32,50,1000,0.3,"balanced","medium","near_knot",20,20,0,0.005,0,0.158999999999992
"V4-CMP-IID-RESP-BB-v1","WORKING-INDEPENDENCE-RESPONDENT",0.285581161327626,0.279737009112224,0.0058441522154018,0.253386946896103,0.317479449529781,0.285433198212942,0.0640925026336776,0.0160782246644441,TRUE,199,199,0,"OK","P14-C015",32,50,1000,0.3,"balanced","medium","near_knot",20,20,0,0.005,0,0.158999999999992
"V4-CMP-TWO-STAGE-FREQ-BOOT-RESP-v1","V4-TARGET-RESPONDENT-WEIGHTED-v1",0.285581161327626,0.279737009112224,0.0058441522154018,0.236964268126663,0.333020995771772,0.284992631949217,0.096056727645109,0.0257006532378759,TRUE,199,199,0,"OK","P14-C015",32,50,1000,0.3,"balanced","medium","near_knot",20,20,0,0.005,0,0.158999999999992
"V4-CMP-MOKKEN-TWOLEVEL-DELTA-v1","V4-TARGET-RESPONDENT-WEIGHTED-v1",0.285581161327615,0.279737009112224,0.00584415221539136,0.237725334838358,0.333436987816872,0.285581161327615,0.095711652978514,0.0244166866670703,TRUE,,,0,"OK","P14-C015",32,50,1000,0.3,"balanced","medium","near_knot",20,20,0,0.005,0,0.158999999999992
"V4-PRI-TWO-STAGE-HBB-RESP-v1","V4-TARGET-RESPONDENT-WEIGHTED-v1",0.294743924722677,0.279737009112224,0.0150069156104531,0.243053581796454,0.342451249500398,0.292752415648426,0.0993976677039433,0.0258281082770395,TRUE,199,199,0,"OK","P14-C015",33,50,1000,0.3,"balanced","medium","near_knot",20,20,0,0.002,0,0.150999999999996
"V4-SENS-TWO-STAGE-HBB-CLUSTER-v1","V4-TARGET-EQUAL-CLUSTER-v1",0.294743924722677,0.279737009112224,0.0150069156104531,0.238092056311811,0.348941053344425,0.293516554828118,0.110848997032614,0.0258638801587093,TRUE,199,199,0,"OK","P14-C015",33,50,1000,0.3,"balanced","medium","near_knot",20,20,0,0.002,0,0.150999999999996
"V4-CMP-ONE-STAGE-CLUSTER-BB-RESP-v1","V4-TARGET-RESPONDENT-WEIGHTED-v1",0.294743924722677,0.279737009112224,0.0150069156104531,0.264297275001649,0.322721478702752,0.2935093768522,0.0584242037011035,0.0152482198083922,TRUE,199,199,0,"OK","P14-C015",33,50,1000,0.3,"balanced","medium","near_knot",20,20,0,0.002,0,0.150999999999996
"V4-CMP-IID-RESP-BB-v1","WORKING-INDEPENDENCE-RESPONDENT",0.294743924722677,0.279737009112224,0.0150069156104531,0.265908359019317,0.330972932953627,0.298440645986472,0.0650645739343097,0.016229819966019,TRUE,199,199,0,"OK","P14-C015",33,50,1000,0.3,"balanced","medium","near_knot",20,20,0,0.002,0,0.150999999999996
"V4-CMP-TWO-STAGE-FREQ-BOOT-RESP-v1","V4-TARGET-RESPONDENT-WEIGHTED-v1",0.294743924722677,0.279737009112224,0.0150069156104531,0.255880609266244,0.339028653429039,0.297454631347641,0.0831480441627944,0.0226991270153777,TRUE,199,199,0,"OK","P14-C015",33,50,1000,0.3,"balanced","medium","near_knot",20,20,0,0.002,0,0.150999999999996
"V4-CMP-MOKKEN-TWOLEVEL-DELTA-v1","V4-TARGET-RESPONDENT-WEIGHTED-v1",0.294743924722665,0.279737009112224,0.0150069156104411,0.248945712535278,0.340542136910052,0.294743924722665,0.0915964243747739,0.0233668641610955,TRUE,,,0,"OK","P14-C015",33,50,1000,0.3,"balanced","medium","near_knot",20,20,0,0.002,0,0.150999999999996
"V4-PRI-TWO-STAGE-HBB-RESP-v1","V4-TARGET-RESPONDENT-WEIGHTED-v1",0.28350981708898,0.279737009112224,0.00377280797675578,0.232624931860648,0.325912925939998,0.279268928900323,0.0932879940793496,0.0234753459113932,TRUE,199,199,0,"OK","P14-C015",34,50,1000,0.3,"balanced","medium","near_knot",20,20,0,0.002,0,0.153000000000006
"V4-SENS-TWO-STAGE-HBB-CLUSTER-v1","V4-TARGET-EQUAL-CLUSTER-v1",0.28350981708898,0.279737009112224,0.00377280797675578,0.232064445753091,0.334892094708289,0.28347827023069,0.102827648955198,0.0253404661238937,TRUE,199,199,0,"OK","P14-C015",34,50,1000,0.3,"balanced","medium","near_knot",20,20,0,0.002,0,0.153000000000006
"V4-CMP-ONE-STAGE-CLUSTER-BB-RESP-v1","V4-TARGET-RESPONDENT-WEIGHTED-v1",0.28350981708898,0.279737009112224,0.00377280797675578,0.254586435501818,0.30845397887043,0.281520207186124,0.053867543368612,0.0133658161663862,TRUE,199,199,0,"OK","P14-C015",34,50,1000,0.3,"balanced","medium","near_knot",20,20,0,0.002,0,0.153000000000006
"V4-CMP-IID-RESP-BB-v1","WORKING-INDEPENDENCE-RESPONDENT",0.28350981708898,0.279737009112224,0.00377280797675578,0.252050467683097,0.316683838947632,0.284367153315365,0.0646333712645347,0.0160991746469025,TRUE,199,199,0,"OK","P14-C015",34,50,1000,0.3,"balanced","medium","near_knot",20,20,0,0.002,0,0.153000000000006
"V4-CMP-TWO-STAGE-FREQ-BOOT-RESP-v1","V4-TARGET-RESPONDENT-WEIGHTED-v1",0.28350981708898,0.279737009112224,0.00377280797675578,0.242915722372729,0.322891988030399,0.282903855201564,0.07997626565767,0.0200040820736057,TRUE,199,199,0,"OK","P14-C015",34,50,1000,0.3,"balanced","medium","near_knot",20,20,0,0.002,0,0.153000000000006
"V4-CMP-MOKKEN-TWOLEVEL-DELTA-v1","V4-TARGET-RESPONDENT-WEIGHTED-v1",0.283509817088971,0.279737009112224,0.00377280797674651,0.24318473236516,0.323834901812781,0.283509817088971,0.0806501694476206,0.0205744008777148,TRUE,,,0,"OK","P14-C015",34,50,1000,0.3,"balanced","medium","near_knot",20,20,0,0.002,0,0.153000000000006
"V4-PRI-TWO-STAGE-HBB-RESP-v1","V4-TARGET-RESPONDENT-WEIGHTED-v1",0.285196254857,0.279737009112224,0.00545924574477602,0.225423512676897,0.347056920023105,0.286240216350001,0.121633407346208,0.030212143083055,TRUE,199,199,0,"OK","P14-C015",35,50,1000,0.3,"balanced","medium","near_knot",20,20,0,0.003,0,0.158000000000001
"V4-SENS-TWO-STAGE-HBB-CLUSTER-v1","V4-TARGET-EQUAL-CLUSTER-v1",0.285196254857,0.279737009112224,0.00545924574477602,0.235200515737535,0.353457594940819,0.294329055339177,0.118257079203285,0.0286105718224049,TRUE,199,199,0,"OK","P14-C015",35,50,1000,0.3,"balanced","medium","near_knot",20,20,0,0.003,0,0.158000000000001
"V4-CMP-ONE-STAGE-CLUSTER-BB-RESP-v1","V4-TARGET-RESPONDENT-WEIGHTED-v1",0.285196254857,0.279737009112224,0.00545924574477602,0.245316198079839,0.32572215743711,0.285519177758474,0.0804059593572709,0.0205768048984152,TRUE,199,199,0,"OK","P14-C015",35,50,1000,0.3,"balanced","medium","near_knot",20,20,0,0.003,0,0.158000000000001
"V4-CMP-IID-RESP-BB-v1","WORKING-INDEPENDENCE-RESPONDENT",0.285196254857,0.279737009112224,0.00545924574477602,0.251148193270842,0.314501324311119,0.28282475879098,0.0633531310402766,0.0163516310978554,TRUE,199,199,0,"OK","P14-C015",35,50,1000,0.3,"balanced","medium","near_knot",20,20,0,0.003,0,0.158000000000001
"V4-CMP-TWO-STAGE-FREQ-BOOT-RESP-v1","V4-TARGET-RESPONDENT-WEIGHTED-v1",0.285196254857,0.279737009112224,0.00545924574477602,0.238066729411993,0.329415039423817,0.283740884417905,0.0913483100118243,0.02272388735109,TRUE,199,199,0,"OK","P14-C015",35,50,1000,0.3,"balanced","medium","near_knot",20,20,0,0.003,0,0.158000000000001
"V4-CMP-MOKKEN-TWOLEVEL-DELTA-v1","V4-TARGET-RESPONDENT-WEIGHTED-v1",0.285196254856991,0.279737009112224,0.00545924574476686,0.236784333221738,0.333608176492244,0.285196254856991,0.0968238432705059,0.0247004138938879,TRUE,,,0,"OK","P14-C015",35,50,1000,0.3,"balanced","medium","near_knot",20,20,0,0.003,0,0.158000000000001
"V4-PRI-TWO-STAGE-HBB-RESP-v1","V4-TARGET-RESPONDENT-WEIGHTED-v1",0.298300277059894,0.279737009112224,0.0185632679476696,0.245784273117231,0.354799866087126,0.300292069602179,0.109015592969894,0.0281028765449821,TRUE,199,199,0,"OK","P14-C015",36,50,1000,0.3,"balanced","medium","near_knot",20,20,0,0.003,0,0.156999999999996
"V4-SENS-TWO-STAGE-HBB-CLUSTER-v1","V4-TARGET-EQUAL-CLUSTER-v1",0.298300277059894,0.279737009112224,0.0185632679476696,0.239498071175756,0.35629670164209,0.297897386408923,0.116798630466334,0.0287234224084688,TRUE,199,199,0,"OK","P14-C015",36,50,1000,0.3,"balanced","medium","near_knot",20,20,0,0.003,0,0.156999999999996
"V4-CMP-ONE-STAGE-CLUSTER-BB-RESP-v1","V4-TARGET-RESPONDENT-WEIGHTED-v1",0.298300277059894,0.279737009112224,0.0185632679476696,0.256993701338281,0.331804159176776,0.294398930257529,0.074810457838495,0.0184757602049142,TRUE,199,199,0,"OK","P14-C015",36,50,1000,0.3,"balanced","medium","near_knot",20,20,0,0.003,0,0.156999999999996
"V4-CMP-IID-RESP-BB-v1","WORKING-INDEPENDENCE-RESPONDENT",0.298300277059894,0.279737009112224,0.0185632679476696,0.267386523239221,0.3292820804581,0.29833430184866,0.0618955572188788,0.0166127921724291,TRUE,199,199,0,"OK","P14-C015",36,50,1000,0.3,"balanced","medium","near_knot",20,20,0,0.003,0,0.156999999999996
"V4-CMP-TWO-STAGE-FREQ-BOOT-RESP-v1","V4-TARGET-RESPONDENT-WEIGHTED-v1",0.298300277059894,0.279737009112224,0.0185632679476696,0.259387279093172,0.348208072255211,0.303797675674192,0.0888207931620387,0.0226976999640848,TRUE,199,199,0,"OK","P14-C015",36,50,1000,0.3,"balanced","medium","near_knot",20,20,0,0.003,0,0.156999999999996
"V4-CMP-MOKKEN-TWOLEVEL-DELTA-v1","V4-TARGET-RESPONDENT-WEIGHTED-v1",0.298300277059882,0.279737009112224,0.0185632679476581,0.252118409758688,0.344482144361076,0.298300277059882,0.0923637346023876,0.0235626101629777,TRUE,,,0,"OK","P14-C015",36,50,1000,0.3,"balanced","medium","near_knot",20,20,0,0.003,0,0.156999999999996
"V4-PRI-TWO-STAGE-HBB-RESP-v1","V4-TARGET-RESPONDENT-WEIGHTED-v1",0.280276397133371,0.279737009112224,0.000539388021146447,0.225414432901379,0.342687663417331,0.284051048159355,0.117273230515951,0.0301869068887553,TRUE,199,199,0,"OK","P14-C015",37,50,1000,0.3,"balanced","medium","near_knot",20,20,0,0.003,0,0.170000000000002
"V4-SENS-TWO-STAGE-HBB-CLUSTER-v1","V4-TARGET-EQUAL-CLUSTER-v1",0.280276397133371,0.279737009112224,0.000539388021146447,0.231595023689088,0.341937428905652,0.28676622629737,0.110342405216564,0.0296674559678264,TRUE,199,199,0,"OK","P14-C015",37,50,1000,0.3,"balanced","medium","near_knot",20,20,0,0.003,0,0.170000000000002
"V4-CMP-ONE-STAGE-CLUSTER-BB-RESP-v1","V4-TARGET-RESPONDENT-WEIGHTED-v1",0.280276397133371,0.279737009112224,0.000539388021146447,0.238868074034188,0.317364748384704,0.278116411209446,0.078496674350516,0.019053757724274,TRUE,199,199,0,"OK","P14-C015",37,50,1000,0.3,"balanced","medium","near_knot",20,20,0,0.003,0,0.170000000000002
"V4-CMP-IID-RESP-BB-v1","WORKING-INDEPENDENCE-RESPONDENT",0.280276397133371,0.279737009112224,0.000539388021146447,0.246800535443824,0.315296601651664,0.281048568547744,0.0684960662078399,0.0166200454254134,TRUE,199,199,0,"OK","P14-C015",37,50,1000,0.3,"balanced","medium","near_knot",20,20,0,0.003,0,0.170000000000002
"V4-CMP-TWO-STAGE-FREQ-BOOT-RESP-v1","V4-TARGET-RESPONDENT-WEIGHTED-v1",0.280276397133371,0.279737009112224,0.000539388021146447,0.230566096690491,0.334946830916168,0.28275646380333,0.104380734225677,0.02577147514166,TRUE,199,199,0,"OK","P14-C015",37,50,1000,0.3,"balanced","medium","near_knot",20,20,0,0.003,0,0.170000000000002
"V4-CMP-MOKKEN-TWOLEVEL-DELTA-v1","V4-TARGET-RESPONDENT-WEIGHTED-v1",0.28027639713336,0.279737009112224,0.000539388021135734,0.232049240593387,0.328503553673333,0.28027639713336,0.0964543130799455,0.0246061442559059,TRUE,,,0,"OK","P14-C015",37,50,1000,0.3,"balanced","medium","near_knot",20,20,0,0.003,0,0.170000000000002
"V4-PRI-TWO-STAGE-HBB-RESP-v1","V4-TARGET-RESPONDENT-WEIGHTED-v1",0.296120857558062,0.279737009112224,0.0163838484458382,0.239625266110548,0.351904092113661,0.295764679112104,0.112278826003113,0.0282202087309416,TRUE,199,199,0,"OK","P14-C015",38,50,1000,0.3,"balanced","medium","near_knot",20,20,0,0.002,0,0.171999999999997
"V4-SENS-TWO-STAGE-HBB-CLUSTER-v1","V4-TARGET-EQUAL-CLUSTER-v1",0.296120857558062,0.279737009112224,0.0163838484458382,0.23711284270123,0.352667441613292,0.294890142157261,0.115554598912061,0.0290169418171978,TRUE,199,199,0,"OK","P14-C015",38,50,1000,0.3,"balanced","medium","near_knot",20,20,0,0.002,0,0.171999999999997
"V4-CMP-ONE-STAGE-CLUSTER-BB-RESP-v1","V4-TARGET-RESPONDENT-WEIGHTED-v1",0.296120857558062,0.279737009112224,0.0163838484458382,0.251723545502642,0.338058457027927,0.294891001265285,0.0863349115252852,0.0212864924071072,TRUE,199,199,0,"OK","P14-C015",38,50,1000,0.3,"balanced","medium","near_knot",20,20,0,0.002,0,0.171999999999997
"V4-CMP-IID-RESP-BB-v1","WORKING-INDEPENDENCE-RESPONDENT",0.296120857558062,0.279737009112224,0.0163838484458382,0.270875246679281,0.322675523842642,0.296775385260962,0.0518002771633613,0.0138158177032183,TRUE,199,199,0,"OK","P14-C015",38,50,1000,0.3,"balanced","medium","near_knot",20,20,0,0.002,0,0.171999999999997
"V4-CMP-TWO-STAGE-FREQ-BOOT-RESP-v1","V4-TARGET-RESPONDENT-WEIGHTED-v1",0.296120857558062,0.279737009112224,0.0163838484458382,0.242730800780536,0.345699341699099,0.294215071239817,0.102968540918563,0.0244490642327749,TRUE,199,199,0,"OK","P14-C015",38,50,1000,0.3,"balanced","medium","near_knot",20,20,0,0.002,0,0.171999999999997
"V4-CMP-MOKKEN-TWOLEVEL-DELTA-v1","V4-TARGET-RESPONDENT-WEIGHTED-v1",0.29612085755805,0.279737009112224,0.016383848445826,0.244233605076211,0.348008110039889,0.29612085755805,0.103774504963678,0.0264735744590814,TRUE,,,0,"OK","P14-C015",38,50,1000,0.3,"balanced","medium","near_knot",20,20,0,0.002,0,0.171999999999997
"V4-PRI-TWO-STAGE-HBB-RESP-v1","V4-TARGET-RESPONDENT-WEIGHTED-v1",0.273567739602493,0.279737009112224,-0.00616926950973151,0.221405160179902,0.333092852894028,0.277249006536965,0.111687692714127,0.0264044030323966,TRUE,199,199,0,"OK","P14-C015",39,50,1000,0.3,"balanced","medium","near_knot",20,20,0,0,1,0.171000000000006
"V4-SENS-TWO-STAGE-HBB-CLUSTER-v1","V4-TARGET-EQUAL-CLUSTER-v1",0.273567739602493,0.279737009112224,-0.00616926950973151,0.218217224749833,0.327574434924778,0.272895829837306,0.109357210174946,0.0295097680832233,TRUE,199,199,0,"OK","P14-C015",39,50,1000,0.3,"balanced","medium","near_knot",20,20,0,0,1,0.171000000000006
"V4-CMP-ONE-STAGE-CLUSTER-BB-RESP-v1","V4-TARGET-RESPONDENT-WEIGHTED-v1",0.273567739602493,0.279737009112224,-0.00616926950973151,0.23652756764921,0.30283906229229,0.26968331497075,0.0663114946430796,0.0163249645818034,TRUE,199,199,0,"OK","P14-C015",39,50,1000,0.3,"balanced","medium","near_knot",20,20,0,0,1,0.171000000000006
"V4-CMP-IID-RESP-BB-v1","WORKING-INDEPENDENCE-RESPONDENT",0.273567739602493,0.279737009112224,-0.00616926950973151,0.23957238518872,0.303205785495033,0.271389085341877,0.0636334003063125,0.0155220285968392,TRUE,199,199,0,"OK","P14-C015",39,50,1000,0.3,"balanced","medium","near_knot",20,20,0,0,1,0.171000000000006
"V4-CMP-TWO-STAGE-FREQ-BOOT-RESP-v1","V4-TARGET-RESPONDENT-WEIGHTED-v1",0.273567739602493,0.279737009112224,-0.00616926950973151,0.218921205567362,0.319520155498411,0.269220680532887,0.100598949931049,0.0236840021979001,TRUE,199,199,0,"OK","P14-C015",39,50,1000,0.3,"balanced","medium","near_knot",20,20,0,0,1,0.171000000000006
"V4-CMP-MOKKEN-TWOLEVEL-DELTA-v1","V4-TARGET-RESPONDENT-WEIGHTED-v1",0.273567739602481,0.279737009112224,-0.00616926950974284,0.22715162861569,0.319983850589272,0.273567739602481,0.0928322219735824,0.0236821244435692,TRUE,,,0,"OK","P14-C015",39,50,1000,0.3,"balanced","medium","near_knot",20,20,0,0,1,0.171000000000006
"V4-PRI-TWO-STAGE-HBB-RESP-v1","V4-TARGET-RESPONDENT-WEIGHTED-v1",0.323109631587797,0.279737009112224,0.0433726224755732,0.269457427953058,0.37908754095049,0.324272484451774,0.109630112997432,0.0267836113842411,TRUE,199,199,0,"OK","P14-C015",40,50,1000,0.3,"balanced","medium","near_knot",20,20,0,0.001,0,0.152999999999992
"V4-SENS-TWO-STAGE-HBB-CLUSTER-v1","V4-TARGET-EQUAL-CLUSTER-v1",0.323109631587797,0.279737009112224,0.0433726224755732,0.26127429957568,0.370286519494159,0.31578040953492,0.10901221991848,0.0296554843103654,TRUE,199,199,0,"OK","P14-C015",40,50,1000,0.3,"balanced","medium","near_knot",20,20,0,0.001,0,0.152999999999992
"V4-CMP-ONE-STAGE-CLUSTER-BB-RESP-v1","V4-TARGET-RESPONDENT-WEIGHTED-v1",0.323109631587797,0.279737009112224,0.0433726224755732,0.287431214562696,0.36444990453916,0.325940559550928,0.0770186899764644,0.0198500497472808,FALSE,199,199,0,"OK","P14-C015",40,50,1000,0.3,"balanced","medium","near_knot",20,20,0,0.001,0,0.152999999999992
"V4-CMP-IID-RESP-BB-v1","WORKING-INDEPENDENCE-RESPONDENT",0.323109631587797,0.279737009112224,0.0433726224755732,0.290172618807633,0.35162953452477,0.320901076666202,0.0614569157171372,0.0158400556939113,FALSE,199,199,0,"OK","P14-C015",40,50,1000,0.3,"balanced","medium","near_knot",20,20,0,0.001,0,0.152999999999992
"V4-CMP-TWO-STAGE-FREQ-BOOT-RESP-v1","V4-TARGET-RESPONDENT-WEIGHTED-v1",0.323109631587797,0.279737009112224,0.0433726224755732,0.271454700534247,0.37054440036663,0.320999550450438,0.099089699832383,0.0242992600724734,TRUE,199,199,0,"OK","P14-C015",40,50,1000,0.3,"balanced","medium","near_knot",20,20,0,0.001,0,0.152999999999992
"V4-CMP-MOKKEN-TWOLEVEL-DELTA-v1","V4-TARGET-RESPONDENT-WEIGHTED-v1",0.323109631587788,0.279737009112224,0.0433726224755642,0.274588436483868,0.371630826691709,0.323109631587788,0.0970423902078414,0.024756166688087,TRUE,,,0,"OK","P14-C015",40,50,1000,0.3,"balanced","medium","near_knot",20,20,0,0.001,0,0.152999999999992
"V4-PRI-TWO-STAGE-HBB-RESP-v1","V4-TARGET-RESPONDENT-WEIGHTED-v1",0.287817097119457,0.279737009112224,0.00808008800723331,0.239734556298751,0.338964425305799,0.289349490802275,0.0992298690070488,0.0252078033781394,TRUE,199,199,0,"OK","P14-C015",41,50,1000,0.3,"balanced","medium","near_knot",20,20,0,0.002,0,0.152000000000001
"V4-SENS-TWO-STAGE-HBB-CLUSTER-v1","V4-TARGET-EQUAL-CLUSTER-v1",0.287817097119457,0.279737009112224,0.00808008800723331,0.236050395884307,0.338101991029562,0.287076193456935,0.102051595145255,0.0269790265916524,TRUE,199,199,0,"OK","P14-C015",41,50,1000,0.3,"balanced","medium","near_knot",20,20,0,0.002,0,0.152000000000001
"V4-CMP-ONE-STAGE-CLUSTER-BB-RESP-v1","V4-TARGET-RESPONDENT-WEIGHTED-v1",0.287817097119457,0.279737009112224,0.00808008800723331,0.252033963277856,0.325685804082661,0.288859883680259,0.0736518408048059,0.0182702887284588,TRUE,199,199,0,"OK","P14-C015",41,50,1000,0.3,"balanced","medium","near_knot",20,20,0,0.002,0,0.152000000000001
"V4-CMP-IID-RESP-BB-v1","WORKING-INDEPENDENCE-RESPONDENT",0.287817097119457,0.279737009112224,0.00808008800723331,0.255318681392461,0.32005423139206,0.28768645639226,0.0647355499995997,0.0160405348164911,TRUE,199,199,0,"OK","P14-C015",41,50,1000,0.3,"balanced","medium","near_knot",20,20,0,0.002,0,0.152000000000001
"V4-CMP-TWO-STAGE-FREQ-BOOT-RESP-v1","V4-TARGET-RESPONDENT-WEIGHTED-v1",0.287817097119457,0.279737009112224,0.00808008800723331,0.243527577561788,0.337647355040054,0.290587466300921,0.0941197774782661,0.0246787494346665,TRUE,199,199,0,"OK","P14-C015",41,50,1000,0.3,"balanced","medium","near_knot",20,20,0,0.002,0,0.152000000000001
"V4-CMP-MOKKEN-TWOLEVEL-DELTA-v1","V4-TARGET-RESPONDENT-WEIGHTED-v1",0.287817097119447,0.279737009112224,0.00808008800722271,0.241509389400941,0.334124804837953,0.287817097119447,0.092615415437012,0.0236268156373154,TRUE,,,0,"OK","P14-C015",41,50,1000,0.3,"balanced","medium","near_knot",20,20,0,0.002,0,0.152000000000001
"V4-PRI-TWO-STAGE-HBB-RESP-v1","V4-TARGET-RESPONDENT-WEIGHTED-v1",0.314899286410283,0.279737009112224,0.0351622772980592,0.264997614685,0.369276855214906,0.317137234949953,0.104279240529906,0.0254317669577192,TRUE,199,199,0,"OK","P14-C015",42,50,1000,0.3,"balanced","medium","near_knot",20,20,0,0,1,0.161000000000001
"V4-SENS-TWO-STAGE-HBB-CLUSTER-v1","V4-TARGET-EQUAL-CLUSTER-v1",0.314899286410283,0.279737009112224,0.0351622772980592,0.262254608935533,0.364209312477738,0.313231960706636,0.101954703542205,0.0274263480173793,TRUE,199,199,0,"OK","P14-C015",42,50,1000,0.3,"balanced","medium","near_knot",20,20,0,0,1,0.161000000000001
"V4-CMP-ONE-STAGE-CLUSTER-BB-RESP-v1","V4-TARGET-RESPONDENT-WEIGHTED-v1",0.314899286410283,0.279737009112224,0.0351622772980592,0.281838415174847,0.347337398819651,0.314587906997249,0.0654989836448036,0.0169272697751237,FALSE,199,199,0,"OK","P14-C015",42,50,1000,0.3,"balanced","medium","near_knot",20,20,0,0,1,0.161000000000001
"V4-CMP-IID-RESP-BB-v1","WORKING-INDEPENDENCE-RESPONDENT",0.314899286410283,0.279737009112224,0.0351622772980592,0.28240343527127,0.345403208833527,0.313903322052399,0.0629997735622564,0.0172928977304441,FALSE,199,199,0,"OK","P14-C015",42,50,1000,0.3,"balanced","medium","near_knot",20,20,0,0,1,0.161000000000001
"V4-CMP-TWO-STAGE-FREQ-BOOT-RESP-v1","V4-TARGET-RESPONDENT-WEIGHTED-v1",0.314899286410283,0.279737009112224,0.0351622772980592,0.270436301576732,0.365699499929745,0.318067900753239,0.0952631983530131,0.0249212239136267,TRUE,199,199,0,"OK","P14-C015",42,50,1000,0.3,"balanced","medium","near_knot",20,20,0,0,1,0.161000000000001
"V4-CMP-MOKKEN-TWOLEVEL-DELTA-v1","V4-TARGET-RESPONDENT-WEIGHTED-v1",0.314899286410274,0.279737009112224,0.03516227729805,0.269446710205728,0.36035186261482,0.314899286410274,0.090905152409092,0.0231905160314527,TRUE,,,0,"OK","P14-C015",42,50,1000,0.3,"balanced","medium","near_knot",20,20,0,0,1,0.161000000000001
"V4-PRI-TWO-STAGE-HBB-RESP-v1","V4-TARGET-RESPONDENT-WEIGHTED-v1",0.288119951126438,0.279737009112224,0.00838294201421358,0.235426016899029,0.345154593827888,0.290290305363459,0.109728576928859,0.0290173520190881,TRUE,199,199,0,"OK","P14-C015",43,50,1000,0.3,"balanced","medium","near_knot",20,20,0,0.003,0,0.162999999999997
"V4-SENS-TWO-STAGE-HBB-CLUSTER-v1","V4-TARGET-EQUAL-CLUSTER-v1",0.288119951126438,0.279737009112224,0.00838294201421358,0.232437992823118,0.348628810044466,0.290533401433792,0.116190817221349,0.0293941434287827,TRUE,199,199,0,"OK","P14-C015",43,50,1000,0.3,"balanced","medium","near_knot",20,20,0,0.003,0,0.162999999999997
"V4-CMP-ONE-STAGE-CLUSTER-BB-RESP-v1","V4-TARGET-RESPONDENT-WEIGHTED-v1",0.288119951126438,0.279737009112224,0.00838294201421358,0.253927431527755,0.326951363338199,0.290439397432977,0.0730239318104448,0.0192850917981487,TRUE,199,199,0,"OK","P14-C015",43,50,1000,0.3,"balanced","medium","near_knot",20,20,0,0.003,0,0.162999999999997
"V4-CMP-IID-RESP-BB-v1","WORKING-INDEPENDENCE-RESPONDENT",0.288119951126438,0.279737009112224,0.00838294201421358,0.256552203999378,0.320326889539803,0.28843954676959,0.0637746855404245,0.0155834550612069,TRUE,199,199,0,"OK","P14-C015",43,50,1000,0.3,"balanced","medium","near_knot",20,20,0,0.003,0,0.162999999999997
"V4-CMP-TWO-STAGE-FREQ-BOOT-RESP-v1","V4-TARGET-RESPONDENT-WEIGHTED-v1",0.288119951126438,0.279737009112224,0.00838294201421358,0.234529805528607,0.334162873991841,0.284346339760224,0.0996330684632336,0.0254207678488136,TRUE,199,199,0,"OK","P14-C015",43,50,1000,0.3,"balanced","medium","near_knot",20,20,0,0.003,0,0.162999999999997
"V4-CMP-MOKKEN-TWOLEVEL-DELTA-v1","V4-TARGET-RESPONDENT-WEIGHTED-v1",0.288119951126424,0.279737009112224,0.00838294201420031,0.238943411319484,0.337296490933365,0.288119951126424,0.0983530796138814,0.0250905323744921,TRUE,,,0,"OK","P14-C015",43,50,1000,0.3,"balanced","medium","near_knot",20,20,0,0.003,0,0.162999999999997
"V4-PRI-TWO-STAGE-HBB-RESP-v1","V4-TARGET-RESPONDENT-WEIGHTED-v1",0.258327554328061,0.279737009112224,-0.0214094547841626,0.207166115700814,0.315658203520655,0.261412159610734,0.108492087819841,0.0289002766698561,TRUE,199,199,0,"OK","P14-C015",44,50,1000,0.3,"balanced","medium","near_knot",20,20,0,0.005,0,0.160000000000011
"V4-SENS-TWO-STAGE-HBB-CLUSTER-v1","V4-TARGET-EQUAL-CLUSTER-v1",0.258327554328061,0.279737009112224,-0.0214094547841626,0.202028712452282,0.319264012701278,0.26064636257678,0.117235300248996,0.0278770021303753,TRUE,199,199,0,"OK","P14-C015",44,50,1000,0.3,"balanced","medium","near_knot",20,20,0,0.005,0,0.160000000000011
"V4-CMP-ONE-STAGE-CLUSTER-BB-RESP-v1","V4-TARGET-RESPONDENT-WEIGHTED-v1",0.258327554328061,0.279737009112224,-0.0214094547841626,0.221683861669614,0.299979976087719,0.260831918878667,0.0782961144181046,0.0193378515560197,TRUE,199,199,0,"OK","P14-C015",44,50,1000,0.3,"balanced","medium","near_knot",20,20,0,0.005,0,0.160000000000011
"V4-CMP-IID-RESP-BB-v1","WORKING-INDEPENDENCE-RESPONDENT",0.258327554328061,0.279737009112224,-0.0214094547841626,0.22843614345421,0.292683355588067,0.260559749521139,0.064247212133857,0.0151198222630014,TRUE,199,199,0,"OK","P14-C015",44,50,1000,0.3,"balanced","medium","near_knot",20,20,0,0.005,0,0.160000000000011
"V4-CMP-TWO-STAGE-FREQ-BOOT-RESP-v1","V4-TARGET-RESPONDENT-WEIGHTED-v1",0.258327554328061,0.279737009112224,-0.0214094547841626,0.209442965082084,0.310216461029171,0.259829713055627,0.100773495947087,0.0253802821662018,TRUE,199,199,0,"OK","P14-C015",44,50,1000,0.3,"balanced","medium","near_knot",20,20,0,0.005,0,0.160000000000011
"V4-CMP-MOKKEN-TWOLEVEL-DELTA-v1","V4-TARGET-RESPONDENT-WEIGHTED-v1",0.258327554328052,0.279737009112224,-0.0214094547841726,0.211971428264551,0.304683680391552,0.258327554328052,0.0927122521270014,0.0236515193284938,TRUE,,,0,"OK","P14-C015",44,50,1000,0.3,"balanced","medium","near_knot",20,20,0,0.005,0,0.160000000000011
"V4-PRI-TWO-STAGE-HBB-RESP-v1","V4-TARGET-RESPONDENT-WEIGHTED-v1",0.284176723947597,0.279737009112224,0.00443971483537337,0.225923202846575,0.330156205855269,0.278039704350922,0.104233003008694,0.0269411422816024,TRUE,199,199,0,"OK","P14-C015",45,50,1000,0.3,"balanced","medium","near_knot",20,20,0,0.004,0,0.171999999999997
"V4-SENS-TWO-STAGE-HBB-CLUSTER-v1","V4-TARGET-EQUAL-CLUSTER-v1",0.284176723947597,0.279737009112224,0.00443971483537337,0.227435809016957,0.333617564065725,0.280526686541341,0.106181755048769,0.0272658452472061,TRUE,199,199,0,"OK","P14-C015",45,50,1000,0.3,"balanced","medium","near_knot",20,20,0,0.004,0,0.171999999999997
"V4-CMP-ONE-STAGE-CLUSTER-BB-RESP-v1","V4-TARGET-RESPONDENT-WEIGHTED-v1",0.284176723947597,0.279737009112224,0.00443971483537337,0.246431307571254,0.314907149662697,0.280669228616975,0.0684758420914437,0.0169628128008879,TRUE,199,199,0,"OK","P14-C015",45,50,1000,0.3,"balanced","medium","near_knot",20,20,0,0.004,0,0.171999999999997
"V4-CMP-IID-RESP-BB-v1","WORKING-INDEPENDENCE-RESPONDENT",0.284176723947597,0.279737009112224,0.00443971483537337,0.252816398718818,0.311333873222472,0.282075135970645,0.0585174745036541,0.0156988968613193,TRUE,199,199,0,"OK","P14-C015",45,50,1000,0.3,"balanced","medium","near_knot",20,20,0,0.004,0,0.171999999999997
"V4-CMP-TWO-STAGE-FREQ-BOOT-RESP-v1","V4-TARGET-RESPONDENT-WEIGHTED-v1",0.284176723947597,0.279737009112224,0.00443971483537337,0.232088045317214,0.331077757630353,0.281582901473784,0.0989897123131383,0.0250952947972264,TRUE,199,199,0,"OK","P14-C015",45,50,1000,0.3,"balanced","medium","near_knot",20,20,0,0.004,0,0.171999999999997
"V4-CMP-MOKKEN-TWOLEVEL-DELTA-v1","V4-TARGET-RESPONDENT-WEIGHTED-v1",0.284176723947587,0.279737009112224,0.00443971483536287,0.236758526181511,0.331594921713663,0.284176723947587,0.0948363955321528,0.0241934026033668,TRUE,,,0,"OK","P14-C015",45,50,1000,0.3,"balanced","medium","near_knot",20,20,0,0.004,0,0.171999999999997
"V4-PRI-TWO-STAGE-HBB-RESP-v1","V4-TARGET-RESPONDENT-WEIGHTED-v1",0.248799389920244,0.279737009112224,-0.0309376191919805,0.189428384627129,0.296473991356342,0.242951187991735,0.107045606729213,0.0273447633273946,TRUE,199,199,0,"OK","P14-C015",46,50,1000,0.3,"balanced","medium","near_knot",20,20,0,0,1,0.159999999999997
"V4-SENS-TWO-STAGE-HBB-CLUSTER-v1","V4-TARGET-EQUAL-CLUSTER-v1",0.248799389920244,0.279737009112224,-0.0309376191919805,0.196478863238224,0.304803603282123,0.250641233260173,0.108324740043899,0.0268392722320175,TRUE,199,199,0,"OK","P14-C015",46,50,1000,0.3,"balanced","medium","near_knot",20,20,0,0,1,0.159999999999997
"V4-CMP-ONE-STAGE-CLUSTER-BB-RESP-v1","V4-TARGET-RESPONDENT-WEIGHTED-v1",0.248799389920244,0.279737009112224,-0.0309376191919805,0.215750081775665,0.283028679632713,0.249389380704189,0.0672785978570474,0.0172087025172645,TRUE,199,199,0,"OK","P14-C015",46,50,1000,0.3,"balanced","medium","near_knot",20,20,0,0,1,0.159999999999997
"V4-CMP-IID-RESP-BB-v1","WORKING-INDEPENDENCE-RESPONDENT",0.248799389920244,0.279737009112224,-0.0309376191919805,0.219241455913343,0.283659551124749,0.251450503519046,0.0644180952114061,0.0165911224514204,TRUE,199,199,0,"OK","P14-C015",46,50,1000,0.3,"balanced","medium","near_knot",20,20,0,0,1,0.159999999999997
"V4-CMP-TWO-STAGE-FREQ-BOOT-RESP-v1","V4-TARGET-RESPONDENT-WEIGHTED-v1",0.248799389920244,0.279737009112224,-0.0309376191919805,0.197295832526969,0.29130652022856,0.244301176377765,0.0940106877015912,0.0240293819744954,TRUE,199,199,0,"OK","P14-C015",46,50,1000,0.3,"balanced","medium","near_knot",20,20,0,0,1,0.159999999999997
"V4-CMP-MOKKEN-TWOLEVEL-DELTA-v1","V4-TARGET-RESPONDENT-WEIGHTED-v1",0.248799389920233,0.279737009112224,-0.0309376191919911,0.20069730454937,0.296901475291096,0.248799389920233,0.0962041707417264,0.0245423312623529,TRUE,,,0,"OK","P14-C015",46,50,1000,0.3,"balanced","medium","near_knot",20,20,0,0,1,0.159999999999997
"V4-PRI-TWO-STAGE-HBB-RESP-v1","V4-TARGET-RESPONDENT-WEIGHTED-v1",0.251685399276617,0.279737009112224,-0.0280516098356071,0.192125793167329,0.297057747926726,0.244591770547027,0.104931954759397,0.0264841751120641,TRUE,199,199,0,"OK","P14-C015",47,50,1000,0.3,"balanced","medium","near_knot",20,20,0,0.001,0,0.156000000000006
"V4-SENS-TWO-STAGE-HBB-CLUSTER-v1","V4-TARGET-EQUAL-CLUSTER-v1",0.251685399276617,0.279737009112224,-0.0280516098356071,0.205515962636344,0.308173624799617,0.25684479371798,0.102657662163272,0.0263946027211657,TRUE,199,199,0,"OK","P14-C015",47,50,1000,0.3,"balanced","medium","near_knot",20,20,0,0.001,0,0.156000000000006
"V4-CMP-ONE-STAGE-CLUSTER-BB-RESP-v1","V4-TARGET-RESPONDENT-WEIGHTED-v1",0.251685399276617,0.279737009112224,-0.0280516098356071,0.214527676360004,0.296320391040246,0.255424033700125,0.0817927146802419,0.0191880967902864,TRUE,199,199,0,"OK","P14-C015",47,50,1000,0.3,"balanced","medium","near_knot",20,20,0,0.001,0,0.156000000000006
"V4-CMP-IID-RESP-BB-v1","WORKING-INDEPENDENCE-RESPONDENT",0.251685399276617,0.279737009112224,-0.0280516098356071,0.221071019972981,0.279190600129746,0.250130810051364,0.0581195801567656,0.0147218736404966,FALSE,199,199,0,"OK","P14-C015",47,50,1000,0.3,"balanced","medium","near_knot",20,20,0,0.001,0,0.156000000000006
"V4-CMP-TWO-STAGE-FREQ-BOOT-RESP-v1","V4-TARGET-RESPONDENT-WEIGHTED-v1",0.251685399276617,0.279737009112224,-0.0280516098356071,0.206423458482051,0.29257314142232,0.249498299952185,0.0861496829402688,0.0210131431694333,TRUE,199,199,0,"OK","P14-C015",47,50,1000,0.3,"balanced","medium","near_knot",20,20,0,0.001,0,0.156000000000006
"V4-CMP-MOKKEN-TWOLEVEL-DELTA-v1","V4-TARGET-RESPONDENT-WEIGHTED-v1",0.251685399276605,0.279737009112224,-0.0280516098356186,0.205731799750217,0.297638998802994,0.251685399276605,0.091907199052777,0.0234461448724898,TRUE,,,0,"OK","P14-C015",47,50,1000,0.3,"balanced","medium","near_knot",20,20,0,0.001,0,0.156000000000006
"V4-PRI-TWO-STAGE-HBB-RESP-v1","V4-TARGET-RESPONDENT-WEIGHTED-v1",0.267005846620842,0.279737009112224,-0.0127311624913825,0.217781840375277,0.31348789764105,0.265634869008164,0.0957060572657729,0.0258347134495905,TRUE,199,199,0,"OK","P14-C015",48,50,1000,0.3,"balanced","medium","near_knot",20,20,0,0.001,0,0.168999999999997
"V4-SENS-TWO-STAGE-HBB-CLUSTER-v1","V4-TARGET-EQUAL-CLUSTER-v1",0.267005846620842,0.279737009112224,-0.0127311624913825,0.216771613797879,0.316746907233409,0.266759260515644,0.0999752934355307,0.0256124993173111,TRUE,199,199,0,"OK","P14-C015",48,50,1000,0.3,"balanced","medium","near_knot",20,20,0,0.001,0,0.168999999999997
"V4-CMP-ONE-STAGE-CLUSTER-BB-RESP-v1","V4-TARGET-RESPONDENT-WEIGHTED-v1",0.267005846620842,0.279737009112224,-0.0127311624913825,0.237670486195852,0.294450141453749,0.2660603138248,0.0567796552578977,0.0145747074712316,TRUE,199,199,0,"OK","P14-C015",48,50,1000,0.3,"balanced","medium","near_knot",20,20,0,0.001,0,0.168999999999997
"V4-CMP-IID-RESP-BB-v1","WORKING-INDEPENDENCE-RESPONDENT",0.267005846620842,0.279737009112224,-0.0127311624913825,0.236205876501509,0.301107899135661,0.268656887818585,0.0649020226341518,0.0162640445521998,TRUE,199,199,0,"OK","P14-C015",48,50,1000,0.3,"balanced","medium","near_knot",20,20,0,0.001,0,0.168999999999997
"V4-CMP-TWO-STAGE-FREQ-BOOT-RESP-v1","V4-TARGET-RESPONDENT-WEIGHTED-v1",0.267005846620842,0.279737009112224,-0.0127311624913825,0.215687825285295,0.311211269734609,0.263449547509952,0.0955234444493135,0.022548992197172,TRUE,199,199,0,"OK","P14-C015",48,50,1000,0.3,"balanced","medium","near_knot",20,20,0,0.001,0,0.168999999999997
"V4-CMP-MOKKEN-TWOLEVEL-DELTA-v1","V4-TARGET-RESPONDENT-WEIGHTED-v1",0.267005846620831,0.279737009112224,-0.0127311624913935,0.223026153700055,0.310985539541606,0.267005846620831,0.0879593858415507,0.0224390311595935,TRUE,,,0,"OK","P14-C015",48,50,1000,0.3,"balanced","medium","near_knot",20,20,0,0.001,0,0.168999999999997
"V4-PRI-TWO-STAGE-HBB-RESP-v1","V4-TARGET-RESPONDENT-WEIGHTED-v1",0.279431472035913,0.279737009112224,-0.000305537076311091,0.233541281069507,0.328027703011582,0.280784492040544,0.0944864219420745,0.024351873741463,TRUE,199,199,0,"OK","P14-C015",49,50,1000,0.3,"balanced","medium","near_knot",20,20,0,0.002,0,0.158000000000001
"V4-SENS-TWO-STAGE-HBB-CLUSTER-v1","V4-TARGET-EQUAL-CLUSTER-v1",0.279431472035913,0.279737009112224,-0.000305537076311091,0.227891011536115,0.33144681286644,0.279668912201277,0.103555801330324,0.0260180668177042,TRUE,199,199,0,"OK","P14-C015",49,50,1000,0.3,"balanced","medium","near_knot",20,20,0,0.002,0,0.158000000000001
"V4-CMP-ONE-STAGE-CLUSTER-BB-RESP-v1","V4-TARGET-RESPONDENT-WEIGHTED-v1",0.279431472035913,0.279737009112224,-0.000305537076311091,0.241514959763575,0.30969822785112,0.275606593807348,0.0681832680875447,0.0184517326213679,TRUE,199,199,0,"OK","P14-C015",49,50,1000,0.3,"balanced","medium","near_knot",20,20,0,0.002,0,0.158000000000001
"V4-CMP-IID-RESP-BB-v1","WORKING-INDEPENDENCE-RESPONDENT",0.279431472035913,0.279737009112224,-0.000305537076311091,0.250185904518471,0.30930413960671,0.279745022062591,0.0591182350882383,0.0153663974547394,TRUE,199,199,0,"OK","P14-C015",49,50,1000,0.3,"balanced","medium","near_knot",20,20,0,0.002,0,0.158000000000001
"V4-CMP-TWO-STAGE-FREQ-BOOT-RESP-v1","V4-TARGET-RESPONDENT-WEIGHTED-v1",0.279431472035913,0.279737009112224,-0.000305537076311091,0.225754318062909,0.324730208013302,0.275242263038106,0.0989758899503922,0.0238954971084286,TRUE,199,199,0,"OK","P14-C015",49,50,1000,0.3,"balanced","medium","near_knot",20,20,0,0.002,0,0.158000000000001
"V4-CMP-MOKKEN-TWOLEVEL-DELTA-v1","V4-TARGET-RESPONDENT-WEIGHTED-v1",0.279431472035901,0.279737009112224,-0.000305537076323303,0.235097377642955,0.323765566428847,0.279431472035901,0.0886681887858918,0.0226198515598489,TRUE,,,0,"OK","P14-C015",49,50,1000,0.3,"balanced","medium","near_knot",20,20,0,0.002,0,0.158000000000001
"V4-PRI-TWO-STAGE-HBB-RESP-v1","V4-TARGET-RESPONDENT-WEIGHTED-v1",0.294030783900944,0.279737009112224,0.0142937747887198,0.24683445986449,0.343866914999827,0.295350687432158,0.0970324551353372,0.0258948690519119,TRUE,199,199,0,"OK","P14-C015",50,50,1000,0.3,"balanced","medium","near_knot",20,20,0,0.001,0,0.167999999999992
"V4-SENS-TWO-STAGE-HBB-CLUSTER-v1","V4-TARGET-EQUAL-CLUSTER-v1",0.294030783900944,0.279737009112224,0.0142937747887198,0.223590405243414,0.347704849324063,0.285647627283738,0.12411444408065,0.0286937395720163,TRUE,199,199,0,"OK","P14-C015",50,50,1000,0.3,"balanced","medium","near_knot",20,20,0,0.001,0,0.167999999999992
"V4-CMP-ONE-STAGE-CLUSTER-BB-RESP-v1","V4-TARGET-RESPONDENT-WEIGHTED-v1",0.294030783900944,0.279737009112224,0.0142937747887198,0.256777223466112,0.332121353955393,0.294449288710753,0.0753441304892816,0.0194405739373596,TRUE,199,199,0,"OK","P14-C015",50,50,1000,0.3,"balanced","medium","near_knot",20,20,0,0.001,0,0.167999999999992
"V4-CMP-IID-RESP-BB-v1","WORKING-INDEPENDENCE-RESPONDENT",0.294030783900944,0.279737009112224,0.0142937747887198,0.265844524046636,0.331792588805083,0.29881855642586,0.0659480647584464,0.0157911490653379,TRUE,199,199,0,"OK","P14-C015",50,50,1000,0.3,"balanced","medium","near_knot",20,20,0,0.001,0,0.167999999999992
"V4-CMP-TWO-STAGE-FREQ-BOOT-RESP-v1","V4-TARGET-RESPONDENT-WEIGHTED-v1",0.294030783900944,0.279737009112224,0.0142937747887198,0.246297885481639,0.334839198666323,0.290568542073981,0.0885413131846843,0.0236170410427127,TRUE,199,199,0,"OK","P14-C015",50,50,1000,0.3,"balanced","medium","near_knot",20,20,0,0.001,0,0.167999999999992
"V4-CMP-MOKKEN-TWOLEVEL-DELTA-v1","V4-TARGET-RESPONDENT-WEIGHTED-v1",0.294030783900931,0.279737009112224,0.0142937747887072,0.244660712762715,0.343400855039148,0.294030783900931,0.098740142276433,0.0251892746640455,TRUE,,,0,"OK","P14-C015",50,50,1000,0.3,"balanced","medium","near_knot",20,20,0,0.001,0,0.167999999999992
"V4-PRI-TWO-STAGE-HBB-RESP-v1","V4-TARGET-RESPONDENT-WEIGHTED-v1",0.278839122050765,0.279737009112224,-0.000897887061459102,0.218379823539803,0.338774460227238,0.278577141883521,0.120394636687436,0.0288058648514577,TRUE,199,199,0,"OK","P14-C015",51,50,1000,0.3,"balanced","medium","near_knot",20,20,0,0.001,0,0.166000000000011
"V4-SENS-TWO-STAGE-HBB-CLUSTER-v1","V4-TARGET-EQUAL-CLUSTER-v1",0.278839122050765,0.279737009112224,-0.000897887061459102,0.224307495566363,0.340430849328873,0.282369172447618,0.116123353762511,0.0290170836465264,TRUE,199,199,0,"OK","P14-C015",51,50,1000,0.3,"balanced","medium","near_knot",20,20,0,0.001,0,0.166000000000011
"V4-CMP-ONE-STAGE-CLUSTER-BB-RESP-v1","V4-TARGET-RESPONDENT-WEIGHTED-v1",0.278839122050765,0.279737009112224,-0.000897887061459102,0.241009905481578,0.316315621071217,0.278662763276398,0.0753057155896383,0.0182064124535899,TRUE,199,199,0,"OK","P14-C015",51,50,1000,0.3,"balanced","medium","near_knot",20,20,0,0.001,0,0.166000000000011
"V4-CMP-IID-RESP-BB-v1","WORKING-INDEPENDENCE-RESPONDENT",0.278839122050765,0.279737009112224,-0.000897887061459102,0.249485852966705,0.31426128868355,0.281873570825128,0.0647754357168444,0.0155799194253975,TRUE,199,199,0,"OK","P14-C015",51,50,1000,0.3,"balanced","medium","near_knot",20,20,0,0.001,0,0.166000000000011
"V4-CMP-TWO-STAGE-FREQ-BOOT-RESP-v1","V4-TARGET-RESPONDENT-WEIGHTED-v1",0.278839122050765,0.279737009112224,-0.000897887061459102,0.236926658954271,0.325218715698404,0.281072687326337,0.0882920567441327,0.0236812052636006,TRUE,199,199,0,"OK","P14-C015",51,50,1000,0.3,"balanced","medium","near_knot",20,20,0,0.001,0,0.166000000000011
"V4-CMP-MOKKEN-TWOLEVEL-DELTA-v1","V4-TARGET-RESPONDENT-WEIGHTED-v1",0.278839122050753,0.279737009112224,-0.00089788706147087,0.230585625846536,0.32709261825497,0.278839122050753,0.0965069924084337,0.0246195831070542,TRUE,,,0,"OK","P14-C015",51,50,1000,0.3,"balanced","medium","near_knot",20,20,0,0.001,0,0.166000000000011
"V4-PRI-TWO-STAGE-HBB-RESP-v1","V4-TARGET-RESPONDENT-WEIGHTED-v1",0.294252794776291,0.279737009112224,0.0145157856640665,0.232025065609743,0.355456472732727,0.293740769171235,0.123431407122984,0.0310481974220543,TRUE,199,199,0,"OK","P14-C015",52,50,1000,0.3,"balanced","medium","near_knot",20,20,0,0.003,0,0.152000000000001
"V4-SENS-TWO-STAGE-HBB-CLUSTER-v1","V4-TARGET-EQUAL-CLUSTER-v1",0.294252794776291,0.279737009112224,0.0145157856640665,0.23077165665808,0.353379797019825,0.292075726838952,0.122608140361744,0.0306646033335413,TRUE,199,199,0,"OK","P14-C015",52,50,1000,0.3,"balanced","medium","near_knot",20,20,0,0.003,0,0.152000000000001
"V4-CMP-ONE-STAGE-CLUSTER-BB-RESP-v1","V4-TARGET-RESPONDENT-WEIGHTED-v1",0.294252794776291,0.279737009112224,0.0145157856640665,0.252998333920943,0.343319926334267,0.298159130127605,0.0903215924133247,0.0241071965273657,TRUE,199,199,0,"OK","P14-C015",52,50,1000,0.3,"balanced","medium","near_knot",20,20,0,0.003,0,0.152000000000001
"V4-CMP-IID-RESP-BB-v1","WORKING-INDEPENDENCE-RESPONDENT",0.294252794776291,0.279737009112224,0.0145157856640665,0.261872918745927,0.326489097494233,0.29418100812008,0.0646161787483067,0.0168128141073266,TRUE,199,199,0,"OK","P14-C015",52,50,1000,0.3,"balanced","medium","near_knot",20,20,0,0.003,0,0.152000000000001
"V4-CMP-TWO-STAGE-FREQ-BOOT-RESP-v1","V4-TARGET-RESPONDENT-WEIGHTED-v1",0.294252794776291,0.279737009112224,0.0145157856640665,0.247965524671858,0.342671355650013,0.295318440160936,0.094705830978155,0.0244416006599508,TRUE,199,199,0,"OK","P14-C015",52,50,1000,0.3,"balanced","medium","near_knot",20,20,0,0.003,0,0.152000000000001
"V4-CMP-MOKKEN-TWOLEVEL-DELTA-v1","V4-TARGET-RESPONDENT-WEIGHTED-v1",0.294252794776281,0.279737009112224,0.0145157856640566,0.240625158560431,0.34788043099213,0.294252794776281,0.107255272431699,0.0273615416603865,TRUE,,,0,"OK","P14-C015",52,50,1000,0.3,"balanced","medium","near_knot",20,20,0,0.003,0,0.152000000000001
"V4-PRI-TWO-STAGE-HBB-RESP-v1","V4-TARGET-RESPONDENT-WEIGHTED-v1",0.294649645764595,0.279737009112224,0.014912636652371,0.23740195002891,0.346973644228778,0.292187797128844,0.109571694199868,0.0281739829481978,TRUE,199,199,0,"OK","P14-C015",53,50,1000,0.3,"balanced","medium","near_knot",20,20,0,0,1,0.181999999999988
"V4-SENS-TWO-STAGE-HBB-CLUSTER-v1","V4-TARGET-EQUAL-CLUSTER-v1",0.294649645764595,0.279737009112224,0.014912636652371,0.233775578727906,0.357590801869836,0.295683190298871,0.12381522314193,0.0297936406943136,TRUE,199,199,0,"OK","P14-C015",53,50,1000,0.3,"balanced","medium","near_knot",20,20,0,0,1,0.181999999999988
"V4-CMP-ONE-STAGE-CLUSTER-BB-RESP-v1","V4-TARGET-RESPONDENT-WEIGHTED-v1",0.294649645764595,0.279737009112224,0.014912636652371,0.254840011297768,0.334601270513521,0.294720640905645,0.0797612592157533,0.0185376450196798,TRUE,199,199,0,"OK","P14-C015",53,50,1000,0.3,"balanced","medium","near_knot",20,20,0,0,1,0.181999999999988
"V4-CMP-IID-RESP-BB-v1","WORKING-INDEPENDENCE-RESPONDENT",0.294649645764595,0.279737009112224,0.014912636652371,0.265748222186478,0.32878724027194,0.297267731229209,0.0630390180854616,0.0159102387939684,TRUE,199,199,0,"OK","P14-C015",53,50,1000,0.3,"balanced","medium","near_knot",20,20,0,0,1,0.181999999999988
"V4-CMP-TWO-STAGE-FREQ-BOOT-RESP-v1","V4-TARGET-RESPONDENT-WEIGHTED-v1",0.294649645764595,0.279737009112224,0.014912636652371,0.238873168126592,0.335675982060082,0.287274575093337,0.09680281393349,0.0255585533800417,TRUE,199,199,0,"OK","P14-C015",53,50,1000,0.3,"balanced","medium","near_knot",20,20,0,0,1,0.181999999999988
"V4-CMP-MOKKEN-TWOLEVEL-DELTA-v1","V4-TARGET-RESPONDENT-WEIGHTED-v1",0.294649645764585,0.279737009112224,0.0149126366523613,0.245991872905387,0.343307418623784,0.294649645764585,0.0973155457183976,0.0248258504967464,TRUE,,,0,"OK","P14-C015",53,50,1000,0.3,"balanced","medium","near_knot",20,20,0,0,1,0.181999999999988
"V4-PRI-TWO-STAGE-HBB-RESP-v1","V4-TARGET-RESPONDENT-WEIGHTED-v1",0.255698598853095,0.279737009112224,-0.0240384102591293,0.204830019279944,0.308964444876764,0.256897232078354,0.10413442559682,0.0269705739618532,TRUE,199,199,0,"OK","P14-C015",54,50,1000,0.3,"balanced","medium","near_knot",20,20,0,0.004,0,0.156000000000006
"V4-SENS-TWO-STAGE-HBB-CLUSTER-v1","V4-TARGET-EQUAL-CLUSTER-v1",0.255698598853095,0.279737009112224,-0.0240384102591293,0.207199521475449,0.304480847489627,0.255840184482538,0.097281326014178,0.0258471356545379,TRUE,199,199,0,"OK","P14-C015",54,50,1000,0.3,"balanced","medium","near_knot",20,20,0,0.004,0,0.156000000000006
"V4-CMP-ONE-STAGE-CLUSTER-BB-RESP-v1","V4-TARGET-RESPONDENT-WEIGHTED-v1",0.255698598853095,0.279737009112224,-0.0240384102591293,0.215101012094037,0.294947084568278,0.255024048331158,0.0798460724742409,0.0201275473597475,TRUE,199,199,0,"OK","P14-C015",54,50,1000,0.3,"balanced","medium","near_knot",20,20,0,0.004,0,0.156000000000006
"V4-CMP-IID-RESP-BB-v1","WORKING-INDEPENDENCE-RESPONDENT",0.255698598853095,0.279737009112224,-0.0240384102591293,0.222478087581843,0.288003559427211,0.255240823504527,0.065525471845368,0.0168728289323438,TRUE,199,199,0,"OK","P14-C015",54,50,1000,0.3,"balanced","medium","near_knot",20,20,0,0.004,0,0.156000000000006
"V4-CMP-TWO-STAGE-FREQ-BOOT-RESP-v1","V4-TARGET-RESPONDENT-WEIGHTED-v1",0.255698598853095,0.279737009112224,-0.0240384102591293,0.199658652657562,0.302706986142673,0.251182819400118,0.103048333485111,0.0260313713559994,TRUE,199,199,0,"OK","P14-C015",54,50,1000,0.3,"balanced","medium","near_knot",20,20,0,0.004,0,0.156000000000006
"V4-CMP-MOKKEN-TWOLEVEL-DELTA-v1","V4-TARGET-RESPONDENT-WEIGHTED-v1",0.255698598853084,0.279737009112224,-0.0240384102591397,0.206562086150622,0.304835111555546,0.255698598853084,0.098273025404924,0.0250701100071453,TRUE,,,0,"OK","P14-C015",54,50,1000,0.3,"balanced","medium","near_knot",20,20,0,0.004,0,0.156000000000006
"V4-PRI-TWO-STAGE-HBB-RESP-v1","V4-TARGET-RESPONDENT-WEIGHTED-v1",0.266835710701333,0.279737009112224,-0.0129012984108915,0.217143894613544,0.314814549504819,0.265979222059181,0.0976706548912752,0.0251103358357614,TRUE,199,199,0,"OK","P14-C015",55,50,1000,0.3,"balanced","medium","near_knot",20,20,0,0.00700000000000001,0,0.164999999999992
"V4-SENS-TWO-STAGE-HBB-CLUSTER-v1","V4-TARGET-EQUAL-CLUSTER-v1",0.266835710701333,0.279737009112224,-0.0129012984108915,0.219644207777596,0.321535249564022,0.270589728670809,0.101891041786426,0.0252284409015487,TRUE,199,199,0,"OK","P14-C015",55,50,1000,0.3,"balanced","medium","near_knot",20,20,0,0.00700000000000001,0,0.164999999999992
"V4-CMP-ONE-STAGE-CLUSTER-BB-RESP-v1","V4-TARGET-RESPONDENT-WEIGHTED-v1",0.266835710701333,0.279737009112224,-0.0129012984108915,0.236749470526529,0.29112174720507,0.263935608865799,0.0543722766785413,0.0135457899545879,TRUE,199,199,0,"OK","P14-C015",55,50,1000,0.3,"balanced","medium","near_knot",20,20,0,0.00700000000000001,0,0.164999999999992
"V4-CMP-IID-RESP-BB-v1","WORKING-INDEPENDENCE-RESPONDENT",0.266835710701333,0.279737009112224,-0.0129012984108915,0.23559251229605,0.300962716375342,0.268277614335696,0.0653702040792918,0.0165141398603616,TRUE,199,199,0,"OK","P14-C015",55,50,1000,0.3,"balanced","medium","near_knot",20,20,0,0.00700000000000001,0,0.164999999999992
"V4-CMP-TWO-STAGE-FREQ-BOOT-RESP-v1","V4-TARGET-RESPONDENT-WEIGHTED-v1",0.266835710701333,0.279737009112224,-0.0129012984108915,0.221913515076174,0.307274811634255,0.264594163355214,0.0853612965580819,0.0221175589809764,TRUE,199,199,0,"OK","P14-C015",55,50,1000,0.3,"balanced","medium","near_knot",20,20,0,0.00700000000000001,0,0.164999999999992
"V4-CMP-MOKKEN-TWOLEVEL-DELTA-v1","V4-TARGET-RESPONDENT-WEIGHTED-v1",0.266835710701318,0.279737009112224,-0.0129012984109064,0.225070444995869,0.308600976406766,0.266835710701318,0.0835305314108969,0.0213092005949536,TRUE,,,0,"OK","P14-C015",55,50,1000,0.3,"balanced","medium","near_knot",20,20,0,0.00700000000000001,0,0.164999999999992
"V4-PRI-TWO-STAGE-HBB-RESP-v1","V4-TARGET-RESPONDENT-WEIGHTED-v1",0.265925761060892,0.279737009112224,-0.0138112480513323,0.213026841208695,0.324532610552471,0.268779725880583,0.111505769343776,0.0288296271111971,TRUE,199,199,0,"OK","P14-C015",56,50,1000,0.3,"balanced","medium","near_knot",20,20,0,0.005,0,0.152000000000001
"V4-SENS-TWO-STAGE-HBB-CLUSTER-v1","V4-TARGET-EQUAL-CLUSTER-v1",0.265925761060892,0.279737009112224,-0.0138112480513323,0.209727001722195,0.330076594094089,0.269901797908142,0.120349592371894,0.0303153559955061,TRUE,199,199,0,"OK","P14-C015",56,50,1000,0.3,"balanced","medium","near_knot",20,20,0,0.005,0,0.152000000000001
"V4-CMP-ONE-STAGE-CLUSTER-BB-RESP-v1","V4-TARGET-RESPONDENT-WEIGHTED-v1",0.265925761060892,0.279737009112224,-0.0138112480513323,0.235326467900975,0.320529893417668,0.277928180659322,0.0852034255166934,0.022554519990847,TRUE,199,199,0,"OK","P14-C015",56,50,1000,0.3,"balanced","medium","near_knot",20,20,0,0.005,0,0.152000000000001
"V4-CMP-IID-RESP-BB-v1","WORKING-INDEPENDENCE-RESPONDENT",0.265925761060892,0.279737009112224,-0.0138112480513323,0.242718109921456,0.298396269899986,0.270557189910721,0.0556781599785295,0.0144835730092247,TRUE,199,199,0,"OK","P14-C015",56,50,1000,0.3,"balanced","medium","near_knot",20,20,0,0.005,0,0.152000000000001
"V4-CMP-TWO-STAGE-FREQ-BOOT-RESP-v1","V4-TARGET-RESPONDENT-WEIGHTED-v1",0.265925761060892,0.279737009112224,-0.0138112480513323,0.209664043635637,0.311355781221499,0.260509912428568,0.101691737585862,0.026295210309973,TRUE,199,199,0,"OK","P14-C015",56,50,1000,0.3,"balanced","medium","near_knot",20,20,0,0.005,0,0.152000000000001
"V4-CMP-MOKKEN-TWOLEVEL-DELTA-v1","V4-TARGET-RESPONDENT-WEIGHTED-v1",0.26592576106088,0.279737009112224,-0.0138112480513439,0.217038443320784,0.314813078800976,0.26592576106088,0.0977746354801923,0.0249429673839484,TRUE,,,0,"OK","P14-C015",56,50,1000,0.3,"balanced","medium","near_knot",20,20,0,0.005,0,0.152000000000001
"V4-PRI-TWO-STAGE-HBB-RESP-v1","V4-TARGET-RESPONDENT-WEIGHTED-v1",0.313720396080586,0.279737009112224,0.0339833869683623,0.262460298489139,0.385070998105523,0.323765648297331,0.122610699616384,0.0303869325598973,TRUE,199,199,0,"OK","P14-C015",57,50,1000,0.3,"balanced","medium","near_knot",20,20,0,0.002,0,0.150999999999996
"V4-SENS-TWO-STAGE-HBB-CLUSTER-v1","V4-TARGET-EQUAL-CLUSTER-v1",0.313720396080586,0.279737009112224,0.0339833869683623,0.263419808468291,0.368875383403503,0.316147595935897,0.105455574935212,0.0288796712383746,TRUE,199,199,0,"OK","P14-C015",57,50,1000,0.3,"balanced","medium","near_knot",20,20,0,0.002,0,0.150999999999996
"V4-CMP-ONE-STAGE-CLUSTER-BB-RESP-v1","V4-TARGET-RESPONDENT-WEIGHTED-v1",0.313720396080586,0.279737009112224,0.0339833869683623,0.278290170299852,0.350377359038602,0.314333764669227,0.0720871887387505,0.0190562988652672,TRUE,199,199,0,"OK","P14-C015",57,50,1000,0.3,"balanced","medium","near_knot",20,20,0,0.002,0,0.150999999999996
"V4-CMP-IID-RESP-BB-v1","WORKING-INDEPENDENCE-RESPONDENT",0.313720396080586,0.279737009112224,0.0339833869683623,0.283522863715558,0.348216813599514,0.315869838657536,0.0646939498839566,0.0158174422770453,FALSE,199,199,0,"OK","P14-C015",57,50,1000,0.3,"balanced","medium","near_knot",20,20,0,0.002,0,0.150999999999996
"V4-CMP-TWO-STAGE-FREQ-BOOT-RESP-v1","V4-TARGET-RESPONDENT-WEIGHTED-v1",0.313720396080586,0.279737009112224,0.0339833869683623,0.254747097426267,0.369223059485973,0.31198507845612,0.114475962059706,0.0284958790276321,TRUE,199,199,0,"OK","P14-C015",57,50,1000,0.3,"balanced","medium","near_knot",20,20,0,0.002,0,0.150999999999996
"V4-CMP-MOKKEN-TWOLEVEL-DELTA-v1","V4-TARGET-RESPONDENT-WEIGHTED-v1",0.313720396080578,0.279737009112224,0.0339833869683535,0.263854327866845,0.36358646429431,0.313720396080578,0.0997321364274656,0.0254423390465692,TRUE,,,0,"OK","P14-C015",57,50,1000,0.3,"balanced","medium","near_knot",20,20,0,0.002,0,0.150999999999996
"V4-PRI-TWO-STAGE-HBB-RESP-v1","V4-TARGET-RESPONDENT-WEIGHTED-v1",0.280349660554866,0.279737009112224,0.000612651442641554,0.229296526593391,0.34329115912141,0.2862938428574,0.113994632528019,0.028431775323502,TRUE,199,199,0,"OK","P14-C015",58,50,1000,0.3,"balanced","medium","near_knot",20,20,0,0.001,0,0.163000000000011
"V4-SENS-TWO-STAGE-HBB-CLUSTER-v1","V4-TARGET-EQUAL-CLUSTER-v1",0.280349660554866,0.279737009112224,0.000612651442641554,0.223564828029904,0.342293774351104,0.282929301190504,0.1187289463212,0.0308200118638009,TRUE,199,199,0,"OK","P14-C015",58,50,1000,0.3,"balanced","medium","near_knot",20,20,0,0.001,0,0.163000000000011
"V4-CMP-ONE-STAGE-CLUSTER-BB-RESP-v1","V4-TARGET-RESPONDENT-WEIGHTED-v1",0.280349660554866,0.279737009112224,0.000612651442641554,0.244453706021145,0.3225965424187,0.283525124219923,0.0781428363975554,0.0204736751712301,TRUE,199,199,0,"OK","P14-C015",58,50,1000,0.3,"balanced","medium","near_knot",20,20,0,0.001,0,0.163000000000011
"V4-CMP-IID-RESP-BB-v1","WORKING-INDEPENDENCE-RESPONDENT",0.280349660554866,0.279737009112224,0.000612651442641554,0.253876925366406,0.31090359058491,0.282390257975658,0.0570266652185042,0.0153707886966153,TRUE,199,199,0,"OK","P14-C015",58,50,1000,0.3,"balanced","medium","near_knot",20,20,0,0.001,0,0.163000000000011
"V4-CMP-TWO-STAGE-FREQ-BOOT-RESP-v1","V4-TARGET-RESPONDENT-WEIGHTED-v1",0.280349660554866,0.279737009112224,0.000612651442641554,0.229819028714999,0.329329560394127,0.279574294554563,0.0995105316791279,0.0251509152891715,TRUE,199,199,0,"OK","P14-C015",58,50,1000,0.3,"balanced","medium","near_knot",20,20,0,0.001,0,0.163000000000011
"V4-CMP-MOKKEN-TWOLEVEL-DELTA-v1","V4-TARGET-RESPONDENT-WEIGHTED-v1",0.280349660554856,0.279737009112224,0.000612651442632339,0.228632115561164,0.332067205548549,0.280349660554856,0.103435089987385,0.0263869874148881,TRUE,,,0,"OK","P14-C015",58,50,1000,0.3,"balanced","medium","near_knot",20,20,0,0.001,0,0.163000000000011
"V4-PRI-TWO-STAGE-HBB-RESP-v1","V4-TARGET-RESPONDENT-WEIGHTED-v1",0.324676126436328,0.279737009112224,0.0449391173241036,0.27155350807366,0.38825412624555,0.329903817159605,0.11670061817189,0.0303552852580619,TRUE,199,199,0,"OK","P14-C015",59,50,1000,0.3,"balanced","medium","near_knot",20,20,0,0.001,0,0.150999999999996
"V4-SENS-TWO-STAGE-HBB-CLUSTER-v1","V4-TARGET-EQUAL-CLUSTER-v1",0.324676126436328,0.279737009112224,0.0449391173241036,0.2706889587725,0.39298879861465,0.331838878693575,0.12229983984215,0.0283650367766446,TRUE,199,199,0,"OK","P14-C015",59,50,1000,0.3,"balanced","medium","near_knot",20,20,0,0.001,0,0.150999999999996
"V4-CMP-ONE-STAGE-CLUSTER-BB-RESP-v1","V4-TARGET-RESPONDENT-WEIGHTED-v1",0.324676126436328,0.279737009112224,0.0449391173241036,0.284384283417666,0.361865930902584,0.323125107160125,0.0774816474849173,0.019355517203266,FALSE,199,199,0,"OK","P14-C015",59,50,1000,0.3,"balanced","medium","near_knot",20,20,0,0.001,0,0.150999999999996
"V4-CMP-IID-RESP-BB-v1","WORKING-INDEPENDENCE-RESPONDENT",0.324676126436328,0.279737009112224,0.0449391173241036,0.291012507636534,0.358288419887018,0.324650463761776,0.0672759122504836,0.0167038114610281,FALSE,199,199,0,"OK","P14-C015",59,50,1000,0.3,"balanced","medium","near_knot",20,20,0,0.001,0,0.150999999999996
"V4-CMP-TWO-STAGE-FREQ-BOOT-RESP-v1","V4-TARGET-RESPONDENT-WEIGHTED-v1",0.324676126436328,0.279737009112224,0.0449391173241036,0.272769633949628,0.374748205999947,0.323758919974787,0.101978572050319,0.0261335940667932,TRUE,199,199,0,"OK","P14-C015",59,50,1000,0.3,"balanced","medium","near_knot",20,20,0,0.001,0,0.150999999999996
"V4-CMP-MOKKEN-TWOLEVEL-DELTA-v1","V4-TARGET-RESPONDENT-WEIGHTED-v1",0.324676126436316,0.279737009112224,0.0449391173240924,0.274450157520722,0.374902095351911,0.324676126436316,0.100451937831189,0.0256259652278156,TRUE,,,0,"OK","P14-C015",59,50,1000,0.3,"balanced","medium","near_knot",20,20,0,0.001,0,0.150999999999996
"V4-PRI-TWO-STAGE-HBB-RESP-v1","V4-TARGET-RESPONDENT-WEIGHTED-v1",0.269949573762582,0.279737009112224,-0.0097874353496416,0.225467715438521,0.32398753233445,0.274727623886486,0.0985198168959298,0.0239684910093593,TRUE,199,199,0,"OK","P14-C015",60,50,1000,0.3,"balanced","medium","near_knot",20,20,0,0.011,0,0.152999999999992
"V4-SENS-TWO-STAGE-HBB-CLUSTER-v1","V4-TARGET-EQUAL-CLUSTER-v1",0.269949573762582,0.279737009112224,-0.0097874353496416,0.22220336124697,0.332424849364547,0.277314105305759,0.110221488117577,0.0273057032920922,TRUE,199,199,0,"OK","P14-C015",60,50,1000,0.3,"balanced","medium","near_knot",20,20,0,0.011,0,0.152999999999992
"V4-CMP-ONE-STAGE-CLUSTER-BB-RESP-v1","V4-TARGET-RESPONDENT-WEIGHTED-v1",0.269949573762582,0.279737009112224,-0.0097874353496416,0.241952577200529,0.302562717310392,0.27225764725546,0.0606101401098627,0.0148687285602061,TRUE,199,199,0,"OK","P14-C015",60,50,1000,0.3,"balanced","medium","near_knot",20,20,0,0.011,0,0.152999999999992
"V4-CMP-IID-RESP-BB-v1","WORKING-INDEPENDENCE-RESPONDENT",0.269949573762582,0.279737009112224,-0.0097874353496416,0.240040725017677,0.299775534652334,0.269908129835005,0.059734809634657,0.0149897327491992,TRUE,199,199,0,"OK","P14-C015",60,50,1000,0.3,"balanced","medium","near_knot",20,20,0,0.011,0,0.152999999999992
"V4-CMP-TWO-STAGE-FREQ-BOOT-RESP-v1","V4-TARGET-RESPONDENT-WEIGHTED-v1",0.269949573762582,0.279737009112224,-0.0097874353496416,0.235265727073653,0.309150231836675,0.272207979455164,0.0738845047630224,0.0197854223508558,TRUE,199,199,0,"OK","P14-C015",60,50,1000,0.3,"balanced","medium","near_knot",20,20,0,0.011,0,0.152999999999992
"V4-CMP-MOKKEN-TWOLEVEL-DELTA-v1","V4-TARGET-RESPONDENT-WEIGHTED-v1",0.269949573762572,0.279737009112224,-0.00978743534965243,0.229044438376388,0.310854709148755,0.269949573762572,0.0818102707723668,0.0208703505313556,TRUE,,,0,"OK","P14-C015",60,50,1000,0.3,"balanced","medium","near_knot",20,20,0,0.011,0,0.152999999999992
