"method_id","target_id","point_estimate","truth","bias","lower","upper","center","interval_length","se_equivalent","cover","defined_draws","total_draws","invalid_fraction","status","cell_id","replication","G","N","latent_icc","size_mechanism","strength","regularity","minimum_cluster_size","maximum_cluster_size","size_effect_correlation","sample_minimum_internal_cdf_gap","sample_exact_knot_count","replication_elapsed_seconds"
"V4-PRI-TWO-STAGE-HBB-RESP-v1","V4-TARGET-RESPONDENT-WEIGHTED-v1",0.468634306790015,0.457956278529402,0.0106780282606133,0.422070086727763,0.532881483015154,0.477475784871458,0.110811396287391,0.0281601369340256,TRUE,199,199,0,"OK","P14-C013",1,50,969,0.05,"swmdk_like","strong","exact_knot",5,29,-0.0541900907975777,0,1,0.152000000000001
"V4-SENS-TWO-STAGE-HBB-CLUSTER-v1","V4-TARGET-EQUAL-CLUSTER-v1",0.466085514220548,0.457956278529402,0.00812923569114554,0.413873898500144,0.530879295001527,0.472376596750835,0.117005396501383,0.0291855372744756,TRUE,199,199,0,"OK","P14-C013",1,50,969,0.05,"swmdk_like","strong","exact_knot",5,29,-0.0541900907975777,0,1,0.152000000000001
"V4-CMP-ONE-STAGE-CLUSTER-BB-RESP-v1","V4-TARGET-RESPONDENT-WEIGHTED-v1",0.468634306790015,0.457956278529402,0.0106780282606133,0.439525284645102,0.509499683044227,0.474512483844665,0.0699743983991249,0.0160093660526057,TRUE,199,199,0,"OK","P14-C013",1,50,969,0.05,"swmdk_like","strong","exact_knot",5,29,-0.0541900907975777,0,1,0.152000000000001
"V4-CMP-IID-RESP-BB-v1","WORKING-INDEPENDENCE-RESPONDENT",0.468634306790015,0.457956278529402,0.0106780282606133,0.447125856132769,0.501157188930695,0.474141522531732,0.0540313327979254,0.0140852532593693,TRUE,199,199,0,"OK","P14-C013",1,50,969,0.05,"swmdk_like","strong","exact_knot",5,29,-0.0541900907975777,0,1,0.152000000000001
"V4-CMP-TWO-STAGE-FREQ-BOOT-RESP-v1","V4-TARGET-RESPONDENT-WEIGHTED-v1",0.468634306790015,0.457956278529402,0.0106780282606133,0.428954054932269,0.519009474495421,0.473981764713845,0.0900554195631522,0.0238797339507704,TRUE,199,199,0,"OK","P14-C013",1,50,969,0.05,"swmdk_like","strong","exact_knot",5,29,-0.0541900907975777,0,1,0.152000000000001
"V4-CMP-MOKKEN-TWOLEVEL-DELTA-v1","V4-TARGET-RESPONDENT-WEIGHTED-v1",0.468634306789982,0.457956278529402,0.0106780282605802,0.430105703056913,0.507162910523052,0.468634306789982,0.0770572074661393,0.0196578121011296,TRUE,,,0,"OK","P14-C013",1,50,969,0.05,"swmdk_like","strong","exact_knot",5,29,-0.0541900907975777,0,1,0.152000000000001
"V4-PRI-TWO-STAGE-HBB-RESP-v1","V4-TARGET-RESPONDENT-WEIGHTED-v1",0.445589737704233,0.457956278529402,-0.012366540825169,0.394529194748949,0.506986303849979,0.450757749299464,0.11245710910103,0.0265459548271542,TRUE,199,199,0,"OK","P14-C013",2,50,1087,0.05,"swmdk_like","strong","exact_knot",8,29,0.0465874614688431,0,2,0.161999999999999
"V4-SENS-TWO-STAGE-HBB-CLUSTER-v1","V4-TARGET-EQUAL-CLUSTER-v1",0.444076312820355,0.457956278529402,-0.0138799657090474,0.405778166959592,0.487903404163498,0.446840785561545,0.0821252372039061,0.0225054256961865,TRUE,199,199,0,"OK","P14-C013",2,50,1087,0.05,"swmdk_like","strong","exact_knot",8,29,0.0465874614688431,0,2,0.161999999999999
"V4-CMP-ONE-STAGE-CLUSTER-BB-RESP-v1","V4-TARGET-RESPONDENT-WEIGHTED-v1",0.445589737704233,0.457956278529402,-0.012366540825169,0.421942145532328,0.474113898535725,0.448028022034027,0.0521717530033972,0.0131836615638471,TRUE,199,199,0,"OK","P14-C013",2,50,1087,0.05,"swmdk_like","strong","exact_knot",8,29,0.0465874614688431,0,2,0.161999999999999
"V4-CMP-IID-RESP-BB-v1","WORKING-INDEPENDENCE-RESPONDENT",0.445589737704233,0.457956278529402,-0.012366540825169,0.420633932086714,0.478817039795884,0.449725485941299,0.0581831077091701,0.0151665951517002,TRUE,199,199,0,"OK","P14-C013",2,50,1087,0.05,"swmdk_like","strong","exact_knot",8,29,0.0465874614688431,0,2,0.161999999999999
"V4-CMP-TWO-STAGE-FREQ-BOOT-RESP-v1","V4-TARGET-RESPONDENT-WEIGHTED-v1",0.445589737704233,0.457956278529402,-0.012366540825169,0.411746773225232,0.485465749545716,0.448606261385474,0.0737189763204843,0.0191114720513664,TRUE,199,199,0,"OK","P14-C013",2,50,1087,0.05,"swmdk_like","strong","exact_knot",8,29,0.0465874614688431,0,2,0.161999999999999
"V4-CMP-MOKKEN-TWOLEVEL-DELTA-v1","V4-TARGET-RESPONDENT-WEIGHTED-v1",0.445589737704243,0.457956278529402,-0.0123665408251591,0.408980819326639,0.482198656081847,0.445589737704243,0.0732178367552082,0.0186783627997099,TRUE,,,0,"OK","P14-C013",2,50,1087,0.05,"swmdk_like","strong","exact_knot",8,29,0.0465874614688431,0,2,0.161999999999999
"V4-PRI-TWO-STAGE-HBB-RESP-v1","V4-TARGET-RESPONDENT-WEIGHTED-v1",0.462504442567651,0.457956278529402,0.00454816403824881,0.423314106043061,0.509968529607164,0.466641317825112,0.086654423564103,0.0224920953516579,TRUE,199,199,0,"OK","P14-C013",3,50,1045,0.05,"swmdk_like","strong","exact_knot",5,29,-0.0784475118196974,0.000956937799043045,0,0.166999999999994
"V4-SENS-TWO-STAGE-HBB-CLUSTER-v1","V4-TARGET-EQUAL-CLUSTER-v1",0.47055646025562,0.457956278529402,0.0126001817262175,0.422523798639659,0.527760920826544,0.475142359733101,0.105237122186885,0.0253848784216974,TRUE,199,199,0,"OK","P14-C013",3,50,1045,0.05,"swmdk_like","strong","exact_knot",5,29,-0.0784475118196974,0.000956937799043045,0,0.166999999999994
"V4-CMP-ONE-STAGE-CLUSTER-BB-RESP-v1","V4-TARGET-RESPONDENT-WEIGHTED-v1",0.462504442567651,0.457956278529402,0.00454816403824881,0.438615660473427,0.496744186525035,0.467679923499231,0.0581285260516077,0.0140170929218213,TRUE,199,199,0,"OK","P14-C013",3,50,1045,0.05,"swmdk_like","strong","exact_knot",5,29,-0.0784475118196974,0.000956937799043045,0,0.166999999999994
"V4-CMP-IID-RESP-BB-v1","WORKING-INDEPENDENCE-RESPONDENT",0.462504442567651,0.457956278529402,0.00454816403824881,0.432986582103909,0.494918540637819,0.463952561370864,0.0619319585339104,0.0156219468706822,TRUE,199,199,0,"OK","P14-C013",3,50,1045,0.05,"swmdk_like","strong","exact_knot",5,29,-0.0784475118196974,0.000956937799043045,0,0.166999999999994
"V4-CMP-TWO-STAGE-FREQ-BOOT-RESP-v1","V4-TARGET-RESPONDENT-WEIGHTED-v1",0.462504442567651,0.457956278529402,0.00454816403824881,0.429732046344675,0.508945449391474,0.469338747868074,0.0792134030467989,0.0201963460558136,TRUE,199,199,0,"OK","P14-C013",3,50,1045,0.05,"swmdk_like","strong","exact_knot",5,29,-0.0784475118196974,0.000956937799043045,0,0.166999999999994
"V4-CMP-MOKKEN-TWOLEVEL-DELTA-v1","V4-TARGET-RESPONDENT-WEIGHTED-v1",0.462504442567659,0.457956278529402,0.0045481640382572,0.425608650448681,0.499400234686637,0.462504442567659,0.0737915842379562,0.0188247296429972,TRUE,,,0,"OK","P14-C013",3,50,1045,0.05,"swmdk_like","strong","exact_knot",5,29,-0.0784475118196974,0.000956937799043045,0,0.166999999999994
"V4-PRI-TWO-STAGE-HBB-RESP-v1","V4-TARGET-RESPONDENT-WEIGHTED-v1",0.462834468303481,0.457956278529402,0.00487818977407894,0.424066120552987,0.520651613458719,0.472358867005853,0.0965854929057319,0.0241193599511454,TRUE,199,199,0,"OK","P14-C013",4,50,1127,0.05,"swmdk_like","strong","exact_knot",5,29,-0.133656750764265,0,1,0.164000000000001
"V4-SENS-TWO-STAGE-HBB-CLUSTER-v1","V4-TARGET-EQUAL-CLUSTER-v1",0.464478079640268,0.457956278529402,0.00652180111086592,0.425995489334902,0.519464838720955,0.472730164027929,0.0934693493860537,0.0252293489090713,TRUE,199,199,0,"OK","P14-C013",4,50,1127,0.05,"swmdk_like","strong","exact_knot",5,29,-0.133656750764265,0,1,0.164000000000001
"V4-CMP-ONE-STAGE-CLUSTER-BB-RESP-v1","V4-TARGET-RESPONDENT-WEIGHTED-v1",0.462834468303481,0.457956278529402,0.00487818977407894,0.439511335029687,0.486876839748587,0.463194087389137,0.0473655047189,0.0117625354851748,TRUE,199,199,0,"OK","P14-C013",4,50,1127,0.05,"swmdk_like","strong","exact_knot",5,29,-0.133656750764265,0,1,0.164000000000001
"V4-CMP-IID-RESP-BB-v1","WORKING-INDEPENDENCE-RESPONDENT",0.462834468303481,0.457956278529402,0.00487818977407894,0.437627742696388,0.49708440246526,0.467356072580824,0.0594566597688713,0.0154848501238985,TRUE,199,199,0,"OK","P14-C013",4,50,1127,0.05,"swmdk_like","strong","exact_knot",5,29,-0.133656750764265,0,1,0.164000000000001
"V4-CMP-TWO-STAGE-FREQ-BOOT-RESP-v1","V4-TARGET-RESPONDENT-WEIGHTED-v1",0.462834468303481,0.457956278529402,0.00487818977407894,0.425684444270379,0.503328935099594,0.464506689684987,0.077644490829215,0.0211135290801225,TRUE,199,199,0,"OK","P14-C013",4,50,1127,0.05,"swmdk_like","strong","exact_knot",5,29,-0.133656750764265,0,1,0.164000000000001
"V4-CMP-MOKKEN-TWOLEVEL-DELTA-v1","V4-TARGET-RESPONDENT-WEIGHTED-v1",0.462834468303445,0.457956278529402,0.00487818977404308,0.429422986803838,0.496245949803052,0.462834468303445,0.066822962999214,0.0170469874768886,TRUE,,,0,"OK","P14-C013",4,50,1127,0.05,"swmdk_like","strong","exact_knot",5,29,-0.133656750764265,0,1,0.164000000000001
"V4-PRI-TWO-STAGE-HBB-RESP-v1","V4-TARGET-RESPONDENT-WEIGHTED-v1",0.469875957155405,0.457956278529402,0.0119196786260025,0.431046308281611,0.524350288864321,0.477698298572966,0.0933039805827108,0.0241116088962143,TRUE,199,199,0,"OK","P14-C013",5,50,1051,0.05,"swmdk_like","strong","exact_knot",8,29,0.0454513068079985,0,1,0.167999999999999
"V4-SENS-TWO-STAGE-HBB-CLUSTER-v1","V4-TARGET-EQUAL-CLUSTER-v1",0.471700952561638,0.457956278529402,0.0137446740322361,0.422806420308666,0.51837420184565,0.470590311077158,0.0955677815369836,0.0244998201104121,TRUE,199,199,0,"OK","P14-C013",5,50,1051,0.05,"swmdk_like","strong","exact_knot",8,29,0.0454513068079985,0,1,0.167999999999999
"V4-CMP-ONE-STAGE-CLUSTER-BB-RESP-v1","V4-TARGET-RESPONDENT-WEIGHTED-v1",0.469875957155405,0.457956278529402,0.0119196786260025,0.448055410858726,0.494885160325677,0.471470285592202,0.0468297494669512,0.011162251396723,TRUE,199,199,0,"OK","P14-C013",5,50,1051,0.05,"swmdk_like","strong","exact_knot",8,29,0.0454513068079985,0,1,0.167999999999999
"V4-CMP-IID-RESP-BB-v1","WORKING-INDEPENDENCE-RESPONDENT",0.469875957155405,0.457956278529402,0.0119196786260025,0.442534307807143,0.502747768967631,0.472641038387387,0.0602134611604886,0.0155584418036095,TRUE,199,199,0,"OK","P14-C013",5,50,1051,0.05,"swmdk_like","strong","exact_knot",8,29,0.0454513068079985,0,1,0.167999999999999
"V4-CMP-TWO-STAGE-FREQ-BOOT-RESP-v1","V4-TARGET-RESPONDENT-WEIGHTED-v1",0.469875957155405,0.457956278529402,0.0119196786260025,0.432780114787097,0.507318870451657,0.470049492619377,0.0745387556645604,0.0192997157777919,TRUE,199,199,0,"OK","P14-C013",5,50,1051,0.05,"swmdk_like","strong","exact_knot",8,29,0.0454513068079985,0,1,0.167999999999999
"V4-CMP-MOKKEN-TWOLEVEL-DELTA-v1","V4-TARGET-RESPONDENT-WEIGHTED-v1",0.469875957155416,0.457956278529402,0.0119196786260137,0.434890835418007,0.504861078892824,0.469875957155416,0.0699702434748172,0.0178498799025731,TRUE,,,0,"OK","P14-C013",5,50,1051,0.05,"swmdk_like","strong","exact_knot",8,29,0.0454513068079985,0,1,0.167999999999999
"V4-PRI-TWO-STAGE-HBB-RESP-v1","V4-TARGET-RESPONDENT-WEIGHTED-v1",0.454772444032705,0.457956278529402,-0.00318383449669762,0.409120645162394,0.51109265527915,0.460106650220772,0.101972010116755,0.0247637826078937,TRUE,199,199,0,"OK","P14-C013",6,50,1081,0.05,"swmdk_like","strong","exact_knot",5,29,0.117316846876376,0,1,0.155999999999999
"V4-SENS-TWO-STAGE-HBB-CLUSTER-v1","V4-TARGET-EQUAL-CLUSTER-v1",0.444300556081704,0.457956278529402,-0.0136557224476976,0.397861345310861,0.495323916232103,0.446592630771482,0.0974625709212412,0.0248606983140869,TRUE,199,199,0,"OK","P14-C013",6,50,1081,0.05,"swmdk_like","strong","exact_knot",5,29,0.117316846876376,0,1,0.155999999999999
"V4-CMP-ONE-STAGE-CLUSTER-BB-RESP-v1","V4-TARGET-RESPONDENT-WEIGHTED-v1",0.454772444032705,0.457956278529402,-0.00318383449669762,0.431079610530174,0.483168326074586,0.45712396830238,0.0520887155444125,0.0138823424000538,TRUE,199,199,0,"OK","P14-C013",6,50,1081,0.05,"swmdk_like","strong","exact_knot",5,29,0.117316846876376,0,1,0.155999999999999
"V4-CMP-IID-RESP-BB-v1","WORKING-INDEPENDENCE-RESPONDENT",0.454772444032705,0.457956278529402,-0.00318383449669762,0.43349015901129,0.486409933183696,0.459950046097493,0.0529197741724058,0.0142225836006786,TRUE,199,199,0,"OK","P14-C013",6,50,1081,0.05,"swmdk_like","strong","exact_knot",5,29,0.117316846876376,0,1,0.155999999999999
"V4-CMP-TWO-STAGE-FREQ-BOOT-RESP-v1","V4-TARGET-RESPONDENT-WEIGHTED-v1",0.454772444032705,0.457956278529402,-0.00318383449669762,0.418703952281889,0.49603133438159,0.457367643331739,0.0773273820997015,0.0205018813405202,TRUE,199,199,0,"OK","P14-C013",6,50,1081,0.05,"swmdk_like","strong","exact_knot",5,29,0.117316846876376,0,1,0.155999999999999
"V4-CMP-MOKKEN-TWOLEVEL-DELTA-v1","V4-TARGET-RESPONDENT-WEIGHTED-v1",0.454772444032674,0.457956278529402,-0.00318383449672821,0.418434877107826,0.491110010957522,0.454772444032674,0.0726751338496953,0.0185399156369575,TRUE,,,0,"OK","P14-C013",6,50,1081,0.05,"swmdk_like","strong","exact_knot",5,29,0.117316846876376,0,1,0.155999999999999
"V4-PRI-TWO-STAGE-HBB-RESP-v1","V4-TARGET-RESPONDENT-WEIGHTED-v1",0.441458541670619,0.457956278529402,-0.0164977368587832,0.379752598405728,0.505808636101673,0.442780617253701,0.126056037695946,0.0287059706872089,TRUE,199,199,0,"OK","P14-C013",7,50,962,0.05,"swmdk_like","strong","exact_knot",5,28,0.19080469508635,0,1,0.148000000000003
"V4-SENS-TWO-STAGE-HBB-CLUSTER-v1","V4-TARGET-EQUAL-CLUSTER-v1",0.431757930626132,0.457956278529402,-0.0261983479032697,0.377941280915598,0.498299937416673,0.438120609166136,0.120358656501076,0.0296912822556592,TRUE,199,199,0,"OK","P14-C013",7,50,962,0.05,"swmdk_like","strong","exact_knot",5,28,0.19080469508635,0,1,0.148000000000003
"V4-CMP-ONE-STAGE-CLUSTER-BB-RESP-v1","V4-TARGET-RESPONDENT-WEIGHTED-v1",0.441458541670619,0.457956278529402,-0.0164977368587832,0.408329424243403,0.478190367025058,0.443259895634231,0.0698609427816554,0.0171779155953454,TRUE,199,199,0,"OK","P14-C013",7,50,962,0.05,"swmdk_like","strong","exact_knot",5,28,0.19080469508635,0,1,0.148000000000003
"V4-CMP-IID-RESP-BB-v1","WORKING-INDEPENDENCE-RESPONDENT",0.441458541670619,0.457956278529402,-0.0164977368587832,0.412978910917486,0.478866753580314,0.4459228322489,0.065887842662828,0.0172952670819552,TRUE,199,199,0,"OK","P14-C013",7,50,962,0.05,"swmdk_like","strong","exact_knot",5,28,0.19080469508635,0,1,0.148000000000003
"V4-CMP-TWO-STAGE-FREQ-BOOT-RESP-v1","V4-TARGET-RESPONDENT-WEIGHTED-v1",0.441458541670619,0.457956278529402,-0.0164977368587832,0.391381672807351,0.491054388471853,0.441218030639602,0.0996727156645021,0.0232342295740768,TRUE,199,199,0,"OK","P14-C013",7,50,962,0.05,"swmdk_like","strong","exact_knot",5,28,0.19080469508635,0,1,0.148000000000003
"V4-CMP-MOKKEN-TWOLEVEL-DELTA-v1","V4-TARGET-RESPONDENT-WEIGHTED-v1",0.441458541670648,0.457956278529402,-0.0164977368587542,0.401780059388588,0.481137023952708,0.441458541670648,0.0793569645641193,0.0202444956106533,TRUE,,,0,"OK","P14-C013",7,50,962,0.05,"swmdk_like","strong","exact_knot",5,28,0.19080469508635,0,1,0.148000000000003
"V4-PRI-TWO-STAGE-HBB-RESP-v1","V4-TARGET-RESPONDENT-WEIGHTED-v1",0.45212110699947,0.457956278529402,-0.0058351715299324,0.413316947908096,0.51087402180759,0.462095484857843,0.0975570738994942,0.0253530755149786,TRUE,199,199,0,"OK","P14-C013",8,50,1116,0.05,"swmdk_like","strong","exact_knot",5,29,-0.0642185163569418,0,1,0.177
"V4-SENS-TWO-STAGE-HBB-CLUSTER-v1","V4-TARGET-EQUAL-CLUSTER-v1",0.458552974163866,0.457956278529402,0.00059669563446374,0.405416088462897,0.513857804054994,0.459636946258946,0.108441715592097,0.0268279383226058,TRUE,199,199,0,"OK","P14-C013",8,50,1116,0.05,"swmdk_like","strong","exact_knot",5,29,-0.0642185163569418,0,1,0.177
"V4-CMP-ONE-STAGE-CLUSTER-BB-RESP-v1","V4-TARGET-RESPONDENT-WEIGHTED-v1",0.45212110699947,0.457956278529402,-0.0058351715299324,0.426306727162423,0.484817733636575,0.455562230399499,0.0585110064741526,0.0142370501418061,TRUE,199,199,0,"OK","P14-C013",8,50,1116,0.05,"swmdk_like","strong","exact_knot",5,29,-0.0642185163569418,0,1,0.177
"V4-CMP-IID-RESP-BB-v1","WORKING-INDEPENDENCE-RESPONDENT",0.45212110699947,0.457956278529402,-0.0058351715299324,0.428506686083992,0.483754244694587,0.45613046538929,0.0552475586105948,0.0146036786818632,TRUE,199,199,0,"OK","P14-C013",8,50,1116,0.05,"swmdk_like","strong","exact_knot",5,29,-0.0642185163569418,0,1,0.177
"V4-CMP-TWO-STAGE-FREQ-BOOT-RESP-v1","V4-TARGET-RESPONDENT-WEIGHTED-v1",0.45212110699947,0.457956278529402,-0.0058351715299324,0.412214269328751,0.492479103885637,0.452346686607194,0.0802648345568864,0.0209864565491605,TRUE,199,199,0,"OK","P14-C013",8,50,1116,0.05,"swmdk_like","strong","exact_knot",5,29,-0.0642185163569418,0,1,0.177
"V4-CMP-MOKKEN-TWOLEVEL-DELTA-v1","V4-TARGET-RESPONDENT-WEIGHTED-v1",0.452121106999467,0.457956278529402,-0.00583517152993551,0.415229022047147,0.489013191951786,0.452121106999467,0.0737841699046393,0.018822838196681,TRUE,,,0,"OK","P14-C013",8,50,1116,0.05,"swmdk_like","strong","exact_knot",5,29,-0.0642185163569418,0,1,0.177
"V4-PRI-TWO-STAGE-HBB-RESP-v1","V4-TARGET-RESPONDENT-WEIGHTED-v1",0.458603355943229,0.457956278529402,0.000647077413826913,0.411820522355618,0.509611887758634,0.460716205057126,0.0977913654030158,0.0235743338517322,TRUE,199,199,0,"OK","P14-C013",9,50,1088,0.05,"swmdk_like","strong","exact_knot",5,29,0.146283035700163,0,3,0.169000000000004
"V4-SENS-TWO-STAGE-HBB-CLUSTER-v1","V4-TARGET-EQUAL-CLUSTER-v1",0.454599077779928,0.457956278529402,-0.00335720074947432,0.412782795498811,0.509769481499294,0.461276138499052,0.096986686000483,0.0243207531504266,TRUE,199,199,0,"OK","P14-C013",9,50,1088,0.05,"swmdk_like","strong","exact_knot",5,29,0.146283035700163,0,3,0.169000000000004
"V4-CMP-ONE-STAGE-CLUSTER-BB-RESP-v1","V4-TARGET-RESPONDENT-WEIGHTED-v1",0.458603355943229,0.457956278529402,0.000647077413826913,0.434715535451468,0.484111129532782,0.459413332492125,0.0493955940813144,0.012751744955257,TRUE,199,199,0,"OK","P14-C013",9,50,1088,0.05,"swmdk_like","strong","exact_knot",5,29,0.146283035700163,0,3,0.169000000000004
"V4-CMP-IID-RESP-BB-v1","WORKING-INDEPENDENCE-RESPONDENT",0.458603355943229,0.457956278529402,0.000647077413826913,0.427378190974997,0.490598731030288,0.458988461002642,0.0632205400552909,0.016158150861734,TRUE,199,199,0,"OK","P14-C013",9,50,1088,0.05,"swmdk_like","strong","exact_knot",5,29,0.146283035700163,0,3,0.169000000000004
"V4-CMP-TWO-STAGE-FREQ-BOOT-RESP-v1","V4-TARGET-RESPONDENT-WEIGHTED-v1",0.458603355943229,0.457956278529402,0.000647077413826913,0.432098651127999,0.501006306078114,0.466552478603057,0.0689076549501152,0.0192054747544284,TRUE,199,199,0,"OK","P14-C013",9,50,1088,0.05,"swmdk_like","strong","exact_knot",5,29,0.146283035700163,0,3,0.169000000000004
"V4-CMP-MOKKEN-TWOLEVEL-DELTA-v1","V4-TARGET-RESPONDENT-WEIGHTED-v1",0.45860335594321,0.457956278529402,0.000647077413807429,0.424938593325468,0.492268118560951,0.45860335594321,0.0673295252354822,0.0171762149117455,TRUE,,,0,"OK","P14-C013",9,50,1088,0.05,"swmdk_like","strong","exact_knot",5,29,0.146283035700163,0,3,0.169000000000004
"V4-PRI-TWO-STAGE-HBB-RESP-v1","V4-TARGET-RESPONDENT-WEIGHTED-v1",0.46359634513211,0.457956278529402,0.00564006660270783,0.413718889311585,0.516196484660373,0.464957686985979,0.102477595348788,0.0237922957360261,TRUE,199,199,0,"OK","P14-C013",10,50,1030,0.05,"swmdk_like","strong","exact_knot",5,29,-0.154987583695728,0,1,0.164999999999999
"V4-SENS-TWO-STAGE-HBB-CLUSTER-v1","V4-TARGET-EQUAL-CLUSTER-v1",0.460748691375415,0.457956278529402,0.002792412846013,0.413411579572796,0.525441720706001,0.469426650139399,0.112030141133205,0.0271402403115687,TRUE,199,199,0,"OK","P14-C013",10,50,1030,0.05,"swmdk_like","strong","exact_knot",5,29,-0.154987583695728,0,1,0.164999999999999
"V4-CMP-ONE-STAGE-CLUSTER-BB-RESP-v1","V4-TARGET-RESPONDENT-WEIGHTED-v1",0.46359634513211,0.457956278529402,0.00564006660270783,0.436574255580797,0.492941924115502,0.464758089848149,0.0563676685347048,0.0143205787422396,TRUE,199,199,0,"OK","P14-C013",10,50,1030,0.05,"swmdk_like","strong","exact_knot",5,29,-0.154987583695728,0,1,0.164999999999999
"V4-CMP-IID-RESP-BB-v1","WORKING-INDEPENDENCE-RESPONDENT",0.46359634513211,0.457956278529402,0.00564006660270783,0.433443281984944,0.497473708352495,0.46545849516872,0.0640304263675507,0.0157400670397451,TRUE,199,199,0,"OK","P14-C013",10,50,1030,0.05,"swmdk_like","strong","exact_knot",5,29,-0.154987583695728,0,1,0.164999999999999
"V4-CMP-TWO-STAGE-FREQ-BOOT-RESP-v1","V4-TARGET-RESPONDENT-WEIGHTED-v1",0.46359634513211,0.457956278529402,0.00564006660270783,0.419081607005383,0.509781163598155,0.464431385301769,0.0906995565927715,0.0220966249698079,TRUE,199,199,0,"OK","P14-C013",10,50,1030,0.05,"swmdk_like","strong","exact_knot",5,29,-0.154987583695728,0,1,0.164999999999999
"V4-CMP-MOKKEN-TWOLEVEL-DELTA-v1","V4-TARGET-RESPONDENT-WEIGHTED-v1",0.463596345132083,0.457956278529402,0.00564006660268046,0.428540670206511,0.498652020057655,0.463596345132083,0.0701113498511441,0.017885877088603,TRUE,,,0,"OK","P14-C013",10,50,1030,0.05,"swmdk_like","strong","exact_knot",5,29,-0.154987583695728,0,1,0.164999999999999
"V4-PRI-TWO-STAGE-HBB-RESP-v1","V4-TARGET-RESPONDENT-WEIGHTED-v1",0.458801916276725,0.457956278529402,0.000845637747322825,0.39950673250141,0.51072414781683,0.45511544015912,0.111217415315419,0.0270649953673544,TRUE,199,199,0,"OK","P14-C013",11,50,1086,0.05,"swmdk_like","strong","exact_knot",8,29,0.157468764089949,0,1,0.158000000000001
"V4-SENS-TWO-STAGE-HBB-CLUSTER-v1","V4-TARGET-EQUAL-CLUSTER-v1",0.460005937091123,0.457956278529402,0.00204965856172085,0.407092705015885,0.508692288560392,0.457892496788139,0.101599583544507,0.0261926153378137,TRUE,199,199,0,"OK","P14-C013",11,50,1086,0.05,"swmdk_like","strong","exact_knot",8,29,0.157468764089949,0,1,0.158000000000001
"V4-CMP-ONE-STAGE-CLUSTER-BB-RESP-v1","V4-TARGET-RESPONDENT-WEIGHTED-v1",0.458801916276725,0.457956278529402,0.000845637747322825,0.433320884547334,0.489578295917312,0.461449590232323,0.0562574113699783,0.014896124981093,TRUE,199,199,0,"OK","P14-C013",11,50,1086,0.05,"swmdk_like","strong","exact_knot",8,29,0.157468764089949,0,1,0.158000000000001
"V4-CMP-IID-RESP-BB-v1","WORKING-INDEPENDENCE-RESPONDENT",0.458801916276725,0.457956278529402,0.000845637747322825,0.428475514006538,0.491536824193168,0.460006169099853,0.0630613101866297,0.0158743513198192,TRUE,199,199,0,"OK","P14-C013",11,50,1086,0.05,"swmdk_like","strong","exact_knot",8,29,0.157468764089949,0,1,0.158000000000001
"V4-CMP-TWO-STAGE-FREQ-BOOT-RESP-v1","V4-TARGET-RESPONDENT-WEIGHTED-v1",0.458801916276725,0.457956278529402,0.000845637747322825,0.418007515632559,0.517254768212932,0.467631141922745,0.0992472525803727,0.0231394593756945,TRUE,199,199,0,"OK","P14-C013",11,50,1086,0.05,"swmdk_like","strong","exact_knot",8,29,0.157468764089949,0,1,0.158000000000001
"V4-CMP-MOKKEN-TWOLEVEL-DELTA-v1","V4-TARGET-RESPONDENT-WEIGHTED-v1",0.458801916276711,0.457956278529402,0.000845637747308725,0.420349626651669,0.497254205901753,0.458801916276711,0.0769045792500838,0.0196188756162606,TRUE,,,0,"OK","P14-C013",11,50,1086,0.05,"swmdk_like","strong","exact_knot",8,29,0.157468764089949,0,1,0.158000000000001
"V4-PRI-TWO-STAGE-HBB-RESP-v1","V4-TARGET-RESPONDENT-WEIGHTED-v1",0.457172544118885,0.457956278529402,-0.000783734410516712,0.407676823891622,0.514749676164709,0.461213250028165,0.107072852273087,0.0272826112348218,TRUE,199,199,0,"OK","P14-C013",12,50,1083,0.05,"swmdk_like","strong","exact_knot",8,29,-0.0402798762830491,0.00092336103416435,0,0.158000000000001
"V4-SENS-TWO-STAGE-HBB-CLUSTER-v1","V4-TARGET-EQUAL-CLUSTER-v1",0.453249831357605,0.457956278529402,-0.00470644717179713,0.408550599484596,0.51074757214769,0.459649085816143,0.102196972663093,0.0231830100991577,TRUE,199,199,0,"OK","P14-C013",12,50,1083,0.05,"swmdk_like","strong","exact_knot",8,29,-0.0402798762830491,0.00092336103416435,0,0.158000000000001
"V4-CMP-ONE-STAGE-CLUSTER-BB-RESP-v1","V4-TARGET-RESPONDENT-WEIGHTED-v1",0.457172544118885,0.457956278529402,-0.000783734410516712,0.427928476811961,0.488442620106327,0.458185548459144,0.0605141432943667,0.0150441540649344,TRUE,199,199,0,"OK","P14-C013",12,50,1083,0.05,"swmdk_like","strong","exact_knot",8,29,-0.0402798762830491,0.00092336103416435,0,0.158000000000001
"V4-CMP-IID-RESP-BB-v1","WORKING-INDEPENDENCE-RESPONDENT",0.457172544118885,0.457956278529402,-0.000783734410516712,0.433724985595409,0.488509900206379,0.461117442900894,0.0547849146109693,0.0142802694474223,TRUE,199,199,0,"OK","P14-C013",12,50,1083,0.05,"swmdk_like","strong","exact_knot",8,29,-0.0402798762830491,0.00092336103416435,0,0.158000000000001
"V4-CMP-TWO-STAGE-FREQ-BOOT-RESP-v1","V4-TARGET-RESPONDENT-WEIGHTED-v1",0.457172544118885,0.457956278529402,-0.000783734410516712,0.425842432974588,0.4952747774221,0.460558605198344,0.0694323444475125,0.0191116622754679,TRUE,199,199,0,"OK","P14-C013",12,50,1083,0.05,"swmdk_like","strong","exact_knot",8,29,-0.0402798762830491,0.00092336103416435,0,0.158000000000001
"V4-CMP-MOKKEN-TWOLEVEL-DELTA-v1","V4-TARGET-RESPONDENT-WEIGHTED-v1",0.457172544118868,0.457956278529402,-0.000783734410534032,0.41933182048093,0.495013267756806,0.457172544118868,0.0756814472758758,0.0193068464198428,TRUE,,,0,"OK","P14-C013",12,50,1083,0.05,"swmdk_like","strong","exact_knot",8,29,-0.0402798762830491,0.00092336103416435,0,0.158000000000001
"V4-PRI-TWO-STAGE-HBB-RESP-v1","V4-TARGET-RESPONDENT-WEIGHTED-v1",0.485758469438116,0.457956278529402,0.027802190908714,0.449338536838138,0.537162691635875,0.493250614237007,0.087824154797737,0.0231611285383504,TRUE,199,199,0,"OK","P14-C013",13,50,1109,0.05,"swmdk_like","strong","exact_knot",5,29,0.211608885241212,0,1,0.159999999999997
"V4-SENS-TWO-STAGE-HBB-CLUSTER-v1","V4-TARGET-EQUAL-CLUSTER-v1",0.490329987165218,0.457956278529402,0.0323737086358156,0.448742990859125,0.53871777331533,0.493730382087228,0.0899747824562045,0.0239693936178704,TRUE,199,199,0,"OK","P14-C013",13,50,1109,0.05,"swmdk_like","strong","exact_knot",5,29,0.211608885241212,0,1,0.159999999999997
"V4-CMP-ONE-STAGE-CLUSTER-BB-RESP-v1","V4-TARGET-RESPONDENT-WEIGHTED-v1",0.485758469438116,0.457956278529402,0.027802190908714,0.463207684303929,0.516255857009364,0.489731770656647,0.0530481727054358,0.0135840757685921,FALSE,199,199,0,"OK","P14-C013",13,50,1109,0.05,"swmdk_like","strong","exact_knot",5,29,0.211608885241212,0,1,0.159999999999997
"V4-CMP-IID-RESP-BB-v1","WORKING-INDEPENDENCE-RESPONDENT",0.485758469438116,0.457956278529402,0.027802190908714,0.460083199882139,0.517240950703117,0.488662075292628,0.0571577508209777,0.0145053890594125,FALSE,199,199,0,"OK","P14-C013",13,50,1109,0.05,"swmdk_like","strong","exact_knot",5,29,0.211608885241212,0,1,0.159999999999997
"V4-CMP-TWO-STAGE-FREQ-BOOT-RESP-v1","V4-TARGET-RESPONDENT-WEIGHTED-v1",0.485758469438116,0.457956278529402,0.027802190908714,0.450933380101781,0.532741399484141,0.491837389792961,0.08180801938236,0.0198941408777441,TRUE,199,199,0,"OK","P14-C013",13,50,1109,0.05,"swmdk_like","strong","exact_knot",5,29,0.211608885241212,0,1,0.159999999999997
"V4-CMP-MOKKEN-TWOLEVEL-DELTA-v1","V4-TARGET-RESPONDENT-WEIGHTED-v1",0.485758469438114,0.457956278529402,0.0278021909087121,0.449907394729239,0.521609544146989,0.485758469438114,0.0717021494177501,0.0182917007616792,TRUE,,,0,"OK","P14-C013",13,50,1109,0.05,"swmdk_like","strong","exact_knot",5,29,0.211608885241212,0,1,0.159999999999997
"V4-PRI-TWO-STAGE-HBB-RESP-v1","V4-TARGET-RESPONDENT-WEIGHTED-v1",0.475516682193371,0.457956278529402,0.017560403663969,0.429551308836456,0.519497882460667,0.474524595648561,0.0899465736242105,0.0234118412228247,TRUE,199,199,0,"OK","P14-C013",14,50,1011,0.05,"swmdk_like","strong","exact_knot",5,29,0.305349212634594,0.0019782393669634,0,0.163000000000004
"V4-SENS-TWO-STAGE-HBB-CLUSTER-v1","V4-TARGET-EQUAL-CLUSTER-v1",0.471990932792859,0.457956278529402,0.0140346542634571,0.427158682744187,0.526736945187677,0.476947813965932,0.0995782624434897,0.0249199040427273,TRUE,199,199,0,"OK","P14-C013",14,50,1011,0.05,"swmdk_like","strong","exact_knot",5,29,0.305349212634594,0.0019782393669634,0,0.163000000000004
"V4-CMP-ONE-STAGE-CLUSTER-BB-RESP-v1","V4-TARGET-RESPONDENT-WEIGHTED-v1",0.475516682193371,0.457956278529402,0.017560403663969,0.450913067147371,0.507874475541399,0.479393771344385,0.0569614083940287,0.0145958608516002,TRUE,199,199,0,"OK","P14-C013",14,50,1011,0.05,"swmdk_like","strong","exact_knot",5,29,0.305349212634594,0.0019782393669634,0,0.163000000000004
"V4-CMP-IID-RESP-BB-v1","WORKING-INDEPENDENCE-RESPONDENT",0.475516682193371,0.457956278529402,0.017560403663969,0.442953954281272,0.51002507969091,0.476489516986091,0.0670711254096379,0.0161916891581515,TRUE,199,199,0,"OK","P14-C013",14,50,1011,0.05,"swmdk_like","strong","exact_knot",5,29,0.305349212634594,0.0019782393669634,0,0.163000000000004
"V4-CMP-TWO-STAGE-FREQ-BOOT-RESP-v1","V4-TARGET-RESPONDENT-WEIGHTED-v1",0.475516682193371,0.457956278529402,0.017560403663969,0.437965473493893,0.513594292296692,0.475779882895293,0.0756288188027986,0.0189488876795156,TRUE,199,199,0,"OK","P14-C013",14,50,1011,0.05,"swmdk_like","strong","exact_knot",5,29,0.305349212634594,0.0019782393669634,0,0.163000000000004
"V4-CMP-MOKKEN-TWOLEVEL-DELTA-v1","V4-TARGET-RESPONDENT-WEIGHTED-v1",0.475516682193354,0.457956278529402,0.0175604036639521,0.440640428826506,0.510392935560202,0.475516682193354,0.0697525067336959,0.0177943337948796,TRUE,,,0,"OK","P14-C013",14,50,1011,0.05,"swmdk_like","strong","exact_knot",5,29,0.305349212634594,0.0019782393669634,0,0.163000000000004
"V4-PRI-TWO-STAGE-HBB-RESP-v1","V4-TARGET-RESPONDENT-WEIGHTED-v1",0.473761045663105,0.457956278529402,0.0158047671337027,0.421731313129487,0.529565591535151,0.475648452332319,0.107834278405664,0.0262895700480995,TRUE,199,199,0,"OK","P14-C013",15,50,981,0.05,"swmdk_like","strong","exact_knot",5,28,0.0771630818010901,0.00101936799184499,0,0.146999999999998
"V4-SENS-TWO-STAGE-HBB-CLUSTER-v1","V4-TARGET-EQUAL-CLUSTER-v1",0.470703133852295,0.457956278529402,0.0127468553228927,0.417912884817973,0.529881723803279,0.473897304310626,0.111968838985306,0.0280841945831611,TRUE,199,199,0,"OK","P14-C013",15,50,981,0.05,"swmdk_like","strong","exact_knot",5,28,0.0771630818010901,0.00101936799184499,0,0.146999999999998
"V4-CMP-ONE-STAGE-CLUSTER-BB-RESP-v1","V4-TARGET-RESPONDENT-WEIGHTED-v1",0.473761045663105,0.457956278529402,0.0158047671337027,0.441734387307445,0.505071828638324,0.473403107972884,0.0633374413308783,0.0154328804747637,TRUE,199,199,0,"OK","P14-C013",15,50,981,0.05,"swmdk_like","strong","exact_knot",5,28,0.0771630818010901,0.00101936799184499,0,0.146999999999998
"V4-CMP-IID-RESP-BB-v1","WORKING-INDEPENDENCE-RESPONDENT",0.473761045663105,0.457956278529402,0.0158047671337027,0.448236663842279,0.503825131265492,0.476030897553886,0.0555884674232132,0.0147721927007166,TRUE,199,199,0,"OK","P14-C013",15,50,981,0.05,"swmdk_like","strong","exact_knot",5,28,0.0771630818010901,0.00101936799184499,0,0.146999999999998
"V4-CMP-TWO-STAGE-FREQ-BOOT-RESP-v1","V4-TARGET-RESPONDENT-WEIGHTED-v1",0.473761045663105,0.457956278529402,0.0158047671337027,0.426464724319435,0.518538190174984,0.47250145724721,0.0920734658555492,0.0236387648631159,TRUE,199,199,0,"OK","P14-C013",15,50,981,0.05,"swmdk_like","strong","exact_knot",5,28,0.0771630818010901,0.00101936799184499,0,0.146999999999998
"V4-CMP-MOKKEN-TWOLEVEL-DELTA-v1","V4-TARGET-RESPONDENT-WEIGHTED-v1",0.473761045663089,0.457956278529402,0.0158047671336873,0.436569755261195,0.510952336064984,0.473761045663089,0.0743825808037888,0.0189754968434392,TRUE,,,0,"OK","P14-C013",15,50,981,0.05,"swmdk_like","strong","exact_knot",5,28,0.0771630818010901,0.00101936799184499,0,0.146999999999998
"V4-PRI-TWO-STAGE-HBB-RESP-v1","V4-TARGET-RESPONDENT-WEIGHTED-v1",0.480845254515462,0.457956278529402,0.0228889759860603,0.436035352367128,0.542594471743856,0.489314912055492,0.106559119376729,0.027486292431855,TRUE,199,199,0,"OK","P14-C013",16,50,1099,0.05,"swmdk_like","strong","exact_knot",8,29,-0.0388694569873956,0.0009099181073704,0,0.159999999999997
"V4-SENS-TWO-STAGE-HBB-CLUSTER-v1","V4-TARGET-EQUAL-CLUSTER-v1",0.480775874018285,0.457956278529402,0.0228195954888828,0.435007736923799,0.535838024289834,0.485422880606816,0.100830287366034,0.0279647285594752,TRUE,199,199,0,"OK","P14-C013",16,50,1099,0.05,"swmdk_like","strong","exact_knot",8,29,-0.0388694569873956,0.0009099181073704,0,0.159999999999997
"V4-CMP-ONE-STAGE-CLUSTER-BB-RESP-v1","V4-TARGET-RESPONDENT-WEIGHTED-v1",0.480845254515462,0.457956278529402,0.0228889759860603,0.455878276293658,0.510538473907565,0.483208375100612,0.0546601976139072,0.0143542125245092,TRUE,199,199,0,"OK","P14-C013",16,50,1099,0.05,"swmdk_like","strong","exact_knot",8,29,-0.0388694569873956,0.0009099181073704,0,0.159999999999997
"V4-CMP-IID-RESP-BB-v1","WORKING-INDEPENDENCE-RESPONDENT",0.480845254515462,0.457956278529402,0.0228889759860603,0.451272472679075,0.51099658812318,0.481134530401127,0.0597241154441057,0.0156376473964562,TRUE,199,199,0,"OK","P14-C013",16,50,1099,0.05,"swmdk_like","strong","exact_knot",8,29,-0.0388694569873956,0.0009099181073704,0,0.159999999999997
"V4-CMP-TWO-STAGE-FREQ-BOOT-RESP-v1","V4-TARGET-RESPONDENT-WEIGHTED-v1",0.480845254515462,0.457956278529402,0.0228889759860603,0.447043453055529,0.523880430172992,0.485461941614261,0.0768369771174627,0.0192738564583416,TRUE,199,199,0,"OK","P14-C013",16,50,1099,0.05,"swmdk_like","strong","exact_knot",8,29,-0.0388694569873956,0.0009099181073704,0,0.159999999999997
"V4-CMP-MOKKEN-TWOLEVEL-DELTA-v1","V4-TARGET-RESPONDENT-WEIGHTED-v1",0.480845254515495,0.457956278529402,0.0228889759860926,0.445054664664459,0.516635844366531,0.480845254515495,0.0715811797020716,0.0182608405732694,TRUE,,,0,"OK","P14-C013",16,50,1099,0.05,"swmdk_like","strong","exact_knot",8,29,-0.0388694569873956,0.0009099181073704,0,0.159999999999997
"V4-PRI-TWO-STAGE-HBB-RESP-v1","V4-TARGET-RESPONDENT-WEIGHTED-v1",0.492770696857691,0.457956278529402,0.0348144183282891,0.453921720789815,0.537659421889794,0.495790571339805,0.0837377010999796,0.0224391446159284,TRUE,199,199,0,"OK","P14-C013",17,50,1130,0.05,"swmdk_like","strong","exact_knot",8,29,-0.115007630641777,0,3,0.176000000000002
"V4-SENS-TWO-STAGE-HBB-CLUSTER-v1","V4-TARGET-EQUAL-CLUSTER-v1",0.488670374442331,0.457956278529402,0.0307140959129292,0.448502383766172,0.543900679110248,0.49620153143821,0.0953982953440756,0.0237567494515536,TRUE,199,199,0,"OK","P14-C013",17,50,1130,0.05,"swmdk_like","strong","exact_knot",8,29,-0.115007630641777,0,3,0.176000000000002
"V4-CMP-ONE-STAGE-CLUSTER-BB-RESP-v1","V4-TARGET-RESPONDENT-WEIGHTED-v1",0.492770696857691,0.457956278529402,0.0348144183282891,0.467744155183155,0.520723402842776,0.494233779012966,0.0529792476596213,0.0120144157362507,FALSE,199,199,0,"OK","P14-C013",17,50,1130,0.05,"swmdk_like","strong","exact_knot",8,29,-0.115007630641777,0,3,0.176000000000002
"V4-CMP-IID-RESP-BB-v1","WORKING-INDEPENDENCE-RESPONDENT",0.492770696857691,0.457956278529402,0.0348144183282891,0.46342893556893,0.521256222330112,0.492342578949521,0.0578272867611811,0.0148758633750245,FALSE,199,199,0,"OK","P14-C013",17,50,1130,0.05,"swmdk_like","strong","exact_knot",8,29,-0.115007630641777,0,3,0.176000000000002
"V4-CMP-TWO-STAGE-FREQ-BOOT-RESP-v1","V4-TARGET-RESPONDENT-WEIGHTED-v1",0.492770696857691,0.457956278529402,0.0348144183282891,0.460077955399001,0.535113839432201,0.497595897415601,0.0750358840331998,0.0187134641659569,FALSE,199,199,0,"OK","P14-C013",17,50,1130,0.05,"swmdk_like","strong","exact_knot",8,29,-0.115007630641777,0,3,0.176000000000002
"V4-CMP-MOKKEN-TWOLEVEL-DELTA-v1","V4-TARGET-RESPONDENT-WEIGHTED-v1",0.492770696857699,0.457956278529402,0.0348144183282967,0.457509097160206,0.528032296555192,0.492770696857699,0.0705231993949855,0.0179909426783511,TRUE,,,0,"OK","P14-C013",17,50,1130,0.05,"swmdk_like","strong","exact_knot",8,29,-0.115007630641777,0,3,0.176000000000002
"V4-PRI-TWO-STAGE-HBB-RESP-v1","V4-TARGET-RESPONDENT-WEIGHTED-v1",0.452118937863933,0.457956278529402,-0.00583734066546937,0.406693449350963,0.513021332272284,0.459857390811624,0.106327882921321,0.025624086807413,TRUE,199,199,0,"OK","P14-C013",18,50,983,0.05,"swmdk_like","strong","exact_knot",5,29,0.0773019187906168,0,2,0.149000000000001
"V4-SENS-TWO-STAGE-HBB-CLUSTER-v1","V4-TARGET-EQUAL-CLUSTER-v1",0.444279444918121,0.457956278529402,-0.0136768336112815,0.39406647269325,0.491275435968961,0.442670954331105,0.0972089632757116,0.0250277144591385,TRUE,199,199,0,"OK","P14-C013",18,50,983,0.05,"swmdk_like","strong","exact_knot",5,29,0.0773019187906168,0,2,0.149000000000001
"V4-CMP-ONE-STAGE-CLUSTER-BB-RESP-v1","V4-TARGET-RESPONDENT-WEIGHTED-v1",0.452118937863933,0.457956278529402,-0.00583734066546937,0.429964425293912,0.481865225771143,0.455914825532527,0.0519008004772318,0.0141380598547544,TRUE,199,199,0,"OK","P14-C013",18,50,983,0.05,"swmdk_like","strong","exact_knot",5,29,0.0773019187906168,0,2,0.149000000000001
"V4-CMP-IID-RESP-BB-v1","WORKING-INDEPENDENCE-RESPONDENT",0.452118937863933,0.457956278529402,-0.00583734066546937,0.423128843643567,0.486173336202291,0.454651089922929,0.0630444925587235,0.0167694568204131,TRUE,199,199,0,"OK","P14-C013",18,50,983,0.05,"swmdk_like","strong","exact_knot",5,29,0.0773019187906168,0,2,0.149000000000001
"V4-CMP-TWO-STAGE-FREQ-BOOT-RESP-v1","V4-TARGET-RESPONDENT-WEIGHTED-v1",0.452118937863933,0.457956278529402,-0.00583734066546937,0.422061561877479,0.508795408815402,0.46542848534644,0.0867338469379235,0.0214159055445072,TRUE,199,199,0,"OK","P14-C013",18,50,983,0.05,"swmdk_like","strong","exact_knot",5,29,0.0773019187906168,0,2,0.149000000000001
"V4-CMP-MOKKEN-TWOLEVEL-DELTA-v1","V4-TARGET-RESPONDENT-WEIGHTED-v1",0.452118937863907,0.457956278529402,-0.00583734066549557,0.415121367309345,0.489116508418468,0.452118937863907,0.0739951411091231,0.0188766583704566,TRUE,,,0,"OK","P14-C013",18,50,983,0.05,"swmdk_like","strong","exact_knot",5,29,0.0773019187906168,0,2,0.149000000000001
"V4-PRI-TWO-STAGE-HBB-RESP-v1","V4-TARGET-RESPONDENT-WEIGHTED-v1",0.448891228935201,0.457956278529402,-0.00906504959420079,0.399545345338461,0.505811225991196,0.452678285664828,0.106265880652735,0.0281938522434418,TRUE,199,199,0,"OK","P14-C013",19,50,1022,0.05,"swmdk_like","strong","exact_knot",5,29,0.0336589952931982,0.000978473581213279,0,0.152000000000001
"V4-SENS-TWO-STAGE-HBB-CLUSTER-v1","V4-TARGET-EQUAL-CLUSTER-v1",0.448874996851358,0.457956278529402,-0.00908128167804395,0.399223291139926,0.510427168457904,0.454825229798915,0.111203877317978,0.0290624478836668,TRUE,199,199,0,"OK","P14-C013",19,50,1022,0.05,"swmdk_like","strong","exact_knot",5,29,0.0336589952931982,0.000978473581213279,0,0.152000000000001
"V4-CMP-ONE-STAGE-CLUSTER-BB-RESP-v1","V4-TARGET-RESPONDENT-WEIGHTED-v1",0.448891228935201,0.457956278529402,-0.00906504959420079,0.420581519028458,0.48731225621962,0.453946887624039,0.0667307371911618,0.0169802429596176,TRUE,199,199,0,"OK","P14-C013",19,50,1022,0.05,"swmdk_like","strong","exact_knot",5,29,0.0336589952931982,0.000978473581213279,0,0.152000000000001
"V4-CMP-IID-RESP-BB-v1","WORKING-INDEPENDENCE-RESPONDENT",0.448891228935201,0.457956278529402,-0.00906504959420079,0.426201242385995,0.482085033568832,0.454143137977413,0.0558837911828374,0.0139866515518279,TRUE,199,199,0,"OK","P14-C013",19,50,1022,0.05,"swmdk_like","strong","exact_knot",5,29,0.0336589952931982,0.000978473581213279,0,0.152000000000001
"V4-CMP-TWO-STAGE-FREQ-BOOT-RESP-v1","V4-TARGET-RESPONDENT-WEIGHTED-v1",0.448891228935201,0.457956278529402,-0.00906504959420079,0.406474315166083,0.502545553478318,0.454509934322201,0.0960712383122354,0.0227630053049934,TRUE,199,199,0,"OK","P14-C013",19,50,1022,0.05,"swmdk_like","strong","exact_knot",5,29,0.0336589952931982,0.000978473581213279,0,0.152000000000001
"V4-CMP-MOKKEN-TWOLEVEL-DELTA-v1","V4-TARGET-RESPONDENT-WEIGHTED-v1",0.44889122893523,0.457956278529402,-0.00906504959417209,0.413282791959472,0.484499665910988,0.44889122893523,0.0712168739515152,0.018167903725085,TRUE,,,0,"OK","P14-C013",19,50,1022,0.05,"swmdk_like","strong","exact_knot",5,29,0.0336589952931982,0.000978473581213279,0,0.152000000000001
"V4-PRI-TWO-STAGE-HBB-RESP-v1","V4-TARGET-RESPONDENT-WEIGHTED-v1",0.487577746666378,0.457956278529402,0.0296214681369758,0.451286518210892,0.546965009671868,0.49912576394138,0.0956784914609763,0.0234473558469208,TRUE,199,199,0,"OK","P14-C013",20,50,1008,0.05,"swmdk_like","strong","exact_knot",5,29,-0.290230726460156,0,1,0.152000000000001
"V4-SENS-TWO-STAGE-HBB-CLUSTER-v1","V4-TARGET-EQUAL-CLUSTER-v1",0.486699096960523,0.457956278529402,0.0287428184311205,0.425185168338767,0.558374854564282,0.491780011451525,0.133189686225514,0.0318225438764118,TRUE,199,199,0,"OK","P14-C013",20,50,1008,0.05,"swmdk_like","strong","exact_knot",5,29,-0.290230726460156,0,1,0.152000000000001
"V4-CMP-ONE-STAGE-CLUSTER-BB-RESP-v1","V4-TARGET-RESPONDENT-WEIGHTED-v1",0.487577746666378,0.457956278529402,0.0296214681369758,0.456682245401286,0.524963433713023,0.490822839557154,0.068281188311737,0.0159324446669612,TRUE,199,199,0,"OK","P14-C013",20,50,1008,0.05,"swmdk_like","strong","exact_knot",5,29,-0.290230726460156,0,1,0.152000000000001
"V4-CMP-IID-RESP-BB-v1","WORKING-INDEPENDENCE-RESPONDENT",0.487577746666378,0.457956278529402,0.0296214681369758,0.46469628379182,0.518721652705814,0.491708968248817,0.0540253689139937,0.0143041855417657,FALSE,199,199,0,"OK","P14-C013",20,50,1008,0.05,"swmdk_like","strong","exact_knot",5,29,-0.290230726460156,0,1,0.152000000000001
"V4-CMP-TWO-STAGE-FREQ-BOOT-RESP-v1","V4-TARGET-RESPONDENT-WEIGHTED-v1",0.487577746666378,0.457956278529402,0.0296214681369758,0.447204799026477,0.531522899231552,0.489363849129014,0.0843181002050747,0.0204829979299256,TRUE,199,199,0,"OK","P14-C013",20,50,1008,0.05,"swmdk_like","strong","exact_knot",5,29,-0.290230726460156,0,1,0.152000000000001
"V4-CMP-MOKKEN-TWOLEVEL-DELTA-v1","V4-TARGET-RESPONDENT-WEIGHTED-v1",0.48757774666636,0.457956278529402,0.0296214681369578,0.450704348263358,0.524451145069362,0.48757774666636,0.0737467968060046,0.0188133040677558,TRUE,,,0,"OK","P14-C013",20,50,1008,0.05,"swmdk_like","strong","exact_knot",5,29,-0.290230726460156,0,1,0.152000000000001
"V4-PRI-TWO-STAGE-HBB-RESP-v1","V4-TARGET-RESPONDENT-WEIGHTED-v1",0.453642292144649,0.457956278529402,-0.0043139863847535,0.420899863935306,0.499999651158672,0.460449757546989,0.0790997872233662,0.0228402593326095,TRUE,199,199,0,"OK","P14-C013",21,50,1111,0.05,"swmdk_like","strong","exact_knot",5,29,-0.105834870710175,0.000900090009000903,0,0.174999999999997
"V4-SENS-TWO-STAGE-HBB-CLUSTER-v1","V4-TARGET-EQUAL-CLUSTER-v1",0.454532702104814,0.457956278529402,-0.00342357642458829,0.408176226466269,0.509942672882863,0.459059449674566,0.101766446416594,0.0250239713141896,TRUE,199,199,0,"OK","P14-C013",21,50,1111,0.05,"swmdk_like","strong","exact_knot",5,29,-0.105834870710175,0.000900090009000903,0,0.174999999999997
"V4-CMP-ONE-STAGE-CLUSTER-BB-RESP-v1","V4-TARGET-RESPONDENT-WEIGHTED-v1",0.453642292144649,0.457956278529402,-0.0043139863847535,0.421582487687692,0.481627714843609,0.45160510126565,0.0600452271559168,0.013785897119119,TRUE,199,199,0,"OK","P14-C013",21,50,1111,0.05,"swmdk_like","strong","exact_knot",5,29,-0.105834870710175,0.000900090009000903,0,0.174999999999997
"V4-CMP-IID-RESP-BB-v1","WORKING-INDEPENDENCE-RESPONDENT",0.453642292144649,0.457956278529402,-0.0043139863847535,0.424337859867238,0.483993480146639,0.454165670006938,0.0596556202794007,0.0146635628968926,TRUE,199,199,0,"OK","P14-C013",21,50,1111,0.05,"swmdk_like","strong","exact_knot",5,29,-0.105834870710175,0.000900090009000903,0,0.174999999999997
"V4-CMP-TWO-STAGE-FREQ-BOOT-RESP-v1","V4-TARGET-RESPONDENT-WEIGHTED-v1",0.453642292144649,0.457956278529402,-0.0043139863847535,0.420489924838837,0.493935420562482,0.45721267270066,0.0734454957236451,0.0193369842261504,TRUE,199,199,0,"OK","P14-C013",21,50,1111,0.05,"swmdk_like","strong","exact_knot",5,29,-0.105834870710175,0.000900090009000903,0,0.174999999999997
"V4-CMP-MOKKEN-TWOLEVEL-DELTA-v1","V4-TARGET-RESPONDENT-WEIGHTED-v1",0.453642292144649,0.457956278529402,-0.004313986384753,0.418260068471473,0.489024515817825,0.453642292144649,0.0707644473463513,0.0180524866539723,TRUE,,,0,"OK","P14-C013",21,50,1111,0.05,"swmdk_like","strong","exact_knot",5,29,-0.105834870710175,0.000900090009000903,0,0.174999999999997
"V4-PRI-TWO-STAGE-HBB-RESP-v1","V4-TARGET-RESPONDENT-WEIGHTED-v1",0.466277554398554,0.457956278529402,0.00832127586915232,0.426548925832847,0.515246548430311,0.470897737131579,0.0886976225974643,0.0244253836846258,TRUE,199,199,0,"OK","P14-C013",22,50,1126,0.05,"swmdk_like","strong","exact_knot",8,29,0.018836586798805,0.000888099467140302,0,0.174
"V4-SENS-TWO-STAGE-HBB-CLUSTER-v1","V4-TARGET-EQUAL-CLUSTER-v1",0.46754151932451,0.457956278529402,0.00958524079510736,0.420899046519661,0.522449772882928,0.471674409701294,0.101550726363267,0.0255749167106083,TRUE,199,199,0,"OK","P14-C013",22,50,1126,0.05,"swmdk_like","strong","exact_knot",8,29,0.018836586798805,0.000888099467140302,0,0.174
"V4-CMP-ONE-STAGE-CLUSTER-BB-RESP-v1","V4-TARGET-RESPONDENT-WEIGHTED-v1",0.466277554398554,0.457956278529402,0.00832127586915232,0.435798254928579,0.496188180123174,0.465993217525877,0.0603899251945951,0.0160016538346211,TRUE,199,199,0,"OK","P14-C013",22,50,1126,0.05,"swmdk_like","strong","exact_knot",8,29,0.018836586798805,0.000888099467140302,0,0.174
"V4-CMP-IID-RESP-BB-v1","WORKING-INDEPENDENCE-RESPONDENT",0.466277554398554,0.457956278529402,0.00832127586915232,0.439862698361685,0.496700761502154,0.468281729931919,0.0568380631404686,0.01417986719457,TRUE,199,199,0,"OK","P14-C013",22,50,1126,0.05,"swmdk_like","strong","exact_knot",8,29,0.018836586798805,0.000888099467140302,0,0.174
"V4-CMP-TWO-STAGE-FREQ-BOOT-RESP-v1","V4-TARGET-RESPONDENT-WEIGHTED-v1",0.466277554398554,0.457956278529402,0.00832127586915232,0.430809615815369,0.509121923293283,0.469965769554326,0.0783123074779142,0.0216011051136854,TRUE,199,199,0,"OK","P14-C013",22,50,1126,0.05,"swmdk_like","strong","exact_knot",8,29,0.018836586798805,0.000888099467140302,0,0.174
"V4-CMP-MOKKEN-TWOLEVEL-DELTA-v1","V4-TARGET-RESPONDENT-WEIGHTED-v1",0.466277554398563,0.457956278529402,0.0083212758691612,0.428197158073391,0.504357950723736,0.466277554398563,0.0761607926503451,0.0194291306501272,TRUE,,,0,"OK","P14-C013",22,50,1126,0.05,"swmdk_like","strong","exact_knot",8,29,0.018836586798805,0.000888099467140302,0,0.174
"V4-PRI-TWO-STAGE-HBB-RESP-v1","V4-TARGET-RESPONDENT-WEIGHTED-v1",0.458637039393739,0.457956278529402,0.000680760864336438,0.420016031030522,0.511115569481527,0.465565800256024,0.0910995384510048,0.023123917632463,TRUE,199,199,0,"OK","P14-C013",23,50,1036,0.05,"swmdk_like","strong","exact_knot",5,29,0.0499647963454518,0,1,0.154000000000003
"V4-SENS-TWO-STAGE-HBB-CLUSTER-v1","V4-TARGET-EQUAL-CLUSTER-v1",0.467119649770008,0.457956278529402,0.00916337124060557,0.422147923654641,0.527067016742004,0.474607470198323,0.104919093087362,0.0266136556351985,TRUE,199,199,0,"OK","P14-C013",23,50,1036,0.05,"swmdk_like","strong","exact_knot",5,29,0.0499647963454518,0,1,0.154000000000003
"V4-CMP-ONE-STAGE-CLUSTER-BB-RESP-v1","V4-TARGET-RESPONDENT-WEIGHTED-v1",0.458637039393739,0.457956278529402,0.000680760864336438,0.436147104652053,0.485940803939897,0.461043954295975,0.0497936992878432,0.0126075900862942,TRUE,199,199,0,"OK","P14-C013",23,50,1036,0.05,"swmdk_like","strong","exact_knot",5,29,0.0499647963454518,0,1,0.154000000000003
"V4-CMP-IID-RESP-BB-v1","WORKING-INDEPENDENCE-RESPONDENT",0.458637039393739,0.457956278529402,0.000680760864336438,0.43012195799742,0.488475504173835,0.459298731085627,0.0583535461764155,0.0147839541087027,TRUE,199,199,0,"OK","P14-C013",23,50,1036,0.05,"swmdk_like","strong","exact_knot",5,29,0.0499647963454518,0,1,0.154000000000003
"V4-CMP-TWO-STAGE-FREQ-BOOT-RESP-v1","V4-TARGET-RESPONDENT-WEIGHTED-v1",0.458637039393739,0.457956278529402,0.000680760864336438,0.423703600248029,0.503082772950509,0.463393186599269,0.0793791727024802,0.0195239143106418,TRUE,199,199,0,"OK","P14-C013",23,50,1036,0.05,"swmdk_like","strong","exact_knot",5,29,0.0499647963454518,0,1,0.154000000000003
"V4-CMP-MOKKEN-TWOLEVEL-DELTA-v1","V4-TARGET-RESPONDENT-WEIGHTED-v1",0.458637039393706,0.457956278529402,0.000680760864303909,0.426201842586829,0.491072236200583,0.458637039393706,0.0648703936137539,0.0165488738888682,TRUE,,,0,"OK","P14-C013",23,50,1036,0.05,"swmdk_like","strong","exact_knot",5,29,0.0499647963454518,0,1,0.154000000000003
"V4-PRI-TWO-STAGE-HBB-RESP-v1","V4-TARGET-RESPONDENT-WEIGHTED-v1",0.487516352437399,0.457956278529402,0.029560073907997,0.448907439856883,0.536060806119734,0.492484122988309,0.0871533662628505,0.0237477445481216,TRUE,199,199,0,"OK","P14-C013",24,50,1059,0.05,"swmdk_like","strong","exact_knot",5,29,0.00512832644964147,0.00188857412653448,0,0.155999999999999
"V4-SENS-TWO-STAGE-HBB-CLUSTER-v1","V4-TARGET-EQUAL-CLUSTER-v1",0.490812753361838,0.457956278529402,0.0328564748324363,0.447362544667692,0.542990400938186,0.495176472802939,0.0956278562704944,0.0258383320982266,TRUE,199,199,0,"OK","P14-C013",24,50,1059,0.05,"swmdk_like","strong","exact_knot",5,29,0.00512832644964147,0.00188857412653448,0,0.155999999999999
"V4-CMP-ONE-STAGE-CLUSTER-BB-RESP-v1","V4-TARGET-RESPONDENT-WEIGHTED-v1",0.487516352437399,0.457956278529402,0.029560073907997,0.463530786381218,0.516502981788157,0.490016884084688,0.0529721954069393,0.0136265787208116,FALSE,199,199,0,"OK","P14-C013",24,50,1059,0.05,"swmdk_like","strong","exact_knot",5,29,0.00512832644964147,0.00188857412653448,0,0.155999999999999
"V4-CMP-IID-RESP-BB-v1","WORKING-INDEPENDENCE-RESPONDENT",0.487516352437399,0.457956278529402,0.029560073907997,0.460632475015801,0.517209614938525,0.488921044977163,0.0565771399227244,0.0148505507345637,FALSE,199,199,0,"OK","P14-C013",24,50,1059,0.05,"swmdk_like","strong","exact_knot",5,29,0.00512832644964147,0.00188857412653448,0,0.155999999999999
"V4-CMP-TWO-STAGE-FREQ-BOOT-RESP-v1","V4-TARGET-RESPONDENT-WEIGHTED-v1",0.487516352437399,0.457956278529402,0.029560073907997,0.450822107226675,0.526814237680719,0.488818172453697,0.0759921304540443,0.0201502415828329,TRUE,199,199,0,"OK","P14-C013",24,50,1059,0.05,"swmdk_like","strong","exact_knot",5,29,0.00512832644964147,0.00188857412653448,0,0.155999999999999
"V4-CMP-MOKKEN-TWOLEVEL-DELTA-v1","V4-TARGET-RESPONDENT-WEIGHTED-v1",0.487516352437404,0.457956278529402,0.0295600739080017,0.452425897678561,0.522606807196246,0.487516352437404,0.070180909517685,0.0179036222275672,TRUE,,,0,"OK","P14-C013",24,50,1059,0.05,"swmdk_like","strong","exact_knot",5,29,0.00512832644964147,0.00188857412653448,0,0.155999999999999
"V4-PRI-TWO-STAGE-HBB-RESP-v1","V4-TARGET-RESPONDENT-WEIGHTED-v1",0.449052094356701,0.457956278529402,-0.00890418417270117,0.400430734212799,0.503890375205075,0.452160554708937,0.103459640992276,0.0250541827256151,TRUE,199,199,0,"OK","P14-C013",25,50,1074,0.05,"swmdk_like","strong","exact_knot",5,29,-0.0316804477463544,0,1,0.159999999999997
"V4-SENS-TWO-STAGE-HBB-CLUSTER-v1","V4-TARGET-EQUAL-CLUSTER-v1",0.438304931534816,0.457956278529402,-0.0196513469945862,0.380935135797483,0.497276450475963,0.439105793136723,0.116341314678479,0.0288364548340845,TRUE,199,199,0,"OK","P14-C013",25,50,1074,0.05,"swmdk_like","strong","exact_knot",5,29,-0.0316804477463544,0,1,0.159999999999997
"V4-CMP-ONE-STAGE-CLUSTER-BB-RESP-v1","V4-TARGET-RESPONDENT-WEIGHTED-v1",0.449052094356701,0.457956278529402,-0.00890418417270117,0.42055108795686,0.492752268501274,0.456651678229067,0.0722011805444141,0.0178673236924412,TRUE,199,199,0,"OK","P14-C013",25,50,1074,0.05,"swmdk_like","strong","exact_knot",5,29,-0.0316804477463544,0,1,0.159999999999997
"V4-CMP-IID-RESP-BB-v1","WORKING-INDEPENDENCE-RESPONDENT",0.449052094356701,0.457956278529402,-0.00890418417270117,0.418903573242335,0.482314448235608,0.450609010738972,0.0634108749932732,0.0165153682419101,TRUE,199,199,0,"OK","P14-C013",25,50,1074,0.05,"swmdk_like","strong","exact_knot",5,29,-0.0316804477463544,0,1,0.159999999999997
"V4-CMP-TWO-STAGE-FREQ-BOOT-RESP-v1","V4-TARGET-RESPONDENT-WEIGHTED-v1",0.449052094356701,0.457956278529402,-0.00890418417270117,0.402046139989434,0.493619776648433,0.447832958318934,0.0915736366589992,0.0233607837203168,TRUE,199,199,0,"OK","P14-C013",25,50,1074,0.05,"swmdk_like","strong","exact_knot",5,29,-0.0316804477463544,0,1,0.159999999999997
"V4-CMP-MOKKEN-TWOLEVEL-DELTA-v1","V4-TARGET-RESPONDENT-WEIGHTED-v1",0.449052094356717,0.457956278529402,-0.00890418417268513,0.410641007983602,0.487463180729832,0.449052094356717,0.0768221727462302,0.0195978531626585,TRUE,,,0,"OK","P14-C013",25,50,1074,0.05,"swmdk_like","strong","exact_knot",5,29,-0.0316804477463544,0,1,0.159999999999997
"V4-PRI-TWO-STAGE-HBB-RESP-v1","V4-TARGET-RESPONDENT-WEIGHTED-v1",0.451371730003601,0.457956278529402,-0.00658454852580154,0.406314018074925,0.510868229688579,0.458591123881752,0.104554211613653,0.0260718965101786,TRUE,199,199,0,"OK","P14-C013",26,50,1072,0.05,"swmdk_like","strong","exact_knot",5,29,-0.109046885780374,0,1,0.159999999999997
"V4-SENS-TWO-STAGE-HBB-CLUSTER-v1","V4-TARGET-EQUAL-CLUSTER-v1",0.454635019761993,0.457956278529402,-0.00332125876740941,0.407189498134721,0.505669456278141,0.456429477206431,0.0984799581434203,0.026376928543765,TRUE,199,199,0,"OK","P14-C013",26,50,1072,0.05,"swmdk_like","strong","exact_knot",5,29,-0.109046885780374,0,1,0.159999999999997
"V4-CMP-ONE-STAGE-CLUSTER-BB-RESP-v1","V4-TARGET-RESPONDENT-WEIGHTED-v1",0.451371730003601,0.457956278529402,-0.00658454852580154,0.4216246021203,0.483552790421519,0.45258869627091,0.0619281883012184,0.0149389910638477,TRUE,199,199,0,"OK","P14-C013",26,50,1072,0.05,"swmdk_like","strong","exact_knot",5,29,-0.109046885780374,0,1,0.159999999999997
"V4-CMP-IID-RESP-BB-v1","WORKING-INDEPENDENCE-RESPONDENT",0.451371730003601,0.457956278529402,-0.00658454852580154,0.419519633245527,0.487874340483318,0.453696986864423,0.068354707237791,0.0165647932710993,TRUE,199,199,0,"OK","P14-C013",26,50,1072,0.05,"swmdk_like","strong","exact_knot",5,29,-0.109046885780374,0,1,0.159999999999997
"V4-CMP-TWO-STAGE-FREQ-BOOT-RESP-v1","V4-TARGET-RESPONDENT-WEIGHTED-v1",0.451371730003601,0.457956278529402,-0.00658454852580154,0.404229826439448,0.495827625218179,0.450028725828813,0.0915977987787302,0.0209991186067187,TRUE,199,199,0,"OK","P14-C013",26,50,1072,0.05,"swmdk_like","strong","exact_knot",5,29,-0.109046885780374,0,1,0.159999999999997
"V4-CMP-MOKKEN-TWOLEVEL-DELTA-v1","V4-TARGET-RESPONDENT-WEIGHTED-v1",0.451371730003625,0.457956278529402,-0.00658454852577706,0.414786397979585,0.487957062027665,0.451371730003625,0.0731706640480805,0.0186663287247218,TRUE,,,0,"OK","P14-C013",26,50,1072,0.05,"swmdk_like","strong","exact_knot",5,29,-0.109046885780374,0,1,0.159999999999997
"V4-PRI-TWO-STAGE-HBB-RESP-v1","V4-TARGET-RESPONDENT-WEIGHTED-v1",0.473021508483662,0.457956278529402,0.0150652299542599,0.435065657225315,0.527368144516236,0.481216900870776,0.0923024872909204,0.0243857499374124,TRUE,199,199,0,"OK","P14-C013",27,50,999,0.05,"swmdk_like","strong","exact_knot",5,29,0.234124168937416,0,1,0.149000000000001
"V4-SENS-TWO-STAGE-HBB-CLUSTER-v1","V4-TARGET-EQUAL-CLUSTER-v1",0.471075478900563,0.457956278529402,0.0131192003711612,0.417579303637295,0.538797102414844,0.47818820302607,0.121217798777549,0.0306492095210436,TRUE,199,199,0,"OK","P14-C013",27,50,999,0.05,"swmdk_like","strong","exact_knot",5,29,0.234124168937416,0,1,0.149000000000001
"V4-CMP-ONE-STAGE-CLUSTER-BB-RESP-v1","V4-TARGET-RESPONDENT-WEIGHTED-v1",0.473021508483662,0.457956278529402,0.0150652299542599,0.440175955465751,0.50424736154773,0.472211658506741,0.0640714060819791,0.0163700839101888,TRUE,199,199,0,"OK","P14-C013",27,50,999,0.05,"swmdk_like","strong","exact_knot",5,29,0.234124168937416,0,1,0.149000000000001
"V4-CMP-IID-RESP-BB-v1","WORKING-INDEPENDENCE-RESPONDENT",0.473021508483662,0.457956278529402,0.0150652299542599,0.446768788719231,0.506237458146258,0.476503123432745,0.0594686694270269,0.0156509974899302,TRUE,199,199,0,"OK","P14-C013",27,50,999,0.05,"swmdk_like","strong","exact_knot",5,29,0.234124168937416,0,1,0.149000000000001
"V4-CMP-TWO-STAGE-FREQ-BOOT-RESP-v1","V4-TARGET-RESPONDENT-WEIGHTED-v1",0.473021508483662,0.457956278529402,0.0150652299542599,0.433577590963502,0.520388444874276,0.476983017918889,0.086810853910774,0.0237036130210896,TRUE,199,199,0,"OK","P14-C013",27,50,999,0.05,"swmdk_like","strong","exact_knot",5,29,0.234124168937416,0,1,0.149000000000001
"V4-CMP-MOKKEN-TWOLEVEL-DELTA-v1","V4-TARGET-RESPONDENT-WEIGHTED-v1",0.473021508483673,0.457956278529402,0.0150652299542705,0.437111471470668,0.508931545496677,0.473021508483673,0.0718200740260095,0.0183217841226975,TRUE,,,0,"OK","P14-C013",27,50,999,0.05,"swmdk_like","strong","exact_knot",5,29,0.234124168937416,0,1,0.149000000000001
"V4-PRI-TWO-STAGE-HBB-RESP-v1","V4-TARGET-RESPONDENT-WEIGHTED-v1",0.481097676465226,0.457956278529402,0.0231413979358237,0.435101671552817,0.533547723075468,0.484324697314143,0.0984460515226505,0.0247765179773492,TRUE,199,199,0,"OK","P14-C013",28,50,999,0.05,"swmdk_like","strong","exact_knot",5,28,-0.0546884353029215,0,1,0.164000000000001
"V4-SENS-TWO-STAGE-HBB-CLUSTER-v1","V4-TARGET-EQUAL-CLUSTER-v1",0.480383243310793,0.457956278529402,0.0224269647813913,0.428807576956795,0.533548523599715,0.481178050278255,0.10474094664292,0.0272801958287408,TRUE,199,199,0,"OK","P14-C013",28,50,999,0.05,"swmdk_like","strong","exact_knot",5,28,-0.0546884353029215,0,1,0.164000000000001
"V4-CMP-ONE-STAGE-CLUSTER-BB-RESP-v1","V4-TARGET-RESPONDENT-WEIGHTED-v1",0.481097676465226,0.457956278529402,0.0231413979358237,0.454968167971233,0.508218030258576,0.481593099114905,0.0532498622873432,0.0142243046431264,TRUE,199,199,0,"OK","P14-C013",28,50,999,0.05,"swmdk_like","strong","exact_knot",5,28,-0.0546884353029215,0,1,0.164000000000001
"V4-CMP-IID-RESP-BB-v1","WORKING-INDEPENDENCE-RESPONDENT",0.481097676465226,0.457956278529402,0.0231413979358237,0.449880898694225,0.513406264039465,0.481643581366845,0.06352536534524,0.015936799577302,TRUE,199,199,0,"OK","P14-C013",28,50,999,0.05,"swmdk_like","strong","exact_knot",5,28,-0.0546884353029215,0,1,0.164000000000001
"V4-CMP-TWO-STAGE-FREQ-BOOT-RESP-v1","V4-TARGET-RESPONDENT-WEIGHTED-v1",0.481097676465226,0.457956278529402,0.0231413979358237,0.436815260650824,0.523192528308419,0.480003894479622,0.0863772676575955,0.0219812275654369,TRUE,199,199,0,"OK","P14-C013",28,50,999,0.05,"swmdk_like","strong","exact_knot",5,28,-0.0546884353029215,0,1,0.164000000000001
"V4-CMP-MOKKEN-TWOLEVEL-DELTA-v1","V4-TARGET-RESPONDENT-WEIGHTED-v1",0.481097676465233,0.457956278529402,0.0231413979358306,0.444534819445496,0.51766053348497,0.481097676465233,0.0731257140394743,0.018654861675082,TRUE,,,0,"OK","P14-C013",28,50,999,0.05,"swmdk_like","strong","exact_knot",5,28,-0.0546884353029215,0,1,0.164000000000001
"V4-PRI-TWO-STAGE-HBB-RESP-v1","V4-TARGET-RESPONDENT-WEIGHTED-v1",0.490520738514026,0.457956278529402,0.0325644599846243,0.449459620739437,0.548213982721228,0.498836801730333,0.0987543619817918,0.0269578765299029,TRUE,199,199,0,"OK","P14-C013",29,50,1012,0.05,"swmdk_like","strong","exact_knot",5,29,0.00329032925680142,0,1,0.150000000000006
"V4-SENS-TWO-STAGE-HBB-CLUSTER-v1","V4-TARGET-EQUAL-CLUSTER-v1",0.490220782385491,0.457956278529402,0.0322645038560885,0.439431785595105,0.548274418679564,0.493853102137334,0.108842633084459,0.0284736348619967,TRUE,199,199,0,"OK","P14-C013",29,50,1012,0.05,"swmdk_like","strong","exact_knot",5,29,0.00329032925680142,0,1,0.150000000000006
"V4-CMP-ONE-STAGE-CLUSTER-BB-RESP-v1","V4-TARGET-RESPONDENT-WEIGHTED-v1",0.490520738514026,0.457956278529402,0.0325644599846243,0.459982592851199,0.527116941443986,0.493549767147593,0.0671343485927872,0.0169732965498107,FALSE,199,199,0,"OK","P14-C013",29,50,1012,0.05,"swmdk_like","strong","exact_knot",5,29,0.00329032925680142,0,1,0.150000000000006
"V4-CMP-IID-RESP-BB-v1","WORKING-INDEPENDENCE-RESPONDENT",0.490520738514026,0.457956278529402,0.0325644599846243,0.463271602624202,0.525249919871716,0.494260761247959,0.0619783172475142,0.0148870368046484,FALSE,199,199,0,"OK","P14-C013",29,50,1012,0.05,"swmdk_like","strong","exact_knot",5,29,0.00329032925680142,0,1,0.150000000000006
"V4-CMP-TWO-STAGE-FREQ-BOOT-RESP-v1","V4-TARGET-RESPONDENT-WEIGHTED-v1",0.490520738514026,0.457956278529402,0.0325644599846243,0.451771320292601,0.540376203721036,0.496073762006818,0.0886048834284346,0.0239499763146907,TRUE,199,199,0,"OK","P14-C013",29,50,1012,0.05,"swmdk_like","strong","exact_knot",5,29,0.00329032925680142,0,1,0.150000000000006
"V4-CMP-MOKKEN-TWOLEVEL-DELTA-v1","V4-TARGET-RESPONDENT-WEIGHTED-v1",0.490520738514024,0.457956278529402,0.0325644599846214,0.452575944345108,0.528465532682939,0.490520738514024,0.0758895883378302,0.0193599446052166,TRUE,,,0,"OK","P14-C013",29,50,1012,0.05,"swmdk_like","strong","exact_knot",5,29,0.00329032925680142,0,1,0.150000000000006
"V4-PRI-TWO-STAGE-HBB-RESP-v1","V4-TARGET-RESPONDENT-WEIGHTED-v1",0.475474906368952,0.457956278529402,0.01751862783955,0.431141456653399,0.528534919052312,0.479838187852855,0.0973934623989126,0.0234075993786984,TRUE,199,199,0,"OK","P14-C013",30,50,1047,0.05,"swmdk_like","strong","exact_knot",5,29,-0.0898997694409613,0,2,0.156999999999996
"V4-SENS-TWO-STAGE-HBB-CLUSTER-v1","V4-TARGET-EQUAL-CLUSTER-v1",0.475264684044397,0.457956278529402,0.0173084055149953,0.435104638039063,0.522573661751374,0.478839149895219,0.0874690237123106,0.0231432642699065,TRUE,199,199,0,"OK","P14-C013",30,50,1047,0.05,"swmdk_like","strong","exact_knot",5,29,-0.0898997694409613,0,2,0.156999999999996
"V4-CMP-ONE-STAGE-CLUSTER-BB-RESP-v1","V4-TARGET-RESPONDENT-WEIGHTED-v1",0.475474906368952,0.457956278529402,0.01751862783955,0.453150592173834,0.501811379566178,0.477480985870006,0.0486607873923439,0.0129588864836642,TRUE,199,199,0,"OK","P14-C013",30,50,1047,0.05,"swmdk_like","strong","exact_knot",5,29,-0.0898997694409613,0,2,0.156999999999996
"V4-CMP-IID-RESP-BB-v1","WORKING-INDEPENDENCE-RESPONDENT",0.475474906368952,0.457956278529402,0.01751862783955,0.44758684224633,0.507845224928808,0.477716033587569,0.0602583826824785,0.0141875298247591,TRUE,199,199,0,"OK","P14-C013",30,50,1047,0.05,"swmdk_like","strong","exact_knot",5,29,-0.0898997694409613,0,2,0.156999999999996
"V4-CMP-TWO-STAGE-FREQ-BOOT-RESP-v1","V4-TARGET-RESPONDENT-WEIGHTED-v1",0.475474906368952,0.457956278529402,0.01751862783955,0.430735791067842,0.515243345102682,0.472989568085262,0.0845075540348407,0.020544952018119,TRUE,199,199,0,"OK","P14-C013",30,50,1047,0.05,"swmdk_like","strong","exact_knot",5,29,-0.0898997694409613,0,2,0.156999999999996
"V4-CMP-MOKKEN-TWOLEVEL-DELTA-v1","V4-TARGET-RESPONDENT-WEIGHTED-v1",0.475474906368949,0.457956278529402,0.0175186278395469,0.440735768476311,0.510214044261587,0.475474906368949,0.0694782757852757,0.017724375634785,TRUE,,,0,"OK","P14-C013",30,50,1047,0.05,"swmdk_like","strong","exact_knot",5,29,-0.0898997694409613,0,2,0.156999999999996
"V4-PRI-TWO-STAGE-HBB-RESP-v1","V4-TARGET-RESPONDENT-WEIGHTED-v1",0.497683543061226,0.457956278529402,0.039727264531824,0.459842250945001,0.549172816737994,0.504507533841498,0.0893305657929928,0.022046122031722,FALSE,199,199,0,"OK","P14-C013",31,50,1099,0.05,"swmdk_like","strong","exact_knot",5,29,-0.0340114205440924,0,3,0.183999999999997
"V4-SENS-TWO-STAGE-HBB-CLUSTER-v1","V4-TARGET-EQUAL-CLUSTER-v1",0.491740788936597,0.457956278529402,0.033784510407195,0.444177759834074,0.542366382251404,0.493272071042739,0.0981886224173301,0.0254221536138681,TRUE,199,199,0,"OK","P14-C013",31,50,1099,0.05,"swmdk_like","strong","exact_knot",5,29,-0.0340114205440924,0,3,0.183999999999997
"V4-CMP-ONE-STAGE-CLUSTER-BB-RESP-v1","V4-TARGET-RESPONDENT-WEIGHTED-v1",0.497683543061226,0.457956278529402,0.039727264531824,0.472299005001178,0.532671044639162,0.50248502482017,0.060372039637984,0.0139999941451529,FALSE,199,199,0,"OK","P14-C013",31,50,1099,0.05,"swmdk_like","strong","exact_knot",5,29,-0.0340114205440924,0,3,0.183999999999997
"V4-CMP-IID-RESP-BB-v1","WORKING-INDEPENDENCE-RESPONDENT",0.497683543061226,0.457956278529402,0.039727264531824,0.474898285451502,0.526523960871305,0.500711123161404,0.0516256754198033,0.0138925020592634,FALSE,199,199,0,"OK","P14-C013",31,50,1099,0.05,"swmdk_like","strong","exact_knot",5,29,-0.0340114205440924,0,3,0.183999999999997
"V4-CMP-TWO-STAGE-FREQ-BOOT-RESP-v1","V4-TARGET-RESPONDENT-WEIGHTED-v1",0.497683543061226,0.457956278529402,0.039727264531824,0.465511210188384,0.542586344654659,0.504048777421522,0.0770751344662756,0.0186978913294164,FALSE,199,199,0,"OK","P14-C013",31,50,1099,0.05,"swmdk_like","strong","exact_knot",5,29,-0.0340114205440924,0,3,0.183999999999997
"V4-CMP-MOKKEN-TWOLEVEL-DELTA-v1","V4-TARGET-RESPONDENT-WEIGHTED-v1",0.497683543061252,0.457956278529402,0.0397272645318495,0.462519983920711,0.532847102201792,0.497683543061252,0.0703271182810812,0.0179409210668698,FALSE,,,0,"OK","P14-C013",31,50,1099,0.05,"swmdk_like","strong","exact_knot",5,29,-0.0340114205440924,0,3,0.183999999999997
"V4-PRI-TWO-STAGE-HBB-RESP-v1","V4-TARGET-RESPONDENT-WEIGHTED-v1",0.446202493105176,0.457956278529402,-0.0117537854242257,0.401877060058267,0.502811435766552,0.452344247912409,0.100934375708285,0.0260628483887225,TRUE,199,199,0,"OK","P14-C013",32,50,1095,0.05,"swmdk_like","strong","exact_knot",5,29,0.0474894934164342,0,1,0.165000000000006
"V4-SENS-TWO-STAGE-HBB-CLUSTER-v1","V4-TARGET-EQUAL-CLUSTER-v1",0.441341119571676,0.457956278529402,-0.0166151589577257,0.385262642937547,0.501069843453217,0.443166243195382,0.11580720051567,0.028346539825375,TRUE,199,199,0,"OK","P14-C013",32,50,1095,0.05,"swmdk_like","strong","exact_knot",5,29,0.0474894934164342,0,1,0.165000000000006
"V4-CMP-ONE-STAGE-CLUSTER-BB-RESP-v1","V4-TARGET-RESPONDENT-WEIGHTED-v1",0.446202493105176,0.457956278529402,-0.0117537854242257,0.410906596634045,0.478999605460025,0.444953101047035,0.0680930088259799,0.0176002318603626,TRUE,199,199,0,"OK","P14-C013",32,50,1095,0.05,"swmdk_like","strong","exact_knot",5,29,0.0474894934164342,0,1,0.165000000000006
"V4-CMP-IID-RESP-BB-v1","WORKING-INDEPENDENCE-RESPONDENT",0.446202493105176,0.457956278529402,-0.0117537854242257,0.416486250360499,0.474372831480404,0.445429540920452,0.057886581119905,0.0145925099716627,TRUE,199,199,0,"OK","P14-C013",32,50,1095,0.05,"swmdk_like","strong","exact_knot",5,29,0.0474894934164342,0,1,0.165000000000006
"V4-CMP-TWO-STAGE-FREQ-BOOT-RESP-v1","V4-TARGET-RESPONDENT-WEIGHTED-v1",0.446202493105176,0.457956278529402,-0.0117537854242257,0.406188978328244,0.493603889491517,0.449896433909881,0.0874149111632728,0.021992190209672,TRUE,199,199,0,"OK","P14-C013",32,50,1095,0.05,"swmdk_like","strong","exact_knot",5,29,0.0474894934164342,0,1,0.165000000000006
"V4-CMP-MOKKEN-TWOLEVEL-DELTA-v1","V4-TARGET-RESPONDENT-WEIGHTED-v1",0.446202493105154,0.457956278529402,-0.0117537854242478,0.408796888791086,0.483608097419223,0.446202493105154,0.0748112086281374,0.0190848426854367,TRUE,,,0,"OK","P14-C013",32,50,1095,0.05,"swmdk_like","strong","exact_knot",5,29,0.0474894934164342,0,1,0.165000000000006
"V4-PRI-TWO-STAGE-HBB-RESP-v1","V4-TARGET-RESPONDENT-WEIGHTED-v1",0.475010319185018,0.457956278529402,0.0170540406556161,0.432379287035495,0.522093426050819,0.477236356543157,0.0897141390153232,0.0251158441403658,TRUE,199,199,0,"OK","P14-C013",33,50,977,0.05,"swmdk_like","strong","exact_knot",5,29,0.1227367348818,0,1,0.147999999999996
"V4-SENS-TWO-STAGE-HBB-CLUSTER-v1","V4-TARGET-EQUAL-CLUSTER-v1",0.463355442394729,0.457956278529402,0.00539916386532691,0.420395963702776,0.515882745153229,0.468139354428003,0.095486781450453,0.0252594269164379,TRUE,199,199,0,"OK","P14-C013",33,50,977,0.05,"swmdk_like","strong","exact_knot",5,29,0.1227367348818,0,1,0.147999999999996
"V4-CMP-ONE-STAGE-CLUSTER-BB-RESP-v1","V4-TARGET-RESPONDENT-WEIGHTED-v1",0.475010319185018,0.457956278529402,0.0170540406556161,0.451690221925891,0.500435599465967,0.476062910695929,0.0487453775400758,0.012522735998633,TRUE,199,199,0,"OK","P14-C013",33,50,977,0.05,"swmdk_like","strong","exact_knot",5,29,0.1227367348818,0,1,0.147999999999996
"V4-CMP-IID-RESP-BB-v1","WORKING-INDEPENDENCE-RESPONDENT",0.475010319185018,0.457956278529402,0.0170540406556161,0.449941759454235,0.506955234051736,0.478448496752985,0.0570134745975008,0.0145228666580944,TRUE,199,199,0,"OK","P14-C013",33,50,977,0.05,"swmdk_like","strong","exact_knot",5,29,0.1227367348818,0,1,0.147999999999996
"V4-CMP-TWO-STAGE-FREQ-BOOT-RESP-v1","V4-TARGET-RESPONDENT-WEIGHTED-v1",0.475010319185018,0.457956278529402,0.0170540406556161,0.436803579066355,0.514406959465904,0.475605269266129,0.0776033803995496,0.0198981964256826,TRUE,199,199,0,"OK","P14-C013",33,50,977,0.05,"swmdk_like","strong","exact_knot",5,29,0.1227367348818,0,1,0.147999999999996
"V4-CMP-MOKKEN-TWOLEVEL-DELTA-v1","V4-TARGET-RESPONDENT-WEIGHTED-v1",0.475010319185019,0.457956278529402,0.0170540406556173,0.441731541918691,0.508289096451348,0.475010319185019,0.0665575545326567,0.016979279991279,TRUE,,,0,"OK","P14-C013",33,50,977,0.05,"swmdk_like","strong","exact_knot",5,29,0.1227367348818,0,1,0.147999999999996
"V4-PRI-TWO-STAGE-HBB-RESP-v1","V4-TARGET-RESPONDENT-WEIGHTED-v1",0.438106140492654,0.457956278529402,-0.0198501380367485,0.393225043993147,0.496566177655978,0.444895610824562,0.103341133662831,0.024893377260898,TRUE,199,199,0,"OK","P14-C013",34,50,1030,0.05,"swmdk_like","strong","exact_knot",5,29,-0.16094333130076,0,3,0.156000000000006
"V4-SENS-TWO-STAGE-HBB-CLUSTER-v1","V4-TARGET-EQUAL-CLUSTER-v1",0.427692914648697,0.457956278529402,-0.0302633638807053,0.380555518051565,0.49482987757532,0.437692697813443,0.114274359523756,0.027036568693002,TRUE,199,199,0,"OK","P14-C013",34,50,1030,0.05,"swmdk_like","strong","exact_knot",5,29,-0.16094333130076,0,3,0.156000000000006
"V4-CMP-ONE-STAGE-CLUSTER-BB-RESP-v1","V4-TARGET-RESPONDENT-WEIGHTED-v1",0.438106140492654,0.457956278529402,-0.0198501380367485,0.410479357200302,0.46999952545958,0.440239441329941,0.059520168259278,0.0146365975411274,TRUE,199,199,0,"OK","P14-C013",34,50,1030,0.05,"swmdk_like","strong","exact_knot",5,29,-0.16094333130076,0,3,0.156000000000006
"V4-CMP-IID-RESP-BB-v1","WORKING-INDEPENDENCE-RESPONDENT",0.438106140492654,0.457956278529402,-0.0198501380367485,0.406646809671417,0.474031850267602,0.44033932996951,0.0673850405961848,0.0159443397272911,TRUE,199,199,0,"OK","P14-C013",34,50,1030,0.05,"swmdk_like","strong","exact_knot",5,29,-0.16094333130076,0,3,0.156000000000006
"V4-CMP-TWO-STAGE-FREQ-BOOT-RESP-v1","V4-TARGET-RESPONDENT-WEIGHTED-v1",0.438106140492654,0.457956278529402,-0.0198501380367485,0.408378490271709,0.477601717464195,0.442990103867952,0.0692232271924862,0.0189406662616138,TRUE,199,199,0,"OK","P14-C013",34,50,1030,0.05,"swmdk_like","strong","exact_knot",5,29,-0.16094333130076,0,3,0.156000000000006
"V4-CMP-MOKKEN-TWOLEVEL-DELTA-v1","V4-TARGET-RESPONDENT-WEIGHTED-v1",0.438106140492624,0.457956278529402,-0.0198501380367779,0.402409432487757,0.473802848497491,0.438106140492624,0.0713934160097344,0.0182129407919933,TRUE,,,0,"OK","P14-C013",34,50,1030,0.05,"swmdk_like","strong","exact_knot",5,29,-0.16094333130076,0,3,0.156000000000006
"V4-PRI-TWO-STAGE-HBB-RESP-v1","V4-TARGET-RESPONDENT-WEIGHTED-v1",0.480814359083838,0.457956278529402,0.0228580805544356,0.429837408325883,0.536521886215271,0.483179647270577,0.106684477889388,0.0267914206938062,TRUE,199,199,0,"OK","P14-C013",35,50,971,0.05,"swmdk_like","strong","exact_knot",5,29,-0.21695963412424,0.00205973223480949,0,0.159999999999997
"V4-SENS-TWO-STAGE-HBB-CLUSTER-v1","V4-TARGET-EQUAL-CLUSTER-v1",0.496928038788519,0.457956278529402,0.0389717602591173,0.443585301825581,0.563501026068768,0.503543163947175,0.119915724243188,0.0310102213125969,TRUE,199,199,0,"OK","P14-C013",35,50,971,0.05,"swmdk_like","strong","exact_knot",5,29,-0.21695963412424,0.00205973223480949,0,0.159999999999997
"V4-CMP-ONE-STAGE-CLUSTER-BB-RESP-v1","V4-TARGET-RESPONDENT-WEIGHTED-v1",0.480814359083838,0.457956278529402,0.0228580805544356,0.444163007448906,0.512567612024534,0.47836530973672,0.0684046045756277,0.017228098225402,TRUE,199,199,0,"OK","P14-C013",35,50,971,0.05,"swmdk_like","strong","exact_knot",5,29,-0.21695963412424,0.00205973223480949,0,0.159999999999997
"V4-CMP-IID-RESP-BB-v1","WORKING-INDEPENDENCE-RESPONDENT",0.480814359083838,0.457956278529402,0.0228580805544356,0.454546024032684,0.513685800460531,0.484115912246607,0.0591397764278476,0.0159313039831717,TRUE,199,199,0,"OK","P14-C013",35,50,971,0.05,"swmdk_like","strong","exact_knot",5,29,-0.21695963412424,0.00205973223480949,0,0.159999999999997
"V4-CMP-TWO-STAGE-FREQ-BOOT-RESP-v1","V4-TARGET-RESPONDENT-WEIGHTED-v1",0.480814359083838,0.457956278529402,0.0228580805544356,0.436357491315584,0.533136660291924,0.484747075803754,0.0967791689763396,0.023845909039135,TRUE,199,199,0,"OK","P14-C013",35,50,971,0.05,"swmdk_like","strong","exact_knot",5,29,-0.21695963412424,0.00205973223480949,0,0.159999999999997
"V4-CMP-MOKKEN-TWOLEVEL-DELTA-v1","V4-TARGET-RESPONDENT-WEIGHTED-v1",0.480814359083839,0.457956278529402,0.0228580805544366,0.444493819640141,0.517134898527536,0.480814359083839,0.0726410788873946,0.018531227986937,TRUE,,,0,"OK","P14-C013",35,50,971,0.05,"swmdk_like","strong","exact_knot",5,29,-0.21695963412424,0.00205973223480949,0,0.159999999999997
"V4-PRI-TWO-STAGE-HBB-RESP-v1","V4-TARGET-RESPONDENT-WEIGHTED-v1",0.477235724032568,0.457956278529402,0.0192794455031661,0.432375472036477,0.533122666195975,0.482749069116226,0.100747194159498,0.0244801125253391,TRUE,199,199,0,"OK","P14-C013",36,50,1011,0.05,"swmdk_like","strong","exact_knot",5,29,0.0354206077100757,0,1,0.152000000000001
"V4-SENS-TWO-STAGE-HBB-CLUSTER-v1","V4-TARGET-EQUAL-CLUSTER-v1",0.47380061546022,0.457956278529402,0.0158443369308182,0.414872144032369,0.536776709208835,0.475824426620602,0.121904565176466,0.0301775539373313,TRUE,199,199,0,"OK","P14-C013",36,50,1011,0.05,"swmdk_like","strong","exact_knot",5,29,0.0354206077100757,0,1,0.152000000000001
"V4-CMP-ONE-STAGE-CLUSTER-BB-RESP-v1","V4-TARGET-RESPONDENT-WEIGHTED-v1",0.477235724032568,0.457956278529402,0.0192794455031661,0.450591509162005,0.512717760111909,0.481654634636957,0.062126250949904,0.0161845230428749,TRUE,199,199,0,"OK","P14-C013",36,50,1011,0.05,"swmdk_like","strong","exact_knot",5,29,0.0354206077100757,0,1,0.152000000000001
"V4-CMP-IID-RESP-BB-v1","WORKING-INDEPENDENCE-RESPONDENT",0.477235724032568,0.457956278529402,0.0192794455031661,0.45080129863451,0.506316673253271,0.478558985943891,0.0555153746187609,0.0145286646807964,TRUE,199,199,0,"OK","P14-C013",36,50,1011,0.05,"swmdk_like","strong","exact_knot",5,29,0.0354206077100757,0,1,0.152000000000001
"V4-CMP-TWO-STAGE-FREQ-BOOT-RESP-v1","V4-TARGET-RESPONDENT-WEIGHTED-v1",0.477235724032568,0.457956278529402,0.0192794455031661,0.434452937092869,0.531068628722695,0.482760782907782,0.0966156916298261,0.0242711978930664,TRUE,199,199,0,"OK","P14-C013",36,50,1011,0.05,"swmdk_like","strong","exact_knot",5,29,0.0354206077100757,0,1,0.152000000000001
"V4-CMP-MOKKEN-TWOLEVEL-DELTA-v1","V4-TARGET-RESPONDENT-WEIGHTED-v1",0.47723572403255,0.457956278529402,0.0192794455031478,0.43994179025908,0.51452965780602,0.47723572403255,0.0745878675469407,0.0190278668728814,TRUE,,,0,"OK","P14-C013",36,50,1011,0.05,"swmdk_like","strong","exact_knot",5,29,0.0354206077100757,0,1,0.152000000000001
"V4-PRI-TWO-STAGE-HBB-RESP-v1","V4-TARGET-RESPONDENT-WEIGHTED-v1",0.476715088417393,0.457956278529402,0.018758809887991,0.432046815150305,0.53326910015693,0.482657957653618,0.101222285006625,0.0240171116968731,TRUE,199,199,0,"OK","P14-C013",37,50,1013,0.05,"swmdk_like","strong","exact_knot",5,29,0.151652447378324,0.000987166831194458,0,0.152000000000001
"V4-SENS-TWO-STAGE-HBB-CLUSTER-v1","V4-TARGET-EQUAL-CLUSTER-v1",0.467562609719311,0.457956278529402,0.00960633118990906,0.432276712318689,0.531635743165126,0.481956227741907,0.0993590308464364,0.0265990543016567,TRUE,199,199,0,"OK","P14-C013",37,50,1013,0.05,"swmdk_like","strong","exact_knot",5,29,0.151652447378324,0.000987166831194458,0,0.152000000000001
"V4-CMP-ONE-STAGE-CLUSTER-BB-RESP-v1","V4-TARGET-RESPONDENT-WEIGHTED-v1",0.476715088417393,0.457956278529402,0.018758809887991,0.446973504250195,0.517444611413391,0.482209057831793,0.0704711071631957,0.0175446549620784,TRUE,199,199,0,"OK","P14-C013",37,50,1013,0.05,"swmdk_like","strong","exact_knot",5,29,0.151652447378324,0.000987166831194458,0,0.152000000000001
"V4-CMP-IID-RESP-BB-v1","WORKING-INDEPENDENCE-RESPONDENT",0.476715088417393,0.457956278529402,0.018758809887991,0.450245948051168,0.509997248404518,0.480121598227843,0.0597513003533495,0.0149176531060945,TRUE,199,199,0,"OK","P14-C013",37,50,1013,0.05,"swmdk_like","strong","exact_knot",5,29,0.151652447378324,0.000987166831194458,0,0.152000000000001
"V4-CMP-TWO-STAGE-FREQ-BOOT-RESP-v1","V4-TARGET-RESPONDENT-WEIGHTED-v1",0.476715088417393,0.457956278529402,0.018758809887991,0.429988550107069,0.523480086674514,0.476734318390792,0.0934915365674444,0.022644785562502,TRUE,199,199,0,"OK","P14-C013",37,50,1013,0.05,"swmdk_like","strong","exact_knot",5,29,0.151652447378324,0.000987166831194458,0,0.152000000000001
"V4-CMP-MOKKEN-TWOLEVEL-DELTA-v1","V4-TARGET-RESPONDENT-WEIGHTED-v1",0.476715088417402,0.457956278529402,0.0187588098879997,0.439658183364379,0.513771993470424,0.476715088417402,0.0741138101060448,0.0189069316300313,TRUE,,,0,"OK","P14-C013",37,50,1013,0.05,"swmdk_like","strong","exact_knot",5,29,0.151652447378324,0.000987166831194458,0,0.152000000000001
"V4-PRI-TWO-STAGE-HBB-RESP-v1","V4-TARGET-RESPONDENT-WEIGHTED-v1",0.466710074478718,0.457956278529402,0.00875379594931552,0.415312288571214,0.51497041621364,0.465141352392427,0.0996581276424258,0.0236487555299116,TRUE,199,199,0,"OK","P14-C013",38,50,1115,0.05,"swmdk_like","strong","exact_knot",5,29,-0.0131620766779811,0.00179372197309413,0,0.161000000000001
"V4-SENS-TWO-STAGE-HBB-CLUSTER-v1","V4-TARGET-EQUAL-CLUSTER-v1",0.468020765381631,0.457956278529402,0.0100644868522287,0.419414445475624,0.519594855523276,0.46950465049945,0.100180410047652,0.0268323477311997,TRUE,199,199,0,"OK","P14-C013",38,50,1115,0.05,"swmdk_like","strong","exact_knot",5,29,-0.0131620766779811,0.00179372197309413,0,0.161000000000001
"V4-CMP-ONE-STAGE-CLUSTER-BB-RESP-v1","V4-TARGET-RESPONDENT-WEIGHTED-v1",0.466710074478718,0.457956278529402,0.00875379594931552,0.442875080514537,0.495196357645953,0.469035719080245,0.0523212771314155,0.0132571427026279,TRUE,199,199,0,"OK","P14-C013",38,50,1115,0.05,"swmdk_like","strong","exact_knot",5,29,-0.0131620766779811,0.00179372197309413,0,0.161000000000001
"V4-CMP-IID-RESP-BB-v1","WORKING-INDEPENDENCE-RESPONDENT",0.466710074478718,0.457956278529402,0.00875379594931552,0.439625106797565,0.498777812953321,0.469201459875443,0.0591527061557556,0.0149559062906722,TRUE,199,199,0,"OK","P14-C013",38,50,1115,0.05,"swmdk_like","strong","exact_knot",5,29,-0.0131620766779811,0.00179372197309413,0,0.161000000000001
"V4-CMP-TWO-STAGE-FREQ-BOOT-RESP-v1","V4-TARGET-RESPONDENT-WEIGHTED-v1",0.466710074478718,0.457956278529402,0.00875379594931552,0.432009804686302,0.509581094706123,0.470795449696212,0.0775712900198203,0.0190931529227574,TRUE,199,199,0,"OK","P14-C013",38,50,1115,0.05,"swmdk_like","strong","exact_knot",5,29,-0.0131620766779811,0.00179372197309413,0,0.161000000000001
"V4-CMP-MOKKEN-TWOLEVEL-DELTA-v1","V4-TARGET-RESPONDENT-WEIGHTED-v1",0.466710074478748,0.457956278529402,0.00875379594934622,0.431806869996325,0.501613278961172,0.466710074478748,0.0698064089648467,0.0178080846167253,TRUE,,,0,"OK","P14-C013",38,50,1115,0.05,"swmdk_like","strong","exact_knot",5,29,-0.0131620766779811,0.00179372197309413,0,0.161000000000001
"V4-PRI-TWO-STAGE-HBB-RESP-v1","V4-TARGET-RESPONDENT-WEIGHTED-v1",0.470349570597942,0.457956278529402,0.0123932920685398,0.427968338229449,0.523533107037115,0.475750722633282,0.095564768807666,0.0243062525941289,TRUE,199,199,0,"OK","P14-C013",39,50,1130,0.05,"swmdk_like","strong","exact_knot",8,29,-0.0891137525882365,0,1,0.165999999999997
"V4-SENS-TWO-STAGE-HBB-CLUSTER-v1","V4-TARGET-EQUAL-CLUSTER-v1",0.483673318802962,0.457956278529402,0.0257170402735596,0.432942047230751,0.538519883799492,0.485730965515122,0.10557783656874,0.0265043038875596,TRUE,199,199,0,"OK","P14-C013",39,50,1130,0.05,"swmdk_like","strong","exact_knot",8,29,-0.0891137525882365,0,1,0.165999999999997
"V4-CMP-ONE-STAGE-CLUSTER-BB-RESP-v1","V4-TARGET-RESPONDENT-WEIGHTED-v1",0.470349570597942,0.457956278529402,0.0123932920685398,0.442791392079161,0.501840016096246,0.472315704087704,0.059048624017085,0.0154805114016442,TRUE,199,199,0,"OK","P14-C013",39,50,1130,0.05,"swmdk_like","strong","exact_knot",8,29,-0.0891137525882365,0,1,0.165999999999997
"V4-CMP-IID-RESP-BB-v1","WORKING-INDEPENDENCE-RESPONDENT",0.470349570597942,0.457956278529402,0.0123932920685398,0.442448042351166,0.501164811065561,0.471806426708363,0.0587167687143948,0.0141849428143535,TRUE,199,199,0,"OK","P14-C013",39,50,1130,0.05,"swmdk_like","strong","exact_knot",8,29,-0.0891137525882365,0,1,0.165999999999997
"V4-CMP-TWO-STAGE-FREQ-BOOT-RESP-v1","V4-TARGET-RESPONDENT-WEIGHTED-v1",0.470349570597942,0.457956278529402,0.0123932920685398,0.431721902433004,0.525332604360747,0.478527253396876,0.0936107019277437,0.0233267073968969,TRUE,199,199,0,"OK","P14-C013",39,50,1130,0.05,"swmdk_like","strong","exact_knot",8,29,-0.0891137525882365,0,1,0.165999999999997
"V4-CMP-MOKKEN-TWOLEVEL-DELTA-v1","V4-TARGET-RESPONDENT-WEIGHTED-v1",0.470349570597949,0.457956278529402,0.0123932920685472,0.431372574627288,0.509326566568611,0.470349570597949,0.0779539919413234,0.0198865878547296,TRUE,,,0,"OK","P14-C013",39,50,1130,0.05,"swmdk_like","strong","exact_knot",8,29,-0.0891137525882365,0,1,0.165999999999997
"V4-PRI-TWO-STAGE-HBB-RESP-v1","V4-TARGET-RESPONDENT-WEIGHTED-v1",0.464577012972771,0.457956278529402,0.00662073444336914,0.427635737952428,0.51197930852425,0.469807523238339,0.0843435705718226,0.0234107158552822,TRUE,199,199,0,"OK","P14-C013",40,50,1049,0.05,"swmdk_like","strong","exact_knot",5,29,0.27789976257633,0.00285986653956138,0,0.158000000000001
"V4-SENS-TWO-STAGE-HBB-CLUSTER-v1","V4-TARGET-EQUAL-CLUSTER-v1",0.470953962842678,0.457956278529402,0.0129976843132756,0.429198547574048,0.524945741560804,0.477072144567426,0.0957471939867562,0.0267029045782588,TRUE,199,199,0,"OK","P14-C013",40,50,1049,0.05,"swmdk_like","strong","exact_knot",5,29,0.27789976257633,0.00285986653956138,0,0.158000000000001
"V4-CMP-ONE-STAGE-CLUSTER-BB-RESP-v1","V4-TARGET-RESPONDENT-WEIGHTED-v1",0.464577012972771,0.457956278529402,0.00662073444336914,0.44177954874222,0.490469127091477,0.466124337916849,0.0486895783492571,0.0125042675542203,TRUE,199,199,0,"OK","P14-C013",40,50,1049,0.05,"swmdk_like","strong","exact_knot",5,29,0.27789976257633,0.00285986653956138,0,0.158000000000001
"V4-CMP-IID-RESP-BB-v1","WORKING-INDEPENDENCE-RESPONDENT",0.464577012972771,0.457956278529402,0.00662073444336914,0.434598168698943,0.497429164206684,0.466013666452814,0.0628309955077411,0.0142292113321734,TRUE,199,199,0,"OK","P14-C013",40,50,1049,0.05,"swmdk_like","strong","exact_knot",5,29,0.27789976257633,0.00285986653956138,0,0.158000000000001
"V4-CMP-TWO-STAGE-FREQ-BOOT-RESP-v1","V4-TARGET-RESPONDENT-WEIGHTED-v1",0.464577012972771,0.457956278529402,0.00662073444336914,0.429981627233576,0.510067310512648,0.470024468873112,0.0800856832790726,0.0197252611331937,TRUE,199,199,0,"OK","P14-C013",40,50,1049,0.05,"swmdk_like","strong","exact_knot",5,29,0.27789976257633,0.00285986653956138,0,0.158000000000001
"V4-CMP-MOKKEN-TWOLEVEL-DELTA-v1","V4-TARGET-RESPONDENT-WEIGHTED-v1",0.464577012972783,0.457956278529402,0.00662073444338052,0.428310431800384,0.500843594145181,0.464577012972783,0.0725331623447969,0.018503697750808,TRUE,,,0,"OK","P14-C013",40,50,1049,0.05,"swmdk_like","strong","exact_knot",5,29,0.27789976257633,0.00285986653956138,0,0.158000000000001
"V4-PRI-TWO-STAGE-HBB-RESP-v1","V4-TARGET-RESPONDENT-WEIGHTED-v1",0.464095006403689,0.457956278529402,0.00613872787428732,0.416307640384595,0.520473512819589,0.468390576602092,0.104165872434995,0.0281991229342395,TRUE,199,199,0,"OK","P14-C013",41,50,1042,0.05,"swmdk_like","strong","exact_knot",5,29,0.236659357224454,0,2,0.170999999999992
"V4-SENS-TWO-STAGE-HBB-CLUSTER-v1","V4-TARGET-EQUAL-CLUSTER-v1",0.457941442047772,0.457956278529402,-1.48364816297542e-05,0.407346464295355,0.515945587874396,0.461646026084876,0.108599123579042,0.0280782362445989,TRUE,199,199,0,"OK","P14-C013",41,50,1042,0.05,"swmdk_like","strong","exact_knot",5,29,0.236659357224454,0,2,0.170999999999992
"V4-CMP-ONE-STAGE-CLUSTER-BB-RESP-v1","V4-TARGET-RESPONDENT-WEIGHTED-v1",0.464095006403689,0.457956278529402,0.00613872787428732,0.434705644589215,0.503864928080327,0.469285286334771,0.0691592834911116,0.0169702914315681,TRUE,199,199,0,"OK","P14-C013",41,50,1042,0.05,"swmdk_like","strong","exact_knot",5,29,0.236659357224454,0,2,0.170999999999992
"V4-CMP-IID-RESP-BB-v1","WORKING-INDEPENDENCE-RESPONDENT",0.464095006403689,0.457956278529402,0.00613872787428732,0.438919421742079,0.496712322369616,0.467815872055848,0.0577929006275371,0.0151764834025435,TRUE,199,199,0,"OK","P14-C013",41,50,1042,0.05,"swmdk_like","strong","exact_knot",5,29,0.236659357224454,0,2,0.170999999999992
"V4-CMP-TWO-STAGE-FREQ-BOOT-RESP-v1","V4-TARGET-RESPONDENT-WEIGHTED-v1",0.464095006403689,0.457956278529402,0.00613872787428732,0.420796848322383,0.516919322769063,0.468858085545723,0.0961224744466799,0.0241058568854049,TRUE,199,199,0,"OK","P14-C013",41,50,1042,0.05,"swmdk_like","strong","exact_knot",5,29,0.236659357224454,0,2,0.170999999999992
"V4-CMP-MOKKEN-TWOLEVEL-DELTA-v1","V4-TARGET-RESPONDENT-WEIGHTED-v1",0.464095006403678,0.457956278529402,0.00613872787427561,0.425860760496877,0.502329252310479,0.464095006403678,0.076468491813602,0.0195076267770162,TRUE,,,0,"OK","P14-C013",41,50,1042,0.05,"swmdk_like","strong","exact_knot",5,29,0.236659357224454,0,2,0.170999999999992
"V4-PRI-TWO-STAGE-HBB-RESP-v1","V4-TARGET-RESPONDENT-WEIGHTED-v1",0.498837675219023,0.457956278529402,0.0408813966896204,0.460696729729315,0.544758080685367,0.502727405207341,0.0840613509560517,0.0224994869282478,FALSE,199,199,0,"OK","P14-C013",42,50,1015,0.05,"swmdk_like","strong","exact_knot",5,29,0.315027111158834,0,3,0.15100000000001
"V4-SENS-TWO-STAGE-HBB-CLUSTER-v1","V4-TARGET-EQUAL-CLUSTER-v1",0.499939473469777,0.457956278529402,0.0419831949403753,0.458400351176747,0.553476259455001,0.505938305315874,0.095075908278254,0.0256084181124425,FALSE,199,199,0,"OK","P14-C013",42,50,1015,0.05,"swmdk_like","strong","exact_knot",5,29,0.315027111158834,0,3,0.15100000000001
"V4-CMP-ONE-STAGE-CLUSTER-BB-RESP-v1","V4-TARGET-RESPONDENT-WEIGHTED-v1",0.498837675219023,0.457956278529402,0.0408813966896204,0.481277940076913,0.52033643596785,0.500807188022382,0.0390584958909369,0.0103628826791275,FALSE,199,199,0,"OK","P14-C013",42,50,1015,0.05,"swmdk_like","strong","exact_knot",5,29,0.315027111158834,0,3,0.15100000000001
"V4-CMP-IID-RESP-BB-v1","WORKING-INDEPENDENCE-RESPONDENT",0.498837675219023,0.457956278529402,0.0408813966896204,0.468469178547788,0.530524710042882,0.499496944295335,0.0620555314950949,0.0151749040577605,FALSE,199,199,0,"OK","P14-C013",42,50,1015,0.05,"swmdk_like","strong","exact_knot",5,29,0.315027111158834,0,3,0.15100000000001
"V4-CMP-TWO-STAGE-FREQ-BOOT-RESP-v1","V4-TARGET-RESPONDENT-WEIGHTED-v1",0.498837675219023,0.457956278529402,0.0408813966896204,0.462568716940687,0.540350661626005,0.501459689283346,0.0777819446853187,0.0192206355006501,FALSE,199,199,0,"OK","P14-C013",42,50,1015,0.05,"swmdk_like","strong","exact_knot",5,29,0.315027111158834,0,3,0.15100000000001
"V4-CMP-MOKKEN-TWOLEVEL-DELTA-v1","V4-TARGET-RESPONDENT-WEIGHTED-v1",0.498837675219048,0.457956278529402,0.0408813966896461,0.466913803375898,0.530761547062198,0.498837675219048,0.0638477436863001,0.0162879890115132,FALSE,,,0,"OK","P14-C013",42,50,1015,0.05,"swmdk_like","strong","exact_knot",5,29,0.315027111158834,0,3,0.15100000000001
"V4-PRI-TWO-STAGE-HBB-RESP-v1","V4-TARGET-RESPONDENT-WEIGHTED-v1",0.474561620998507,0.457956278529402,0.0166053424691046,0.427168356851016,0.52377212907035,0.475470242960683,0.0966037722193345,0.0256935320326455,TRUE,199,199,0,"OK","P14-C013",43,50,1078,0.05,"swmdk_like","strong","exact_knot",5,29,0.0605890612565855,0.00185528756957343,0,0.169999999999987
"V4-SENS-TWO-STAGE-HBB-CLUSTER-v1","V4-TARGET-EQUAL-CLUSTER-v1",0.479150233054536,0.457956278529402,0.0211939545251335,0.422746710489527,0.532454210719051,0.477600460604289,0.109707500229524,0.0273802935005543,TRUE,199,199,0,"OK","P14-C013",43,50,1078,0.05,"swmdk_like","strong","exact_knot",5,29,0.0605890612565855,0.00185528756957343,0,0.169999999999987
"V4-CMP-ONE-STAGE-CLUSTER-BB-RESP-v1","V4-TARGET-RESPONDENT-WEIGHTED-v1",0.474561620998507,0.457956278529402,0.0166053424691046,0.4453750725483,0.512462594448319,0.478918833498309,0.0670875219000189,0.0159776026039146,TRUE,199,199,0,"OK","P14-C013",43,50,1078,0.05,"swmdk_like","strong","exact_knot",5,29,0.0605890612565855,0.00185528756957343,0,0.169999999999987
"V4-CMP-IID-RESP-BB-v1","WORKING-INDEPENDENCE-RESPONDENT",0.474561620998507,0.457956278529402,0.0166053424691046,0.446607285157189,0.508751342256307,0.477679313706748,0.0621440570991176,0.0152135784858478,TRUE,199,199,0,"OK","P14-C013",43,50,1078,0.05,"swmdk_like","strong","exact_knot",5,29,0.0605890612565855,0.00185528756957343,0,0.169999999999987
"V4-CMP-TWO-STAGE-FREQ-BOOT-RESP-v1","V4-TARGET-RESPONDENT-WEIGHTED-v1",0.474561620998507,0.457956278529402,0.0166053424691046,0.445504678460311,0.515235975062608,0.480370326761459,0.0697312966022966,0.0190842758799384,TRUE,199,199,0,"OK","P14-C013",43,50,1078,0.05,"swmdk_like","strong","exact_knot",5,29,0.0605890612565855,0.00185528756957343,0,0.169999999999987
"V4-CMP-MOKKEN-TWOLEVEL-DELTA-v1","V4-TARGET-RESPONDENT-WEIGHTED-v1",0.474561620998538,0.457956278529402,0.0166053424691357,0.437857842094374,0.511265399902702,0.474561620998538,0.0734075578083278,0.0187267619168917,TRUE,,,0,"OK","P14-C013",43,50,1078,0.05,"swmdk_like","strong","exact_knot",5,29,0.0605890612565855,0.00185528756957343,0,0.169999999999987
"V4-PRI-TWO-STAGE-HBB-RESP-v1","V4-TARGET-RESPONDENT-WEIGHTED-v1",0.471779941572951,0.457956278529402,0.0138236630435487,0.426842845033362,0.524688217565422,0.475765531299392,0.0978453725320604,0.0241131941473283,TRUE,199,199,0,"OK","P14-C013",44,50,1041,0.05,"swmdk_like","strong","exact_knot",8,29,0.0718053140551376,0,1,0.155000000000001
"V4-SENS-TWO-STAGE-HBB-CLUSTER-v1","V4-TARGET-EQUAL-CLUSTER-v1",0.470090812062632,0.457956278529402,0.0121345335332296,0.416797234781502,0.527438543401161,0.472117889091331,0.110641308619659,0.0289906156968843,TRUE,199,199,0,"OK","P14-C013",44,50,1041,0.05,"swmdk_like","strong","exact_knot",8,29,0.0718053140551376,0,1,0.155000000000001
"V4-CMP-ONE-STAGE-CLUSTER-BB-RESP-v1","V4-TARGET-RESPONDENT-WEIGHTED-v1",0.471779941572951,0.457956278529402,0.0138236630435487,0.447666478806711,0.499130418885424,0.473398448846067,0.051463940078713,0.0142276157584684,TRUE,199,199,0,"OK","P14-C013",44,50,1041,0.05,"swmdk_like","strong","exact_knot",8,29,0.0718053140551376,0,1,0.155000000000001
"V4-CMP-IID-RESP-BB-v1","WORKING-INDEPENDENCE-RESPONDENT",0.471779941572951,0.457956278529402,0.0138236630435487,0.446348767478964,0.510004029820881,0.478176398649923,0.0636552623419166,0.0157626649871419,TRUE,199,199,0,"OK","P14-C013",44,50,1041,0.05,"swmdk_like","strong","exact_knot",8,29,0.0718053140551376,0,1,0.155000000000001
"V4-CMP-TWO-STAGE-FREQ-BOOT-RESP-v1","V4-TARGET-RESPONDENT-WEIGHTED-v1",0.471779941572951,0.457956278529402,0.0138236630435487,0.435124643829481,0.517242699555867,0.476183671692674,0.0821180557263859,0.0203610904734068,TRUE,199,199,0,"OK","P14-C013",44,50,1041,0.05,"swmdk_like","strong","exact_knot",8,29,0.0718053140551376,0,1,0.155000000000001
"V4-CMP-MOKKEN-TWOLEVEL-DELTA-v1","V4-TARGET-RESPONDENT-WEIGHTED-v1",0.471779941572927,0.457956278529402,0.0138236630435246,0.433431391735195,0.510128491410659,0.471779941572927,0.0766970996754643,0.0195659461807567,TRUE,,,0,"OK","P14-C013",44,50,1041,0.05,"swmdk_like","strong","exact_knot",8,29,0.0718053140551376,0,1,0.155000000000001
"V4-PRI-TWO-STAGE-HBB-RESP-v1","V4-TARGET-RESPONDENT-WEIGHTED-v1",0.440592958975182,0.457956278529402,-0.0173633195542199,0.400460524862873,0.498772218975652,0.449616371919263,0.0983116941127797,0.0249491625561674,TRUE,199,199,0,"OK","P14-C013",45,50,1068,0.05,"swmdk_like","strong","exact_knot",8,29,-0.113576894084622,0.000936329588015011,0,0.170000000000002
"V4-SENS-TWO-STAGE-HBB-CLUSTER-v1","V4-TARGET-EQUAL-CLUSTER-v1",0.443780127406282,0.457956278529402,-0.0141761511231205,0.400924102744943,0.506165020900798,0.45354456182287,0.105240918155856,0.0270428767524453,TRUE,199,199,0,"OK","P14-C013",45,50,1068,0.05,"swmdk_like","strong","exact_knot",8,29,-0.113576894084622,0.000936329588015011,0,0.170000000000002
"V4-CMP-ONE-STAGE-CLUSTER-BB-RESP-v1","V4-TARGET-RESPONDENT-WEIGHTED-v1",0.440592958975182,0.457956278529402,-0.0173633195542199,0.409344342878247,0.467181564460221,0.438262953669234,0.0578372215819746,0.0145386170256031,TRUE,199,199,0,"OK","P14-C013",45,50,1068,0.05,"swmdk_like","strong","exact_knot",8,29,-0.113576894084622,0.000936329588015011,0,0.170000000000002
"V4-CMP-IID-RESP-BB-v1","WORKING-INDEPENDENCE-RESPONDENT",0.440592958975182,0.457956278529402,-0.0173633195542199,0.406751284590777,0.468876993582442,0.43781413908661,0.062125708991665,0.0155286838052561,TRUE,199,199,0,"OK","P14-C013",45,50,1068,0.05,"swmdk_like","strong","exact_knot",8,29,-0.113576894084622,0.000936329588015011,0,0.170000000000002
"V4-CMP-TWO-STAGE-FREQ-BOOT-RESP-v1","V4-TARGET-RESPONDENT-WEIGHTED-v1",0.440592958975182,0.457956278529402,-0.0173633195542199,0.399334835538863,0.491229072043311,0.445281953791087,0.0918942365044486,0.0219108926487205,TRUE,199,199,0,"OK","P14-C013",45,50,1068,0.05,"swmdk_like","strong","exact_knot",8,29,-0.113576894084622,0.000936329588015011,0,0.170000000000002
"V4-CMP-MOKKEN-TWOLEVEL-DELTA-v1","V4-TARGET-RESPONDENT-WEIGHTED-v1",0.440592958975201,0.457956278529402,-0.0173633195542009,0.402781162948384,0.478404755002019,0.440592958975201,0.0756235920536354,0.0192920871633726,TRUE,,,0,"OK","P14-C013",45,50,1068,0.05,"swmdk_like","strong","exact_knot",8,29,-0.113576894084622,0.000936329588015011,0,0.170000000000002
"V4-PRI-TWO-STAGE-HBB-RESP-v1","V4-TARGET-RESPONDENT-WEIGHTED-v1",0.437262947379964,0.457956278529402,-0.0206933311494378,0.392046042711173,0.492640247306553,0.442343145008863,0.10059420459538,0.0257689836878125,TRUE,199,199,0,"OK","P14-C013",46,50,1108,0.05,"swmdk_like","strong","exact_knot",5,29,0.320699615909895,0,1,0.164000000000001
"V4-SENS-TWO-STAGE-HBB-CLUSTER-v1","V4-TARGET-EQUAL-CLUSTER-v1",0.440158373043305,0.457956278529402,-0.0177979054860972,0.393864910964205,0.495137080164078,0.444500995564141,0.101272169199873,0.0255521153795336,TRUE,199,199,0,"OK","P14-C013",46,50,1108,0.05,"swmdk_like","strong","exact_knot",5,29,0.320699615909895,0,1,0.164000000000001
"V4-CMP-ONE-STAGE-CLUSTER-BB-RESP-v1","V4-TARGET-RESPONDENT-WEIGHTED-v1",0.437262947379964,0.457956278529402,-0.0206933311494378,0.4116802811294,0.468672688075221,0.440176484602311,0.056992406945821,0.0149432331429417,TRUE,199,199,0,"OK","P14-C013",46,50,1108,0.05,"swmdk_like","strong","exact_knot",5,29,0.320699615909895,0,1,0.164000000000001
"V4-CMP-IID-RESP-BB-v1","WORKING-INDEPENDENCE-RESPONDENT",0.437262947379964,0.457956278529402,-0.0206933311494378,0.407679266169904,0.469416496930449,0.438547881550176,0.0617372307605459,0.0156432627176588,TRUE,199,199,0,"OK","P14-C013",46,50,1108,0.05,"swmdk_like","strong","exact_knot",5,29,0.320699615909895,0,1,0.164000000000001
"V4-CMP-TWO-STAGE-FREQ-BOOT-RESP-v1","V4-TARGET-RESPONDENT-WEIGHTED-v1",0.437262947379964,0.457956278529402,-0.0206933311494378,0.396025455949028,0.483170550918908,0.439598003433968,0.0871450949698794,0.0226072445980431,TRUE,199,199,0,"OK","P14-C013",46,50,1108,0.05,"swmdk_like","strong","exact_knot",5,29,0.320699615909895,0,1,0.164000000000001
"V4-CMP-MOKKEN-TWOLEVEL-DELTA-v1","V4-TARGET-RESPONDENT-WEIGHTED-v1",0.437262947379974,0.457956278529402,-0.0206933311494285,0.398400533474674,0.476125361285273,0.437262947379974,0.0777248278105993,0.0198281265430597,TRUE,,,0,"OK","P14-C013",46,50,1108,0.05,"swmdk_like","strong","exact_knot",5,29,0.320699615909895,0,1,0.164000000000001
"V4-PRI-TWO-STAGE-HBB-RESP-v1","V4-TARGET-RESPONDENT-WEIGHTED-v1",0.437081261289104,0.457956278529402,-0.0208750172402986,0.39377147355819,0.486312089525924,0.440041781542057,0.0925406159677338,0.0244392769342803,TRUE,199,199,0,"OK","P14-C013",47,50,1110,0.05,"swmdk_like","strong","exact_knot",8,29,-0.0242831985183069,0,1,0.165000000000006
"V4-SENS-TWO-STAGE-HBB-CLUSTER-v1","V4-TARGET-EQUAL-CLUSTER-v1",0.432997924722044,0.457956278529402,-0.0249583538073581,0.392809817230755,0.489702525714237,0.441256171472496,0.0968927084834821,0.0251986658598201,TRUE,199,199,0,"OK","P14-C013",47,50,1110,0.05,"swmdk_like","strong","exact_knot",8,29,-0.0242831985183069,0,1,0.165000000000006
"V4-CMP-ONE-STAGE-CLUSTER-BB-RESP-v1","V4-TARGET-RESPONDENT-WEIGHTED-v1",0.437081261289104,0.457956278529402,-0.0208750172402986,0.398682754366049,0.46779110295859,0.43323692866232,0.0691083485925409,0.0165999831427478,TRUE,199,199,0,"OK","P14-C013",47,50,1110,0.05,"swmdk_like","strong","exact_knot",8,29,-0.0242831985183069,0,1,0.165000000000006
"V4-CMP-IID-RESP-BB-v1","WORKING-INDEPENDENCE-RESPONDENT",0.437081261289104,0.457956278529402,-0.0208750172402986,0.41038661578288,0.468572518411043,0.439479567096962,0.0581859026281635,0.0144100500370144,TRUE,199,199,0,"OK","P14-C013",47,50,1110,0.05,"swmdk_like","strong","exact_knot",8,29,-0.0242831985183069,0,1,0.165000000000006
"V4-CMP-TWO-STAGE-FREQ-BOOT-RESP-v1","V4-TARGET-RESPONDENT-WEIGHTED-v1",0.437081261289104,0.457956278529402,-0.0208750172402986,0.392596075873221,0.489274190232507,0.440935133052864,0.0966781143592857,0.024258007092229,TRUE,199,199,0,"OK","P14-C013",47,50,1110,0.05,"swmdk_like","strong","exact_knot",8,29,-0.0242831985183069,0,1,0.165000000000006
"V4-CMP-MOKKEN-TWOLEVEL-DELTA-v1","V4-TARGET-RESPONDENT-WEIGHTED-v1",0.437081261289086,0.457956278529402,-0.020875017240316,0.396241321424874,0.477921201153298,0.437081261289086,0.081679879728424,0.0208370868987146,TRUE,,,0,"OK","P14-C013",47,50,1110,0.05,"swmdk_like","strong","exact_knot",8,29,-0.0242831985183069,0,1,0.165000000000006
"V4-PRI-TWO-STAGE-HBB-RESP-v1","V4-TARGET-RESPONDENT-WEIGHTED-v1",0.495301408450716,0.457956278529402,0.0373451299213135,0.446094966806887,0.551197469870978,0.498646218338933,0.105102503064091,0.025316582348043,TRUE,199,199,0,"OK","P14-C013",48,50,1018,0.05,"swmdk_like","strong","exact_knot",5,29,0.114437104147707,0,1,0.167000000000002
"V4-SENS-TWO-STAGE-HBB-CLUSTER-v1","V4-TARGET-EQUAL-CLUSTER-v1",0.494691582729266,0.457956278529402,0.0367353041998637,0.439349031115847,0.560717278970155,0.500033155043001,0.121368247854308,0.0283085328878807,TRUE,199,199,0,"OK","P14-C013",48,50,1018,0.05,"swmdk_like","strong","exact_knot",5,29,0.114437104147707,0,1,0.167000000000002
"V4-CMP-ONE-STAGE-CLUSTER-BB-RESP-v1","V4-TARGET-RESPONDENT-WEIGHTED-v1",0.495301408450716,0.457956278529402,0.0373451299213135,0.471138219899817,0.526738780105395,0.498938500002606,0.0556005602055772,0.0136808829715714,FALSE,199,199,0,"OK","P14-C013",48,50,1018,0.05,"swmdk_like","strong","exact_knot",5,29,0.114437104147707,0,1,0.167000000000002
"V4-CMP-IID-RESP-BB-v1","WORKING-INDEPENDENCE-RESPONDENT",0.495301408450716,0.457956278529402,0.0373451299213135,0.465593513792445,0.528309397568875,0.49695145568066,0.0627158837764304,0.0152366247495599,FALSE,199,199,0,"OK","P14-C013",48,50,1018,0.05,"swmdk_like","strong","exact_knot",5,29,0.114437104147707,0,1,0.167000000000002
"V4-CMP-TWO-STAGE-FREQ-BOOT-RESP-v1","V4-TARGET-RESPONDENT-WEIGHTED-v1",0.495301408450716,0.457956278529402,0.0373451299213135,0.460352860934178,0.537360159517079,0.498856510225628,0.0770072985829009,0.0207158720310635,FALSE,199,199,0,"OK","P14-C013",48,50,1018,0.05,"swmdk_like","strong","exact_knot",5,29,0.114437104147707,0,1,0.167000000000002
"V4-CMP-MOKKEN-TWOLEVEL-DELTA-v1","V4-TARGET-RESPONDENT-WEIGHTED-v1",0.495301408450705,0.457956278529402,0.0373451299213028,0.460972795990868,0.529630020910542,0.495301408450705,0.068657224919674,0.0175149200345602,FALSE,,,0,"OK","P14-C013",48,50,1018,0.05,"swmdk_like","strong","exact_knot",5,29,0.114437104147707,0,1,0.167000000000002
"V4-PRI-TWO-STAGE-HBB-RESP-v1","V4-TARGET-RESPONDENT-WEIGHTED-v1",0.455397277941543,0.457956278529402,-0.00255900058785957,0.399465565342557,0.518446571946074,0.458956068644315,0.118981006603517,0.0285356860201872,TRUE,199,199,0,"OK","P14-C013",49,50,970,0.05,"swmdk_like","strong","exact_knot",5,29,0.0437634361217496,0.00206185567010309,0,0.146000000000001
"V4-SENS-TWO-STAGE-HBB-CLUSTER-v1","V4-TARGET-EQUAL-CLUSTER-v1",0.460937889475865,0.457956278529402,0.00298161094646299,0.412996544426588,0.533824142382074,0.473410343404331,0.120827597955486,0.029840860953335,TRUE,199,199,0,"OK","P14-C013",49,50,970,0.05,"swmdk_like","strong","exact_knot",5,29,0.0437634361217496,0.00206185567010309,0,0.146000000000001
"V4-CMP-ONE-STAGE-CLUSTER-BB-RESP-v1","V4-TARGET-RESPONDENT-WEIGHTED-v1",0.455397277941543,0.457956278529402,-0.00255900058785957,0.422381650398552,0.487102082957133,0.454741866677842,0.0647204325585813,0.0161993250202756,TRUE,199,199,0,"OK","P14-C013",49,50,970,0.05,"swmdk_like","strong","exact_knot",5,29,0.0437634361217496,0.00206185567010309,0,0.146000000000001
"V4-CMP-IID-RESP-BB-v1","WORKING-INDEPENDENCE-RESPONDENT",0.455397277941543,0.457956278529402,-0.00255900058785957,0.429509262222652,0.486056152853171,0.457782707537912,0.056546890630519,0.0147725665383993,TRUE,199,199,0,"OK","P14-C013",49,50,970,0.05,"swmdk_like","strong","exact_knot",5,29,0.0437634361217496,0.00206185567010309,0,0.146000000000001
"V4-CMP-TWO-STAGE-FREQ-BOOT-RESP-v1","V4-TARGET-RESPONDENT-WEIGHTED-v1",0.455397277941543,0.457956278529402,-0.00255900058785957,0.42001238422797,0.503657933484321,0.461835158856146,0.0836455492563513,0.0226568019434659,TRUE,199,199,0,"OK","P14-C013",49,50,970,0.05,"swmdk_like","strong","exact_knot",5,29,0.0437634361217496,0.00206185567010309,0,0.146000000000001
"V4-CMP-MOKKEN-TWOLEVEL-DELTA-v1","V4-TARGET-RESPONDENT-WEIGHTED-v1",0.455397277941538,0.457956278529402,-0.0025590005878644,0.420129937680636,0.49066461820244,0.455397277941538,0.0705346805218039,0.0179938715910528,TRUE,,,0,"OK","P14-C013",49,50,970,0.05,"swmdk_like","strong","exact_knot",5,29,0.0437634361217496,0.00206185567010309,0,0.146000000000001
"V4-PRI-TWO-STAGE-HBB-RESP-v1","V4-TARGET-RESPONDENT-WEIGHTED-v1",0.466653665164269,0.457956278529402,0.00869738663486641,0.430470702791006,0.529295565962707,0.479883134376856,0.0988248631717008,0.025960960381035,TRUE,199,199,0,"OK","P14-C013",50,50,1035,0.05,"swmdk_like","strong","exact_knot",8,29,0.225194042960984,0,2,0.156999999999996
"V4-SENS-TWO-STAGE-HBB-CLUSTER-v1","V4-TARGET-EQUAL-CLUSTER-v1",0.463428852887864,0.457956278529402,0.00547257435846177,0.417481427955533,0.526098619335678,0.471790023645605,0.108617191380145,0.0268368516414812,TRUE,199,199,0,"OK","P14-C013",50,50,1035,0.05,"swmdk_like","strong","exact_knot",8,29,0.225194042960984,0,2,0.156999999999996
"V4-CMP-ONE-STAGE-CLUSTER-BB-RESP-v1","V4-TARGET-RESPONDENT-WEIGHTED-v1",0.466653665164269,0.457956278529402,0.00869738663486641,0.437584148329575,0.499674680226034,0.468629414277805,0.062090531896459,0.0155118445705783,TRUE,199,199,0,"OK","P14-C013",50,50,1035,0.05,"swmdk_like","strong","exact_knot",8,29,0.225194042960984,0,2,0.156999999999996
"V4-CMP-IID-RESP-BB-v1","WORKING-INDEPENDENCE-RESPONDENT",0.466653665164269,0.457956278529402,0.00869738663486641,0.438234864698109,0.497294847643479,0.467764856170794,0.05905998294537,0.0150772671999369,TRUE,199,199,0,"OK","P14-C013",50,50,1035,0.05,"swmdk_like","strong","exact_knot",8,29,0.225194042960984,0,2,0.156999999999996
"V4-CMP-TWO-STAGE-FREQ-BOOT-RESP-v1","V4-TARGET-RESPONDENT-WEIGHTED-v1",0.466653665164269,0.457956278529402,0.00869738663486641,0.426052370466375,0.516977524070262,0.471514947268319,0.0909251536038876,0.0232157047747216,TRUE,199,199,0,"OK","P14-C013",50,50,1035,0.05,"swmdk_like","strong","exact_knot",8,29,0.225194042960984,0,2,0.156999999999996
"V4-CMP-MOKKEN-TWOLEVEL-DELTA-v1","V4-TARGET-RESPONDENT-WEIGHTED-v1",0.466653665164297,0.457956278529402,0.00869738663489494,0.42760797388271,0.505699356445885,0.466653665164297,0.078091382563175,0.0199216371267916,TRUE,,,0,"OK","P14-C013",50,50,1035,0.05,"swmdk_like","strong","exact_knot",8,29,0.225194042960984,0,2,0.156999999999996
"V4-PRI-TWO-STAGE-HBB-RESP-v1","V4-TARGET-RESPONDENT-WEIGHTED-v1",0.475116265624319,0.457956278529402,0.0171599870949172,0.428459364054881,0.531308138651623,0.479883751353252,0.102848774596742,0.0252764291956831,TRUE,199,199,0,"OK","P14-C013",51,50,1014,0.05,"swmdk_like","strong","exact_knot",5,29,-0.0891390390314118,0,1,0.153999999999996
"V4-SENS-TWO-STAGE-HBB-CLUSTER-v1","V4-TARGET-EQUAL-CLUSTER-v1",0.475696215285864,0.457956278529402,0.0177399367564619,0.423464014216632,0.535762703726984,0.479613358971808,0.112298689510352,0.0282907195834026,TRUE,199,199,0,"OK","P14-C013",51,50,1014,0.05,"swmdk_like","strong","exact_knot",5,29,-0.0891390390314118,0,1,0.153999999999996
"V4-CMP-ONE-STAGE-CLUSTER-BB-RESP-v1","V4-TARGET-RESPONDENT-WEIGHTED-v1",0.475116265624319,0.457956278529402,0.0171599870949172,0.448865490917605,0.513410759065009,0.481138124991307,0.0645452681474038,0.0171038994642502,TRUE,199,199,0,"OK","P14-C013",51,50,1014,0.05,"swmdk_like","strong","exact_knot",5,29,-0.0891390390314118,0,1,0.153999999999996
"V4-CMP-IID-RESP-BB-v1","WORKING-INDEPENDENCE-RESPONDENT",0.475116265624319,0.457956278529402,0.0171599870949172,0.443314755323868,0.509732261469407,0.476523508396638,0.0664175061455389,0.0151153230606895,TRUE,199,199,0,"OK","P14-C013",51,50,1014,0.05,"swmdk_like","strong","exact_knot",5,29,-0.0891390390314118,0,1,0.153999999999996
"V4-CMP-TWO-STAGE-FREQ-BOOT-RESP-v1","V4-TARGET-RESPONDENT-WEIGHTED-v1",0.475116265624319,0.457956278529402,0.0171599870949172,0.441612553981653,0.520794201489351,0.481203377735502,0.0791816475076984,0.021876375562682,TRUE,199,199,0,"OK","P14-C013",51,50,1014,0.05,"swmdk_like","strong","exact_knot",5,29,-0.0891390390314118,0,1,0.153999999999996
"V4-CMP-MOKKEN-TWOLEVEL-DELTA-v1","V4-TARGET-RESPONDENT-WEIGHTED-v1",0.475116265624316,0.457956278529402,0.0171599870949136,0.435478164454606,0.514754366794025,0.475116265624316,0.0792762023394193,0.0202238926237267,TRUE,,,0,"OK","P14-C013",51,50,1014,0.05,"swmdk_like","strong","exact_knot",5,29,-0.0891390390314118,0,1,0.153999999999996
"V4-PRI-TWO-STAGE-HBB-RESP-v1","V4-TARGET-RESPONDENT-WEIGHTED-v1",0.447679429344516,0.457956278529402,-0.0102768491848864,0.39385187122559,0.504244260213666,0.449048065719628,0.110392388988077,0.0250591186639976,TRUE,199,199,0,"OK","P14-C013",52,50,973,0.05,"swmdk_like","strong","exact_knot",5,29,-0.125605346906088,0,1,0.147999999999996
"V4-SENS-TWO-STAGE-HBB-CLUSTER-v1","V4-TARGET-EQUAL-CLUSTER-v1",0.443923176549299,0.457956278529402,-0.0140331019801028,0.389092931970943,0.508183284937481,0.448638108454212,0.119090352966538,0.0290733744558016,TRUE,199,199,0,"OK","P14-C013",52,50,973,0.05,"swmdk_like","strong","exact_knot",5,29,-0.125605346906088,0,1,0.147999999999996
"V4-CMP-ONE-STAGE-CLUSTER-BB-RESP-v1","V4-TARGET-RESPONDENT-WEIGHTED-v1",0.447679429344516,0.457956278529402,-0.0102768491848864,0.423476310145882,0.476270824154022,0.449873567149952,0.0527945140081404,0.0134511019967064,TRUE,199,199,0,"OK","P14-C013",52,50,973,0.05,"swmdk_like","strong","exact_knot",5,29,-0.125605346906088,0,1,0.147999999999996
"V4-CMP-IID-RESP-BB-v1","WORKING-INDEPENDENCE-RESPONDENT",0.447679429344516,0.457956278529402,-0.0102768491848864,0.415895755774566,0.479561681991319,0.447728718882942,0.0636659262167532,0.0157874576086402,TRUE,199,199,0,"OK","P14-C013",52,50,973,0.05,"swmdk_like","strong","exact_knot",5,29,-0.125605346906088,0,1,0.147999999999996
"V4-CMP-TWO-STAGE-FREQ-BOOT-RESP-v1","V4-TARGET-RESPONDENT-WEIGHTED-v1",0.447679429344516,0.457956278529402,-0.0102768491848864,0.414638935242935,0.495639261049861,0.455139098146398,0.0810003258069259,0.0196073825103191,TRUE,199,199,0,"OK","P14-C013",52,50,973,0.05,"swmdk_like","strong","exact_knot",5,29,-0.125605346906088,0,1,0.147999999999996
"V4-CMP-MOKKEN-TWOLEVEL-DELTA-v1","V4-TARGET-RESPONDENT-WEIGHTED-v1",0.447679429344546,0.457956278529402,-0.0102768491848561,0.413913146236104,0.481445712452988,0.447679429344546,0.0675325662168844,0.0172280120322549,TRUE,,,0,"OK","P14-C013",52,50,973,0.05,"swmdk_like","strong","exact_knot",5,29,-0.125605346906088,0,1,0.147999999999996
"V4-PRI-TWO-STAGE-HBB-RESP-v1","V4-TARGET-RESPONDENT-WEIGHTED-v1",0.437016731436198,0.457956278529402,-0.0209395470932046,0.389471576673523,0.490202290701726,0.439836933687624,0.100730714028203,0.0248985095280521,TRUE,199,199,0,"OK","P14-C013",53,50,1078,0.05,"swmdk_like","strong","exact_knot",5,29,-0.214767390977342,0.00278293135435997,0,0.171000000000006
"V4-SENS-TWO-STAGE-HBB-CLUSTER-v1","V4-TARGET-EQUAL-CLUSTER-v1",0.44346331543703,0.457956278529402,-0.0144929630923716,0.401368409277479,0.499976153801874,0.450672281539676,0.0986077445243954,0.0258405024480548,TRUE,199,199,0,"OK","P14-C013",53,50,1078,0.05,"swmdk_like","strong","exact_knot",5,29,-0.214767390977342,0.00278293135435997,0,0.171000000000006
"V4-CMP-ONE-STAGE-CLUSTER-BB-RESP-v1","V4-TARGET-RESPONDENT-WEIGHTED-v1",0.437016731436198,0.457956278529402,-0.0209395470932046,0.415750238991602,0.465988191875993,0.440869215433798,0.0502379528843909,0.0128262765798835,TRUE,199,199,0,"OK","P14-C013",53,50,1078,0.05,"swmdk_like","strong","exact_knot",5,29,-0.214767390977342,0.00278293135435997,0,0.171000000000006
"V4-CMP-IID-RESP-BB-v1","WORKING-INDEPENDENCE-RESPONDENT",0.437016731436198,0.457956278529402,-0.0209395470932046,0.406961915368246,0.465505977978292,0.436233946673269,0.058544062610046,0.0141392211067756,TRUE,199,199,0,"OK","P14-C013",53,50,1078,0.05,"swmdk_like","strong","exact_knot",5,29,-0.214767390977342,0.00278293135435997,0,0.171000000000006
"V4-CMP-TWO-STAGE-FREQ-BOOT-RESP-v1","V4-TARGET-RESPONDENT-WEIGHTED-v1",0.437016731436198,0.457956278529402,-0.0209395470932046,0.402836078305843,0.47660321058118,0.439719644443511,0.073767132275337,0.0190749012782156,TRUE,199,199,0,"OK","P14-C013",53,50,1078,0.05,"swmdk_like","strong","exact_knot",5,29,-0.214767390977342,0.00278293135435997,0,0.171000000000006
"V4-CMP-MOKKEN-TWOLEVEL-DELTA-v1","V4-TARGET-RESPONDENT-WEIGHTED-v1",0.43701673143623,0.457956278529402,-0.0209395470931724,0.40208030083069,0.47195316204177,0.43701673143623,0.0698728612110795,0.0178250370318607,TRUE,,,0,"OK","P14-C013",53,50,1078,0.05,"swmdk_like","strong","exact_knot",5,29,-0.214767390977342,0.00278293135435997,0,0.171000000000006
"V4-PRI-TWO-STAGE-HBB-RESP-v1","V4-TARGET-RESPONDENT-WEIGHTED-v1",0.463298814882299,0.457956278529402,0.00534253635289678,0.419463709245037,0.518659107189383,0.46906140821721,0.0991953979443458,0.0250056623487232,TRUE,199,199,0,"OK","P14-C013",54,50,1079,0.05,"swmdk_like","strong","exact_knot",5,29,0.0508101054584358,0,1,0.170000000000002
"V4-SENS-TWO-STAGE-HBB-CLUSTER-v1","V4-TARGET-EQUAL-CLUSTER-v1",0.453548890415676,0.457956278529402,-0.00440738811372582,0.407925109511986,0.512191581372826,0.460058345442406,0.104266471860839,0.0266041915853648,TRUE,199,199,0,"OK","P14-C013",54,50,1079,0.05,"swmdk_like","strong","exact_knot",5,29,0.0508101054584358,0,1,0.170000000000002
"V4-CMP-ONE-STAGE-CLUSTER-BB-RESP-v1","V4-TARGET-RESPONDENT-WEIGHTED-v1",0.463298814882299,0.457956278529402,0.00534253635289678,0.431147258930506,0.492266930107318,0.461707094518912,0.0611196711768122,0.0156599848998187,TRUE,199,199,0,"OK","P14-C013",54,50,1079,0.05,"swmdk_like","strong","exact_knot",5,29,0.0508101054584358,0,1,0.170000000000002
"V4-CMP-IID-RESP-BB-v1","WORKING-INDEPENDENCE-RESPONDENT",0.463298814882299,0.457956278529402,0.00534253635289678,0.436662401945591,0.495273905096697,0.465968153521144,0.0586115031511063,0.0153910630990509,TRUE,199,199,0,"OK","P14-C013",54,50,1079,0.05,"swmdk_like","strong","exact_knot",5,29,0.0508101054584358,0,1,0.170000000000002
"V4-CMP-TWO-STAGE-FREQ-BOOT-RESP-v1","V4-TARGET-RESPONDENT-WEIGHTED-v1",0.463298814882299,0.457956278529402,0.00534253635289678,0.415208166675771,0.512879620440487,0.464043893558129,0.0976714537647156,0.0227989286940932,TRUE,199,199,0,"OK","P14-C013",54,50,1079,0.05,"swmdk_like","strong","exact_knot",5,29,0.0508101054584358,0,1,0.170000000000002
"V4-CMP-MOKKEN-TWOLEVEL-DELTA-v1","V4-TARGET-RESPONDENT-WEIGHTED-v1",0.463298814882274,0.457956278529402,0.00534253635287174,0.426617876050161,0.499979753714387,0.463298814882274,0.0733618776642257,0.0187151086047741,TRUE,,,0,"OK","P14-C013",54,50,1079,0.05,"swmdk_like","strong","exact_knot",5,29,0.0508101054584358,0,1,0.170000000000002
"V4-PRI-TWO-STAGE-HBB-RESP-v1","V4-TARGET-RESPONDENT-WEIGHTED-v1",0.452443347301178,0.457956278529402,-0.00551293122822416,0.41416059125534,0.49940027224077,0.456780431748055,0.0852396809854293,0.0228439889101106,TRUE,199,199,0,"OK","P14-C013",55,50,1164,0.05,"swmdk_like","strong","exact_knot",10,29,0.0801498311762865,0,2,0.170000000000002
"V4-SENS-TWO-STAGE-HBB-CLUSTER-v1","V4-TARGET-EQUAL-CLUSTER-v1",0.454941590661504,0.457956278529402,-0.00301468786789849,0.415260520727695,0.516863651279932,0.466062086003814,0.101603130552237,0.0241465314530974,TRUE,199,199,0,"OK","P14-C013",55,50,1164,0.05,"swmdk_like","strong","exact_knot",10,29,0.0801498311762865,0,2,0.170000000000002
"V4-CMP-ONE-STAGE-CLUSTER-BB-RESP-v1","V4-TARGET-RESPONDENT-WEIGHTED-v1",0.452443347301178,0.457956278529402,-0.00551293122822416,0.431519998315215,0.482658275861678,0.457089137088447,0.0511382775464627,0.0133789623306621,TRUE,199,199,0,"OK","P14-C013",55,50,1164,0.05,"swmdk_like","strong","exact_knot",10,29,0.0801498311762865,0,2,0.170000000000002
"V4-CMP-IID-RESP-BB-v1","WORKING-INDEPENDENCE-RESPONDENT",0.452443347301178,0.457956278529402,-0.00551293122822416,0.427131646674488,0.484644692582209,0.455888169628349,0.0575130459077208,0.0150147328054128,TRUE,199,199,0,"OK","P14-C013",55,50,1164,0.05,"swmdk_like","strong","exact_knot",10,29,0.0801498311762865,0,2,0.170000000000002
"V4-CMP-TWO-STAGE-FREQ-BOOT-RESP-v1","V4-TARGET-RESPONDENT-WEIGHTED-v1",0.452443347301178,0.457956278529402,-0.00551293122822416,0.40439870389792,0.497791582558638,0.451095143228279,0.0933928786607179,0.0224799209270444,TRUE,199,199,0,"OK","P14-C013",55,50,1164,0.05,"swmdk_like","strong","exact_knot",10,29,0.0801498311762865,0,2,0.170000000000002
"V4-CMP-MOKKEN-TWOLEVEL-DELTA-v1","V4-TARGET-RESPONDENT-WEIGHTED-v1",0.452443347301176,0.457956278529402,-0.0055129312282266,0.414080048037271,0.49080664656508,0.452443347301176,0.076726598527809,0.0195734715364718,TRUE,,,0,"OK","P14-C013",55,50,1164,0.05,"swmdk_like","strong","exact_knot",10,29,0.0801498311762865,0,2,0.170000000000002
"V4-PRI-TWO-STAGE-HBB-RESP-v1","V4-TARGET-RESPONDENT-WEIGHTED-v1",0.488714679289112,0.457956278529402,0.0307584007597101,0.444936436732719,0.544033718543075,0.494485077637897,0.0990972818103567,0.0239251328776018,TRUE,199,199,0,"OK","P14-C013",56,50,1090,0.05,"swmdk_like","strong","exact_knot",5,29,-0.123210131570871,0,1,0.172999999999988
"V4-SENS-TWO-STAGE-HBB-CLUSTER-v1","V4-TARGET-EQUAL-CLUSTER-v1",0.487301209643332,0.457956278529402,0.0293449311139296,0.437342467893242,0.538823711995296,0.488083089944269,0.101481244102054,0.0279003603634916,TRUE,199,199,0,"OK","P14-C013",56,50,1090,0.05,"swmdk_like","strong","exact_knot",5,29,-0.123210131570871,0,1,0.172999999999988
"V4-CMP-ONE-STAGE-CLUSTER-BB-RESP-v1","V4-TARGET-RESPONDENT-WEIGHTED-v1",0.488714679289112,0.457956278529402,0.0307584007597101,0.457274993096674,0.520799135540732,0.489037064318703,0.0635241424440574,0.0145717683088816,TRUE,199,199,0,"OK","P14-C013",56,50,1090,0.05,"swmdk_like","strong","exact_knot",5,29,-0.123210131570871,0,1,0.172999999999988
"V4-CMP-IID-RESP-BB-v1","WORKING-INDEPENDENCE-RESPONDENT",0.488714679289112,0.457956278529402,0.0307584007597101,0.466453150154934,0.519305132360963,0.492879141257949,0.0528519822060288,0.0138984256817861,FALSE,199,199,0,"OK","P14-C013",56,50,1090,0.05,"swmdk_like","strong","exact_knot",5,29,-0.123210131570871,0,1,0.172999999999988
"V4-CMP-TWO-STAGE-FREQ-BOOT-RESP-v1","V4-TARGET-RESPONDENT-WEIGHTED-v1",0.488714679289112,0.457956278529402,0.0307584007597101,0.445125397310263,0.53093325059871,0.488029323954487,0.0858078532884469,0.020910628805201,TRUE,199,199,0,"OK","P14-C013",56,50,1090,0.05,"swmdk_like","strong","exact_knot",5,29,-0.123210131570871,0,1,0.172999999999988
"V4-CMP-MOKKEN-TWOLEVEL-DELTA-v1","V4-TARGET-RESPONDENT-WEIGHTED-v1",0.488714679289141,0.457956278529402,0.0307584007597387,0.451434490041724,0.525994868536558,0.488714679289141,0.0745603784948337,0.0190208542307299,TRUE,,,0,"OK","P14-C013",56,50,1090,0.05,"swmdk_like","strong","exact_knot",5,29,-0.123210131570871,0,1,0.172999999999988
"V4-PRI-TWO-STAGE-HBB-RESP-v1","V4-TARGET-RESPONDENT-WEIGHTED-v1",0.473439816891956,0.457956278529402,0.0154835383625542,0.433277249679591,0.52009922538156,0.476688237530575,0.086821975701968,0.0241258671252872,TRUE,199,199,0,"OK","P14-C013",57,50,1118,0.05,"swmdk_like","strong","exact_knot",5,29,-0.0564333285071084,0,2,0.176000000000002
"V4-SENS-TWO-STAGE-HBB-CLUSTER-v1","V4-TARGET-EQUAL-CLUSTER-v1",0.469943652630218,0.457956278529402,0.0119873741008162,0.424028670160786,0.528066022225117,0.476047346192952,0.10403735206433,0.0263002610062754,TRUE,199,199,0,"OK","P14-C013",57,50,1118,0.05,"swmdk_like","strong","exact_knot",5,29,-0.0564333285071084,0,2,0.176000000000002
"V4-CMP-ONE-STAGE-CLUSTER-BB-RESP-v1","V4-TARGET-RESPONDENT-WEIGHTED-v1",0.473439816891956,0.457956278529402,0.0154835383625542,0.45096761137401,0.506683954836872,0.478825783105441,0.0557163434628623,0.013834251335354,TRUE,199,199,0,"OK","P14-C013",57,50,1118,0.05,"swmdk_like","strong","exact_knot",5,29,-0.0564333285071084,0,2,0.176000000000002
"V4-CMP-IID-RESP-BB-v1","WORKING-INDEPENDENCE-RESPONDENT",0.473439816891956,0.457956278529402,0.0154835383625542,0.449935898557382,0.502066586136484,0.476001242346933,0.0521306875791029,0.0142977260319383,TRUE,199,199,0,"OK","P14-C013",57,50,1118,0.05,"swmdk_like","strong","exact_knot",5,29,-0.0564333285071084,0,2,0.176000000000002
"V4-CMP-TWO-STAGE-FREQ-BOOT-RESP-v1","V4-TARGET-RESPONDENT-WEIGHTED-v1",0.473439816891956,0.457956278529402,0.0154835383625542,0.438074234520964,0.529518191426901,0.483796212973932,0.0914439569059366,0.023603546603964,TRUE,199,199,0,"OK","P14-C013",57,50,1118,0.05,"swmdk_like","strong","exact_knot",5,29,-0.0564333285071084,0,2,0.176000000000002
"V4-CMP-MOKKEN-TWOLEVEL-DELTA-v1","V4-TARGET-RESPONDENT-WEIGHTED-v1",0.473439816891987,0.457956278529402,0.0154835383625845,0.436105888256974,0.510773745526999,0.473439816891987,0.0746678572700248,0.019048272789448,TRUE,,,0,"OK","P14-C013",57,50,1118,0.05,"swmdk_like","strong","exact_knot",5,29,-0.0564333285071084,0,2,0.176000000000002
"V4-PRI-TWO-STAGE-HBB-RESP-v1","V4-TARGET-RESPONDENT-WEIGHTED-v1",0.453053196362843,0.457956278529402,-0.00490308216655932,0.414962397029397,0.504570996735255,0.459766696882326,0.0896085997058582,0.0231281976130965,TRUE,199,199,0,"OK","P14-C013",58,50,1057,0.05,"swmdk_like","strong","exact_knot",5,29,-0.113135965538025,0,1,0.168000000000006
"V4-SENS-TWO-STAGE-HBB-CLUSTER-v1","V4-TARGET-EQUAL-CLUSTER-v1",0.451384793381248,0.457956278529402,-0.00657148514815409,0.407494450587765,0.504615117689481,0.456054784138623,0.0971206671017166,0.0259273406490169,TRUE,199,199,0,"OK","P14-C013",58,50,1057,0.05,"swmdk_like","strong","exact_knot",5,29,-0.113135965538025,0,1,0.168000000000006
"V4-CMP-ONE-STAGE-CLUSTER-BB-RESP-v1","V4-TARGET-RESPONDENT-WEIGHTED-v1",0.453053196362843,0.457956278529402,-0.00490308216655932,0.424823099685971,0.48590659946884,0.455364849577405,0.0610834997828689,0.0149429433237739,TRUE,199,199,0,"OK","P14-C013",58,50,1057,0.05,"swmdk_like","strong","exact_knot",5,29,-0.113135965538025,0,1,0.168000000000006
"V4-CMP-IID-RESP-BB-v1","WORKING-INDEPENDENCE-RESPONDENT",0.453053196362843,0.457956278529402,-0.00490308216655932,0.42498229666025,0.485906253357091,0.45544427500867,0.060923956696841,0.0152287416200948,TRUE,199,199,0,"OK","P14-C013",58,50,1057,0.05,"swmdk_like","strong","exact_knot",5,29,-0.113135965538025,0,1,0.168000000000006
"V4-CMP-TWO-STAGE-FREQ-BOOT-RESP-v1","V4-TARGET-RESPONDENT-WEIGHTED-v1",0.453053196362843,0.457956278529402,-0.00490308216655932,0.413182044501596,0.499891487702733,0.456536766102164,0.0867094432011366,0.0220845070778794,TRUE,199,199,0,"OK","P14-C013",58,50,1057,0.05,"swmdk_like","strong","exact_knot",5,29,-0.113135965538025,0,1,0.168000000000006
"V4-CMP-MOKKEN-TWOLEVEL-DELTA-v1","V4-TARGET-RESPONDENT-WEIGHTED-v1",0.453053196362871,0.457956278529402,-0.00490308216653079,0.417978026991125,0.488128365734617,0.453053196362871,0.0701503387434922,0.0178958234173763,TRUE,,,0,"OK","P14-C013",58,50,1057,0.05,"swmdk_like","strong","exact_knot",5,29,-0.113135965538025,0,1,0.168000000000006
"V4-PRI-TWO-STAGE-HBB-RESP-v1","V4-TARGET-RESPONDENT-WEIGHTED-v1",0.441170323803221,0.457956278529402,-0.0167859547261814,0.393067652533471,0.502864900263154,0.447966276398312,0.109797247729683,0.0285014414596744,TRUE,199,199,0,"OK","P14-C013",59,50,1027,0.05,"swmdk_like","strong","exact_knot",5,29,0.148819424287112,0,1,0.165999999999997
"V4-SENS-TWO-STAGE-HBB-CLUSTER-v1","V4-TARGET-EQUAL-CLUSTER-v1",0.439984926701612,0.457956278529402,-0.01797135182779,0.382178784980361,0.499394706389915,0.440786745685138,0.117215921409554,0.028944361907674,TRUE,199,199,0,"OK","P14-C013",59,50,1027,0.05,"swmdk_like","strong","exact_knot",5,29,0.148819424287112,0,1,0.165999999999997
"V4-CMP-ONE-STAGE-CLUSTER-BB-RESP-v1","V4-TARGET-RESPONDENT-WEIGHTED-v1",0.441170323803221,0.457956278529402,-0.0167859547261814,0.403234873851148,0.478942484346757,0.441088679098953,0.0757076104956091,0.0194854140036701,TRUE,199,199,0,"OK","P14-C013",59,50,1027,0.05,"swmdk_like","strong","exact_knot",5,29,0.148819424287112,0,1,0.165999999999997
"V4-CMP-IID-RESP-BB-v1","WORKING-INDEPENDENCE-RESPONDENT",0.441170323803221,0.457956278529402,-0.0167859547261814,0.413903781280821,0.478390591933358,0.446147186607089,0.0644868106525375,0.0157312753725358,TRUE,199,199,0,"OK","P14-C013",59,50,1027,0.05,"swmdk_like","strong","exact_knot",5,29,0.148819424287112,0,1,0.165999999999997
"V4-CMP-TWO-STAGE-FREQ-BOOT-RESP-v1","V4-TARGET-RESPONDENT-WEIGHTED-v1",0.441170323803221,0.457956278529402,-0.0167859547261814,0.400990826424579,0.489274181171459,0.445132503798019,0.0882833547468805,0.0214433226632986,TRUE,199,199,0,"OK","P14-C013",59,50,1027,0.05,"swmdk_like","strong","exact_knot",5,29,0.148819424287112,0,1,0.165999999999997
"V4-CMP-MOKKEN-TWOLEVEL-DELTA-v1","V4-TARGET-RESPONDENT-WEIGHTED-v1",0.441170323803197,0.457956278529402,-0.0167859547262049,0.402198455354168,0.480142192252226,0.441170323803197,0.0779437368980583,0.019883971724192,TRUE,,,0,"OK","P14-C013",59,50,1027,0.05,"swmdk_like","strong","exact_knot",5,29,0.148819424287112,0,1,0.165999999999997
"V4-PRI-TWO-STAGE-HBB-RESP-v1","V4-TARGET-RESPONDENT-WEIGHTED-v1",0.467069102458807,0.457956278529402,0.00911282392940455,0.428590505069239,0.521430912734026,0.475010708901632,0.0928404076647876,0.0246436080213686,TRUE,199,199,0,"OK","P14-C013",60,50,992,0.05,"swmdk_like","strong","exact_knot",5,29,4.36293904270959e-05,0,1,0.149000000000001
"V4-SENS-TWO-STAGE-HBB-CLUSTER-v1","V4-TARGET-EQUAL-CLUSTER-v1",0.458276410263795,0.457956278529402,0.000320131734393214,0.420535980725706,0.52186491316376,0.471200446944733,0.101328932438053,0.0278875487491508,TRUE,199,199,0,"OK","P14-C013",60,50,992,0.05,"swmdk_like","strong","exact_knot",5,29,4.36293904270959e-05,0,1,0.149000000000001
"V4-CMP-ONE-STAGE-CLUSTER-BB-RESP-v1","V4-TARGET-RESPONDENT-WEIGHTED-v1",0.467069102458807,0.457956278529402,0.00911282392940455,0.435437484958392,0.49376928573263,0.464603385345511,0.058331800774238,0.0140449607131985,TRUE,199,199,0,"OK","P14-C013",60,50,992,0.05,"swmdk_like","strong","exact_knot",5,29,4.36293904270959e-05,0,1,0.149000000000001
"V4-CMP-IID-RESP-BB-v1","WORKING-INDEPENDENCE-RESPONDENT",0.467069102458807,0.457956278529402,0.00911282392940455,0.440775807886888,0.501406473989877,0.471091140938382,0.0606306661029897,0.0161324826318271,TRUE,199,199,0,"OK","P14-C013",60,50,992,0.05,"swmdk_like","strong","exact_knot",5,29,4.36293904270959e-05,0,1,0.149000000000001
"V4-CMP-TWO-STAGE-FREQ-BOOT-RESP-v1","V4-TARGET-RESPONDENT-WEIGHTED-v1",0.467069102458807,0.457956278529402,0.00911282392940455,0.428175260368183,0.510391208998663,0.469283234683423,0.0822159486304799,0.0209962112357779,TRUE,199,199,0,"OK","P14-C013",60,50,992,0.05,"swmdk_like","strong","exact_knot",5,29,4.36293904270959e-05,0,1,0.149000000000001
"V4-CMP-MOKKEN-TWOLEVEL-DELTA-v1","V4-TARGET-RESPONDENT-WEIGHTED-v1",0.467069102458816,0.457956278529402,0.00911282392941359,0.432922845707851,0.501215359209781,0.467069102458816,0.0682925135019301,0.0174218796979467,TRUE,,,0,"OK","P14-C013",60,50,992,0.05,"swmdk_like","strong","exact_knot",5,29,4.36293904270959e-05,0,1,0.149000000000001
