"method_id","target_id","point_estimate","truth","bias","lower","upper","center","interval_length","se_equivalent","cover","defined_draws","total_draws","invalid_fraction","status","cell_id","replication","G","N","latent_icc","size_mechanism","strength","regularity","minimum_cluster_size","maximum_cluster_size","size_effect_correlation","sample_minimum_internal_cdf_gap","sample_exact_knot_count","replication_elapsed_seconds"
"V4-PRI-TWO-STAGE-HBB-RESP-v1","V4-TARGET-RESPONDENT-WEIGHTED-v1",0.282732157417644,0.281082121695225,0.00165003572241851,0.225810851426234,0.348468702508272,0.287139776967253,0.122657851082037,0.0317539957849262,TRUE,199,199,0,"OK","P14-C011",1,30,624,0.17,"swmdk_like","medium","regular",10,29,0.134210128463748,0.00801282051282048,0,0.103999999999999
"V4-SENS-TWO-STAGE-HBB-CLUSTER-v1","V4-TARGET-EQUAL-CLUSTER-v1",0.303755257530708,0.281082121695225,0.0226731358354829,0.232965652600617,0.372549982348545,0.302757817474581,0.139584329747928,0.0347872386194503,TRUE,199,199,0,"OK","P14-C011",1,30,624,0.17,"swmdk_like","medium","regular",10,29,0.134210128463748,0.00801282051282048,0,0.103999999999999
"V4-CMP-ONE-STAGE-CLUSTER-BB-RESP-v1","V4-TARGET-RESPONDENT-WEIGHTED-v1",0.282732157417644,0.281082121695225,0.00165003572241851,0.238385700422063,0.328598858490567,0.283492279456315,0.0902131580685048,0.0224699338880996,TRUE,199,199,0,"OK","P14-C011",1,30,624,0.17,"swmdk_like","medium","regular",10,29,0.134210128463748,0.00801282051282048,0,0.103999999999999
"V4-CMP-IID-RESP-BB-v1","WORKING-INDEPENDENCE-RESPONDENT",0.282732157417644,0.281082121695225,0.00165003572241851,0.241191918900372,0.319005173466612,0.280098546183492,0.0778132545662396,0.0194539124772668,TRUE,199,199,0,"OK","P14-C011",1,30,624,0.17,"swmdk_like","medium","regular",10,29,0.134210128463748,0.00801282051282048,0,0.103999999999999
"V4-CMP-TWO-STAGE-FREQ-BOOT-RESP-v1","V4-TARGET-RESPONDENT-WEIGHTED-v1",0.282732157417644,0.281082121695225,0.00165003572241851,0.216611638532285,0.34569326111793,0.281152449825107,0.129081622585645,0.0327893966329002,TRUE,199,199,0,"OK","P14-C011",1,30,624,0.17,"swmdk_like","medium","regular",10,29,0.134210128463748,0.00801282051282048,0,0.103999999999999
"V4-CMP-MOKKEN-TWOLEVEL-DELTA-v1","V4-TARGET-RESPONDENT-WEIGHTED-v1",0.282732157417637,0.281082121695225,0.00165003572241179,0.22662267961497,0.338841635220304,0.282732157417637,0.112218955605334,0.0286278106359359,TRUE,,,0,"OK","P14-C011",1,30,624,0.17,"swmdk_like","medium","regular",10,29,0.134210128463748,0.00801282051282048,0,0.103999999999999
"V4-PRI-TWO-STAGE-HBB-RESP-v1","V4-TARGET-RESPONDENT-WEIGHTED-v1",0.294076027869966,0.281082121695225,0.0129939061747408,0.227394969368955,0.368656614606523,0.298025791987739,0.141261645237568,0.0334127112756174,TRUE,199,199,0,"OK","P14-C011",2,30,701,0.17,"swmdk_like","medium","regular",10,29,-0.116328503910851,0,1,0.111999999999995
"V4-SENS-TWO-STAGE-HBB-CLUSTER-v1","V4-TARGET-EQUAL-CLUSTER-v1",0.295805188375545,0.281082121695225,0.01472306668032,0.220281885620731,0.366775276124699,0.293528580872715,0.146493390503968,0.0353155850325638,TRUE,199,199,0,"OK","P14-C011",2,30,701,0.17,"swmdk_like","medium","regular",10,29,-0.116328503910851,0,1,0.111999999999995
"V4-CMP-ONE-STAGE-CLUSTER-BB-RESP-v1","V4-TARGET-RESPONDENT-WEIGHTED-v1",0.294076027869966,0.281082121695225,0.0129939061747408,0.256349952075041,0.337009420752672,0.296679686413857,0.0806594686776313,0.0213577219666589,TRUE,199,199,0,"OK","P14-C011",2,30,701,0.17,"swmdk_like","medium","regular",10,29,-0.116328503910851,0,1,0.111999999999995
"V4-CMP-IID-RESP-BB-v1","WORKING-INDEPENDENCE-RESPONDENT",0.294076027869966,0.281082121695225,0.0129939061747408,0.260425189109098,0.331436688245775,0.295930938677436,0.0710114991366778,0.0185782459461293,TRUE,199,199,0,"OK","P14-C011",2,30,701,0.17,"swmdk_like","medium","regular",10,29,-0.116328503910851,0,1,0.111999999999995
"V4-CMP-TWO-STAGE-FREQ-BOOT-RESP-v1","V4-TARGET-RESPONDENT-WEIGHTED-v1",0.294076027869966,0.281082121695225,0.0129939061747408,0.240607125365738,0.351509341275581,0.296058233320659,0.110902215909844,0.0288130964730799,TRUE,199,199,0,"OK","P14-C011",2,30,701,0.17,"swmdk_like","medium","regular",10,29,-0.116328503910851,0,1,0.111999999999995
"V4-CMP-MOKKEN-TWOLEVEL-DELTA-v1","V4-TARGET-RESPONDENT-WEIGHTED-v1",0.294076027869952,0.281082121695225,0.0129939061747275,0.240410007604148,0.347742048135756,0.294076027869952,0.107332040531608,0.0273811257192044,TRUE,,,0,"OK","P14-C011",2,30,701,0.17,"swmdk_like","medium","regular",10,29,-0.116328503910851,0,1,0.111999999999995
"V4-PRI-TWO-STAGE-HBB-RESP-v1","V4-TARGET-RESPONDENT-WEIGHTED-v1",0.267379435044792,0.281082121695225,-0.013702686650433,0.200061731577347,0.341070494318597,0.270566112947972,0.141008762741251,0.0349515591472208,TRUE,199,199,0,"OK","P14-C011",3,30,595,0.17,"swmdk_like","medium","regular",5,29,0.284981282208181,0,1,0.111000000000004
"V4-SENS-TWO-STAGE-HBB-CLUSTER-v1","V4-TARGET-EQUAL-CLUSTER-v1",0.28342626664851,0.281082121695225,0.00234414495328483,0.206579515856473,0.358732036198443,0.282655776027458,0.15215252034197,0.0389540377313916,TRUE,199,199,0,"OK","P14-C011",3,30,595,0.17,"swmdk_like","medium","regular",5,29,0.284981282208181,0,1,0.111000000000004
"V4-CMP-ONE-STAGE-CLUSTER-BB-RESP-v1","V4-TARGET-RESPONDENT-WEIGHTED-v1",0.267379435044792,0.281082121695225,-0.013702686650433,0.218740892383927,0.314274091402533,0.26650749189323,0.095533199018606,0.0225727266308445,TRUE,199,199,0,"OK","P14-C011",3,30,595,0.17,"swmdk_like","medium","regular",5,29,0.284981282208181,0,1,0.111000000000004
"V4-CMP-IID-RESP-BB-v1","WORKING-INDEPENDENCE-RESPONDENT",0.267379435044792,0.281082121695225,-0.013702686650433,0.221870493295386,0.311468639498634,0.26666956639701,0.0895981462032478,0.0225286347484315,TRUE,199,199,0,"OK","P14-C011",3,30,595,0.17,"swmdk_like","medium","regular",5,29,0.284981282208181,0,1,0.111000000000004
"V4-CMP-TWO-STAGE-FREQ-BOOT-RESP-v1","V4-TARGET-RESPONDENT-WEIGHTED-v1",0.267379435044792,0.281082121695225,-0.013702686650433,0.214671862995192,0.3322906454008,0.273481254197996,0.117618782405608,0.02981865997951,TRUE,199,199,0,"OK","P14-C011",3,30,595,0.17,"swmdk_like","medium","regular",5,29,0.284981282208181,0,1,0.111000000000004
"V4-CMP-MOKKEN-TWOLEVEL-DELTA-v1","V4-TARGET-RESPONDENT-WEIGHTED-v1",0.267379435044788,0.281082121695225,-0.0137026866504369,0.215528814198822,0.319230055890754,0.267379435044788,0.103701241691932,0.0264548845055099,TRUE,,,0,"OK","P14-C011",3,30,595,0.17,"swmdk_like","medium","regular",5,29,0.284981282208181,0,1,0.111000000000004
"V4-PRI-TWO-STAGE-HBB-RESP-v1","V4-TARGET-RESPONDENT-WEIGHTED-v1",0.318530631297696,0.281082121695225,0.0374485096024706,0.253755775211026,0.39150100638356,0.322628390797293,0.137745231172533,0.0356732408528604,TRUE,199,199,0,"OK","P14-C011",4,30,619,0.17,"swmdk_like","medium","regular",5,29,0.00922932197672678,0.00161550888529888,0,0.0989999999999966
"V4-SENS-TWO-STAGE-HBB-CLUSTER-v1","V4-TARGET-EQUAL-CLUSTER-v1",0.323398028778946,0.281082121695225,0.0423159070837214,0.251055501810313,0.395806116247824,0.323430809029069,0.144750614437511,0.0349104587254473,TRUE,199,199,0,"OK","P14-C011",4,30,619,0.17,"swmdk_like","medium","regular",5,29,0.00922932197672678,0.00161550888529888,0,0.0989999999999966
"V4-CMP-ONE-STAGE-CLUSTER-BB-RESP-v1","V4-TARGET-RESPONDENT-WEIGHTED-v1",0.318530631297696,0.281082121695225,0.0374485096024706,0.273382203926951,0.37986098882784,0.326621596377396,0.106478784900889,0.0247751562771461,TRUE,199,199,0,"OK","P14-C011",4,30,619,0.17,"swmdk_like","medium","regular",5,29,0.00922932197672678,0.00161550888529888,0,0.0989999999999966
"V4-CMP-IID-RESP-BB-v1","WORKING-INDEPENDENCE-RESPONDENT",0.318530631297696,0.281082121695225,0.0374485096024706,0.27866290634591,0.357590844799643,0.318126875572777,0.0789279384537331,0.0197332059225777,TRUE,199,199,0,"OK","P14-C011",4,30,619,0.17,"swmdk_like","medium","regular",5,29,0.00922932197672678,0.00161550888529888,0,0.0989999999999966
"V4-CMP-TWO-STAGE-FREQ-BOOT-RESP-v1","V4-TARGET-RESPONDENT-WEIGHTED-v1",0.318530631297696,0.281082121695225,0.0374485096024706,0.24857377594288,0.386235186973844,0.317404481458362,0.137661411030964,0.0347210808143338,TRUE,199,199,0,"OK","P14-C011",4,30,619,0.17,"swmdk_like","medium","regular",5,29,0.00922932197672678,0.00161550888529888,0,0.0989999999999966
"V4-CMP-MOKKEN-TWOLEVEL-DELTA-v1","V4-TARGET-RESPONDENT-WEIGHTED-v1",0.318530631297709,0.281082121695225,0.037448509602484,0.26553926728879,0.371521995306627,0.318530631297709,0.105982728017837,0.027036907018143,TRUE,,,0,"OK","P14-C011",4,30,619,0.17,"swmdk_like","medium","regular",5,29,0.00922932197672678,0.00161550888529888,0,0.0989999999999966
"V4-PRI-TWO-STAGE-HBB-RESP-v1","V4-TARGET-RESPONDENT-WEIGHTED-v1",0.269709058684909,0.281082121695225,-0.0113730630103164,0.214448176404139,0.332101041132946,0.273274608768543,0.117652864728807,0.029914769051063,TRUE,199,199,0,"OK","P14-C011",5,30,630,0.17,"swmdk_like","medium","regular",5,29,-0.22364496042993,0.00317460317460316,0,0.102000000000004
"V4-SENS-TWO-STAGE-HBB-CLUSTER-v1","V4-TARGET-EQUAL-CLUSTER-v1",0.259391894081134,0.281082121695225,-0.0216902276140915,0.201357685665631,0.319397465126585,0.260377575396108,0.118039779460954,0.0317565304895108,TRUE,199,199,0,"OK","P14-C011",5,30,630,0.17,"swmdk_like","medium","regular",5,29,-0.22364496042993,0.00317460317460316,0,0.102000000000004
"V4-CMP-ONE-STAGE-CLUSTER-BB-RESP-v1","V4-TARGET-RESPONDENT-WEIGHTED-v1",0.269709058684909,0.281082121695225,-0.0113730630103164,0.232351614605055,0.315613804038441,0.273982709321748,0.0832621894333859,0.0206956486816343,TRUE,199,199,0,"OK","P14-C011",5,30,630,0.17,"swmdk_like","medium","regular",5,29,-0.22364496042993,0.00317460317460316,0,0.102000000000004
"V4-CMP-IID-RESP-BB-v1","WORKING-INDEPENDENCE-RESPONDENT",0.269709058684909,0.281082121695225,-0.0113730630103164,0.23446589154735,0.311011194704677,0.272738543126014,0.0765453031573277,0.0195022419570076,TRUE,199,199,0,"OK","P14-C011",5,30,630,0.17,"swmdk_like","medium","regular",5,29,-0.22364496042993,0.00317460317460316,0,0.102000000000004
"V4-CMP-TWO-STAGE-FREQ-BOOT-RESP-v1","V4-TARGET-RESPONDENT-WEIGHTED-v1",0.269709058684909,0.281082121695225,-0.0113730630103164,0.207650773824045,0.330860133270082,0.269255453547064,0.123209359446038,0.0301274199721932,TRUE,199,199,0,"OK","P14-C011",5,30,630,0.17,"swmdk_like","medium","regular",5,29,-0.22364496042993,0.00317460317460316,0,0.102000000000004
"V4-CMP-MOKKEN-TWOLEVEL-DELTA-v1","V4-TARGET-RESPONDENT-WEIGHTED-v1",0.269709058684906,0.281082121695225,-0.0113730630103189,0.222357423578512,0.3170606937913,0.269709058684906,0.094703270212788,0.0241594414386681,TRUE,,,0,"OK","P14-C011",5,30,630,0.17,"swmdk_like","medium","regular",5,29,-0.22364496042993,0.00317460317460316,0,0.102000000000004
"V4-PRI-TWO-STAGE-HBB-RESP-v1","V4-TARGET-RESPONDENT-WEIGHTED-v1",0.286262226931805,0.281082121695225,0.00518010523658025,0.22458729073907,0.351137192910907,0.287862241824989,0.126549902171837,0.0321183469144124,TRUE,199,199,0,"OK","P14-C011",6,30,678,0.17,"swmdk_like","medium","regular",5,29,-0.314197718706075,0.00442477876106201,0,0.107999999999997
"V4-SENS-TWO-STAGE-HBB-CLUSTER-v1","V4-TARGET-EQUAL-CLUSTER-v1",0.283941056418384,0.281082121695225,0.00285893472315935,0.225726905902342,0.354643470848681,0.290185188375512,0.128916564946339,0.0326698783179887,TRUE,199,199,0,"OK","P14-C011",6,30,678,0.17,"swmdk_like","medium","regular",5,29,-0.314197718706075,0.00442477876106201,0,0.107999999999997
"V4-CMP-ONE-STAGE-CLUSTER-BB-RESP-v1","V4-TARGET-RESPONDENT-WEIGHTED-v1",0.286262226931805,0.281082121695225,0.00518010523658025,0.243687094335003,0.32771262940381,0.285699861869406,0.0840255350688077,0.0214731931951404,TRUE,199,199,0,"OK","P14-C011",6,30,678,0.17,"swmdk_like","medium","regular",5,29,-0.314197718706075,0.00442477876106201,0,0.107999999999997
"V4-CMP-IID-RESP-BB-v1","WORKING-INDEPENDENCE-RESPONDENT",0.286262226931805,0.281082121695225,0.00518010523658025,0.250602493316721,0.332289628310182,0.291446060813451,0.0816871349934604,0.0202995729942322,TRUE,199,199,0,"OK","P14-C011",6,30,678,0.17,"swmdk_like","medium","regular",5,29,-0.314197718706075,0.00442477876106201,0,0.107999999999997
"V4-CMP-TWO-STAGE-FREQ-BOOT-RESP-v1","V4-TARGET-RESPONDENT-WEIGHTED-v1",0.286262226931805,0.281082121695225,0.00518010523658025,0.228190363117604,0.342878640117468,0.285534501617536,0.114688276999864,0.0277893419111659,TRUE,199,199,0,"OK","P14-C011",6,30,678,0.17,"swmdk_like","medium","regular",5,29,-0.314197718706075,0.00442477876106201,0,0.107999999999997
"V4-CMP-MOKKEN-TWOLEVEL-DELTA-v1","V4-TARGET-RESPONDENT-WEIGHTED-v1",0.286262226931812,0.281082121695225,0.0051801052365868,0.242217341531764,0.33030711233186,0.286262226931812,0.0880897708000958,0.0224722932398087,TRUE,,,0,"OK","P14-C011",6,30,678,0.17,"swmdk_like","medium","regular",5,29,-0.314197718706075,0.00442477876106201,0,0.107999999999997
"V4-PRI-TWO-STAGE-HBB-RESP-v1","V4-TARGET-RESPONDENT-WEIGHTED-v1",0.281214908844434,0.281082121695225,0.000132787149208613,0.220718359581565,0.34482268847326,0.282770524027413,0.124104328891695,0.03139923807315,TRUE,199,199,0,"OK","P14-C011",7,30,641,0.17,"swmdk_like","medium","regular",5,29,-0.0454338722961749,0.00312012480499213,0,0.103999999999999
"V4-SENS-TWO-STAGE-HBB-CLUSTER-v1","V4-TARGET-EQUAL-CLUSTER-v1",0.270886352725616,0.281082121695225,-0.0101957689696091,0.206950613189372,0.331378039544165,0.269164326366769,0.124427426354793,0.0328717957389561,TRUE,199,199,0,"OK","P14-C011",7,30,641,0.17,"swmdk_like","medium","regular",5,29,-0.0454338722961749,0.00312012480499213,0,0.103999999999999
"V4-CMP-ONE-STAGE-CLUSTER-BB-RESP-v1","V4-TARGET-RESPONDENT-WEIGHTED-v1",0.281214908844434,0.281082121695225,0.000132787149208613,0.243044048423457,0.32308666283271,0.283065355628084,0.0800426144092535,0.0218676450374956,TRUE,199,199,0,"OK","P14-C011",7,30,641,0.17,"swmdk_like","medium","regular",5,29,-0.0454338722961749,0.00312012480499213,0,0.103999999999999
"V4-CMP-IID-RESP-BB-v1","WORKING-INDEPENDENCE-RESPONDENT",0.281214908844434,0.281082121695225,0.000132787149208613,0.240560477622268,0.320077480573213,0.280318979097741,0.0795170029509448,0.0198495138652329,TRUE,199,199,0,"OK","P14-C011",7,30,641,0.17,"swmdk_like","medium","regular",5,29,-0.0454338722961749,0.00312012480499213,0,0.103999999999999
"V4-CMP-TWO-STAGE-FREQ-BOOT-RESP-v1","V4-TARGET-RESPONDENT-WEIGHTED-v1",0.281214908844434,0.281082121695225,0.000132787149208613,0.218908789363677,0.33970261409948,0.279305701731579,0.120793824735804,0.0293915087749187,TRUE,199,199,0,"OK","P14-C011",7,30,641,0.17,"swmdk_like","medium","regular",5,29,-0.0454338722961749,0.00312012480499213,0,0.103999999999999
"V4-CMP-MOKKEN-TWOLEVEL-DELTA-v1","V4-TARGET-RESPONDENT-WEIGHTED-v1",0.281214908844444,0.281082121695225,0.000132787149218994,0.232662919487882,0.329766898201006,0.281214908844444,0.0971039787131233,0.0247718783301803,TRUE,,,0,"OK","P14-C011",7,30,641,0.17,"swmdk_like","medium","regular",5,29,-0.0454338722961749,0.00312012480499213,0,0.103999999999999
"V4-PRI-TWO-STAGE-HBB-RESP-v1","V4-TARGET-RESPONDENT-WEIGHTED-v1",0.301825580495697,0.281082121695225,0.020743458800472,0.228401692338712,0.364229231286903,0.296315461812808,0.135827538948192,0.0365497014297855,TRUE,199,199,0,"OK","P14-C011",8,30,608,0.17,"swmdk_like","medium","regular",8,29,-0.244764310497427,0.0049342105263156,0,0.113
"V4-SENS-TWO-STAGE-HBB-CLUSTER-v1","V4-TARGET-EQUAL-CLUSTER-v1",0.294233849107451,0.281082121695225,0.0131517274122255,0.223533646691968,0.364159063466797,0.293846355079383,0.14062541677483,0.0349601088772829,TRUE,199,199,0,"OK","P14-C011",8,30,608,0.17,"swmdk_like","medium","regular",8,29,-0.244764310497427,0.0049342105263156,0,0.113
"V4-CMP-ONE-STAGE-CLUSTER-BB-RESP-v1","V4-TARGET-RESPONDENT-WEIGHTED-v1",0.301825580495697,0.281082121695225,0.020743458800472,0.238787099664083,0.355421142552517,0.2971041211083,0.116634042888434,0.0269532068673149,TRUE,199,199,0,"OK","P14-C011",8,30,608,0.17,"swmdk_like","medium","regular",8,29,-0.244764310497427,0.0049342105263156,0,0.113
"V4-CMP-IID-RESP-BB-v1","WORKING-INDEPENDENCE-RESPONDENT",0.301825580495697,0.281082121695225,0.020743458800472,0.259845557329336,0.339223056263409,0.299534306796373,0.0793774989340738,0.0202370085498817,TRUE,199,199,0,"OK","P14-C011",8,30,608,0.17,"swmdk_like","medium","regular",8,29,-0.244764310497427,0.0049342105263156,0,0.113
"V4-CMP-TWO-STAGE-FREQ-BOOT-RESP-v1","V4-TARGET-RESPONDENT-WEIGHTED-v1",0.301825580495697,0.281082121695225,0.020743458800472,0.233064114301253,0.361460713968115,0.297262414134684,0.128396599666861,0.0335207444961799,TRUE,199,199,0,"OK","P14-C011",8,30,608,0.17,"swmdk_like","medium","regular",8,29,-0.244764310497427,0.0049342105263156,0,0.113
"V4-CMP-MOKKEN-TWOLEVEL-DELTA-v1","V4-TARGET-RESPONDENT-WEIGHTED-v1",0.301825580495682,0.281082121695225,0.0207434588004567,0.247219172129017,0.356431988862347,0.301825580495682,0.10921281673333,0.0278609243829956,TRUE,,,0,"OK","P14-C011",8,30,608,0.17,"swmdk_like","medium","regular",8,29,-0.244764310497427,0.0049342105263156,0,0.113
"V4-PRI-TWO-STAGE-HBB-RESP-v1","V4-TARGET-RESPONDENT-WEIGHTED-v1",0.294416380241449,0.281082121695225,0.0133342585462237,0.21547175826972,0.361372071122425,0.288421914696073,0.145900312852705,0.036207920770965,TRUE,199,199,0,"OK","P14-C011",9,30,695,0.17,"swmdk_like","medium","regular",5,29,-0.0464877664703986,0.00431654676258997,0,0.105000000000004
"V4-SENS-TWO-STAGE-HBB-CLUSTER-v1","V4-TARGET-EQUAL-CLUSTER-v1",0.308304208275093,0.281082121695225,0.0272220865798684,0.227478154829501,0.3825055386057,0.304991846717601,0.155027383776199,0.0395519869815162,TRUE,199,199,0,"OK","P14-C011",9,30,695,0.17,"swmdk_like","medium","regular",5,29,-0.0464877664703986,0.00431654676258997,0,0.105000000000004
"V4-CMP-ONE-STAGE-CLUSTER-BB-RESP-v1","V4-TARGET-RESPONDENT-WEIGHTED-v1",0.294416380241449,0.281082121695225,0.0133342585462237,0.243280996204814,0.350457415589739,0.296869205897277,0.107176419384925,0.0258776576406408,TRUE,199,199,0,"OK","P14-C011",9,30,695,0.17,"swmdk_like","medium","regular",5,29,-0.0464877664703986,0.00431654676258997,0,0.105000000000004
"V4-CMP-IID-RESP-BB-v1","WORKING-INDEPENDENCE-RESPONDENT",0.294416380241449,0.281082121695225,0.0133342585462237,0.257674509645859,0.334422611547793,0.296048560596826,0.076748101901934,0.0202092579925833,TRUE,199,199,0,"OK","P14-C011",9,30,695,0.17,"swmdk_like","medium","regular",5,29,-0.0464877664703986,0.00431654676258997,0,0.105000000000004
"V4-CMP-TWO-STAGE-FREQ-BOOT-RESP-v1","V4-TARGET-RESPONDENT-WEIGHTED-v1",0.294416380241449,0.281082121695225,0.0133342585462237,0.239434090627872,0.354454321181869,0.296944205904871,0.115020230553998,0.0298277791675674,TRUE,199,199,0,"OK","P14-C011",9,30,695,0.17,"swmdk_like","medium","regular",5,29,-0.0464877664703986,0.00431654676258997,0,0.105000000000004
"V4-CMP-MOKKEN-TWOLEVEL-DELTA-v1","V4-TARGET-RESPONDENT-WEIGHTED-v1",0.294416380241445,0.281082121695225,0.0133342585462202,0.239302083220982,0.349530677261909,0.294416380241445,0.110228594040927,0.0281200560087827,TRUE,,,0,"OK","P14-C011",9,30,695,0.17,"swmdk_like","medium","regular",5,29,-0.0464877664703986,0.00431654676258997,0,0.105000000000004
"V4-PRI-TWO-STAGE-HBB-RESP-v1","V4-TARGET-RESPONDENT-WEIGHTED-v1",0.267200036673256,0.281082121695225,-0.0138820850219693,0.20563779708587,0.326482049991196,0.266059923538533,0.120844252905326,0.028837050344541,TRUE,199,199,0,"OK","P14-C011",10,30,687,0.17,"swmdk_like","medium","regular",8,29,-0.00853479691199465,0.00291120815138279,0,0.106999999999999
"V4-SENS-TWO-STAGE-HBB-CLUSTER-v1","V4-TARGET-EQUAL-CLUSTER-v1",0.270216147879191,0.281082121695225,-0.0108659738160345,0.209753206966324,0.340303229289915,0.27502821812812,0.130550022323591,0.0328196619622407,TRUE,199,199,0,"OK","P14-C011",10,30,687,0.17,"swmdk_like","medium","regular",8,29,-0.00853479691199465,0.00291120815138279,0,0.106999999999999
"V4-CMP-ONE-STAGE-CLUSTER-BB-RESP-v1","V4-TARGET-RESPONDENT-WEIGHTED-v1",0.267200036673256,0.281082121695225,-0.0138820850219693,0.224043456272284,0.299442592732238,0.261743024502261,0.0753991364599536,0.0184968465012146,TRUE,199,199,0,"OK","P14-C011",10,30,687,0.17,"swmdk_like","medium","regular",8,29,-0.00853479691199465,0.00291120815138279,0,0.106999999999999
"V4-CMP-IID-RESP-BB-v1","WORKING-INDEPENDENCE-RESPONDENT",0.267200036673256,0.281082121695225,-0.0138820850219693,0.221644920679292,0.308389123653136,0.265017022166214,0.0867442029738444,0.021432626506474,TRUE,199,199,0,"OK","P14-C011",10,30,687,0.17,"swmdk_like","medium","regular",8,29,-0.00853479691199465,0.00291120815138279,0,0.106999999999999
"V4-CMP-TWO-STAGE-FREQ-BOOT-RESP-v1","V4-TARGET-RESPONDENT-WEIGHTED-v1",0.267200036673256,0.281082121695225,-0.0138820850219693,0.217276456633371,0.310320001930822,0.263798229282097,0.093043545297451,0.0240258486276176,TRUE,199,199,0,"OK","P14-C011",10,30,687,0.17,"swmdk_like","medium","regular",8,29,-0.00853479691199465,0.00291120815138279,0,0.106999999999999
"V4-CMP-MOKKEN-TWOLEVEL-DELTA-v1","V4-TARGET-RESPONDENT-WEIGHTED-v1",0.267200036673233,0.281082121695225,-0.013882085021992,0.220341702044636,0.31405837130183,0.267200036673233,0.0937166692571934,0.0239077528965885,TRUE,,,0,"OK","P14-C011",10,30,687,0.17,"swmdk_like","medium","regular",8,29,-0.00853479691199465,0.00291120815138279,0,0.106999999999999
"V4-PRI-TWO-STAGE-HBB-RESP-v1","V4-TARGET-RESPONDENT-WEIGHTED-v1",0.275256251912536,0.281082121695225,-0.00582586978268884,0.208451109676189,0.343689352494872,0.276070231085531,0.135238242818683,0.0331566803834185,TRUE,199,199,0,"OK","P14-C011",11,30,619,0.17,"swmdk_like","medium","regular",5,29,-0.0248694053170438,0,1,0.115000000000002
"V4-SENS-TWO-STAGE-HBB-CLUSTER-v1","V4-TARGET-EQUAL-CLUSTER-v1",0.266394918560809,0.281082121695225,-0.0146872031344159,0.196215510887139,0.331591296161034,0.263903403524087,0.135375785273895,0.0340373462603114,TRUE,199,199,0,"OK","P14-C011",11,30,619,0.17,"swmdk_like","medium","regular",5,29,-0.0248694053170438,0,1,0.115000000000002
"V4-CMP-ONE-STAGE-CLUSTER-BB-RESP-v1","V4-TARGET-RESPONDENT-WEIGHTED-v1",0.275256251912536,0.281082121695225,-0.00582586978268884,0.240216564426196,0.312596159281904,0.27640636185405,0.0723795948557081,0.0186272304546275,TRUE,199,199,0,"OK","P14-C011",11,30,619,0.17,"swmdk_like","medium","regular",5,29,-0.0248694053170438,0,1,0.115000000000002
"V4-CMP-IID-RESP-BB-v1","WORKING-INDEPENDENCE-RESPONDENT",0.275256251912536,0.281082121695225,-0.00582586978268884,0.238874292643257,0.316125136850808,0.277499714747033,0.0772508442075504,0.0199110641911449,TRUE,199,199,0,"OK","P14-C011",11,30,619,0.17,"swmdk_like","medium","regular",5,29,-0.0248694053170438,0,1,0.115000000000002
"V4-CMP-TWO-STAGE-FREQ-BOOT-RESP-v1","V4-TARGET-RESPONDENT-WEIGHTED-v1",0.275256251912536,0.281082121695225,-0.00582586978268884,0.219364904310525,0.333393638253416,0.276379271281971,0.114028733942892,0.0292549586063498,TRUE,199,199,0,"OK","P14-C011",11,30,619,0.17,"swmdk_like","medium","regular",5,29,-0.0248694053170438,0,1,0.115000000000002
"V4-CMP-MOKKEN-TWOLEVEL-DELTA-v1","V4-TARGET-RESPONDENT-WEIGHTED-v1",0.275256251912552,0.281082121695225,-0.00582586978267347,0.224225039188224,0.326287464636879,0.275256251912552,0.102062425448655,0.0260368114551365,TRUE,,,0,"OK","P14-C011",11,30,619,0.17,"swmdk_like","medium","regular",5,29,-0.0248694053170438,0,1,0.115000000000002
"V4-PRI-TWO-STAGE-HBB-RESP-v1","V4-TARGET-RESPONDENT-WEIGHTED-v1",0.251229476648122,0.281082121695225,-0.0298526450471026,0.187598126819855,0.314887204928053,0.251242665873954,0.127289078108197,0.0336907371625197,TRUE,199,199,0,"OK","P14-C011",12,30,609,0.17,"swmdk_like","medium","regular",8,29,0.00644235876261273,0,1,0.097999999999999
"V4-SENS-TWO-STAGE-HBB-CLUSTER-v1","V4-TARGET-EQUAL-CLUSTER-v1",0.241751930961069,0.281082121695225,-0.0393301907341565,0.168959777231981,0.310895065151589,0.239927421191785,0.141935287919608,0.0343917432589404,TRUE,199,199,0,"OK","P14-C011",12,30,609,0.17,"swmdk_like","medium","regular",8,29,0.00644235876261273,0,1,0.097999999999999
"V4-CMP-ONE-STAGE-CLUSTER-BB-RESP-v1","V4-TARGET-RESPONDENT-WEIGHTED-v1",0.251229476648122,0.281082121695225,-0.0298526450471026,0.196917863356209,0.289438392824515,0.243178128090362,0.0925205294683055,0.0218765757206336,TRUE,199,199,0,"OK","P14-C011",12,30,609,0.17,"swmdk_like","medium","regular",8,29,0.00644235876261273,0,1,0.097999999999999
"V4-CMP-IID-RESP-BB-v1","WORKING-INDEPENDENCE-RESPONDENT",0.251229476648122,0.281082121695225,-0.0298526450471026,0.214904694254039,0.290366180392748,0.252635437323394,0.0754614861387088,0.01846289868934,TRUE,199,199,0,"OK","P14-C011",12,30,609,0.17,"swmdk_like","medium","regular",8,29,0.00644235876261273,0,1,0.097999999999999
"V4-CMP-TWO-STAGE-FREQ-BOOT-RESP-v1","V4-TARGET-RESPONDENT-WEIGHTED-v1",0.251229476648122,0.281082121695225,-0.0298526450471026,0.204160516621229,0.31142501506918,0.257792765845205,0.107264498447951,0.0274694219184953,TRUE,199,199,0,"OK","P14-C011",12,30,609,0.17,"swmdk_like","medium","regular",8,29,0.00644235876261273,0,1,0.097999999999999
"V4-CMP-MOKKEN-TWOLEVEL-DELTA-v1","V4-TARGET-RESPONDENT-WEIGHTED-v1",0.251229476648128,0.281082121695225,-0.0298526450470967,0.199294084623351,0.303164868672906,0.251229476648128,0.103870784049555,0.0264981359016988,TRUE,,,0,"OK","P14-C011",12,30,609,0.17,"swmdk_like","medium","regular",8,29,0.00644235876261273,0,1,0.097999999999999
"V4-PRI-TWO-STAGE-HBB-RESP-v1","V4-TARGET-RESPONDENT-WEIGHTED-v1",0.279017067629032,0.281082121695225,-0.00206505406619278,0.222802118115438,0.332405782859061,0.277603950487249,0.109603664743623,0.0289605868160543,TRUE,199,199,0,"OK","P14-C011",13,30,670,0.17,"swmdk_like","medium","regular",8,29,0.499633227702907,0.00149253731343285,0,0.104999999999997
"V4-SENS-TWO-STAGE-HBB-CLUSTER-v1","V4-TARGET-EQUAL-CLUSTER-v1",0.28047291395268,0.281082121695225,-0.000609207742545359,0.216380307848438,0.346162197880062,0.28127125286425,0.129781890031624,0.0343692768504641,TRUE,199,199,0,"OK","P14-C011",13,30,670,0.17,"swmdk_like","medium","regular",8,29,0.499633227702907,0.00149253731343285,0,0.104999999999997
"V4-CMP-ONE-STAGE-CLUSTER-BB-RESP-v1","V4-TARGET-RESPONDENT-WEIGHTED-v1",0.279017067629032,0.281082121695225,-0.00206505406619278,0.240606739515042,0.317777495149834,0.279192117332438,0.0771707556347913,0.0181933969717791,TRUE,199,199,0,"OK","P14-C011",13,30,670,0.17,"swmdk_like","medium","regular",8,29,0.499633227702907,0.00149253731343285,0,0.104999999999997
"V4-CMP-IID-RESP-BB-v1","WORKING-INDEPENDENCE-RESPONDENT",0.279017067629032,0.281082121695225,-0.00206505406619278,0.231544872215441,0.310151542542228,0.270848207378834,0.078606670326787,0.0193166618823701,TRUE,199,199,0,"OK","P14-C011",13,30,670,0.17,"swmdk_like","medium","regular",8,29,0.499633227702907,0.00149253731343285,0,0.104999999999997
"V4-CMP-TWO-STAGE-FREQ-BOOT-RESP-v1","V4-TARGET-RESPONDENT-WEIGHTED-v1",0.279017067629032,0.281082121695225,-0.00206505406619278,0.230636368354866,0.324148320269823,0.277392344312344,0.0935119519149573,0.0250132029478114,TRUE,199,199,0,"OK","P14-C011",13,30,670,0.17,"swmdk_like","medium","regular",8,29,0.499633227702907,0.00149253731343285,0,0.104999999999997
"V4-CMP-MOKKEN-TWOLEVEL-DELTA-v1","V4-TARGET-RESPONDENT-WEIGHTED-v1",0.279017067629056,0.281082121695225,-0.0020650540661688,0.234838138052837,0.323195997205275,0.279017067629056,0.0883578591524377,0.0225406843823134,TRUE,,,0,"OK","P14-C011",13,30,670,0.17,"swmdk_like","medium","regular",8,29,0.499633227702907,0.00149253731343285,0,0.104999999999997
"V4-PRI-TWO-STAGE-HBB-RESP-v1","V4-TARGET-RESPONDENT-WEIGHTED-v1",0.297318602783769,0.281082121695225,0.0162364810885438,0.236961751234797,0.364299634521526,0.300630692878161,0.127337883286729,0.0317943609396858,TRUE,199,199,0,"OK","P14-C011",14,30,608,0.17,"swmdk_like","medium","regular",5,29,-0.180584645713312,0.00164473684210525,0,0.114000000000004
"V4-SENS-TWO-STAGE-HBB-CLUSTER-v1","V4-TARGET-EQUAL-CLUSTER-v1",0.270917447491079,0.281082121695225,-0.0101646742041463,0.204626747507468,0.34531127751514,0.274969012511304,0.140684530007673,0.0388362974929692,TRUE,199,199,0,"OK","P14-C011",14,30,608,0.17,"swmdk_like","medium","regular",5,29,-0.180584645713312,0.00164473684210525,0,0.114000000000004
"V4-CMP-ONE-STAGE-CLUSTER-BB-RESP-v1","V4-TARGET-RESPONDENT-WEIGHTED-v1",0.297318602783769,0.281082121695225,0.0162364810885438,0.250232252171395,0.337780920470666,0.29400658632103,0.0875486682992718,0.0226795117686554,TRUE,199,199,0,"OK","P14-C011",14,30,608,0.17,"swmdk_like","medium","regular",5,29,-0.180584645713312,0.00164473684210525,0,0.114000000000004
"V4-CMP-IID-RESP-BB-v1","WORKING-INDEPENDENCE-RESPONDENT",0.297318602783769,0.281082121695225,0.0162364810885438,0.264185998884103,0.330155628583431,0.297170813733767,0.0659696296993277,0.0179808024360722,TRUE,199,199,0,"OK","P14-C011",14,30,608,0.17,"swmdk_like","medium","regular",5,29,-0.180584645713312,0.00164473684210525,0,0.114000000000004
"V4-CMP-TWO-STAGE-FREQ-BOOT-RESP-v1","V4-TARGET-RESPONDENT-WEIGHTED-v1",0.297318602783769,0.281082121695225,0.0162364810885438,0.239966867297543,0.35966269571675,0.299814781507146,0.119695828419207,0.0298730976379597,TRUE,199,199,0,"OK","P14-C011",14,30,608,0.17,"swmdk_like","medium","regular",5,29,-0.180584645713312,0.00164473684210525,0,0.114000000000004
"V4-CMP-MOKKEN-TWOLEVEL-DELTA-v1","V4-TARGET-RESPONDENT-WEIGHTED-v1",0.297318602783756,0.281082121695225,0.0162364810885314,0.252681887764971,0.341955317802542,0.297318602783756,0.0892734300375706,0.0227742526754951,TRUE,,,0,"OK","P14-C011",14,30,608,0.17,"swmdk_like","medium","regular",5,29,-0.180584645713312,0.00164473684210525,0,0.114000000000004
"V4-PRI-TWO-STAGE-HBB-RESP-v1","V4-TARGET-RESPONDENT-WEIGHTED-v1",0.278509074203139,0.281082121695225,-0.00257304749208564,0.215496457632006,0.350218109834839,0.282857283733422,0.134721652202833,0.0335428002638306,TRUE,199,199,0,"OK","P14-C011",15,30,610,0.17,"swmdk_like","medium","regular",5,29,0.142844180281676,0.00163934426229506,0,0.097999999999999
"V4-SENS-TWO-STAGE-HBB-CLUSTER-v1","V4-TARGET-EQUAL-CLUSTER-v1",0.290545486096846,0.281082121695225,0.00946336440162082,0.213536774983355,0.364085635023007,0.288811205003181,0.150548860039651,0.0371065751482642,TRUE,199,199,0,"OK","P14-C011",15,30,610,0.17,"swmdk_like","medium","regular",5,29,0.142844180281676,0.00163934426229506,0,0.097999999999999
"V4-CMP-ONE-STAGE-CLUSTER-BB-RESP-v1","V4-TARGET-RESPONDENT-WEIGHTED-v1",0.278509074203139,0.281082121695225,-0.00257304749208564,0.242984985325552,0.325427069359508,0.28420602734253,0.0824420840339566,0.0212478851058589,TRUE,199,199,0,"OK","P14-C011",15,30,610,0.17,"swmdk_like","medium","regular",5,29,0.142844180281676,0.00163934426229506,0,0.097999999999999
"V4-CMP-IID-RESP-BB-v1","WORKING-INDEPENDENCE-RESPONDENT",0.278509074203139,0.281082121695225,-0.00257304749208564,0.238644546130678,0.321159960015238,0.279902253072958,0.0825154138845606,0.020573819308377,TRUE,199,199,0,"OK","P14-C011",15,30,610,0.17,"swmdk_like","medium","regular",5,29,0.142844180281676,0.00163934426229506,0,0.097999999999999
"V4-CMP-TWO-STAGE-FREQ-BOOT-RESP-v1","V4-TARGET-RESPONDENT-WEIGHTED-v1",0.278509074203139,0.281082121695225,-0.00257304749208564,0.222746168390953,0.357523804096655,0.290134986243804,0.134777635705702,0.0317206183165074,TRUE,199,199,0,"OK","P14-C011",15,30,610,0.17,"swmdk_like","medium","regular",5,29,0.142844180281676,0.00163934426229506,0,0.097999999999999
"V4-CMP-MOKKEN-TWOLEVEL-DELTA-v1","V4-TARGET-RESPONDENT-WEIGHTED-v1",0.278509074203148,0.281082121695225,-0.0025730474920766,0.226264961886856,0.330753186519441,0.278509074203148,0.104488224632585,0.0266556491488556,TRUE,,,0,"OK","P14-C011",15,30,610,0.17,"swmdk_like","medium","regular",5,29,0.142844180281676,0.00163934426229506,0,0.097999999999999
"V4-PRI-TWO-STAGE-HBB-RESP-v1","V4-TARGET-RESPONDENT-WEIGHTED-v1",0.264026728642203,0.281082121695225,-0.0170553930530222,0.197897408828832,0.330533160269697,0.264215284549265,0.132635751440865,0.0318798925693974,TRUE,199,199,0,"OK","P14-C011",16,30,594,0.17,"swmdk_like","medium","regular",5,28,0.414200203252115,0.00336700336700324,0,0.0959999999999965
"V4-SENS-TWO-STAGE-HBB-CLUSTER-v1","V4-TARGET-EQUAL-CLUSTER-v1",0.271536008599891,0.281082121695225,-0.00954611309533404,0.202183193955534,0.352117043024893,0.277150118490214,0.149933849069359,0.0384612580932051,TRUE,199,199,0,"OK","P14-C011",16,30,594,0.17,"swmdk_like","medium","regular",5,28,0.414200203252115,0.00336700336700324,0,0.0959999999999965
"V4-CMP-ONE-STAGE-CLUSTER-BB-RESP-v1","V4-TARGET-RESPONDENT-WEIGHTED-v1",0.264026728642203,0.281082121695225,-0.0170553930530222,0.222502459261707,0.313647584900853,0.26807502208128,0.091145125639146,0.0228239690126301,TRUE,199,199,0,"OK","P14-C011",16,30,594,0.17,"swmdk_like","medium","regular",5,28,0.414200203252115,0.00336700336700324,0,0.0959999999999965
"V4-CMP-IID-RESP-BB-v1","WORKING-INDEPENDENCE-RESPONDENT",0.264026728642203,0.281082121695225,-0.0170553930530222,0.222760908750912,0.304774741062192,0.263767824906552,0.0820138323112808,0.0218058841016616,TRUE,199,199,0,"OK","P14-C011",16,30,594,0.17,"swmdk_like","medium","regular",5,28,0.414200203252115,0.00336700336700324,0,0.0959999999999965
"V4-CMP-TWO-STAGE-FREQ-BOOT-RESP-v1","V4-TARGET-RESPONDENT-WEIGHTED-v1",0.264026728642203,0.281082121695225,-0.0170553930530222,0.216293368323328,0.323504469894807,0.269898919109068,0.107211101571479,0.0280448000770574,TRUE,199,199,0,"OK","P14-C011",16,30,594,0.17,"swmdk_like","medium","regular",5,28,0.414200203252115,0.00336700336700324,0,0.0959999999999965
"V4-CMP-MOKKEN-TWOLEVEL-DELTA-v1","V4-TARGET-RESPONDENT-WEIGHTED-v1",0.264026728642189,0.281082121695225,-0.0170553930530359,0.216201910305188,0.311851546979191,0.264026728642189,0.0956496366740028,0.0244008658905151,TRUE,,,0,"OK","P14-C011",16,30,594,0.17,"swmdk_like","medium","regular",5,28,0.414200203252115,0.00336700336700324,0,0.0959999999999965
"V4-PRI-TWO-STAGE-HBB-RESP-v1","V4-TARGET-RESPONDENT-WEIGHTED-v1",0.263398222782127,0.281082121695225,-0.0176838989130985,0.199021468859302,0.319556075079983,0.259288771969642,0.120534606220681,0.029869577078072,TRUE,199,199,0,"OK","P14-C011",17,30,640,0.17,"swmdk_like","medium","regular",5,29,-0.0638473735347038,0,1,0.102000000000004
"V4-SENS-TWO-STAGE-HBB-CLUSTER-v1","V4-TARGET-EQUAL-CLUSTER-v1",0.261256935302769,0.281082121695225,-0.0198251863924556,0.1957566509821,0.342157558035824,0.268957104508962,0.146400907053724,0.0368053656636407,TRUE,199,199,0,"OK","P14-C011",17,30,640,0.17,"swmdk_like","medium","regular",5,29,-0.0638473735347038,0,1,0.102000000000004
"V4-CMP-ONE-STAGE-CLUSTER-BB-RESP-v1","V4-TARGET-RESPONDENT-WEIGHTED-v1",0.263398222782127,0.281082121695225,-0.0176838989130985,0.232447732918329,0.293418914204508,0.262933323561418,0.060971181286179,0.0153243001938689,TRUE,199,199,0,"OK","P14-C011",17,30,640,0.17,"swmdk_like","medium","regular",5,29,-0.0638473735347038,0,1,0.102000000000004
"V4-CMP-IID-RESP-BB-v1","WORKING-INDEPENDENCE-RESPONDENT",0.263398222782127,0.281082121695225,-0.0176838989130985,0.225061221772511,0.29793046898817,0.26149584538034,0.0728692472156586,0.0184923512157988,TRUE,199,199,0,"OK","P14-C011",17,30,640,0.17,"swmdk_like","medium","regular",5,29,-0.0638473735347038,0,1,0.102000000000004
"V4-CMP-TWO-STAGE-FREQ-BOOT-RESP-v1","V4-TARGET-RESPONDENT-WEIGHTED-v1",0.263398222782127,0.281082121695225,-0.0176838989130985,0.201177173221371,0.318685897682202,0.259931535451786,0.117508724460831,0.0270930797106348,TRUE,199,199,0,"OK","P14-C011",17,30,640,0.17,"swmdk_like","medium","regular",5,29,-0.0638473735347038,0,1,0.102000000000004
"V4-CMP-MOKKEN-TWOLEVEL-DELTA-v1","V4-TARGET-RESPONDENT-WEIGHTED-v1",0.263398222782111,0.281082121695225,-0.0176838989131142,0.218667730915847,0.308128714648374,0.263398222782111,0.0894609837325271,0.0228220988850264,TRUE,,,0,"OK","P14-C011",17,30,640,0.17,"swmdk_like","medium","regular",5,29,-0.0638473735347038,0,1,0.102000000000004
"V4-PRI-TWO-STAGE-HBB-RESP-v1","V4-TARGET-RESPONDENT-WEIGHTED-v1",0.255947170663942,0.281082121695225,-0.025134951031283,0.190052382292897,0.308662270009267,0.249357326151082,0.118609887716371,0.0323345964313879,TRUE,199,199,0,"OK","P14-C011",18,30,662,0.17,"swmdk_like","medium","regular",5,29,-0.128315695373646,0.00453172205438063,0,0.103999999999999
"V4-SENS-TWO-STAGE-HBB-CLUSTER-v1","V4-TARGET-EQUAL-CLUSTER-v1",0.252142248270453,0.281082121695225,-0.0289398734247724,0.190727764977908,0.312517749474315,0.251622757226112,0.121789984496406,0.0315714252265519,TRUE,199,199,0,"OK","P14-C011",18,30,662,0.17,"swmdk_like","medium","regular",5,29,-0.128315695373646,0.00453172205438063,0,0.103999999999999
"V4-CMP-ONE-STAGE-CLUSTER-BB-RESP-v1","V4-TARGET-RESPONDENT-WEIGHTED-v1",0.255947170663942,0.281082121695225,-0.025134951031283,0.209490460668881,0.299942080904442,0.254716270786661,0.0904516202355605,0.0230084844446741,TRUE,199,199,0,"OK","P14-C011",18,30,662,0.17,"swmdk_like","medium","regular",5,29,-0.128315695373646,0.00453172205438063,0,0.103999999999999
"V4-CMP-IID-RESP-BB-v1","WORKING-INDEPENDENCE-RESPONDENT",0.255947170663942,0.281082121695225,-0.025134951031283,0.22083270008085,0.296103502724081,0.258468101402465,0.0752708026432315,0.0200337850133847,TRUE,199,199,0,"OK","P14-C011",18,30,662,0.17,"swmdk_like","medium","regular",5,29,-0.128315695373646,0.00453172205438063,0,0.103999999999999
"V4-CMP-TWO-STAGE-FREQ-BOOT-RESP-v1","V4-TARGET-RESPONDENT-WEIGHTED-v1",0.255947170663942,0.281082121695225,-0.025134951031283,0.194569842272082,0.30689214991464,0.250730996093361,0.112322307642558,0.0288752929241738,TRUE,199,199,0,"OK","P14-C011",18,30,662,0.17,"swmdk_like","medium","regular",5,29,-0.128315695373646,0.00453172205438063,0,0.103999999999999
"V4-CMP-MOKKEN-TWOLEVEL-DELTA-v1","V4-TARGET-RESPONDENT-WEIGHTED-v1",0.255947170663922,0.281082121695225,-0.0251349510313032,0.209621663527614,0.30227267780023,0.255947170663922,0.092651014272616,0.0236358971398035,TRUE,,,0,"OK","P14-C011",18,30,662,0.17,"swmdk_like","medium","regular",5,29,-0.128315695373646,0.00453172205438063,0,0.103999999999999
"V4-PRI-TWO-STAGE-HBB-RESP-v1","V4-TARGET-RESPONDENT-WEIGHTED-v1",0.246714977979846,0.281082121695225,-0.0343671437153787,0.195779611953271,0.320894121313283,0.258336866633277,0.125114509360011,0.0306866864084768,TRUE,199,199,0,"OK","P14-C011",19,30,683,0.17,"swmdk_like","medium","regular",5,29,0.321173974569226,0.00146412884333819,0,0.109000000000002
"V4-SENS-TWO-STAGE-HBB-CLUSTER-v1","V4-TARGET-EQUAL-CLUSTER-v1",0.254221036366868,0.281082121695225,-0.0268610853283567,0.19627722599364,0.326280468584166,0.261278847288903,0.130003242590526,0.0316329619217293,TRUE,199,199,0,"OK","P14-C011",19,30,683,0.17,"swmdk_like","medium","regular",5,29,0.321173974569226,0.00146412884333819,0,0.109000000000002
"V4-CMP-ONE-STAGE-CLUSTER-BB-RESP-v1","V4-TARGET-RESPONDENT-WEIGHTED-v1",0.246714977979846,0.281082121695225,-0.0343671437153787,0.209708330642547,0.279859060450697,0.244783695546622,0.07015072980815,0.0187777281547469,FALSE,199,199,0,"OK","P14-C011",19,30,683,0.17,"swmdk_like","medium","regular",5,29,0.321173974569226,0.00146412884333819,0,0.109000000000002
"V4-CMP-IID-RESP-BB-v1","WORKING-INDEPENDENCE-RESPONDENT",0.246714977979846,0.281082121695225,-0.0343671437153787,0.211750992325763,0.278834863439463,0.245292927882613,0.0670838711137,0.0172230657990887,FALSE,199,199,0,"OK","P14-C011",19,30,683,0.17,"swmdk_like","medium","regular",5,29,0.321173974569226,0.00146412884333819,0,0.109000000000002
"V4-CMP-TWO-STAGE-FREQ-BOOT-RESP-v1","V4-TARGET-RESPONDENT-WEIGHTED-v1",0.246714977979846,0.281082121695225,-0.0343671437153787,0.201168361845221,0.296006119829941,0.248587240837581,0.0948377579847205,0.0256857619765331,TRUE,199,199,0,"OK","P14-C011",19,30,683,0.17,"swmdk_like","medium","regular",5,29,0.321173974569226,0.00146412884333819,0,0.109000000000002
"V4-CMP-MOKKEN-TWOLEVEL-DELTA-v1","V4-TARGET-RESPONDENT-WEIGHTED-v1",0.246714977979827,0.281082121695225,-0.0343671437153976,0.200877824466506,0.292552131493149,0.246714977979827,0.0916743070266428,0.0233867325496178,TRUE,,,0,"OK","P14-C011",19,30,683,0.17,"swmdk_like","medium","regular",5,29,0.321173974569226,0.00146412884333819,0,0.109000000000002
"V4-PRI-TWO-STAGE-HBB-RESP-v1","V4-TARGET-RESPONDENT-WEIGHTED-v1",0.25399533935876,0.281082121695225,-0.0270867823364651,0.194414691355996,0.321470955166008,0.257942823261002,0.127056263810012,0.0305759684912449,TRUE,199,199,0,"OK","P14-C011",20,30,682,0.17,"swmdk_like","medium","regular",5,29,0.02640746437873,0.00879765395894427,0,0.107999999999997
"V4-SENS-TWO-STAGE-HBB-CLUSTER-v1","V4-TARGET-EQUAL-CLUSTER-v1",0.276747429195681,0.281082121695225,-0.00433469249954399,0.205496347427924,0.370353412898541,0.287924880163233,0.164857065470617,0.0391043710585855,TRUE,199,199,0,"OK","P14-C011",20,30,682,0.17,"swmdk_like","medium","regular",5,29,0.02640746437873,0.00879765395894427,0,0.107999999999997
"V4-CMP-ONE-STAGE-CLUSTER-BB-RESP-v1","V4-TARGET-RESPONDENT-WEIGHTED-v1",0.25399533935876,0.281082121695225,-0.0270867823364651,0.216812278946062,0.295750408676432,0.256281343811247,0.0789381297303693,0.0201514001759822,TRUE,199,199,0,"OK","P14-C011",20,30,682,0.17,"swmdk_like","medium","regular",5,29,0.02640746437873,0.00879765395894427,0,0.107999999999997
"V4-CMP-IID-RESP-BB-v1","WORKING-INDEPENDENCE-RESPONDENT",0.25399533935876,0.281082121695225,-0.0270867823364651,0.218327165968393,0.292092018569834,0.255209592269114,0.0737648526014401,0.0179869677136501,TRUE,199,199,0,"OK","P14-C011",20,30,682,0.17,"swmdk_like","medium","regular",5,29,0.02640746437873,0.00879765395894427,0,0.107999999999997
"V4-CMP-TWO-STAGE-FREQ-BOOT-RESP-v1","V4-TARGET-RESPONDENT-WEIGHTED-v1",0.25399533935876,0.281082121695225,-0.0270867823364651,0.203712101763411,0.306936676678952,0.255324389221181,0.103224574915541,0.0269221445916157,TRUE,199,199,0,"OK","P14-C011",20,30,682,0.17,"swmdk_like","medium","regular",5,29,0.02640746437873,0.00879765395894427,0,0.107999999999997
"V4-CMP-MOKKEN-TWOLEVEL-DELTA-v1","V4-TARGET-RESPONDENT-WEIGHTED-v1",0.253995339358758,0.281082121695225,-0.0270867823364668,0.204262184633707,0.303728494083809,0.253995339358758,0.099466309450102,0.025374524796037,TRUE,,,0,"OK","P14-C011",20,30,682,0.17,"swmdk_like","medium","regular",5,29,0.02640746437873,0.00879765395894427,0,0.107999999999997
"V4-PRI-TWO-STAGE-HBB-RESP-v1","V4-TARGET-RESPONDENT-WEIGHTED-v1",0.270483570648867,0.281082121695225,-0.0105985510463582,0.200440688693518,0.340004696476979,0.270222692585248,0.139564007783461,0.0353822169086772,TRUE,199,199,0,"OK","P14-C011",21,30,583,0.17,"swmdk_like","medium","regular",8,29,0.174487108938191,0.00171526586620924,0,0.106999999999999
"V4-SENS-TWO-STAGE-HBB-CLUSTER-v1","V4-TARGET-EQUAL-CLUSTER-v1",0.268501725053399,0.281082121695225,-0.0125803966418264,0.200509422673573,0.337470050430739,0.268989736552156,0.136960627757166,0.0355852615655912,TRUE,199,199,0,"OK","P14-C011",21,30,583,0.17,"swmdk_like","medium","regular",8,29,0.174487108938191,0.00171526586620924,0,0.106999999999999
"V4-CMP-ONE-STAGE-CLUSTER-BB-RESP-v1","V4-TARGET-RESPONDENT-WEIGHTED-v1",0.270483570648867,0.281082121695225,-0.0105985510463582,0.228159104843158,0.312616868753452,0.270387986798305,0.0844577639102939,0.0211205192233594,TRUE,199,199,0,"OK","P14-C011",21,30,583,0.17,"swmdk_like","medium","regular",8,29,0.174487108938191,0.00171526586620924,0,0.106999999999999
"V4-CMP-IID-RESP-BB-v1","WORKING-INDEPENDENCE-RESPONDENT",0.270483570648867,0.281082121695225,-0.0105985510463582,0.234800856531583,0.311649098643141,0.273224977587362,0.0768482421115575,0.0197471566334143,TRUE,199,199,0,"OK","P14-C011",21,30,583,0.17,"swmdk_like","medium","regular",8,29,0.174487108938191,0.00171526586620924,0,0.106999999999999
"V4-CMP-TWO-STAGE-FREQ-BOOT-RESP-v1","V4-TARGET-RESPONDENT-WEIGHTED-v1",0.270483570648867,0.281082121695225,-0.0105985510463582,0.211008015552203,0.319734674321891,0.265371344937047,0.108726658769688,0.0292216502670051,TRUE,199,199,0,"OK","P14-C011",21,30,583,0.17,"swmdk_like","medium","regular",8,29,0.174487108938191,0.00171526586620924,0,0.106999999999999
"V4-CMP-MOKKEN-TWOLEVEL-DELTA-v1","V4-TARGET-RESPONDENT-WEIGHTED-v1",0.270483570648858,0.281082121695225,-0.0105985510463667,0.216969007143714,0.323998134154002,0.270483570648858,0.107029127010288,0.0273038504417735,TRUE,,,0,"OK","P14-C011",21,30,583,0.17,"swmdk_like","medium","regular",8,29,0.174487108938191,0.00171526586620924,0,0.106999999999999
"V4-PRI-TWO-STAGE-HBB-RESP-v1","V4-TARGET-RESPONDENT-WEIGHTED-v1",0.255734944695401,0.281082121695225,-0.0253471769998236,0.189292041542326,0.327685780092199,0.258488910817262,0.138393738549872,0.0349823093262939,TRUE,199,199,0,"OK","P14-C011",22,30,616,0.17,"swmdk_like","medium","regular",5,29,-0.2374722798462,0.00162337662337664,0,0.0990000000000038
"V4-SENS-TWO-STAGE-HBB-CLUSTER-v1","V4-TARGET-EQUAL-CLUSTER-v1",0.251326776905575,0.281082121695225,-0.0297553447896499,0.184513895812673,0.31039211101194,0.247453003412307,0.125878215199267,0.0321683182318728,TRUE,199,199,0,"OK","P14-C011",22,30,616,0.17,"swmdk_like","medium","regular",5,29,-0.2374722798462,0.00162337662337664,0,0.0990000000000038
"V4-CMP-ONE-STAGE-CLUSTER-BB-RESP-v1","V4-TARGET-RESPONDENT-WEIGHTED-v1",0.255734944695401,0.281082121695225,-0.0253471769998236,0.213089037978909,0.29501377700055,0.254051407489729,0.0819247390216409,0.0196570915864335,TRUE,199,199,0,"OK","P14-C011",22,30,616,0.17,"swmdk_like","medium","regular",5,29,-0.2374722798462,0.00162337662337664,0,0.0990000000000038
"V4-CMP-IID-RESP-BB-v1","WORKING-INDEPENDENCE-RESPONDENT",0.255734944695401,0.281082121695225,-0.0253471769998236,0.216979460864916,0.291881986631177,0.254430723748047,0.0749025257662605,0.0201289918431091,TRUE,199,199,0,"OK","P14-C011",22,30,616,0.17,"swmdk_like","medium","regular",5,29,-0.2374722798462,0.00162337662337664,0,0.0990000000000038
"V4-CMP-TWO-STAGE-FREQ-BOOT-RESP-v1","V4-TARGET-RESPONDENT-WEIGHTED-v1",0.255734944695401,0.281082121695225,-0.0253471769998236,0.196762528002841,0.315230199357113,0.255996363679977,0.118467671354273,0.0313289064200305,TRUE,199,199,0,"OK","P14-C011",22,30,616,0.17,"swmdk_like","medium","regular",5,29,-0.2374722798462,0.00162337662337664,0,0.0990000000000038
"V4-CMP-MOKKEN-TWOLEVEL-DELTA-v1","V4-TARGET-RESPONDENT-WEIGHTED-v1",0.255734944695411,0.281082121695225,-0.0253471769998144,0.207425238980134,0.304044650410687,0.255734944695411,0.0966194114305534,0.024648261956004,TRUE,,,0,"OK","P14-C011",22,30,616,0.17,"swmdk_like","medium","regular",5,29,-0.2374722798462,0.00162337662337664,0,0.0990000000000038
"V4-PRI-TWO-STAGE-HBB-RESP-v1","V4-TARGET-RESPONDENT-WEIGHTED-v1",0.289131094338585,0.281082121695225,0.00804897264335991,0.215000289400413,0.361511385103336,0.288255837251875,0.146511095702923,0.035263460538628,TRUE,199,199,0,"OK","P14-C011",23,30,638,0.17,"swmdk_like","medium","regular",5,29,0.0969045918279501,0.0109717868338562,0,0.103999999999999
"V4-SENS-TWO-STAGE-HBB-CLUSTER-v1","V4-TARGET-EQUAL-CLUSTER-v1",0.29657905149492,0.281082121695225,0.0154969297996945,0.223950218721134,0.375354711018253,0.299652464869694,0.151404492297119,0.0402590727209366,TRUE,199,199,0,"OK","P14-C011",23,30,638,0.17,"swmdk_like","medium","regular",5,29,0.0969045918279501,0.0109717868338562,0,0.103999999999999
"V4-CMP-ONE-STAGE-CLUSTER-BB-RESP-v1","V4-TARGET-RESPONDENT-WEIGHTED-v1",0.289131094338585,0.281082121695225,0.00804897264335991,0.239050566271199,0.34755295946641,0.293301762868804,0.108502393195211,0.02609958360583,TRUE,199,199,0,"OK","P14-C011",23,30,638,0.17,"swmdk_like","medium","regular",5,29,0.0969045918279501,0.0109717868338562,0,0.103999999999999
"V4-CMP-IID-RESP-BB-v1","WORKING-INDEPENDENCE-RESPONDENT",0.289131094338585,0.281082121695225,0.00804897264335991,0.249943568787879,0.327481773400032,0.288712671093956,0.0775382046121533,0.0190004601665967,TRUE,199,199,0,"OK","P14-C011",23,30,638,0.17,"swmdk_like","medium","regular",5,29,0.0969045918279501,0.0109717868338562,0,0.103999999999999
"V4-CMP-TWO-STAGE-FREQ-BOOT-RESP-v1","V4-TARGET-RESPONDENT-WEIGHTED-v1",0.289131094338585,0.281082121695225,0.00804897264335991,0.231155886642233,0.349240398732569,0.290198142687401,0.118084512090336,0.0305101482523525,TRUE,199,199,0,"OK","P14-C011",23,30,638,0.17,"swmdk_like","medium","regular",5,29,0.0969045918279501,0.0109717868338562,0,0.103999999999999
"V4-CMP-MOKKEN-TWOLEVEL-DELTA-v1","V4-TARGET-RESPONDENT-WEIGHTED-v1",0.289131094338598,0.281082121695225,0.00804897264337329,0.233102980584313,0.345159208092884,0.289131094338598,0.11205622750857,0.0285862976035416,TRUE,,,0,"OK","P14-C011",23,30,638,0.17,"swmdk_like","medium","regular",5,29,0.0969045918279501,0.0109717868338562,0,0.103999999999999
"V4-PRI-TWO-STAGE-HBB-RESP-v1","V4-TARGET-RESPONDENT-WEIGHTED-v1",0.287619348834606,0.281082121695225,0.00653722713938087,0.220480841827241,0.348325429024971,0.284403135426106,0.12784458719773,0.0309049621594803,TRUE,199,199,0,"OK","P14-C011",24,30,666,0.17,"swmdk_like","medium","regular",5,29,-0.31947490900339,0.0045045045045044,0,0.104999999999997
"V4-SENS-TWO-STAGE-HBB-CLUSTER-v1","V4-TARGET-EQUAL-CLUSTER-v1",0.282591638163759,0.281082121695225,0.00150951646853387,0.224207126789102,0.343347939175554,0.283777532982328,0.119140812386452,0.0312617286697949,TRUE,199,199,0,"OK","P14-C011",24,30,666,0.17,"swmdk_like","medium","regular",5,29,-0.31947490900339,0.0045045045045044,0,0.104999999999997
"V4-CMP-ONE-STAGE-CLUSTER-BB-RESP-v1","V4-TARGET-RESPONDENT-WEIGHTED-v1",0.287619348834606,0.281082121695225,0.00653722713938087,0.252477082329461,0.324949536833535,0.288713309581498,0.0724724545040745,0.0189685435384663,TRUE,199,199,0,"OK","P14-C011",24,30,666,0.17,"swmdk_like","medium","regular",5,29,-0.31947490900339,0.0045045045045044,0,0.104999999999997
"V4-CMP-IID-RESP-BB-v1","WORKING-INDEPENDENCE-RESPONDENT",0.287619348834606,0.281082121695225,0.00653722713938087,0.244653175343011,0.329096981103177,0.286875078223094,0.084443805760166,0.0212618411029846,TRUE,199,199,0,"OK","P14-C011",24,30,666,0.17,"swmdk_like","medium","regular",5,29,-0.31947490900339,0.0045045045045044,0,0.104999999999997
"V4-CMP-TWO-STAGE-FREQ-BOOT-RESP-v1","V4-TARGET-RESPONDENT-WEIGHTED-v1",0.287619348834606,0.281082121695225,0.00653722713938087,0.232016228436078,0.35232860417485,0.292172416305464,0.120312375738772,0.0291852082469752,TRUE,199,199,0,"OK","P14-C011",24,30,666,0.17,"swmdk_like","medium","regular",5,29,-0.31947490900339,0.0045045045045044,0,0.104999999999997
"V4-CMP-MOKKEN-TWOLEVEL-DELTA-v1","V4-TARGET-RESPONDENT-WEIGHTED-v1",0.287619348834587,0.281082121695225,0.00653722713936228,0.239467743575484,0.33577095409369,0.287619348834587,0.0963032105182058,0.0245675969757182,TRUE,,,0,"OK","P14-C011",24,30,666,0.17,"swmdk_like","medium","regular",5,29,-0.31947490900339,0.0045045045045044,0,0.104999999999997
"V4-PRI-TWO-STAGE-HBB-RESP-v1","V4-TARGET-RESPONDENT-WEIGHTED-v1",0.269520671697809,0.281082121695225,-0.0115614499974163,0.191127319412229,0.339368929751597,0.265248124581913,0.148241610339368,0.03553138976926,TRUE,199,199,0,"OK","P14-C011",25,30,618,0.17,"swmdk_like","medium","regular",5,29,-0.262205306099603,0.00161812297734631,0,0.100000000000001
"V4-SENS-TWO-STAGE-HBB-CLUSTER-v1","V4-TARGET-EQUAL-CLUSTER-v1",0.259410994573436,0.281082121695225,-0.0216711271217888,0.189032306471018,0.347723363862076,0.268377835166547,0.158691057391058,0.0375553398123412,TRUE,199,199,0,"OK","P14-C011",25,30,618,0.17,"swmdk_like","medium","regular",5,29,-0.262205306099603,0.00161812297734631,0,0.100000000000001
"V4-CMP-ONE-STAGE-CLUSTER-BB-RESP-v1","V4-TARGET-RESPONDENT-WEIGHTED-v1",0.269520671697809,0.281082121695225,-0.0115614499974163,0.215262310185915,0.311321061071282,0.263291685628599,0.0960587508853665,0.0247656429875649,TRUE,199,199,0,"OK","P14-C011",25,30,618,0.17,"swmdk_like","medium","regular",5,29,-0.262205306099603,0.00161812297734631,0,0.100000000000001
"V4-CMP-IID-RESP-BB-v1","WORKING-INDEPENDENCE-RESPONDENT",0.269520671697809,0.281082121695225,-0.0115614499974163,0.228944063006773,0.308485324140845,0.268714693573809,0.0795412611340726,0.0205165319497708,TRUE,199,199,0,"OK","P14-C011",25,30,618,0.17,"swmdk_like","medium","regular",5,29,-0.262205306099603,0.00161812297734631,0,0.100000000000001
"V4-CMP-TWO-STAGE-FREQ-BOOT-RESP-v1","V4-TARGET-RESPONDENT-WEIGHTED-v1",0.269520671697809,0.281082121695225,-0.0115614499974163,0.214189594509284,0.323676738359472,0.268933166434378,0.109487143850188,0.0292880345548351,TRUE,199,199,0,"OK","P14-C011",25,30,618,0.17,"swmdk_like","medium","regular",5,29,-0.262205306099603,0.00161812297734631,0,0.100000000000001
"V4-CMP-MOKKEN-TWOLEVEL-DELTA-v1","V4-TARGET-RESPONDENT-WEIGHTED-v1",0.269520671697801,0.281082121695225,-0.0115614499974241,0.217734761004327,0.321306582391275,0.269520671697801,0.103571821386949,0.0264218685149089,TRUE,,,0,"OK","P14-C011",25,30,618,0.17,"swmdk_like","medium","regular",5,29,-0.262205306099603,0.00161812297734631,0,0.100000000000001
"V4-PRI-TWO-STAGE-HBB-RESP-v1","V4-TARGET-RESPONDENT-WEIGHTED-v1",0.252551084923477,0.281082121695225,-0.0285310367717481,0.187314842652122,0.314796766511797,0.251055804581959,0.127481923859675,0.032093011949832,TRUE,199,199,0,"OK","P14-C011",26,30,636,0.17,"swmdk_like","medium","regular",5,29,-0.218652574322285,0.00471698113207547,0,0.100999999999999
"V4-SENS-TWO-STAGE-HBB-CLUSTER-v1","V4-TARGET-EQUAL-CLUSTER-v1",0.247973047877646,0.281082121695225,-0.0331090738175795,0.177997166021123,0.317107660313815,0.247552413167469,0.139110494292692,0.035067236171397,TRUE,199,199,0,"OK","P14-C011",26,30,636,0.17,"swmdk_like","medium","regular",5,29,-0.218652574322285,0.00471698113207547,0,0.100999999999999
"V4-CMP-ONE-STAGE-CLUSTER-BB-RESP-v1","V4-TARGET-RESPONDENT-WEIGHTED-v1",0.252551084923477,0.281082121695225,-0.0285310367717481,0.210116593549846,0.315028076582984,0.262572335066415,0.104911483033138,0.0245411711436958,TRUE,199,199,0,"OK","P14-C011",26,30,636,0.17,"swmdk_like","medium","regular",5,29,-0.218652574322285,0.00471698113207547,0,0.100999999999999
"V4-CMP-IID-RESP-BB-v1","WORKING-INDEPENDENCE-RESPONDENT",0.252551084923477,0.281082121695225,-0.0285310367717481,0.220775326023256,0.287104302368774,0.253939814196015,0.066328976345518,0.0185924480074254,TRUE,199,199,0,"OK","P14-C011",26,30,636,0.17,"swmdk_like","medium","regular",5,29,-0.218652574322285,0.00471698113207547,0,0.100999999999999
"V4-CMP-TWO-STAGE-FREQ-BOOT-RESP-v1","V4-TARGET-RESPONDENT-WEIGHTED-v1",0.252551084923477,0.281082121695225,-0.0285310367717481,0.193876951974019,0.317956722239243,0.255916837106631,0.124079770265223,0.0303669073997553,TRUE,199,199,0,"OK","P14-C011",26,30,636,0.17,"swmdk_like","medium","regular",5,29,-0.218652574322285,0.00471698113207547,0,0.100999999999999
"V4-CMP-MOKKEN-TWOLEVEL-DELTA-v1","V4-TARGET-RESPONDENT-WEIGHTED-v1",0.252551084923456,0.281082121695225,-0.0285310367717688,0.205099844785505,0.300002325061407,0.252551084923456,0.0949024802759023,0.024210261266146,TRUE,,,0,"OK","P14-C011",26,30,636,0.17,"swmdk_like","medium","regular",5,29,-0.218652574322285,0.00471698113207547,0,0.100999999999999
"V4-PRI-TWO-STAGE-HBB-RESP-v1","V4-TARGET-RESPONDENT-WEIGHTED-v1",0.270810094039459,0.281082121695225,-0.010272027655766,0.201530330487872,0.343635609709127,0.2725829700985,0.142105279221254,0.0374025096525668,TRUE,199,199,0,"OK","P14-C011",27,30,542,0.17,"swmdk_like","medium","regular",5,29,0.109943035788945,0.00184501845018448,0,0.106000000000002
"V4-SENS-TWO-STAGE-HBB-CLUSTER-v1","V4-TARGET-EQUAL-CLUSTER-v1",0.284903864332622,0.281082121695225,0.00382174263739699,0.215554069121956,0.354723389172111,0.285138729147033,0.139169320050155,0.0385831846533896,TRUE,199,199,0,"OK","P14-C011",27,30,542,0.17,"swmdk_like","medium","regular",5,29,0.109943035788945,0.00184501845018448,0,0.106000000000002
"V4-CMP-ONE-STAGE-CLUSTER-BB-RESP-v1","V4-TARGET-RESPONDENT-WEIGHTED-v1",0.270810094039459,0.281082121695225,-0.010272027655766,0.221258088336321,0.312873330506646,0.267065709421483,0.0916152421703256,0.021450507018821,TRUE,199,199,0,"OK","P14-C011",27,30,542,0.17,"swmdk_like","medium","regular",5,29,0.109943035788945,0.00184501845018448,0,0.106000000000002
"V4-CMP-IID-RESP-BB-v1","WORKING-INDEPENDENCE-RESPONDENT",0.270810094039459,0.281082121695225,-0.010272027655766,0.22767688278437,0.305339980720872,0.266508431752621,0.0776630979365024,0.0205470346400697,TRUE,199,199,0,"OK","P14-C011",27,30,542,0.17,"swmdk_like","medium","regular",5,29,0.109943035788945,0.00184501845018448,0,0.106000000000002
"V4-CMP-TWO-STAGE-FREQ-BOOT-RESP-v1","V4-TARGET-RESPONDENT-WEIGHTED-v1",0.270810094039459,0.281082121695225,-0.010272027655766,0.207588346773692,0.329797981734998,0.268693164254345,0.122209634961306,0.0305907906464986,TRUE,199,199,0,"OK","P14-C011",27,30,542,0.17,"swmdk_like","medium","regular",5,29,0.109943035788945,0.00184501845018448,0,0.106000000000002
"V4-CMP-MOKKEN-TWOLEVEL-DELTA-v1","V4-TARGET-RESPONDENT-WEIGHTED-v1",0.270810094039474,0.281082121695225,-0.0102720276557508,0.223854738118903,0.317765449960045,0.270810094039474,0.0939107118411414,0.0239572544653619,TRUE,,,0,"OK","P14-C011",27,30,542,0.17,"swmdk_like","medium","regular",5,29,0.109943035788945,0.00184501845018448,0,0.106000000000002
"V4-PRI-TWO-STAGE-HBB-RESP-v1","V4-TARGET-RESPONDENT-WEIGHTED-v1",0.288127135256063,0.281082121695225,0.00704501356083787,0.218382106522836,0.350736561191685,0.284559333857261,0.13235445466885,0.0324509062579629,TRUE,199,199,0,"OK","P14-C011",28,30,636,0.17,"swmdk_like","medium","regular",8,29,0.120225475471711,0,1,0.102000000000004
"V4-SENS-TWO-STAGE-HBB-CLUSTER-v1","V4-TARGET-EQUAL-CLUSTER-v1",0.290382753072442,0.281082121695225,0.00930063137721687,0.225501393978865,0.378086752125409,0.301794073052137,0.152585358146544,0.035671080719453,TRUE,199,199,0,"OK","P14-C011",28,30,636,0.17,"swmdk_like","medium","regular",8,29,0.120225475471711,0,1,0.102000000000004
"V4-CMP-ONE-STAGE-CLUSTER-BB-RESP-v1","V4-TARGET-RESPONDENT-WEIGHTED-v1",0.288127135256063,0.281082121695225,0.00704501356083787,0.252088174373724,0.318278340924671,0.285183257649198,0.066190166550947,0.0178365035765611,TRUE,199,199,0,"OK","P14-C011",28,30,636,0.17,"swmdk_like","medium","regular",8,29,0.120225475471711,0,1,0.102000000000004
"V4-CMP-IID-RESP-BB-v1","WORKING-INDEPENDENCE-RESPONDENT",0.288127135256063,0.281082121695225,0.00704501356083787,0.246259665186944,0.337383635262705,0.291821650224824,0.0911239700757612,0.0205689009407622,TRUE,199,199,0,"OK","P14-C011",28,30,636,0.17,"swmdk_like","medium","regular",8,29,0.120225475471711,0,1,0.102000000000004
"V4-CMP-TWO-STAGE-FREQ-BOOT-RESP-v1","V4-TARGET-RESPONDENT-WEIGHTED-v1",0.288127135256063,0.281082121695225,0.00704501356083787,0.235233415992765,0.342770981763513,0.289002198878139,0.107537565770749,0.0280539098760498,TRUE,199,199,0,"OK","P14-C011",28,30,636,0.17,"swmdk_like","medium","regular",8,29,0.120225475471711,0,1,0.102000000000004
"V4-CMP-MOKKEN-TWOLEVEL-DELTA-v1","V4-TARGET-RESPONDENT-WEIGHTED-v1",0.288127135256044,0.281082121695225,0.00704501356081882,0.237755387508498,0.33849888300359,0.288127135256044,0.100743495495092,0.0257003435496121,TRUE,,,0,"OK","P14-C011",28,30,636,0.17,"swmdk_like","medium","regular",8,29,0.120225475471711,0,1,0.102000000000004
"V4-PRI-TWO-STAGE-HBB-RESP-v1","V4-TARGET-RESPONDENT-WEIGHTED-v1",0.293082274208789,0.281082121695225,0.0120001525135643,0.223469023532352,0.350657853791463,0.287063438661907,0.12718883025911,0.0330867097598326,TRUE,199,199,0,"OK","P14-C011",29,30,693,0.17,"swmdk_like","medium","regular",8,29,0.281902060477825,0.00721500721500706,0,0.105999999999995
"V4-SENS-TWO-STAGE-HBB-CLUSTER-v1","V4-TARGET-EQUAL-CLUSTER-v1",0.295911798791275,0.281082121695225,0.0148296770960497,0.227151222371525,0.364194777069204,0.295672999720365,0.137043554697679,0.0355818165381667,TRUE,199,199,0,"OK","P14-C011",29,30,693,0.17,"swmdk_like","medium","regular",8,29,0.281902060477825,0.00721500721500706,0,0.105999999999995
"V4-CMP-ONE-STAGE-CLUSTER-BB-RESP-v1","V4-TARGET-RESPONDENT-WEIGHTED-v1",0.293082274208789,0.281082121695225,0.0120001525135643,0.250597417405815,0.331127941201394,0.290862679303604,0.0805305237955794,0.0214092090347408,TRUE,199,199,0,"OK","P14-C011",29,30,693,0.17,"swmdk_like","medium","regular",8,29,0.281902060477825,0.00721500721500706,0,0.105999999999995
"V4-CMP-IID-RESP-BB-v1","WORKING-INDEPENDENCE-RESPONDENT",0.293082274208789,0.281082121695225,0.0120001525135643,0.254279393808037,0.330384350224847,0.292331872016442,0.0761049564168096,0.0193237257049119,TRUE,199,199,0,"OK","P14-C011",29,30,693,0.17,"swmdk_like","medium","regular",8,29,0.281902060477825,0.00721500721500706,0,0.105999999999995
"V4-CMP-TWO-STAGE-FREQ-BOOT-RESP-v1","V4-TARGET-RESPONDENT-WEIGHTED-v1",0.293082274208789,0.281082121695225,0.0120001525135643,0.24179267729652,0.355006032936446,0.298399355116483,0.113213355639926,0.0278776055041958,TRUE,199,199,0,"OK","P14-C011",29,30,693,0.17,"swmdk_like","medium","regular",8,29,0.281902060477825,0.00721500721500706,0,0.105999999999995
"V4-CMP-MOKKEN-TWOLEVEL-DELTA-v1","V4-TARGET-RESPONDENT-WEIGHTED-v1",0.293082274208773,0.281082121695225,0.0120001525135476,0.243476809222704,0.342687739194841,0.293082274208773,0.0992109299721368,0.0253093757728968,TRUE,,,0,"OK","P14-C011",29,30,693,0.17,"swmdk_like","medium","regular",8,29,0.281902060477825,0.00721500721500706,0,0.105999999999995
"V4-PRI-TWO-STAGE-HBB-RESP-v1","V4-TARGET-RESPONDENT-WEIGHTED-v1",0.285255077111096,0.281082121695225,0.0041729554158707,0.222894244210606,0.349176349011763,0.286035296611185,0.126282104801157,0.0301911433101897,TRUE,199,199,0,"OK","P14-C011",30,30,676,0.17,"swmdk_like","medium","regular",5,29,0.150720638873183,0.00147928994082841,0,0.106000000000002
"V4-SENS-TWO-STAGE-HBB-CLUSTER-v1","V4-TARGET-EQUAL-CLUSTER-v1",0.271265435561689,0.281082121695225,-0.00981668613353603,0.205441867531592,0.340578766562531,0.273010317047061,0.13513689903094,0.0327916836004378,TRUE,199,199,0,"OK","P14-C011",30,30,676,0.17,"swmdk_like","medium","regular",5,29,0.150720638873183,0.00147928994082841,0,0.106000000000002
"V4-CMP-ONE-STAGE-CLUSTER-BB-RESP-v1","V4-TARGET-RESPONDENT-WEIGHTED-v1",0.285255077111096,0.281082121695225,0.0041729554158707,0.252492296182314,0.321961968418448,0.287227132300381,0.069469672236134,0.0166877794957809,TRUE,199,199,0,"OK","P14-C011",30,30,676,0.17,"swmdk_like","medium","regular",5,29,0.150720638873183,0.00147928994082841,0,0.106000000000002
"V4-CMP-IID-RESP-BB-v1","WORKING-INDEPENDENCE-RESPONDENT",0.285255077111096,0.281082121695225,0.0041729554158707,0.243797237508635,0.326028424974994,0.284912831241815,0.0822311874663592,0.0206923629793929,TRUE,199,199,0,"OK","P14-C011",30,30,676,0.17,"swmdk_like","medium","regular",5,29,0.150720638873183,0.00147928994082841,0,0.106000000000002
"V4-CMP-TWO-STAGE-FREQ-BOOT-RESP-v1","V4-TARGET-RESPONDENT-WEIGHTED-v1",0.285255077111096,0.281082121695225,0.0041729554158707,0.234152646642461,0.332509183884183,0.283330915263322,0.0983565372417222,0.0241472196242655,TRUE,199,199,0,"OK","P14-C011",30,30,676,0.17,"swmdk_like","medium","regular",5,29,0.150720638873183,0.00147928994082841,0,0.106000000000002
"V4-CMP-MOKKEN-TWOLEVEL-DELTA-v1","V4-TARGET-RESPONDENT-WEIGHTED-v1",0.28525507711111,0.281082121695225,0.00417295541588497,0.241177512261158,0.329332641961062,0.28525507711111,0.0881551296999034,0.0224889667349145,TRUE,,,0,"OK","P14-C011",30,30,676,0.17,"swmdk_like","medium","regular",5,29,0.150720638873183,0.00147928994082841,0,0.106000000000002
"V4-PRI-TWO-STAGE-HBB-RESP-v1","V4-TARGET-RESPONDENT-WEIGHTED-v1",0.280623933494394,0.281082121695225,-0.000458188200830656,0.219342816920914,0.353457768834635,0.286400292877775,0.134114951913721,0.0318603155240716,TRUE,199,199,0,"OK","P14-C011",31,30,674,0.17,"swmdk_like","medium","regular",10,28,-0.212800933411106,0,1,0.105000000000004
"V4-SENS-TWO-STAGE-HBB-CLUSTER-v1","V4-TARGET-EQUAL-CLUSTER-v1",0.28306979675827,0.281082121695225,0.00198767506304509,0.224102584317374,0.349278012313342,0.286690298315358,0.125175427995968,0.0315589610897975,TRUE,199,199,0,"OK","P14-C011",31,30,674,0.17,"swmdk_like","medium","regular",10,28,-0.212800933411106,0,1,0.105000000000004
"V4-CMP-ONE-STAGE-CLUSTER-BB-RESP-v1","V4-TARGET-RESPONDENT-WEIGHTED-v1",0.280623933494394,0.281082121695225,-0.000458188200830656,0.245899175152121,0.316611746441045,0.281255460796583,0.0707125712889242,0.017817921642758,TRUE,199,199,0,"OK","P14-C011",31,30,674,0.17,"swmdk_like","medium","regular",10,28,-0.212800933411106,0,1,0.105000000000004
"V4-CMP-IID-RESP-BB-v1","WORKING-INDEPENDENCE-RESPONDENT",0.280623933494394,0.281082121695225,-0.000458188200830656,0.24382359914358,0.31536814762725,0.279595873385415,0.0715445484836701,0.0182735513776365,TRUE,199,199,0,"OK","P14-C011",31,30,674,0.17,"swmdk_like","medium","regular",10,28,-0.212800933411106,0,1,0.105000000000004
"V4-CMP-TWO-STAGE-FREQ-BOOT-RESP-v1","V4-TARGET-RESPONDENT-WEIGHTED-v1",0.280623933494394,0.281082121695225,-0.000458188200830656,0.228779299571286,0.327287098066506,0.278033198818896,0.0985077984952192,0.0250849124572204,TRUE,199,199,0,"OK","P14-C011",31,30,674,0.17,"swmdk_like","medium","regular",10,28,-0.212800933411106,0,1,0.105000000000004
"V4-CMP-MOKKEN-TWOLEVEL-DELTA-v1","V4-TARGET-RESPONDENT-WEIGHTED-v1",0.280623933494401,0.281082121695225,-0.000458188200823717,0.233145658016562,0.32810220897224,0.280623933494401,0.0949565509556783,0.0242240550603693,TRUE,,,0,"OK","P14-C011",31,30,674,0.17,"swmdk_like","medium","regular",10,28,-0.212800933411106,0,1,0.105000000000004
"V4-PRI-TWO-STAGE-HBB-RESP-v1","V4-TARGET-RESPONDENT-WEIGHTED-v1",0.299208840714937,0.281082121695225,0.0181267190197119,0.232243329232594,0.359144022907025,0.295693676069809,0.126900693674432,0.0325992618780535,TRUE,199,199,0,"OK","P14-C011",32,30,671,0.17,"swmdk_like","medium","regular",5,29,-0.213941853292909,0.00447093889716849,0,0.106999999999999
"V4-SENS-TWO-STAGE-HBB-CLUSTER-v1","V4-TARGET-EQUAL-CLUSTER-v1",0.286419064333935,0.281082121695225,0.00533694263870998,0.226217157944293,0.348637476074091,0.287427317009192,0.122420318129798,0.0323264075202473,TRUE,199,199,0,"OK","P14-C011",32,30,671,0.17,"swmdk_like","medium","regular",5,29,-0.213941853292909,0.00447093889716849,0,0.106999999999999
"V4-CMP-ONE-STAGE-CLUSTER-BB-RESP-v1","V4-TARGET-RESPONDENT-WEIGHTED-v1",0.299208840714937,0.281082121695225,0.0181267190197119,0.252707839073678,0.335500610143361,0.29410422460852,0.0827927710696831,0.0211732365731388,TRUE,199,199,0,"OK","P14-C011",32,30,671,0.17,"swmdk_like","medium","regular",5,29,-0.213941853292909,0.00447093889716849,0,0.106999999999999
"V4-CMP-IID-RESP-BB-v1","WORKING-INDEPENDENCE-RESPONDENT",0.299208840714937,0.281082121695225,0.0181267190197119,0.256541369740754,0.339458694300108,0.298000032020431,0.0829173245593548,0.0209579481199346,TRUE,199,199,0,"OK","P14-C011",32,30,671,0.17,"swmdk_like","medium","regular",5,29,-0.213941853292909,0.00447093889716849,0,0.106999999999999
"V4-CMP-TWO-STAGE-FREQ-BOOT-RESP-v1","V4-TARGET-RESPONDENT-WEIGHTED-v1",0.299208840714937,0.281082121695225,0.0181267190197119,0.238983994176675,0.352783826111971,0.295883910144323,0.113799831935296,0.029499050307483,TRUE,199,199,0,"OK","P14-C011",32,30,671,0.17,"swmdk_like","medium","regular",5,29,-0.213941853292909,0.00447093889716849,0,0.106999999999999
"V4-CMP-MOKKEN-TWOLEVEL-DELTA-v1","V4-TARGET-RESPONDENT-WEIGHTED-v1",0.299208840714947,0.281082121695225,0.0181267190197225,0.251898727136931,0.346518954292964,0.299208840714947,0.0946202271560322,0.0241382565961376,TRUE,,,0,"OK","P14-C011",32,30,671,0.17,"swmdk_like","medium","regular",5,29,-0.213941853292909,0.00447093889716849,0,0.106999999999999
"V4-PRI-TWO-STAGE-HBB-RESP-v1","V4-TARGET-RESPONDENT-WEIGHTED-v1",0.269240385371411,0.281082121695225,-0.0118417363238137,0.196483325715588,0.321558726278298,0.259021025996943,0.12507540056271,0.0339191319892522,TRUE,199,199,0,"OK","P14-C011",33,30,576,0.17,"swmdk_like","medium","regular",5,29,0.035678935223133,0.0017361111111111,0,0.108999999999995
"V4-SENS-TWO-STAGE-HBB-CLUSTER-v1","V4-TARGET-EQUAL-CLUSTER-v1",0.282011873593223,0.281082121695225,0.000929751897998488,0.20130981334686,0.361908043883507,0.281608928615184,0.160598230536647,0.0402704499402988,TRUE,199,199,0,"OK","P14-C011",33,30,576,0.17,"swmdk_like","medium","regular",5,29,0.035678935223133,0.0017361111111111,0,0.108999999999995
"V4-CMP-ONE-STAGE-CLUSTER-BB-RESP-v1","V4-TARGET-RESPONDENT-WEIGHTED-v1",0.269240385371411,0.281082121695225,-0.0118417363238137,0.226317551793574,0.317026564933848,0.271672058363711,0.0907090131402743,0.023731586872463,TRUE,199,199,0,"OK","P14-C011",33,30,576,0.17,"swmdk_like","medium","regular",5,29,0.035678935223133,0.0017361111111111,0,0.108999999999995
"V4-CMP-IID-RESP-BB-v1","WORKING-INDEPENDENCE-RESPONDENT",0.269240385371411,0.281082121695225,-0.0118417363238137,0.230069490367058,0.321153077427068,0.275611283897063,0.0910835870600101,0.022804310677878,TRUE,199,199,0,"OK","P14-C011",33,30,576,0.17,"swmdk_like","medium","regular",5,29,0.035678935223133,0.0017361111111111,0,0.108999999999995
"V4-CMP-TWO-STAGE-FREQ-BOOT-RESP-v1","V4-TARGET-RESPONDENT-WEIGHTED-v1",0.269240385371411,0.281082121695225,-0.0118417363238137,0.213871947549072,0.349202623073969,0.28153728531152,0.135330675524897,0.0345748427777667,TRUE,199,199,0,"OK","P14-C011",33,30,576,0.17,"swmdk_like","medium","regular",5,29,0.035678935223133,0.0017361111111111,0,0.108999999999995
"V4-CMP-MOKKEN-TWOLEVEL-DELTA-v1","V4-TARGET-RESPONDENT-WEIGHTED-v1",0.269240385371395,0.281082121695225,-0.0118417363238297,0.22442272287179,0.314058047871,0.269240385371395,0.0896353249992105,0.022866574515206,TRUE,,,0,"OK","P14-C011",33,30,576,0.17,"swmdk_like","medium","regular",5,29,0.035678935223133,0.0017361111111111,0,0.108999999999995
"V4-PRI-TWO-STAGE-HBB-RESP-v1","V4-TARGET-RESPONDENT-WEIGHTED-v1",0.281986625937074,0.281082121695225,0.000904504241848514,0.232432548514388,0.346431977473134,0.289432262993761,0.113999428958746,0.0293684805544063,TRUE,199,199,0,"OK","P14-C011",34,30,636,0.17,"swmdk_like","medium","regular",5,29,-0.200481017138661,0.0031446540880502,0,0.102000000000004
"V4-SENS-TWO-STAGE-HBB-CLUSTER-v1","V4-TARGET-EQUAL-CLUSTER-v1",0.287435642368806,0.281082121695225,0.00635352067358125,0.223342741076269,0.363511682595506,0.293427211835888,0.140168941519237,0.035158921785934,TRUE,199,199,0,"OK","P14-C011",34,30,636,0.17,"swmdk_like","medium","regular",5,29,-0.200481017138661,0.0031446540880502,0,0.102000000000004
"V4-CMP-ONE-STAGE-CLUSTER-BB-RESP-v1","V4-TARGET-RESPONDENT-WEIGHTED-v1",0.281986625937074,0.281082121695225,0.000904504241848514,0.251621355830643,0.315437639352193,0.283529497591418,0.0638162835215493,0.0152504500052988,TRUE,199,199,0,"OK","P14-C011",34,30,636,0.17,"swmdk_like","medium","regular",5,29,-0.200481017138661,0.0031446540880502,0,0.102000000000004
"V4-CMP-IID-RESP-BB-v1","WORKING-INDEPENDENCE-RESPONDENT",0.281986625937074,0.281082121695225,0.000904504241848514,0.24365617767893,0.322064119042265,0.282860148360597,0.0784079413633357,0.0204357292457641,TRUE,199,199,0,"OK","P14-C011",34,30,636,0.17,"swmdk_like","medium","regular",5,29,-0.200481017138661,0.0031446540880502,0,0.102000000000004
"V4-CMP-TWO-STAGE-FREQ-BOOT-RESP-v1","V4-TARGET-RESPONDENT-WEIGHTED-v1",0.281986625937074,0.281082121695225,0.000904504241848514,0.230796355747283,0.335588249254156,0.28319230250072,0.104791893506873,0.0251119420547894,TRUE,199,199,0,"OK","P14-C011",34,30,636,0.17,"swmdk_like","medium","regular",5,29,-0.200481017138661,0.0031446540880502,0,0.102000000000004
"V4-CMP-MOKKEN-TWOLEVEL-DELTA-v1","V4-TARGET-RESPONDENT-WEIGHTED-v1",0.281986625937054,0.281082121695225,0.00090450424182903,0.239701849717511,0.324271402156597,0.281986625937054,0.0845695524390864,0.0215742618502585,TRUE,,,0,"OK","P14-C011",34,30,636,0.17,"swmdk_like","medium","regular",5,29,-0.200481017138661,0.0031446540880502,0,0.102000000000004
"V4-PRI-TWO-STAGE-HBB-RESP-v1","V4-TARGET-RESPONDENT-WEIGHTED-v1",0.280205398867963,0.281082121695225,-0.000876722827262477,0.218813194770074,0.342276554067845,0.280544874418959,0.123463359297771,0.0331551220759649,TRUE,199,199,0,"OK","P14-C011",35,30,640,0.17,"swmdk_like","medium","regular",5,29,0.0632606126621397,0.00625000000000009,0,0.100999999999999
"V4-SENS-TWO-STAGE-HBB-CLUSTER-v1","V4-TARGET-EQUAL-CLUSTER-v1",0.287960017567299,0.281082121695225,0.00687789587207377,0.214302814254885,0.353406585086726,0.283854699670806,0.139103770831841,0.0361098020085694,TRUE,199,199,0,"OK","P14-C011",35,30,640,0.17,"swmdk_like","medium","regular",5,29,0.0632606126621397,0.00625000000000009,0,0.100999999999999
"V4-CMP-ONE-STAGE-CLUSTER-BB-RESP-v1","V4-TARGET-RESPONDENT-WEIGHTED-v1",0.280205398867963,0.281082121695225,-0.000876722827262477,0.239549379854012,0.322223538021638,0.280886458937825,0.0826741581676253,0.0209371135661765,TRUE,199,199,0,"OK","P14-C011",35,30,640,0.17,"swmdk_like","medium","regular",5,29,0.0632606126621397,0.00625000000000009,0,0.100999999999999
"V4-CMP-IID-RESP-BB-v1","WORKING-INDEPENDENCE-RESPONDENT",0.280205398867963,0.281082121695225,-0.000876722827262477,0.24536522826677,0.317285264436078,0.281325246351424,0.0719200361693076,0.0188786740477773,TRUE,199,199,0,"OK","P14-C011",35,30,640,0.17,"swmdk_like","medium","regular",5,29,0.0632606126621397,0.00625000000000009,0,0.100999999999999
"V4-CMP-TWO-STAGE-FREQ-BOOT-RESP-v1","V4-TARGET-RESPONDENT-WEIGHTED-v1",0.280205398867963,0.281082121695225,-0.000876722827262477,0.222002736365557,0.334842378942689,0.278422557654123,0.112839642577132,0.0301225375202321,TRUE,199,199,0,"OK","P14-C011",35,30,640,0.17,"swmdk_like","medium","regular",5,29,0.0632606126621397,0.00625000000000009,0,0.100999999999999
"V4-CMP-MOKKEN-TWOLEVEL-DELTA-v1","V4-TARGET-RESPONDENT-WEIGHTED-v1",0.280205398867946,0.281082121695225,-0.000876722827279408,0.231918213203932,0.328492584531959,0.280205398867946,0.0965743713280264,0.0246367719227988,TRUE,,,0,"OK","P14-C011",35,30,640,0.17,"swmdk_like","medium","regular",5,29,0.0632606126621397,0.00625000000000009,0,0.100999999999999
"V4-PRI-TWO-STAGE-HBB-RESP-v1","V4-TARGET-RESPONDENT-WEIGHTED-v1",0.238966200049808,0.281082121695225,-0.0421159216454174,0.175406248834147,0.294441436563442,0.234923842698795,0.119035187729295,0.0305488330561822,TRUE,199,199,0,"OK","P14-C011",36,30,663,0.17,"swmdk_like","medium","regular",10,29,-0.115505264323795,0.00301659125188536,0,0.106000000000002
"V4-SENS-TWO-STAGE-HBB-CLUSTER-v1","V4-TARGET-EQUAL-CLUSTER-v1",0.232731297494565,0.281082121695225,-0.0483508242006601,0.171238812881061,0.29136665404373,0.231302733462395,0.120127841162669,0.0301518258387955,TRUE,199,199,0,"OK","P14-C011",36,30,663,0.17,"swmdk_like","medium","regular",10,29,-0.115505264323795,0.00301659125188536,0,0.106000000000002
"V4-CMP-ONE-STAGE-CLUSTER-BB-RESP-v1","V4-TARGET-RESPONDENT-WEIGHTED-v1",0.238966200049808,0.281082121695225,-0.0421159216454174,0.203718833684609,0.270020586535316,0.236869710109963,0.0663017528507068,0.016552388915844,FALSE,199,199,0,"OK","P14-C011",36,30,663,0.17,"swmdk_like","medium","regular",10,29,-0.115505264323795,0.00301659125188536,0,0.106000000000002
"V4-CMP-IID-RESP-BB-v1","WORKING-INDEPENDENCE-RESPONDENT",0.238966200049808,0.281082121695225,-0.0421159216454174,0.200502900699101,0.277315099243726,0.238908999971414,0.0768121985446255,0.0208119823944212,FALSE,199,199,0,"OK","P14-C011",36,30,663,0.17,"swmdk_like","medium","regular",10,29,-0.115505264323795,0.00301659125188536,0,0.106000000000002
"V4-CMP-TWO-STAGE-FREQ-BOOT-RESP-v1","V4-TARGET-RESPONDENT-WEIGHTED-v1",0.238966200049808,0.281082121695225,-0.0421159216454174,0.182391371152164,0.290429787472603,0.236410579312384,0.108038416320438,0.0273334956996352,TRUE,199,199,0,"OK","P14-C011",36,30,663,0.17,"swmdk_like","medium","regular",10,29,-0.115505264323795,0.00301659125188536,0,0.106000000000002
"V4-CMP-MOKKEN-TWOLEVEL-DELTA-v1","V4-TARGET-RESPONDENT-WEIGHTED-v1",0.238966200049804,0.281082121695225,-0.0421159216454214,0.192669920422303,0.285262479677304,0.238966200049804,0.0925925592550012,0.0236209848714975,TRUE,,,0,"OK","P14-C011",36,30,663,0.17,"swmdk_like","medium","regular",10,29,-0.115505264323795,0.00301659125188536,0,0.106000000000002
"V4-PRI-TWO-STAGE-HBB-RESP-v1","V4-TARGET-RESPONDENT-WEIGHTED-v1",0.301676425997549,0.281082121695225,0.0205943043023236,0.241637472547406,0.368577658884351,0.305107565715879,0.126940186336946,0.0325905017669672,TRUE,199,199,0,"OK","P14-C011",37,30,693,0.17,"swmdk_like","medium","regular",10,29,-0.00737562302678316,0.00144300144300147,0,0.120999999999995
"V4-SENS-TWO-STAGE-HBB-CLUSTER-v1","V4-TARGET-EQUAL-CLUSTER-v1",0.299754947735161,0.281082121695225,0.018672826039936,0.239911857584734,0.364173627243591,0.302042742414162,0.124261769658857,0.0327982957757128,TRUE,199,199,0,"OK","P14-C011",37,30,693,0.17,"swmdk_like","medium","regular",10,29,-0.00737562302678316,0.00144300144300147,0,0.120999999999995
"V4-CMP-ONE-STAGE-CLUSTER-BB-RESP-v1","V4-TARGET-RESPONDENT-WEIGHTED-v1",0.301676425997549,0.281082121695225,0.0205943043023236,0.264394809191178,0.340676826492907,0.302535817842042,0.0762820173017295,0.0199353384014636,TRUE,199,199,0,"OK","P14-C011",37,30,693,0.17,"swmdk_like","medium","regular",10,29,-0.00737562302678316,0.00144300144300147,0,0.120999999999995
"V4-CMP-IID-RESP-BB-v1","WORKING-INDEPENDENCE-RESPONDENT",0.301676425997549,0.281082121695225,0.0205943043023236,0.268150921906623,0.336232536288346,0.302191729097485,0.0680816143817229,0.0182244830665122,TRUE,199,199,0,"OK","P14-C011",37,30,693,0.17,"swmdk_like","medium","regular",10,29,-0.00737562302678316,0.00144300144300147,0,0.120999999999995
"V4-CMP-TWO-STAGE-FREQ-BOOT-RESP-v1","V4-TARGET-RESPONDENT-WEIGHTED-v1",0.301676425997549,0.281082121695225,0.0205943043023236,0.255458279246224,0.353621840472544,0.304540059859384,0.0981635612263205,0.0274760852198495,TRUE,199,199,0,"OK","P14-C011",37,30,693,0.17,"swmdk_like","medium","regular",10,29,-0.00737562302678316,0.00144300144300147,0,0.120999999999995
"V4-CMP-MOKKEN-TWOLEVEL-DELTA-v1","V4-TARGET-RESPONDENT-WEIGHTED-v1",0.301676425997534,0.281082121695225,0.0205943043023086,0.248634302226474,0.354718549768593,0.301676425997534,0.106084247542119,0.0270628053318576,TRUE,,,0,"OK","P14-C011",37,30,693,0.17,"swmdk_like","medium","regular",10,29,-0.00737562302678316,0.00144300144300147,0,0.120999999999995
"V4-PRI-TWO-STAGE-HBB-RESP-v1","V4-TARGET-RESPONDENT-WEIGHTED-v1",0.250312343277454,0.281082121695225,-0.0307697784177713,0.188328501479425,0.303449779969491,0.245889140724458,0.115121278490066,0.0306063603804472,TRUE,199,199,0,"OK","P14-C011",38,30,625,0.17,"swmdk_like","medium","regular",5,29,-0.244320333576905,0.00159999999999999,0,0.100000000000001
"V4-SENS-TWO-STAGE-HBB-CLUSTER-v1","V4-TARGET-EQUAL-CLUSTER-v1",0.241839824144931,0.281082121695225,-0.0392422975502938,0.175588021853873,0.295809348374941,0.235698685114407,0.120221326521068,0.0307194450894184,TRUE,199,199,0,"OK","P14-C011",38,30,625,0.17,"swmdk_like","medium","regular",5,29,-0.244320333576905,0.00159999999999999,0,0.100000000000001
"V4-CMP-ONE-STAGE-CLUSTER-BB-RESP-v1","V4-TARGET-RESPONDENT-WEIGHTED-v1",0.250312343277454,0.281082121695225,-0.0307697784177713,0.215808525599234,0.286077546420849,0.250943036010041,0.0702690208216152,0.0176989293608462,TRUE,199,199,0,"OK","P14-C011",38,30,625,0.17,"swmdk_like","medium","regular",5,29,-0.244320333576905,0.00159999999999999,0,0.100000000000001
"V4-CMP-IID-RESP-BB-v1","WORKING-INDEPENDENCE-RESPONDENT",0.250312343277454,0.281082121695225,-0.0307697784177713,0.205177090874368,0.287968686298609,0.246572888586488,0.0827915954242411,0.0212607620588365,TRUE,199,199,0,"OK","P14-C011",38,30,625,0.17,"swmdk_like","medium","regular",5,29,-0.244320333576905,0.00159999999999999,0,0.100000000000001
"V4-CMP-TWO-STAGE-FREQ-BOOT-RESP-v1","V4-TARGET-RESPONDENT-WEIGHTED-v1",0.250312343277454,0.281082121695225,-0.0307697784177713,0.20183204447072,0.307864587285922,0.254848315878321,0.106032542815202,0.0278056359802228,TRUE,199,199,0,"OK","P14-C011",38,30,625,0.17,"swmdk_like","medium","regular",5,29,-0.244320333576905,0.00159999999999999,0,0.100000000000001
"V4-CMP-MOKKEN-TWOLEVEL-DELTA-v1","V4-TARGET-RESPONDENT-WEIGHTED-v1",0.25031234327744,0.281082121695225,-0.0307697784177848,0.201434827512963,0.299189859041918,0.25031234327744,0.0977550315289547,0.0249379662840833,TRUE,,,0,"OK","P14-C011",38,30,625,0.17,"swmdk_like","medium","regular",5,29,-0.244320333576905,0.00159999999999999,0,0.100000000000001
"V4-PRI-TWO-STAGE-HBB-RESP-v1","V4-TARGET-RESPONDENT-WEIGHTED-v1",0.313176951149319,0.281082121695225,0.0320948294540936,0.250954531451597,0.376363366263771,0.313658948857684,0.125408834812174,0.0324792357180513,TRUE,199,199,0,"OK","P14-C011",39,30,700,0.17,"swmdk_like","medium","regular",5,29,0.171151241675343,0,1,0.109000000000002
"V4-SENS-TWO-STAGE-HBB-CLUSTER-v1","V4-TARGET-EQUAL-CLUSTER-v1",0.327381389390283,0.281082121695225,0.0462992676950578,0.254207216568526,0.402943315906641,0.328575266237583,0.148736099338115,0.038600620912997,TRUE,199,199,0,"OK","P14-C011",39,30,700,0.17,"swmdk_like","medium","regular",5,29,0.171151241675343,0,1,0.109000000000002
"V4-CMP-ONE-STAGE-CLUSTER-BB-RESP-v1","V4-TARGET-RESPONDENT-WEIGHTED-v1",0.313176951149319,0.281082121695225,0.0320948294540936,0.26590020118194,0.357811294915673,0.311855748048807,0.0919110937337326,0.0214872185499633,TRUE,199,199,0,"OK","P14-C011",39,30,700,0.17,"swmdk_like","medium","regular",5,29,0.171151241675343,0,1,0.109000000000002
"V4-CMP-IID-RESP-BB-v1","WORKING-INDEPENDENCE-RESPONDENT",0.313176951149319,0.281082121695225,0.0320948294540936,0.274401712713021,0.350751029651732,0.312576371182376,0.0763493169387112,0.0184789730291874,TRUE,199,199,0,"OK","P14-C011",39,30,700,0.17,"swmdk_like","medium","regular",5,29,0.171151241675343,0,1,0.109000000000002
"V4-CMP-TWO-STAGE-FREQ-BOOT-RESP-v1","V4-TARGET-RESPONDENT-WEIGHTED-v1",0.313176951149319,0.281082121695225,0.0320948294540936,0.25938121907188,0.370658115752069,0.315019667411974,0.111276896680189,0.0275055314277166,TRUE,199,199,0,"OK","P14-C011",39,30,700,0.17,"swmdk_like","medium","regular",5,29,0.171151241675343,0,1,0.109000000000002
"V4-CMP-MOKKEN-TWOLEVEL-DELTA-v1","V4-TARGET-RESPONDENT-WEIGHTED-v1",0.313176951149297,0.281082121695225,0.0320948294540718,0.259129168158787,0.367224734139806,0.313176951149297,0.108095565981019,0.0275759061987014,TRUE,,,0,"OK","P14-C011",39,30,700,0.17,"swmdk_like","medium","regular",5,29,0.171151241675343,0,1,0.109000000000002
"V4-PRI-TWO-STAGE-HBB-RESP-v1","V4-TARGET-RESPONDENT-WEIGHTED-v1",0.259399450398034,0.281082121695225,-0.0216826712971914,0.190307235973059,0.317139789837045,0.253723512905052,0.126832553863986,0.0330625119567916,TRUE,199,199,0,"OK","P14-C011",40,30,597,0.17,"swmdk_like","medium","regular",5,29,0.0986717522492818,0.00335008375209378,0,0.100999999999999
"V4-SENS-TWO-STAGE-HBB-CLUSTER-v1","V4-TARGET-EQUAL-CLUSTER-v1",0.257454763656857,0.281082121695225,-0.0236273580383678,0.189023388212537,0.330386713293491,0.259705050753014,0.141363325080954,0.0349305156005661,TRUE,199,199,0,"OK","P14-C011",40,30,597,0.17,"swmdk_like","medium","regular",5,29,0.0986717522492818,0.00335008375209378,0,0.100999999999999
"V4-CMP-ONE-STAGE-CLUSTER-BB-RESP-v1","V4-TARGET-RESPONDENT-WEIGHTED-v1",0.259399450398034,0.281082121695225,-0.0216826712971914,0.222454871986188,0.304914484483513,0.263684678234851,0.082459612497325,0.0206264996445772,TRUE,199,199,0,"OK","P14-C011",40,30,597,0.17,"swmdk_like","medium","regular",5,29,0.0986717522492818,0.00335008375209378,0,0.100999999999999
"V4-CMP-IID-RESP-BB-v1","WORKING-INDEPENDENCE-RESPONDENT",0.259399450398034,0.281082121695225,-0.0216826712971914,0.220356811810646,0.300931596675618,0.260644204243132,0.0805747848649729,0.0212691678560728,TRUE,199,199,0,"OK","P14-C011",40,30,597,0.17,"swmdk_like","medium","regular",5,29,0.0986717522492818,0.00335008375209378,0,0.100999999999999
"V4-CMP-TWO-STAGE-FREQ-BOOT-RESP-v1","V4-TARGET-RESPONDENT-WEIGHTED-v1",0.259399450398034,0.281082121695225,-0.0216826712971914,0.203624343332651,0.312303335630164,0.257963839481407,0.108678992297513,0.0276871627701835,TRUE,199,199,0,"OK","P14-C011",40,30,597,0.17,"swmdk_like","medium","regular",5,29,0.0986717522492818,0.00335008375209378,0,0.100999999999999
"V4-CMP-MOKKEN-TWOLEVEL-DELTA-v1","V4-TARGET-RESPONDENT-WEIGHTED-v1",0.25939945039802,0.281082121695225,-0.0216826712972045,0.2133695898665,0.305429310929541,0.25939945039802,0.092059721063041,0.0234850542635468,TRUE,,,0,"OK","P14-C011",40,30,597,0.17,"swmdk_like","medium","regular",5,29,0.0986717522492818,0.00335008375209378,0,0.100999999999999
"V4-PRI-TWO-STAGE-HBB-RESP-v1","V4-TARGET-RESPONDENT-WEIGHTED-v1",0.265080937265667,0.281082121695225,-0.0160011844295583,0.19259182047866,0.334072054464336,0.263331937471498,0.141480233985676,0.0361743003917468,TRUE,199,199,0,"OK","P14-C011",41,30,654,0.17,"swmdk_like","medium","regular",5,29,-0.193869099712147,0.00152905198776759,0,0.120000000000005
"V4-SENS-TWO-STAGE-HBB-CLUSTER-v1","V4-TARGET-EQUAL-CLUSTER-v1",0.273856345212046,0.281082121695225,-0.00722577648317901,0.200558183606248,0.353748791829407,0.277153487717827,0.15319060822316,0.0374908386105005,TRUE,199,199,0,"OK","P14-C011",41,30,654,0.17,"swmdk_like","medium","regular",5,29,-0.193869099712147,0.00152905198776759,0,0.120000000000005
"V4-CMP-ONE-STAGE-CLUSTER-BB-RESP-v1","V4-TARGET-RESPONDENT-WEIGHTED-v1",0.265080937265667,0.281082121695225,-0.0160011844295583,0.214364985748971,0.308348214367807,0.261356600058389,0.0939832286188361,0.0229419425866501,TRUE,199,199,0,"OK","P14-C011",41,30,654,0.17,"swmdk_like","medium","regular",5,29,-0.193869099712147,0.00152905198776759,0,0.120000000000005
"V4-CMP-IID-RESP-BB-v1","WORKING-INDEPENDENCE-RESPONDENT",0.265080937265667,0.281082121695225,-0.0160011844295583,0.22596761840714,0.308661471939826,0.267314545173483,0.0826938535326852,0.0202252022893824,TRUE,199,199,0,"OK","P14-C011",41,30,654,0.17,"swmdk_like","medium","regular",5,29,-0.193869099712147,0.00152905198776759,0,0.120000000000005
"V4-CMP-TWO-STAGE-FREQ-BOOT-RESP-v1","V4-TARGET-RESPONDENT-WEIGHTED-v1",0.265080937265667,0.281082121695225,-0.0160011844295583,0.206003122725878,0.313425838054283,0.259714480390081,0.107422715328405,0.0276579537182711,TRUE,199,199,0,"OK","P14-C011",41,30,654,0.17,"swmdk_like","medium","regular",5,29,-0.193869099712147,0.00152905198776759,0,0.120000000000005
"V4-CMP-MOKKEN-TWOLEVEL-DELTA-v1","V4-TARGET-RESPONDENT-WEIGHTED-v1",0.265080937265681,0.281082121695225,-0.0160011844295444,0.212203069727742,0.317958804803619,0.265080937265681,0.105755735075877,0.0269789995913355,TRUE,,,0,"OK","P14-C011",41,30,654,0.17,"swmdk_like","medium","regular",5,29,-0.193869099712147,0.00152905198776759,0,0.120000000000005
"V4-PRI-TWO-STAGE-HBB-RESP-v1","V4-TARGET-RESPONDENT-WEIGHTED-v1",0.300065304484354,0.281082121695225,0.0189831827891288,0.22809428031415,0.367681546524477,0.297887913419313,0.139587266210327,0.0356326045801862,TRUE,199,199,0,"OK","P14-C011",42,30,652,0.17,"swmdk_like","medium","regular",5,29,0.0184836492200908,0.00766871165644167,0,0.105999999999995
"V4-SENS-TWO-STAGE-HBB-CLUSTER-v1","V4-TARGET-EQUAL-CLUSTER-v1",0.323693322365455,0.281082121695225,0.0426112006702298,0.235120914520473,0.413472054690369,0.324296484605421,0.178351140169896,0.0430530232554193,TRUE,199,199,0,"OK","P14-C011",42,30,652,0.17,"swmdk_like","medium","regular",5,29,0.0184836492200908,0.00766871165644167,0,0.105999999999995
"V4-CMP-ONE-STAGE-CLUSTER-BB-RESP-v1","V4-TARGET-RESPONDENT-WEIGHTED-v1",0.300065304484354,0.281082121695225,0.0189831827891288,0.253456670583326,0.345894699454174,0.29967568501875,0.092438028870848,0.0245523340108214,TRUE,199,199,0,"OK","P14-C011",42,30,652,0.17,"swmdk_like","medium","regular",5,29,0.0184836492200908,0.00766871165644167,0,0.105999999999995
"V4-CMP-IID-RESP-BB-v1","WORKING-INDEPENDENCE-RESPONDENT",0.300065304484354,0.281082121695225,0.0189831827891288,0.260738005622129,0.340647271116431,0.30069263836928,0.0799092654943022,0.0195020386615501,TRUE,199,199,0,"OK","P14-C011",42,30,652,0.17,"swmdk_like","medium","regular",5,29,0.0184836492200908,0.00766871165644167,0,0.105999999999995
"V4-CMP-TWO-STAGE-FREQ-BOOT-RESP-v1","V4-TARGET-RESPONDENT-WEIGHTED-v1",0.300065304484354,0.281082121695225,0.0189831827891288,0.231823733201516,0.368218539005138,0.300021136103327,0.136394805803622,0.0328540219989714,TRUE,199,199,0,"OK","P14-C011",42,30,652,0.17,"swmdk_like","medium","regular",5,29,0.0184836492200908,0.00766871165644167,0,0.105999999999995
"V4-CMP-MOKKEN-TWOLEVEL-DELTA-v1","V4-TARGET-RESPONDENT-WEIGHTED-v1",0.300065304484359,0.281082121695225,0.018983182789134,0.248478018136508,0.35165259083221,0.300065304484359,0.103174572695702,0.0263205277008992,TRUE,,,0,"OK","P14-C011",42,30,652,0.17,"swmdk_like","medium","regular",5,29,0.0184836492200908,0.00766871165644167,0,0.105999999999995
"V4-PRI-TWO-STAGE-HBB-RESP-v1","V4-TARGET-RESPONDENT-WEIGHTED-v1",0.288040852943202,0.281082121695225,0.00695873124797713,0.221250148987361,0.368092179317762,0.294671164152562,0.146842030330401,0.0356885060130926,TRUE,199,199,0,"OK","P14-C011",43,30,570,0.17,"swmdk_like","medium","regular",5,29,-0.0495875104814234,0.00350877192982457,0,0.0960000000000036
"V4-SENS-TWO-STAGE-HBB-CLUSTER-v1","V4-TARGET-EQUAL-CLUSTER-v1",0.268892351021743,0.281082121695225,-0.0121897706734819,0.209570304013453,0.341170973582472,0.275370638797962,0.131600669569018,0.0357190484170276,TRUE,199,199,0,"OK","P14-C011",43,30,570,0.17,"swmdk_like","medium","regular",5,29,-0.0495875104814234,0.00350877192982457,0,0.0960000000000036
"V4-CMP-ONE-STAGE-CLUSTER-BB-RESP-v1","V4-TARGET-RESPONDENT-WEIGHTED-v1",0.288040852943202,0.281082121695225,0.00695873124797713,0.238890878463583,0.328997537153701,0.283944207808642,0.0901066586901184,0.0216739883382403,TRUE,199,199,0,"OK","P14-C011",43,30,570,0.17,"swmdk_like","medium","regular",5,29,-0.0495875104814234,0.00350877192982457,0,0.0960000000000036
"V4-CMP-IID-RESP-BB-v1","WORKING-INDEPENDENCE-RESPONDENT",0.288040852943202,0.281082121695225,0.00695873124797713,0.249984898743959,0.340187809007019,0.295086353875489,0.0902029102630605,0.0232028350213601,TRUE,199,199,0,"OK","P14-C011",43,30,570,0.17,"swmdk_like","medium","regular",5,29,-0.0495875104814234,0.00350877192982457,0,0.0960000000000036
"V4-CMP-TWO-STAGE-FREQ-BOOT-RESP-v1","V4-TARGET-RESPONDENT-WEIGHTED-v1",0.288040852943202,0.281082121695225,0.00695873124797713,0.231292884430014,0.350495699862583,0.290894292146299,0.119202815432569,0.0293380312353703,TRUE,199,199,0,"OK","P14-C011",43,30,570,0.17,"swmdk_like","medium","regular",5,29,-0.0495875104814234,0.00350877192982457,0,0.0960000000000036
"V4-CMP-MOKKEN-TWOLEVEL-DELTA-v1","V4-TARGET-RESPONDENT-WEIGHTED-v1",0.288040852943207,0.281082121695225,0.00695873124798158,0.237520308920931,0.338561396965482,0.288040852943207,0.101041088044552,0.0257762614113195,TRUE,,,0,"OK","P14-C011",43,30,570,0.17,"swmdk_like","medium","regular",5,29,-0.0495875104814234,0.00350877192982457,0,0.0960000000000036
"V4-PRI-TWO-STAGE-HBB-RESP-v1","V4-TARGET-RESPONDENT-WEIGHTED-v1",0.284253917589446,0.281082121695225,0.00317179589422117,0.221734773809397,0.347565460672621,0.284650117241009,0.125830686863224,0.0329436836521887,TRUE,199,199,0,"OK","P14-C011",44,30,623,0.17,"swmdk_like","medium","regular",5,29,-0.0270852535258274,0.0048154093097913,0,0.115000000000002
"V4-SENS-TWO-STAGE-HBB-CLUSTER-v1","V4-TARGET-EQUAL-CLUSTER-v1",0.282626985581539,0.281082121695225,0.00154486388631431,0.22450220646257,0.343087670851146,0.283794938656858,0.118585464388577,0.0289534377682855,TRUE,199,199,0,"OK","P14-C011",44,30,623,0.17,"swmdk_like","medium","regular",5,29,-0.0270852535258274,0.0048154093097913,0,0.115000000000002
"V4-CMP-ONE-STAGE-CLUSTER-BB-RESP-v1","V4-TARGET-RESPONDENT-WEIGHTED-v1",0.284253917589446,0.281082121695225,0.00317179589422117,0.244682008596064,0.320661012594657,0.282671510595361,0.0759790039985933,0.0187542103163013,TRUE,199,199,0,"OK","P14-C011",44,30,623,0.17,"swmdk_like","medium","regular",5,29,-0.0270852535258274,0.0048154093097913,0,0.115000000000002
"V4-CMP-IID-RESP-BB-v1","WORKING-INDEPENDENCE-RESPONDENT",0.284253917589446,0.281082121695225,0.00317179589422117,0.248546018092035,0.318145891431687,0.283345954761861,0.0695998733396526,0.0186845874085841,TRUE,199,199,0,"OK","P14-C011",44,30,623,0.17,"swmdk_like","medium","regular",5,29,-0.0270852535258274,0.0048154093097913,0,0.115000000000002
"V4-CMP-TWO-STAGE-FREQ-BOOT-RESP-v1","V4-TARGET-RESPONDENT-WEIGHTED-v1",0.284253917589446,0.281082121695225,0.00317179589422117,0.229070728648382,0.335227137495351,0.282148933071866,0.106156408846969,0.027417495885141,TRUE,199,199,0,"OK","P14-C011",44,30,623,0.17,"swmdk_like","medium","regular",5,29,-0.0270852535258274,0.0048154093097913,0,0.115000000000002
"V4-CMP-MOKKEN-TWOLEVEL-DELTA-v1","V4-TARGET-RESPONDENT-WEIGHTED-v1",0.28425391758945,0.281082121695225,0.0031717958942255,0.240299372656608,0.328208462522293,0.28425391758945,0.0879090898656849,0.0224262003177356,TRUE,,,0,"OK","P14-C011",44,30,623,0.17,"swmdk_like","medium","regular",5,29,-0.0270852535258274,0.0048154093097913,0,0.115000000000002
"V4-PRI-TWO-STAGE-HBB-RESP-v1","V4-TARGET-RESPONDENT-WEIGHTED-v1",0.253664581844716,0.281082121695225,-0.0274175398505085,0.194739277985062,0.319968320743474,0.257353799364268,0.125229042758412,0.0299461213144231,TRUE,199,199,0,"OK","P14-C011",45,30,676,0.17,"swmdk_like","medium","regular",5,29,-0.0345301251861608,0.00147928994082841,0,0.108999999999995
"V4-SENS-TWO-STAGE-HBB-CLUSTER-v1","V4-TARGET-EQUAL-CLUSTER-v1",0.257981664897781,0.281082121695225,-0.0231004567974442,0.194677253606893,0.32271444998358,0.258695851795237,0.128037196376687,0.0311226352438579,TRUE,199,199,0,"OK","P14-C011",45,30,676,0.17,"swmdk_like","medium","regular",5,29,-0.0345301251861608,0.00147928994082841,0,0.108999999999995
"V4-CMP-ONE-STAGE-CLUSTER-BB-RESP-v1","V4-TARGET-RESPONDENT-WEIGHTED-v1",0.253664581844716,0.281082121695225,-0.0274175398505085,0.226705178369162,0.279479800266997,0.253092489318079,0.0527746218978352,0.0137911928397294,FALSE,199,199,0,"OK","P14-C011",45,30,676,0.17,"swmdk_like","medium","regular",5,29,-0.0345301251861608,0.00147928994082841,0,0.108999999999995
"V4-CMP-IID-RESP-BB-v1","WORKING-INDEPENDENCE-RESPONDENT",0.253664581844716,0.281082121695225,-0.0274175398505085,0.217649398228215,0.287201801030415,0.252425599629315,0.0695524028022003,0.0182500854879294,TRUE,199,199,0,"OK","P14-C011",45,30,676,0.17,"swmdk_like","medium","regular",5,29,-0.0345301251861608,0.00147928994082841,0,0.108999999999995
"V4-CMP-TWO-STAGE-FREQ-BOOT-RESP-v1","V4-TARGET-RESPONDENT-WEIGHTED-v1",0.253664581844716,0.281082121695225,-0.0274175398505085,0.208303293287985,0.310079552483453,0.259191422885719,0.101776259195468,0.0250849985488746,TRUE,199,199,0,"OK","P14-C011",45,30,676,0.17,"swmdk_like","medium","regular",5,29,-0.0345301251861608,0.00147928994082841,0,0.108999999999995
"V4-CMP-MOKKEN-TWOLEVEL-DELTA-v1","V4-TARGET-RESPONDENT-WEIGHTED-v1",0.253664581844729,0.281082121695225,-0.0274175398504958,0.213561839922337,0.293767323767121,0.253664581844729,0.0802054838447835,0.0204609585883807,TRUE,,,0,"OK","P14-C011",45,30,676,0.17,"swmdk_like","medium","regular",5,29,-0.0345301251861608,0.00147928994082841,0,0.108999999999995
"V4-PRI-TWO-STAGE-HBB-RESP-v1","V4-TARGET-RESPONDENT-WEIGHTED-v1",0.284311049000715,0.281082121695225,0.00322892730549013,0.230534576310837,0.335671947444705,0.283103261877771,0.105137371133868,0.028410045478575,TRUE,199,199,0,"OK","P14-C011",46,30,651,0.17,"swmdk_like","medium","regular",8,29,0.119416236809798,0.00153609831029189,0,0.103999999999999
"V4-SENS-TWO-STAGE-HBB-CLUSTER-v1","V4-TARGET-EQUAL-CLUSTER-v1",0.279869291051511,0.281082121695225,-0.00121283064371425,0.218669455002002,0.351075156535459,0.284872305768731,0.132405701533457,0.0327285261269349,TRUE,199,199,0,"OK","P14-C011",46,30,651,0.17,"swmdk_like","medium","regular",8,29,0.119416236809798,0.00153609831029189,0,0.103999999999999
"V4-CMP-ONE-STAGE-CLUSTER-BB-RESP-v1","V4-TARGET-RESPONDENT-WEIGHTED-v1",0.284311049000715,0.281082121695225,0.00322892730549013,0.24259666063872,0.311232046753376,0.276914353696048,0.068635386114656,0.0170991735615948,TRUE,199,199,0,"OK","P14-C011",46,30,651,0.17,"swmdk_like","medium","regular",8,29,0.119416236809798,0.00153609831029189,0,0.103999999999999
"V4-CMP-IID-RESP-BB-v1","WORKING-INDEPENDENCE-RESPONDENT",0.284311049000715,0.281082121695225,0.00322892730549013,0.249640279192796,0.32283006361899,0.286235171405893,0.0731897844261941,0.0189601207491614,TRUE,199,199,0,"OK","P14-C011",46,30,651,0.17,"swmdk_like","medium","regular",8,29,0.119416236809798,0.00153609831029189,0,0.103999999999999
"V4-CMP-TWO-STAGE-FREQ-BOOT-RESP-v1","V4-TARGET-RESPONDENT-WEIGHTED-v1",0.284311049000715,0.281082121695225,0.00322892730549013,0.228148239209134,0.335801558650648,0.281974898929891,0.107653319441514,0.0276393824962481,TRUE,199,199,0,"OK","P14-C011",46,30,651,0.17,"swmdk_like","medium","regular",8,29,0.119416236809798,0.00153609831029189,0,0.103999999999999
"V4-CMP-MOKKEN-TWOLEVEL-DELTA-v1","V4-TARGET-RESPONDENT-WEIGHTED-v1",0.284311049000708,0.281082121695225,0.00322892730548302,0.236146925557052,0.332475172444364,0.284311049000708,0.0963282468873128,0.0245739839219337,TRUE,,,0,"OK","P14-C011",46,30,651,0.17,"swmdk_like","medium","regular",8,29,0.119416236809798,0.00153609831029189,0,0.103999999999999
"V4-PRI-TWO-STAGE-HBB-RESP-v1","V4-TARGET-RESPONDENT-WEIGHTED-v1",0.265630711546488,0.281082121695225,-0.0154514101487369,0.206765918234966,0.342658241868905,0.274712080051935,0.13589232363394,0.035630264268362,TRUE,199,199,0,"OK","P14-C011",47,30,589,0.17,"swmdk_like","medium","regular",8,29,-0.211439760201086,0.00169779286926997,0,0.0990000000000038
"V4-SENS-TWO-STAGE-HBB-CLUSTER-v1","V4-TARGET-EQUAL-CLUSTER-v1",0.281759702687735,0.281082121695225,0.000677580992509919,0.20969618254062,0.363697199880203,0.286696691210412,0.154001017339582,0.0389755500160772,TRUE,199,199,0,"OK","P14-C011",47,30,589,0.17,"swmdk_like","medium","regular",8,29,-0.211439760201086,0.00169779286926997,0,0.0990000000000038
"V4-CMP-ONE-STAGE-CLUSTER-BB-RESP-v1","V4-TARGET-RESPONDENT-WEIGHTED-v1",0.265630711546488,0.281082121695225,-0.0154514101487369,0.226783879318914,0.312968505122087,0.269876192220501,0.0861846258031729,0.0227762652278071,TRUE,199,199,0,"OK","P14-C011",47,30,589,0.17,"swmdk_like","medium","regular",8,29,-0.211439760201086,0.00169779286926997,0,0.0990000000000038
"V4-CMP-IID-RESP-BB-v1","WORKING-INDEPENDENCE-RESPONDENT",0.265630711546488,0.281082121695225,-0.0154514101487369,0.225111909767295,0.301010195255219,0.263061052511257,0.075898285487924,0.019119174355275,TRUE,199,199,0,"OK","P14-C011",47,30,589,0.17,"swmdk_like","medium","regular",8,29,-0.211439760201086,0.00169779286926997,0,0.0990000000000038
"V4-CMP-TWO-STAGE-FREQ-BOOT-RESP-v1","V4-TARGET-RESPONDENT-WEIGHTED-v1",0.265630711546488,0.281082121695225,-0.0154514101487369,0.203008066048486,0.334262317086821,0.268635191567653,0.131254251038335,0.0326183423671812,TRUE,199,199,0,"OK","P14-C011",47,30,589,0.17,"swmdk_like","medium","regular",8,29,-0.211439760201086,0.00169779286926997,0,0.0990000000000038
"V4-CMP-MOKKEN-TWOLEVEL-DELTA-v1","V4-TARGET-RESPONDENT-WEIGHTED-v1",0.265630711546489,0.281082121695225,-0.0154514101487362,0.213664159997501,0.317597263095477,0.265630711546489,0.103933103097976,0.0265140339102624,TRUE,,,0,"OK","P14-C011",47,30,589,0.17,"swmdk_like","medium","regular",8,29,-0.211439760201086,0.00169779286926997,0,0.0990000000000038
"V4-PRI-TWO-STAGE-HBB-RESP-v1","V4-TARGET-RESPONDENT-WEIGHTED-v1",0.255510007717523,0.281082121695225,-0.0255721139777023,0.195456689685733,0.328007092896242,0.261731891290987,0.13255040321051,0.0334373033690869,TRUE,199,199,0,"OK","P14-C011",48,30,630,0.17,"swmdk_like","medium","regular",5,29,-0.0936761071276502,0.00317460317460316,0,0.103999999999999
"V4-SENS-TWO-STAGE-HBB-CLUSTER-v1","V4-TARGET-EQUAL-CLUSTER-v1",0.249573093067156,0.281082121695225,-0.031509028628069,0.185741184391568,0.326777342445694,0.256259263418631,0.141036158054126,0.0371534726127955,TRUE,199,199,0,"OK","P14-C011",48,30,630,0.17,"swmdk_like","medium","regular",5,29,-0.0936761071276502,0.00317460317460316,0,0.103999999999999
"V4-CMP-ONE-STAGE-CLUSTER-BB-RESP-v1","V4-TARGET-RESPONDENT-WEIGHTED-v1",0.255510007717523,0.281082121695225,-0.0255721139777023,0.216714507805384,0.301617597129215,0.259166052467299,0.0849030893238308,0.0211062568448769,TRUE,199,199,0,"OK","P14-C011",48,30,630,0.17,"swmdk_like","medium","regular",5,29,-0.0936761071276502,0.00317460317460316,0,0.103999999999999
"V4-CMP-IID-RESP-BB-v1","WORKING-INDEPENDENCE-RESPONDENT",0.255510007717523,0.281082121695225,-0.0255721139777023,0.220942861406275,0.29067061811518,0.255806739760728,0.0697277567089055,0.0188890069232544,TRUE,199,199,0,"OK","P14-C011",48,30,630,0.17,"swmdk_like","medium","regular",5,29,-0.0936761071276502,0.00317460317460316,0,0.103999999999999
"V4-CMP-TWO-STAGE-FREQ-BOOT-RESP-v1","V4-TARGET-RESPONDENT-WEIGHTED-v1",0.255510007717523,0.281082121695225,-0.0255721139777023,0.206632395596698,0.322060558342558,0.264346476969628,0.115428162745861,0.0301693606561481,TRUE,199,199,0,"OK","P14-C011",48,30,630,0.17,"swmdk_like","medium","regular",5,29,-0.0936761071276502,0.00317460317460316,0,0.103999999999999
"V4-CMP-MOKKEN-TWOLEVEL-DELTA-v1","V4-TARGET-RESPONDENT-WEIGHTED-v1",0.255510007717519,0.281082121695225,-0.025572113977706,0.208424166911635,0.302595848523403,0.255510007717519,0.0941716816117687,0.0240238296097742,TRUE,,,0,"OK","P14-C011",48,30,630,0.17,"swmdk_like","medium","regular",5,29,-0.0936761071276502,0.00317460317460316,0,0.103999999999999
"V4-PRI-TWO-STAGE-HBB-RESP-v1","V4-TARGET-RESPONDENT-WEIGHTED-v1",0.260440932757473,0.281082121695225,-0.0206411889377525,0.207811022241495,0.331145220155977,0.269478121198736,0.123334197914482,0.0322709158795817,TRUE,199,199,0,"OK","P14-C011",49,30,659,0.17,"swmdk_like","medium","regular",13,29,-0.0822307246868476,0,1,0.106000000000002
"V4-SENS-TWO-STAGE-HBB-CLUSTER-v1","V4-TARGET-EQUAL-CLUSTER-v1",0.260551372678183,0.281082121695225,-0.0205307490170418,0.188175855386848,0.338165022581661,0.263170438984254,0.149989167194814,0.0353069499828004,TRUE,199,199,0,"OK","P14-C011",49,30,659,0.17,"swmdk_like","medium","regular",13,29,-0.0822307246868476,0,1,0.106000000000002
"V4-CMP-ONE-STAGE-CLUSTER-BB-RESP-v1","V4-TARGET-RESPONDENT-WEIGHTED-v1",0.260440932757473,0.281082121695225,-0.0206411889377525,0.212646327766492,0.304277832943874,0.258462080355183,0.0916315051773829,0.0239613841453489,TRUE,199,199,0,"OK","P14-C011",49,30,659,0.17,"swmdk_like","medium","regular",13,29,-0.0822307246868476,0,1,0.106000000000002
"V4-CMP-IID-RESP-BB-v1","WORKING-INDEPENDENCE-RESPONDENT",0.260440932757473,0.281082121695225,-0.0206411889377525,0.218559247614532,0.302482469517141,0.260520858565836,0.083923221902609,0.0203820696088044,TRUE,199,199,0,"OK","P14-C011",49,30,659,0.17,"swmdk_like","medium","regular",13,29,-0.0822307246868476,0,1,0.106000000000002
"V4-CMP-TWO-STAGE-FREQ-BOOT-RESP-v1","V4-TARGET-RESPONDENT-WEIGHTED-v1",0.260440932757473,0.281082121695225,-0.0206411889377525,0.205697460444911,0.321245883740209,0.26347167209256,0.115548423295298,0.0291109472887924,TRUE,199,199,0,"OK","P14-C011",49,30,659,0.17,"swmdk_like","medium","regular",13,29,-0.0822307246868476,0,1,0.106000000000002
"V4-CMP-MOKKEN-TWOLEVEL-DELTA-v1","V4-TARGET-RESPONDENT-WEIGHTED-v1",0.260440932757471,0.281082121695225,-0.0206411889377542,0.20651420517561,0.314367660339332,0.260440932757471,0.107853455163722,0.0275141421001753,TRUE,,,0,"OK","P14-C011",49,30,659,0.17,"swmdk_like","medium","regular",13,29,-0.0822307246868476,0,1,0.106000000000002
"V4-PRI-TWO-STAGE-HBB-RESP-v1","V4-TARGET-RESPONDENT-WEIGHTED-v1",0.307189818587951,0.281082121695225,0.0261076968927262,0.2504762650117,0.370817125863869,0.310646695437784,0.120340860852169,0.0308427717662847,TRUE,199,199,0,"OK","P14-C011",50,30,641,0.17,"swmdk_like","medium","regular",5,29,0.0757670706641183,0.00156006240249612,0,0.106000000000002
"V4-SENS-TWO-STAGE-HBB-CLUSTER-v1","V4-TARGET-EQUAL-CLUSTER-v1",0.308449233257804,0.281082121695225,0.0273671115625794,0.249614647910955,0.361804108941604,0.305709378426279,0.112189461030648,0.0297988819707609,TRUE,199,199,0,"OK","P14-C011",50,30,641,0.17,"swmdk_like","medium","regular",5,29,0.0757670706641183,0.00156006240249612,0,0.106000000000002
"V4-CMP-ONE-STAGE-CLUSTER-BB-RESP-v1","V4-TARGET-RESPONDENT-WEIGHTED-v1",0.307189818587951,0.281082121695225,0.0261076968927262,0.268989012468612,0.341195207242854,0.305092109855733,0.0722061947742416,0.0180818972435025,TRUE,199,199,0,"OK","P14-C011",50,30,641,0.17,"swmdk_like","medium","regular",5,29,0.0757670706641183,0.00156006240249612,0,0.106000000000002
"V4-CMP-IID-RESP-BB-v1","WORKING-INDEPENDENCE-RESPONDENT",0.307189818587951,0.281082121695225,0.0261076968927262,0.266522014016919,0.347178870271851,0.306850442144385,0.0806568562549319,0.0203980213554816,TRUE,199,199,0,"OK","P14-C011",50,30,641,0.17,"swmdk_like","medium","regular",5,29,0.0757670706641183,0.00156006240249612,0,0.106000000000002
"V4-CMP-TWO-STAGE-FREQ-BOOT-RESP-v1","V4-TARGET-RESPONDENT-WEIGHTED-v1",0.307189818587951,0.281082121695225,0.0261076968927262,0.263877592450361,0.358084972070847,0.310981282260604,0.094207379620486,0.0254352735475987,TRUE,199,199,0,"OK","P14-C011",50,30,641,0.17,"swmdk_like","medium","regular",5,29,0.0757670706641183,0.00156006240249612,0,0.106000000000002
"V4-CMP-MOKKEN-TWOLEVEL-DELTA-v1","V4-TARGET-RESPONDENT-WEIGHTED-v1",0.307189818587959,0.281082121695225,0.0261076968927345,0.259760683815068,0.354618953360851,0.307189818587959,0.0948582695457825,0.0241989828114222,TRUE,,,0,"OK","P14-C011",50,30,641,0.17,"swmdk_like","medium","regular",5,29,0.0757670706641183,0.00156006240249612,0,0.106000000000002
"V4-PRI-TWO-STAGE-HBB-RESP-v1","V4-TARGET-RESPONDENT-WEIGHTED-v1",0.243560151699996,0.281082121695225,-0.037521969995229,0.183418365558263,0.303079168323292,0.243248766940778,0.119660802765029,0.0317099060782528,TRUE,199,199,0,"OK","P14-C011",51,30,618,0.17,"swmdk_like","medium","regular",5,28,-0.220060541324377,0.0129449838187701,0,0.116
"V4-SENS-TWO-STAGE-HBB-CLUSTER-v1","V4-TARGET-EQUAL-CLUSTER-v1",0.252460817485511,0.281082121695225,-0.0286213042097136,0.187523891624781,0.321977279544431,0.254750585584606,0.13445338791965,0.0333613926498518,TRUE,199,199,0,"OK","P14-C011",51,30,618,0.17,"swmdk_like","medium","regular",5,28,-0.220060541324377,0.0129449838187701,0,0.116
"V4-CMP-ONE-STAGE-CLUSTER-BB-RESP-v1","V4-TARGET-RESPONDENT-WEIGHTED-v1",0.243560151699996,0.281082121695225,-0.037521969995229,0.200583138613453,0.296434854227213,0.248508996420333,0.0958517156137602,0.0240130560822818,TRUE,199,199,0,"OK","P14-C011",51,30,618,0.17,"swmdk_like","medium","regular",5,28,-0.220060541324377,0.0129449838187701,0,0.116
"V4-CMP-IID-RESP-BB-v1","WORKING-INDEPENDENCE-RESPONDENT",0.243560151699996,0.281082121695225,-0.037521969995229,0.203886687225652,0.288123695962833,0.246005191594242,0.0842370087371809,0.0200878107744614,TRUE,199,199,0,"OK","P14-C011",51,30,618,0.17,"swmdk_like","medium","regular",5,28,-0.220060541324377,0.0129449838187701,0,0.116
"V4-CMP-TWO-STAGE-FREQ-BOOT-RESP-v1","V4-TARGET-RESPONDENT-WEIGHTED-v1",0.243560151699996,0.281082121695225,-0.037521969995229,0.190597098315863,0.303551241043933,0.247074169679898,0.11295414272807,0.0301632530607728,TRUE,199,199,0,"OK","P14-C011",51,30,618,0.17,"swmdk_like","medium","regular",5,28,-0.220060541324377,0.0129449838187701,0,0.116
"V4-CMP-MOKKEN-TWOLEVEL-DELTA-v1","V4-TARGET-RESPONDENT-WEIGHTED-v1",0.24356015169999,0.281082121695225,-0.0375219699952352,0.191762991662214,0.295357311737766,0.24356015169999,0.103594320075552,0.0264276080817532,TRUE,,,0,"OK","P14-C011",51,30,618,0.17,"swmdk_like","medium","regular",5,28,-0.220060541324377,0.0129449838187701,0,0.116
"V4-PRI-TWO-STAGE-HBB-RESP-v1","V4-TARGET-RESPONDENT-WEIGHTED-v1",0.266312234327132,0.281082121695225,-0.0147698873680935,0.208909157142039,0.35044539450658,0.27967727582431,0.141536237364541,0.0343866733304586,TRUE,199,199,0,"OK","P14-C011",52,30,624,0.17,"swmdk_like","medium","regular",5,29,0.195233880857225,0,1,0.103999999999999
"V4-SENS-TWO-STAGE-HBB-CLUSTER-v1","V4-TARGET-EQUAL-CLUSTER-v1",0.273586854843632,0.281082121695225,-0.00749526685159285,0.200369230664667,0.35155827313283,0.275963751898748,0.151189042468163,0.0373179365346291,TRUE,199,199,0,"OK","P14-C011",52,30,624,0.17,"swmdk_like","medium","regular",5,29,0.195233880857225,0,1,0.103999999999999
"V4-CMP-ONE-STAGE-CLUSTER-BB-RESP-v1","V4-TARGET-RESPONDENT-WEIGHTED-v1",0.266312234327132,0.281082121695225,-0.0147698873680935,0.218997914100454,0.316571478648754,0.267784696374604,0.0975735645483005,0.022296571346991,TRUE,199,199,0,"OK","P14-C011",52,30,624,0.17,"swmdk_like","medium","regular",5,29,0.195233880857225,0,1,0.103999999999999
"V4-CMP-IID-RESP-BB-v1","WORKING-INDEPENDENCE-RESPONDENT",0.266312234327132,0.281082121695225,-0.0147698873680935,0.227709030071029,0.298481408495592,0.26309521928331,0.0707723784245631,0.0184763940092129,TRUE,199,199,0,"OK","P14-C011",52,30,624,0.17,"swmdk_like","medium","regular",5,29,0.195233880857225,0,1,0.103999999999999
"V4-CMP-TWO-STAGE-FREQ-BOOT-RESP-v1","V4-TARGET-RESPONDENT-WEIGHTED-v1",0.266312234327132,0.281082121695225,-0.0147698873680935,0.221037323083635,0.32275172265232,0.271894522867978,0.101714399568686,0.0281213661735398,TRUE,199,199,0,"OK","P14-C011",52,30,624,0.17,"swmdk_like","medium","regular",5,29,0.195233880857225,0,1,0.103999999999999
"V4-CMP-MOKKEN-TWOLEVEL-DELTA-v1","V4-TARGET-RESPONDENT-WEIGHTED-v1",0.266312234327126,0.281082121695225,-0.0147698873680993,0.217812927435691,0.31481154121856,0.266312234327126,0.0969986137828686,0.0247449990275284,TRUE,,,0,"OK","P14-C011",52,30,624,0.17,"swmdk_like","medium","regular",5,29,0.195233880857225,0,1,0.103999999999999
"V4-PRI-TWO-STAGE-HBB-RESP-v1","V4-TARGET-RESPONDENT-WEIGHTED-v1",0.264711673322626,0.281082121695225,-0.0163704483725992,0.200692391424456,0.345905420626983,0.27329890602572,0.145213029202527,0.0353740302132502,TRUE,199,199,0,"OK","P14-C011",53,30,598,0.17,"swmdk_like","medium","regular",5,29,-0.26600963148818,0.00167224080267558,0,0.0999999999999943
"V4-SENS-TWO-STAGE-HBB-CLUSTER-v1","V4-TARGET-EQUAL-CLUSTER-v1",0.265564225722815,0.281082121695225,-0.0155178959724099,0.192633191163038,0.343181788615846,0.267907489889442,0.150548597452808,0.0368630917413896,TRUE,199,199,0,"OK","P14-C011",53,30,598,0.17,"swmdk_like","medium","regular",5,29,-0.26600963148818,0.00167224080267558,0,0.0999999999999943
"V4-CMP-ONE-STAGE-CLUSTER-BB-RESP-v1","V4-TARGET-RESPONDENT-WEIGHTED-v1",0.264711673322626,0.281082121695225,-0.0163704483725992,0.2211778489021,0.303773605902771,0.262475727402435,0.0825957570006711,0.0210981227844494,TRUE,199,199,0,"OK","P14-C011",53,30,598,0.17,"swmdk_like","medium","regular",5,29,-0.26600963148818,0.00167224080267558,0,0.0999999999999943
"V4-CMP-IID-RESP-BB-v1","WORKING-INDEPENDENCE-RESPONDENT",0.264711673322626,0.281082121695225,-0.0163704483725992,0.221848800472113,0.304039532534214,0.262944166503164,0.0821907320621016,0.0195953812852549,TRUE,199,199,0,"OK","P14-C011",53,30,598,0.17,"swmdk_like","medium","regular",5,29,-0.26600963148818,0.00167224080267558,0,0.0999999999999943
"V4-CMP-TWO-STAGE-FREQ-BOOT-RESP-v1","V4-TARGET-RESPONDENT-WEIGHTED-v1",0.264711673322626,0.281082121695225,-0.0163704483725992,0.210108656901536,0.323196364063383,0.26665251048246,0.113087707161847,0.0288731990920538,TRUE,199,199,0,"OK","P14-C011",53,30,598,0.17,"swmdk_like","medium","regular",5,29,-0.26600963148818,0.00167224080267558,0,0.0999999999999943
"V4-CMP-MOKKEN-TWOLEVEL-DELTA-v1","V4-TARGET-RESPONDENT-WEIGHTED-v1",0.264711673322631,0.281082121695225,-0.016370448372594,0.214962692040393,0.31446065460487,0.264711673322631,0.099497962564477,0.0253825997184908,TRUE,,,0,"OK","P14-C011",53,30,598,0.17,"swmdk_like","medium","regular",5,29,-0.26600963148818,0.00167224080267558,0,0.0999999999999943
"V4-PRI-TWO-STAGE-HBB-RESP-v1","V4-TARGET-RESPONDENT-WEIGHTED-v1",0.285570628822818,0.281082121695225,0.00448850712759297,0.226047363111632,0.345660971917125,0.285854167514378,0.119613608805493,0.0322406394281836,TRUE,199,199,0,"OK","P14-C011",54,30,636,0.17,"swmdk_like","medium","regular",5,29,0.15305591603149,0.0015723270440251,0,0.104000000000006
"V4-SENS-TWO-STAGE-HBB-CLUSTER-v1","V4-TARGET-EQUAL-CLUSTER-v1",0.276490868867975,0.281082121695225,-0.00459125282725048,0.209282931724467,0.356220598079461,0.282751764901964,0.146937666354994,0.036007031291743,TRUE,199,199,0,"OK","P14-C011",54,30,636,0.17,"swmdk_like","medium","regular",5,29,0.15305591603149,0.0015723270440251,0,0.104000000000006
"V4-CMP-ONE-STAGE-CLUSTER-BB-RESP-v1","V4-TARGET-RESPONDENT-WEIGHTED-v1",0.285570628822818,0.281082121695225,0.00448850712759297,0.244320893376221,0.332639257005586,0.288480075190904,0.0883183636293648,0.0230331072049457,TRUE,199,199,0,"OK","P14-C011",54,30,636,0.17,"swmdk_like","medium","regular",5,29,0.15305591603149,0.0015723270440251,0,0.104000000000006
"V4-CMP-IID-RESP-BB-v1","WORKING-INDEPENDENCE-RESPONDENT",0.285570628822818,0.281082121695225,0.00448850712759297,0.242920067869435,0.329523945350952,0.286222006610193,0.0866038774815168,0.0219974293620801,TRUE,199,199,0,"OK","P14-C011",54,30,636,0.17,"swmdk_like","medium","regular",5,29,0.15305591603149,0.0015723270440251,0,0.104000000000006
"V4-CMP-TWO-STAGE-FREQ-BOOT-RESP-v1","V4-TARGET-RESPONDENT-WEIGHTED-v1",0.285570628822818,0.281082121695225,0.00448850712759297,0.220328186017141,0.343850399888278,0.28208929295271,0.123522213871136,0.0318757879190662,TRUE,199,199,0,"OK","P14-C011",54,30,636,0.17,"swmdk_like","medium","regular",5,29,0.15305591603149,0.0015723270440251,0,0.104000000000006
"V4-CMP-MOKKEN-TWOLEVEL-DELTA-v1","V4-TARGET-RESPONDENT-WEIGHTED-v1",0.285570628822799,0.281082121695225,0.00448850712757437,0.235603477700299,0.3355377799453,0.285570628822799,0.0999343022450012,0.0254939129068876,TRUE,,,0,"OK","P14-C011",54,30,636,0.17,"swmdk_like","medium","regular",5,29,0.15305591603149,0.0015723270440251,0,0.104000000000006
"V4-PRI-TWO-STAGE-HBB-RESP-v1","V4-TARGET-RESPONDENT-WEIGHTED-v1",0.223892222939329,0.281082121695225,-0.057189898755896,0.156945607752531,0.288041654414426,0.222493631083479,0.131096046661895,0.0333171893121042,TRUE,199,199,0,"OK","P14-C011",55,30,585,0.17,"swmdk_like","medium","regular",5,29,0.0937794881500622,0.0017094017094017,0,0.097999999999999
"V4-SENS-TWO-STAGE-HBB-CLUSTER-v1","V4-TARGET-EQUAL-CLUSTER-v1",0.229176287795062,0.281082121695225,-0.0519058339001633,0.166487492879065,0.302432618805623,0.234460055842344,0.135945125926558,0.0341129439575168,TRUE,199,199,0,"OK","P14-C011",55,30,585,0.17,"swmdk_like","medium","regular",5,29,0.0937794881500622,0.0017094017094017,0,0.097999999999999
"V4-CMP-ONE-STAGE-CLUSTER-BB-RESP-v1","V4-TARGET-RESPONDENT-WEIGHTED-v1",0.223892222939329,0.281082121695225,-0.057189898755896,0.183018983768983,0.261839860031862,0.222429421900422,0.0788208762628787,0.019626892233406,FALSE,199,199,0,"OK","P14-C011",55,30,585,0.17,"swmdk_like","medium","regular",5,29,0.0937794881500622,0.0017094017094017,0,0.097999999999999
"V4-CMP-IID-RESP-BB-v1","WORKING-INDEPENDENCE-RESPONDENT",0.223892222939329,0.281082121695225,-0.057189898755896,0.191488892131911,0.259816372780287,0.225652632456099,0.0683274806483768,0.017729457424945,FALSE,199,199,0,"OK","P14-C011",55,30,585,0.17,"swmdk_like","medium","regular",5,29,0.0937794881500622,0.0017094017094017,0,0.097999999999999
"V4-CMP-TWO-STAGE-FREQ-BOOT-RESP-v1","V4-TARGET-RESPONDENT-WEIGHTED-v1",0.223892222939329,0.281082121695225,-0.057189898755896,0.168674345176794,0.283807740213847,0.226241042695321,0.115133395037052,0.0296673237211148,TRUE,199,199,0,"OK","P14-C011",55,30,585,0.17,"swmdk_like","medium","regular",5,29,0.0937794881500622,0.0017094017094017,0,0.097999999999999
"V4-CMP-MOKKEN-TWOLEVEL-DELTA-v1","V4-TARGET-RESPONDENT-WEIGHTED-v1",0.223892222939326,0.281082121695225,-0.0571898987558994,0.176974191521969,0.270810254356682,0.223892222939326,0.0938360628347134,0.0239382110015491,FALSE,,,0,"OK","P14-C011",55,30,585,0.17,"swmdk_like","medium","regular",5,29,0.0937794881500622,0.0017094017094017,0,0.097999999999999
"V4-PRI-TWO-STAGE-HBB-RESP-v1","V4-TARGET-RESPONDENT-WEIGHTED-v1",0.301373313012043,0.281082121695225,0.0202911913168176,0.244866311243856,0.344953877404353,0.294910094324104,0.100087566160497,0.0289918325094322,TRUE,199,199,0,"OK","P14-C011",56,30,697,0.17,"swmdk_like","medium","regular",13,29,0.0247628776258889,0,1,0.113
"V4-SENS-TWO-STAGE-HBB-CLUSTER-v1","V4-TARGET-EQUAL-CLUSTER-v1",0.298624763167945,0.281082121695225,0.0175426414727199,0.243313079756998,0.352051234539086,0.297682157148042,0.108738154782088,0.0293236308355522,TRUE,199,199,0,"OK","P14-C011",56,30,697,0.17,"swmdk_like","medium","regular",13,29,0.0247628776258889,0,1,0.113
"V4-CMP-ONE-STAGE-CLUSTER-BB-RESP-v1","V4-TARGET-RESPONDENT-WEIGHTED-v1",0.301373313012043,0.281082121695225,0.0202911913168176,0.268418948435753,0.331813731595801,0.300116340015777,0.0633947831600479,0.0163589483187619,TRUE,199,199,0,"OK","P14-C011",56,30,697,0.17,"swmdk_like","medium","regular",13,29,0.0247628776258889,0,1,0.113
"V4-CMP-IID-RESP-BB-v1","WORKING-INDEPENDENCE-RESPONDENT",0.301373313012043,0.281082121695225,0.0202911913168176,0.26671602128043,0.34311152389708,0.304913772588755,0.0763955026166504,0.0200184745092037,TRUE,199,199,0,"OK","P14-C011",56,30,697,0.17,"swmdk_like","medium","regular",13,29,0.0247628776258889,0,1,0.113
"V4-CMP-TWO-STAGE-FREQ-BOOT-RESP-v1","V4-TARGET-RESPONDENT-WEIGHTED-v1",0.301373313012043,0.281082121695225,0.0202911913168176,0.248459065725873,0.33991453146366,0.294186798594767,0.0914554657377872,0.0245881488583724,TRUE,199,199,0,"OK","P14-C011",56,30,697,0.17,"swmdk_like","medium","regular",13,29,0.0247628776258889,0,1,0.113
"V4-CMP-MOKKEN-TWOLEVEL-DELTA-v1","V4-TARGET-RESPONDENT-WEIGHTED-v1",0.301373313012027,0.281082121695225,0.0202911913168016,0.252619836670529,0.350126789353524,0.301373313012027,0.0975069526829948,0.0248746797012897,TRUE,,,0,"OK","P14-C011",56,30,697,0.17,"swmdk_like","medium","regular",13,29,0.0247628776258889,0,1,0.113
"V4-PRI-TWO-STAGE-HBB-RESP-v1","V4-TARGET-RESPONDENT-WEIGHTED-v1",0.271307238945193,0.281082121695225,-0.00977488275003158,0.211054870913438,0.337222058914243,0.27413846491384,0.126167188000804,0.0318145039856498,TRUE,199,199,0,"OK","P14-C011",57,30,674,0.17,"swmdk_like","medium","regular",8,29,-0.273198927681538,0.00593471810089019,0,0.109000000000002
"V4-SENS-TWO-STAGE-HBB-CLUSTER-v1","V4-TARGET-EQUAL-CLUSTER-v1",0.273218085671244,0.281082121695225,-0.00786403602398084,0.211028736874048,0.335515281140902,0.273272009007475,0.124486544266854,0.0345869540111689,TRUE,199,199,0,"OK","P14-C011",57,30,674,0.17,"swmdk_like","medium","regular",8,29,-0.273198927681538,0.00593471810089019,0,0.109000000000002
"V4-CMP-ONE-STAGE-CLUSTER-BB-RESP-v1","V4-TARGET-RESPONDENT-WEIGHTED-v1",0.271307238945193,0.281082121695225,-0.00977488275003158,0.22829641030928,0.30162983051855,0.264963120413915,0.0733334202092697,0.0189455566725625,TRUE,199,199,0,"OK","P14-C011",57,30,674,0.17,"swmdk_like","medium","regular",8,29,-0.273198927681538,0.00593471810089019,0,0.109000000000002
"V4-CMP-IID-RESP-BB-v1","WORKING-INDEPENDENCE-RESPONDENT",0.271307238945193,0.281082121695225,-0.00977488275003158,0.226681764169947,0.309163404044545,0.267922584107246,0.0824816398745977,0.0202420084392574,TRUE,199,199,0,"OK","P14-C011",57,30,674,0.17,"swmdk_like","medium","regular",8,29,-0.273198927681538,0.00593471810089019,0,0.109000000000002
"V4-CMP-TWO-STAGE-FREQ-BOOT-RESP-v1","V4-TARGET-RESPONDENT-WEIGHTED-v1",0.271307238945193,0.281082121695225,-0.00977488275003158,0.214638798929083,0.321274177322778,0.26795648812593,0.106635378393695,0.0284333231253155,TRUE,199,199,0,"OK","P14-C011",57,30,674,0.17,"swmdk_like","medium","regular",8,29,-0.273198927681538,0.00593471810089019,0,0.109000000000002
"V4-CMP-MOKKEN-TWOLEVEL-DELTA-v1","V4-TARGET-RESPONDENT-WEIGHTED-v1",0.271307238945198,0.281082121695225,-0.00977488275002741,0.221461297576679,0.321153180313716,0.271307238945198,0.0996918827370363,0.0254320700592953,TRUE,,,0,"OK","P14-C011",57,30,674,0.17,"swmdk_like","medium","regular",8,29,-0.273198927681538,0.00593471810089019,0,0.109000000000002
"V4-PRI-TWO-STAGE-HBB-RESP-v1","V4-TARGET-RESPONDENT-WEIGHTED-v1",0.26164190908028,0.281082121695225,-0.0194402126149447,0.204860028559567,0.331210291434228,0.268035159996898,0.126350262874661,0.0331304592662994,TRUE,199,199,0,"OK","P14-C011",58,30,654,0.17,"swmdk_like","medium","regular",8,28,-0.538187566153728,0,1,0.103999999999999
"V4-SENS-TWO-STAGE-HBB-CLUSTER-v1","V4-TARGET-EQUAL-CLUSTER-v1",0.263189994301339,0.281082121695225,-0.0178921273938857,0.194467942988709,0.33107232942075,0.26277013620473,0.136604386432041,0.0332449286375921,TRUE,199,199,0,"OK","P14-C011",58,30,654,0.17,"swmdk_like","medium","regular",8,28,-0.538187566153728,0,1,0.103999999999999
"V4-CMP-ONE-STAGE-CLUSTER-BB-RESP-v1","V4-TARGET-RESPONDENT-WEIGHTED-v1",0.26164190908028,0.281082121695225,-0.0194402126149447,0.221470652633748,0.303971860587305,0.262721256610527,0.0825012079535565,0.0202272822398862,TRUE,199,199,0,"OK","P14-C011",58,30,654,0.17,"swmdk_like","medium","regular",8,28,-0.538187566153728,0,1,0.103999999999999
"V4-CMP-IID-RESP-BB-v1","WORKING-INDEPENDENCE-RESPONDENT",0.26164190908028,0.281082121695225,-0.0194402126149447,0.220847387804201,0.299552608220463,0.260199998012332,0.0787052204162622,0.020523847980251,TRUE,199,199,0,"OK","P14-C011",58,30,654,0.17,"swmdk_like","medium","regular",8,28,-0.538187566153728,0,1,0.103999999999999
"V4-CMP-TWO-STAGE-FREQ-BOOT-RESP-v1","V4-TARGET-RESPONDENT-WEIGHTED-v1",0.26164190908028,0.281082121695225,-0.0194402126149447,0.196633637610088,0.310114440959076,0.253374039284582,0.113480803348988,0.031629800544223,TRUE,199,199,0,"OK","P14-C011",58,30,654,0.17,"swmdk_like","medium","regular",8,28,-0.538187566153728,0,1,0.103999999999999
"V4-CMP-MOKKEN-TWOLEVEL-DELTA-v1","V4-TARGET-RESPONDENT-WEIGHTED-v1",0.261641909080298,0.281082121695225,-0.019440212614927,0.206746959336187,0.316536858824409,0.261641909080298,0.109789899488222,0.0280081420766481,TRUE,,,0,"OK","P14-C011",58,30,654,0.17,"swmdk_like","medium","regular",8,28,-0.538187566153728,0,1,0.103999999999999
"V4-PRI-TWO-STAGE-HBB-RESP-v1","V4-TARGET-RESPONDENT-WEIGHTED-v1",0.265755474727044,0.281082121695225,-0.0153266469681811,0.197247463515902,0.320792692438443,0.259020077977173,0.123545228922541,0.0313208291869464,TRUE,199,199,0,"OK","P14-C011",59,30,585,0.17,"swmdk_like","medium","regular",5,29,-0.394539460055584,0,1,0.0959999999999965
"V4-SENS-TWO-STAGE-HBB-CLUSTER-v1","V4-TARGET-EQUAL-CLUSTER-v1",0.267721750201944,0.281082121695225,-0.013360371493281,0.185105635684083,0.36646517539282,0.275785405538452,0.181359539708737,0.0428477794357591,TRUE,199,199,0,"OK","P14-C011",59,30,585,0.17,"swmdk_like","medium","regular",5,29,-0.394539460055584,0,1,0.0959999999999965
"V4-CMP-ONE-STAGE-CLUSTER-BB-RESP-v1","V4-TARGET-RESPONDENT-WEIGHTED-v1",0.265755474727044,0.281082121695225,-0.0153266469681811,0.226218492276814,0.302452173926259,0.264335333101536,0.0762336816494453,0.0205495130161081,TRUE,199,199,0,"OK","P14-C011",59,30,585,0.17,"swmdk_like","medium","regular",5,29,-0.394539460055584,0,1,0.0959999999999965
"V4-CMP-IID-RESP-BB-v1","WORKING-INDEPENDENCE-RESPONDENT",0.265755474727044,0.281082121695225,-0.0153266469681811,0.227173359413565,0.307174823955578,0.267174091684571,0.0800014645420135,0.0230849245691058,TRUE,199,199,0,"OK","P14-C011",59,30,585,0.17,"swmdk_like","medium","regular",5,29,-0.394539460055584,0,1,0.0959999999999965
"V4-CMP-TWO-STAGE-FREQ-BOOT-RESP-v1","V4-TARGET-RESPONDENT-WEIGHTED-v1",0.265755474727044,0.281082121695225,-0.0153266469681811,0.211736728828727,0.325207933403024,0.268472331115875,0.113471204574297,0.0311738147368335,TRUE,199,199,0,"OK","P14-C011",59,30,585,0.17,"swmdk_like","medium","regular",5,29,-0.394539460055584,0,1,0.0959999999999965
"V4-CMP-MOKKEN-TWOLEVEL-DELTA-v1","V4-TARGET-RESPONDENT-WEIGHTED-v1",0.265755474727041,0.281082121695225,-0.0153266469681839,0.217772935880693,0.313738013573389,0.265755474727041,0.0959650776926952,0.0244813370168165,TRUE,,,0,"OK","P14-C011",59,30,585,0.17,"swmdk_like","medium","regular",5,29,-0.394539460055584,0,1,0.0959999999999965
"V4-PRI-TWO-STAGE-HBB-RESP-v1","V4-TARGET-RESPONDENT-WEIGHTED-v1",0.305785595066633,0.281082121695225,0.0247034733714084,0.24079832532356,0.367765860717198,0.304282093020379,0.126967535393639,0.033250793183931,TRUE,199,199,0,"OK","P14-C011",60,30,642,0.17,"swmdk_like","medium","regular",8,29,-0.238736304386579,0.00155763239875389,0,0.102000000000004
"V4-SENS-TWO-STAGE-HBB-CLUSTER-v1","V4-TARGET-EQUAL-CLUSTER-v1",0.316015433146458,0.281082121695225,0.0349333114512332,0.243810233357266,0.392396729184342,0.318103481270804,0.148586495827076,0.034621864536449,TRUE,199,199,0,"OK","P14-C011",60,30,642,0.17,"swmdk_like","medium","regular",8,29,-0.238736304386579,0.00155763239875389,0,0.102000000000004
"V4-CMP-ONE-STAGE-CLUSTER-BB-RESP-v1","V4-TARGET-RESPONDENT-WEIGHTED-v1",0.305785595066633,0.281082121695225,0.0247034733714084,0.257447013369962,0.350692902113574,0.304069957741768,0.0932458887436118,0.022917229924829,TRUE,199,199,0,"OK","P14-C011",60,30,642,0.17,"swmdk_like","medium","regular",8,29,-0.238736304386579,0.00155763239875389,0,0.102000000000004
"V4-CMP-IID-RESP-BB-v1","WORKING-INDEPENDENCE-RESPONDENT",0.305785595066633,0.281082121695225,0.0247034733714084,0.268112618989994,0.348446949088645,0.30827978403932,0.0803343300986512,0.0202324299860351,TRUE,199,199,0,"OK","P14-C011",60,30,642,0.17,"swmdk_like","medium","regular",8,29,-0.238736304386579,0.00155763239875389,0,0.102000000000004
"V4-CMP-TWO-STAGE-FREQ-BOOT-RESP-v1","V4-TARGET-RESPONDENT-WEIGHTED-v1",0.305785595066633,0.281082121695225,0.0247034733714084,0.243315934327407,0.363286689878039,0.303301312102723,0.119970755550631,0.030293606344159,TRUE,199,199,0,"OK","P14-C011",60,30,642,0.17,"swmdk_like","medium","regular",8,29,-0.238736304386579,0.00155763239875389,0,0.102000000000004
"V4-CMP-MOKKEN-TWOLEVEL-DELTA-v1","V4-TARGET-RESPONDENT-WEIGHTED-v1",0.305785595066645,0.281082121695225,0.0247034733714199,0.250833985295628,0.360737204837661,0.305785595066645,0.109903219542033,0.028037050784845,TRUE,,,0,"OK","P14-C011",60,30,642,0.17,"swmdk_like","medium","regular",8,29,-0.238736304386579,0.00155763239875389,0,0.102000000000004
