"method_id","target_id","point_estimate","truth","bias","lower","upper","center","interval_length","se_equivalent","cover","defined_draws","total_draws","invalid_fraction","status","cell_id","replication","G","N","latent_icc","size_mechanism","strength","regularity","minimum_cluster_size","maximum_cluster_size","size_effect_correlation","sample_minimum_internal_cdf_gap","sample_exact_knot_count","replication_elapsed_seconds"
"V4-PRI-TWO-STAGE-HBB-RESP-v1","V4-TARGET-RESPONDENT-WEIGHTED-v1",0.149877971179524,0.11743975074426,0.0324382204352643,0.0964147951851456,0.218474028527539,0.157444411856342,0.122059233342393,0.0282788038498082,TRUE,199,199,0,"OK","P14-C009",1,30,643,0.3,"swmdk_like","weak","exact_knot",5,29,-0.026763767785488,0,1,0.108000000000004
"V4-SENS-TWO-STAGE-HBB-CLUSTER-v1","V4-TARGET-EQUAL-CLUSTER-v1",0.156639063767573,0.11743975074426,0.039199313023313,0.0979125170719868,0.223815733263937,0.160864125167962,0.125903216191951,0.0318599912361302,TRUE,199,199,0,"OK","P14-C009",1,30,643,0.3,"swmdk_like","weak","exact_knot",5,29,-0.026763767785488,0,1,0.108000000000004
"V4-CMP-ONE-STAGE-CLUSTER-BB-RESP-v1","V4-TARGET-RESPONDENT-WEIGHTED-v1",0.149877971179524,0.11743975074426,0.0324382204352643,0.1216843955534,0.182333554582697,0.152008975068049,0.0606491590292972,0.0153301756789838,FALSE,199,199,0,"OK","P14-C009",1,30,643,0.3,"swmdk_like","weak","exact_knot",5,29,-0.026763767785488,0,1,0.108000000000004
"V4-CMP-IID-RESP-BB-v1","WORKING-INDEPENDENCE-RESPONDENT",0.149877971179524,0.11743975074426,0.0324382204352643,0.114595770988333,0.186995800630078,0.150795785809206,0.072400029641745,0.0172272465410046,TRUE,199,199,0,"OK","P14-C009",1,30,643,0.3,"swmdk_like","weak","exact_knot",5,29,-0.026763767785488,0,1,0.108000000000004
"V4-CMP-TWO-STAGE-FREQ-BOOT-RESP-v1","V4-TARGET-RESPONDENT-WEIGHTED-v1",0.149877971179524,0.11743975074426,0.0324382204352643,0.100598354094778,0.196346740497797,0.148472547296287,0.0957483864030199,0.0245547848327255,TRUE,199,199,0,"OK","P14-C009",1,30,643,0.3,"swmdk_like","weak","exact_knot",5,29,-0.026763767785488,0,1,0.108000000000004
"V4-CMP-MOKKEN-TWOLEVEL-DELTA-v1","V4-TARGET-RESPONDENT-WEIGHTED-v1",0.149877971179548,0.11743975074426,0.032438220435288,0.108601682165672,0.191154260193424,0.149877971179548,0.0825525780277524,0.0210597181067909,TRUE,,,0,"OK","P14-C009",1,30,643,0.3,"swmdk_like","weak","exact_knot",5,29,-0.026763767785488,0,1,0.108000000000004
"V4-PRI-TWO-STAGE-HBB-RESP-v1","V4-TARGET-RESPONDENT-WEIGHTED-v1",0.160884549715753,0.11743975074426,0.0434447989714931,0.108728335986494,0.226367879587294,0.167548107786894,0.1176395436008,0.0315493159238464,TRUE,199,199,0,"OK","P14-C009",2,30,618,0.3,"swmdk_like","weak","exact_knot",5,28,0.135731446949452,0,2,0.114999999999995
"V4-SENS-TWO-STAGE-HBB-CLUSTER-v1","V4-TARGET-EQUAL-CLUSTER-v1",0.158698505430145,0.11743975074426,0.041258754685885,0.0862052886474749,0.233666144798754,0.159935716723115,0.147460856151279,0.035162859158954,TRUE,199,199,0,"OK","P14-C009",2,30,618,0.3,"swmdk_like","weak","exact_knot",5,28,0.135731446949452,0,2,0.114999999999995
"V4-CMP-ONE-STAGE-CLUSTER-BB-RESP-v1","V4-TARGET-RESPONDENT-WEIGHTED-v1",0.160884549715753,0.11743975074426,0.0434447989714931,0.125490834457018,0.200123414721652,0.162807124589335,0.0746325802646347,0.0192734861031745,FALSE,199,199,0,"OK","P14-C009",2,30,618,0.3,"swmdk_like","weak","exact_knot",5,28,0.135731446949452,0,2,0.114999999999995
"V4-CMP-IID-RESP-BB-v1","WORKING-INDEPENDENCE-RESPONDENT",0.160884549715753,0.11743975074426,0.0434447989714931,0.122566801420913,0.190245424313708,0.156406112867311,0.0676786228927947,0.0176404162711598,FALSE,199,199,0,"OK","P14-C009",2,30,618,0.3,"swmdk_like","weak","exact_knot",5,28,0.135731446949452,0,2,0.114999999999995
"V4-CMP-TWO-STAGE-FREQ-BOOT-RESP-v1","V4-TARGET-RESPONDENT-WEIGHTED-v1",0.160884549715753,0.11743975074426,0.0434447989714931,0.117351042827778,0.217247466302773,0.167299254565276,0.099896423474995,0.025521268358785,TRUE,199,199,0,"OK","P14-C009",2,30,618,0.3,"swmdk_like","weak","exact_knot",5,28,0.135731446949452,0,2,0.114999999999995
"V4-CMP-MOKKEN-TWOLEVEL-DELTA-v1","V4-TARGET-RESPONDENT-WEIGHTED-v1",0.160884549715743,0.11743975074426,0.0434447989714836,0.116468758256698,0.205300341174788,0.160884549715743,0.0888315829180897,0.0226615345023638,TRUE,,,0,"OK","P14-C009",2,30,618,0.3,"swmdk_like","weak","exact_knot",5,28,0.135731446949452,0,2,0.114999999999995
"V4-PRI-TWO-STAGE-HBB-RESP-v1","V4-TARGET-RESPONDENT-WEIGHTED-v1",0.125242372421379,0.11743975074426,0.00780262167711913,0.0743324608458485,0.190504147187145,0.132418304016497,0.116171686341297,0.0280782926073584,TRUE,199,199,0,"OK","P14-C009",3,30,628,0.3,"swmdk_like","weak","exact_knot",8,29,0.0486755883053922,0,1,0.100000000000001
"V4-SENS-TWO-STAGE-HBB-CLUSTER-v1","V4-TARGET-EQUAL-CLUSTER-v1",0.120559549139326,0.11743975074426,0.00311979839506607,0.0693286339713941,0.180364711843435,0.124846672907415,0.111036077872041,0.0287196719484498,TRUE,199,199,0,"OK","P14-C009",3,30,628,0.3,"swmdk_like","weak","exact_knot",8,29,0.0486755883053922,0,1,0.100000000000001
"V4-CMP-ONE-STAGE-CLUSTER-BB-RESP-v1","V4-TARGET-RESPONDENT-WEIGHTED-v1",0.125242372421379,0.11743975074426,0.00780262167711913,0.0934412224758673,0.152034308396171,0.122737765436019,0.0585930859203033,0.0152487329072652,TRUE,199,199,0,"OK","P14-C009",3,30,628,0.3,"swmdk_like","weak","exact_knot",8,29,0.0486755883053922,0,1,0.100000000000001
"V4-CMP-IID-RESP-BB-v1","WORKING-INDEPENDENCE-RESPONDENT",0.125242372421379,0.11743975074426,0.00780262167711913,0.0941309483878469,0.164381426927074,0.129256187657461,0.0702504785392274,0.0166788733653641,TRUE,199,199,0,"OK","P14-C009",3,30,628,0.3,"swmdk_like","weak","exact_knot",8,29,0.0486755883053922,0,1,0.100000000000001
"V4-CMP-TWO-STAGE-FREQ-BOOT-RESP-v1","V4-TARGET-RESPONDENT-WEIGHTED-v1",0.125242372421379,0.11743975074426,0.00780262167711913,0.0732734716984634,0.171696673355599,0.122485072527031,0.098423201657136,0.0237788088704321,TRUE,199,199,0,"OK","P14-C009",3,30,628,0.3,"swmdk_like","weak","exact_knot",8,29,0.0486755883053922,0,1,0.100000000000001
"V4-CMP-MOKKEN-TWOLEVEL-DELTA-v1","V4-TARGET-RESPONDENT-WEIGHTED-v1",0.12524237242137,0.11743975074426,0.00780262167711053,0.0838493699822155,0.166635374860525,0.12524237242137,0.0827860048783096,0.0211192668669718,TRUE,,,0,"OK","P14-C009",3,30,628,0.3,"swmdk_like","weak","exact_knot",8,29,0.0486755883053922,0,1,0.100000000000001
"V4-PRI-TWO-STAGE-HBB-RESP-v1","V4-TARGET-RESPONDENT-WEIGHTED-v1",0.130692066229401,0.11743975074426,0.013252315485141,0.0779177197758552,0.186944031307926,0.132430875541891,0.109026311532071,0.02851403815238,TRUE,199,199,0,"OK","P14-C009",4,30,656,0.3,"swmdk_like","weak","exact_knot",8,29,0.16120190242962,0,2,0.106999999999999
"V4-SENS-TWO-STAGE-HBB-CLUSTER-v1","V4-TARGET-EQUAL-CLUSTER-v1",0.133684371885884,0.11743975074426,0.0162446211416245,0.0792630449679539,0.200787120064471,0.140025082516212,0.121524075096517,0.0323277226464558,TRUE,199,199,0,"OK","P14-C009",4,30,656,0.3,"swmdk_like","weak","exact_knot",8,29,0.16120190242962,0,2,0.106999999999999
"V4-CMP-ONE-STAGE-CLUSTER-BB-RESP-v1","V4-TARGET-RESPONDENT-WEIGHTED-v1",0.130692066229401,0.11743975074426,0.013252315485141,0.0939356816985582,0.16964381330831,0.131789747503434,0.0757081316097522,0.0183802089847272,TRUE,199,199,0,"OK","P14-C009",4,30,656,0.3,"swmdk_like","weak","exact_knot",8,29,0.16120190242962,0,2,0.106999999999999
"V4-CMP-IID-RESP-BB-v1","WORKING-INDEPENDENCE-RESPONDENT",0.130692066229401,0.11743975074426,0.013252315485141,0.0992375225217921,0.164417485291805,0.131827503906798,0.0651799627700127,0.0161312911493121,TRUE,199,199,0,"OK","P14-C009",4,30,656,0.3,"swmdk_like","weak","exact_knot",8,29,0.16120190242962,0,2,0.106999999999999
"V4-CMP-TWO-STAGE-FREQ-BOOT-RESP-v1","V4-TARGET-RESPONDENT-WEIGHTED-v1",0.130692066229401,0.11743975074426,0.013252315485141,0.088181911844936,0.182513707884424,0.13534780986468,0.0943317960394879,0.0253244528639312,TRUE,199,199,0,"OK","P14-C009",4,30,656,0.3,"swmdk_like","weak","exact_knot",8,29,0.16120190242962,0,2,0.106999999999999
"V4-CMP-MOKKEN-TWOLEVEL-DELTA-v1","V4-TARGET-RESPONDENT-WEIGHTED-v1",0.130692066229406,0.11743975074426,0.0132523154851461,0.0860798509024149,0.175304281556397,0.130692066229406,0.089224430653982,0.0227617526030511,TRUE,,,0,"OK","P14-C009",4,30,656,0.3,"swmdk_like","weak","exact_knot",8,29,0.16120190242962,0,2,0.106999999999999
"V4-PRI-TWO-STAGE-HBB-RESP-v1","V4-TARGET-RESPONDENT-WEIGHTED-v1",0.101048540496832,0.11743975074426,-0.0163912102474279,0.0462093483778628,0.155738017079556,0.100973682728709,0.109528668701693,0.0270523683598955,TRUE,199,199,0,"OK","P14-C009",5,30,638,0.3,"swmdk_like","weak","exact_knot",10,29,0.436237817395375,0.00156739811912232,0,0.106000000000002
"V4-SENS-TWO-STAGE-HBB-CLUSTER-v1","V4-TARGET-EQUAL-CLUSTER-v1",0.107372936293116,0.11743975074426,-0.010066814451144,0.05214800496999,0.165489319066331,0.10881866201816,0.113341314096341,0.0289452310472345,TRUE,199,199,0,"OK","P14-C009",5,30,638,0.3,"swmdk_like","weak","exact_knot",10,29,0.436237817395375,0.00156739811912232,0,0.106000000000002
"V4-CMP-ONE-STAGE-CLUSTER-BB-RESP-v1","V4-TARGET-RESPONDENT-WEIGHTED-v1",0.101048540496832,0.11743975074426,-0.0163912102474279,0.0633420363880225,0.139505270554122,0.101423653471072,0.0761632341660996,0.0181232344642447,TRUE,199,199,0,"OK","P14-C009",5,30,638,0.3,"swmdk_like","weak","exact_knot",10,29,0.436237817395375,0.00156739811912232,0,0.106000000000002
"V4-CMP-IID-RESP-BB-v1","WORKING-INDEPENDENCE-RESPONDENT",0.101048540496832,0.11743975074426,-0.0163912102474279,0.0701296784115964,0.134118740504063,0.10212420945783,0.0639890620924669,0.0162494327944533,TRUE,199,199,0,"OK","P14-C009",5,30,638,0.3,"swmdk_like","weak","exact_knot",10,29,0.436237817395375,0.00156739811912232,0,0.106000000000002
"V4-CMP-TWO-STAGE-FREQ-BOOT-RESP-v1","V4-TARGET-RESPONDENT-WEIGHTED-v1",0.101048540496832,0.11743975074426,-0.0163912102474279,0.0572122678335446,0.146050662226166,0.101631465029855,0.0888383943926209,0.0233754660747552,TRUE,199,199,0,"OK","P14-C009",5,30,638,0.3,"swmdk_like","weak","exact_knot",10,29,0.436237817395375,0.00156739811912232,0,0.106000000000002
"V4-CMP-MOKKEN-TWOLEVEL-DELTA-v1","V4-TARGET-RESPONDENT-WEIGHTED-v1",0.101048540496845,0.11743975074426,-0.0163912102474149,0.0547963632949203,0.147300717698769,0.101048540496845,0.0925043544038491,0.0235984832204856,TRUE,,,0,"OK","P14-C009",5,30,638,0.3,"swmdk_like","weak","exact_knot",10,29,0.436237817395375,0.00156739811912232,0,0.106000000000002
"V4-PRI-TWO-STAGE-HBB-RESP-v1","V4-TARGET-RESPONDENT-WEIGHTED-v1",0.131338254427675,0.11743975074426,0.0138985036834155,0.0799988181590999,0.190582977733824,0.135290897946462,0.110584159574724,0.0295295356016778,TRUE,199,199,0,"OK","P14-C009",6,30,639,0.3,"swmdk_like","weak","exact_knot",5,29,0.0241261644171641,0.00156494522691702,0,0.103999999999999
"V4-SENS-TWO-STAGE-HBB-CLUSTER-v1","V4-TARGET-EQUAL-CLUSTER-v1",0.13675217390728,0.11743975074426,0.01931242316302,0.086335210360571,0.188049898509704,0.137192554435138,0.101714688149133,0.0261637268892998,TRUE,199,199,0,"OK","P14-C009",6,30,639,0.3,"swmdk_like","weak","exact_knot",5,29,0.0241261644171641,0.00156494522691702,0,0.103999999999999
"V4-CMP-ONE-STAGE-CLUSTER-BB-RESP-v1","V4-TARGET-RESPONDENT-WEIGHTED-v1",0.131338254427675,0.11743975074426,0.0138985036834155,0.107196480183051,0.161410012123902,0.134303246153477,0.0542135319408514,0.0147719023061746,TRUE,199,199,0,"OK","P14-C009",6,30,639,0.3,"swmdk_like","weak","exact_knot",5,29,0.0241261644171641,0.00156494522691702,0,0.103999999999999
"V4-CMP-IID-RESP-BB-v1","WORKING-INDEPENDENCE-RESPONDENT",0.131338254427675,0.11743975074426,0.0138985036834155,0.0999797977976519,0.164467652132309,0.13222372496498,0.064487854334657,0.016370000835328,TRUE,199,199,0,"OK","P14-C009",6,30,639,0.3,"swmdk_like","weak","exact_knot",5,29,0.0241261644171641,0.00156494522691702,0,0.103999999999999
"V4-CMP-TWO-STAGE-FREQ-BOOT-RESP-v1","V4-TARGET-RESPONDENT-WEIGHTED-v1",0.131338254427675,0.11743975074426,0.0138985036834155,0.083329369993133,0.16461528290308,0.123972326448106,0.0812859129099466,0.0208260098356888,TRUE,199,199,0,"OK","P14-C009",6,30,639,0.3,"swmdk_like","weak","exact_knot",5,29,0.0241261644171641,0.00156494522691702,0,0.103999999999999
"V4-CMP-MOKKEN-TWOLEVEL-DELTA-v1","V4-TARGET-RESPONDENT-WEIGHTED-v1",0.131338254427659,0.11743975074426,0.0138985036833988,0.0942599220613105,0.168416586794007,0.131338254427659,0.074156664732696,0.0189178641336357,TRUE,,,0,"OK","P14-C009",6,30,639,0.3,"swmdk_like","weak","exact_knot",5,29,0.0241261644171641,0.00156494522691702,0,0.103999999999999
"V4-PRI-TWO-STAGE-HBB-RESP-v1","V4-TARGET-RESPONDENT-WEIGHTED-v1",0.118552862012147,0.11743975074426,0.00111311126788752,0.0725496751866389,0.173798114163367,0.123173894675003,0.101248438976728,0.0293017018482169,TRUE,199,199,0,"OK","P14-C009",7,30,653,0.3,"swmdk_like","weak","exact_knot",10,29,-0.21618509310338,0,1,0.103000000000002
"V4-SENS-TWO-STAGE-HBB-CLUSTER-v1","V4-TARGET-EQUAL-CLUSTER-v1",0.12625604716025,0.11743975074426,0.00881629641598998,0.0748207192950232,0.173893378904453,0.124357049099738,0.0990726596094299,0.0252615782550406,TRUE,199,199,0,"OK","P14-C009",7,30,653,0.3,"swmdk_like","weak","exact_knot",10,29,-0.21618509310338,0,1,0.103000000000002
"V4-CMP-ONE-STAGE-CLUSTER-BB-RESP-v1","V4-TARGET-RESPONDENT-WEIGHTED-v1",0.118552862012147,0.11743975074426,0.00111311126788752,0.0874735656734067,0.160301597727108,0.123887581700257,0.0728280320537013,0.0190863050674457,TRUE,199,199,0,"OK","P14-C009",7,30,653,0.3,"swmdk_like","weak","exact_knot",10,29,-0.21618509310338,0,1,0.103000000000002
"V4-CMP-IID-RESP-BB-v1","WORKING-INDEPENDENCE-RESPONDENT",0.118552862012147,0.11743975074426,0.00111311126788752,0.0839325431077844,0.159719723277956,0.12182613319287,0.0757871801701717,0.0181364639562833,TRUE,199,199,0,"OK","P14-C009",7,30,653,0.3,"swmdk_like","weak","exact_knot",10,29,-0.21618509310338,0,1,0.103000000000002
"V4-CMP-TWO-STAGE-FREQ-BOOT-RESP-v1","V4-TARGET-RESPONDENT-WEIGHTED-v1",0.118552862012147,0.11743975074426,0.00111311126788752,0.0711108973721634,0.164024764173142,0.117567830772653,0.0929138668009791,0.0243060147269438,TRUE,199,199,0,"OK","P14-C009",7,30,653,0.3,"swmdk_like","weak","exact_knot",10,29,-0.21618509310338,0,1,0.103000000000002
"V4-CMP-MOKKEN-TWOLEVEL-DELTA-v1","V4-TARGET-RESPONDENT-WEIGHTED-v1",0.118552862012145,0.11743975074426,0.00111311126788526,0.0739888346258424,0.163116889398448,0.118552862012145,0.0891280547726053,0.0227371664672504,TRUE,,,0,"OK","P14-C009",7,30,653,0.3,"swmdk_like","weak","exact_knot",10,29,-0.21618509310338,0,1,0.103000000000002
"V4-PRI-TWO-STAGE-HBB-RESP-v1","V4-TARGET-RESPONDENT-WEIGHTED-v1",0.106531372405721,0.11743975074426,-0.0109083783385387,0.0469299540010946,0.161396235493677,0.104163094747386,0.114466281492583,0.0306480969741722,TRUE,199,199,0,"OK","P14-C009",8,30,625,0.3,"swmdk_like","weak","exact_knot",8,29,0.148579412448211,0,2,0.103000000000002
"V4-SENS-TWO-STAGE-HBB-CLUSTER-v1","V4-TARGET-EQUAL-CLUSTER-v1",0.117046087832177,0.11743975074426,-0.000393662912082343,0.0618450468165614,0.178612387687308,0.120228717251935,0.116767340870746,0.0313574912634625,TRUE,199,199,0,"OK","P14-C009",8,30,625,0.3,"swmdk_like","weak","exact_knot",8,29,0.148579412448211,0,2,0.103000000000002
"V4-CMP-ONE-STAGE-CLUSTER-BB-RESP-v1","V4-TARGET-RESPONDENT-WEIGHTED-v1",0.106531372405721,0.11743975074426,-0.0109083783385387,0.0723198133352101,0.141783385683334,0.107051599509272,0.0694635723481241,0.0177905219930956,TRUE,199,199,0,"OK","P14-C009",8,30,625,0.3,"swmdk_like","weak","exact_knot",8,29,0.148579412448211,0,2,0.103000000000002
"V4-CMP-IID-RESP-BB-v1","WORKING-INDEPENDENCE-RESPONDENT",0.106531372405721,0.11743975074426,-0.0109083783385387,0.0760429995209844,0.140070902793705,0.108056951157345,0.0640279032727203,0.0158638253720632,TRUE,199,199,0,"OK","P14-C009",8,30,625,0.3,"swmdk_like","weak","exact_knot",8,29,0.148579412448211,0,2,0.103000000000002
"V4-CMP-TWO-STAGE-FREQ-BOOT-RESP-v1","V4-TARGET-RESPONDENT-WEIGHTED-v1",0.106531372405721,0.11743975074426,-0.0109083783385387,0.064559230573445,0.160009043919603,0.112284137246524,0.0954498133461577,0.0243025439845284,TRUE,199,199,0,"OK","P14-C009",8,30,625,0.3,"swmdk_like","weak","exact_knot",8,29,0.148579412448211,0,2,0.103000000000002
"V4-CMP-MOKKEN-TWOLEVEL-DELTA-v1","V4-TARGET-RESPONDENT-WEIGHTED-v1",0.106531372405709,0.11743975074426,-0.0109083783385504,0.062684922959734,0.150377821851685,0.106531372405709,0.0876928988919505,0.0223710485457031,TRUE,,,0,"OK","P14-C009",8,30,625,0.3,"swmdk_like","weak","exact_knot",8,29,0.148579412448211,0,2,0.103000000000002
"V4-PRI-TWO-STAGE-HBB-RESP-v1","V4-TARGET-RESPONDENT-WEIGHTED-v1",0.122434555383858,0.11743975074426,0.00499480463959828,0.0721245314499826,0.175996336122962,0.124060433786472,0.103871804672979,0.028001437262591,TRUE,199,199,0,"OK","P14-C009",9,30,664,0.3,"swmdk_like","weak","exact_knot",5,29,-0.0812320566458973,0,1,0.107999999999997
"V4-SENS-TWO-STAGE-HBB-CLUSTER-v1","V4-TARGET-EQUAL-CLUSTER-v1",0.116004682287568,0.11743975074426,-0.00143506845669222,0.0602584914643905,0.174179003024307,0.117218747244349,0.113920511559916,0.029024853890307,TRUE,199,199,0,"OK","P14-C009",9,30,664,0.3,"swmdk_like","weak","exact_knot",5,29,-0.0812320566458973,0,1,0.107999999999997
"V4-CMP-ONE-STAGE-CLUSTER-BB-RESP-v1","V4-TARGET-RESPONDENT-WEIGHTED-v1",0.122434555383858,0.11743975074426,0.00499480463959828,0.0881185069762751,0.159116409776873,0.123617458376574,0.0709979028005976,0.0183598056869891,TRUE,199,199,0,"OK","P14-C009",9,30,664,0.3,"swmdk_like","weak","exact_knot",5,29,-0.0812320566458973,0,1,0.107999999999997
"V4-CMP-IID-RESP-BB-v1","WORKING-INDEPENDENCE-RESPONDENT",0.122434555383858,0.11743975074426,0.00499480463959828,0.0896634223814892,0.160445481754667,0.125054452068078,0.0707820593731782,0.017203507190215,TRUE,199,199,0,"OK","P14-C009",9,30,664,0.3,"swmdk_like","weak","exact_knot",5,29,-0.0812320566458973,0,1,0.107999999999997
"V4-CMP-TWO-STAGE-FREQ-BOOT-RESP-v1","V4-TARGET-RESPONDENT-WEIGHTED-v1",0.122434555383858,0.11743975074426,0.00499480463959828,0.0721807466247415,0.163908480339824,0.118044613482283,0.0917277337150826,0.0247526058078298,TRUE,199,199,0,"OK","P14-C009",9,30,664,0.3,"swmdk_like","weak","exact_knot",5,29,-0.0812320566458973,0,1,0.107999999999997
"V4-CMP-MOKKEN-TWOLEVEL-DELTA-v1","V4-TARGET-RESPONDENT-WEIGHTED-v1",0.122434555383844,0.11743975074426,0.00499480463958411,0.0815740207767145,0.163295089990973,0.122434555383844,0.0817210692142586,0.0208475946136929,TRUE,,,0,"OK","P14-C009",9,30,664,0.3,"swmdk_like","weak","exact_knot",5,29,-0.0812320566458973,0,1,0.107999999999997
"V4-PRI-TWO-STAGE-HBB-RESP-v1","V4-TARGET-RESPONDENT-WEIGHTED-v1",0.111555553351255,0.11743975074426,-0.00588419739300439,0.0695817332381003,0.160819951244119,0.11520084224111,0.0912382180060186,0.0237738470935809,TRUE,199,199,0,"OK","P14-C009",10,30,637,0.3,"swmdk_like","weak","exact_knot",5,29,-0.118577427866583,0,1,0.103999999999999
"V4-SENS-TWO-STAGE-HBB-CLUSTER-v1","V4-TARGET-EQUAL-CLUSTER-v1",0.0979034038871276,0.11743975074426,-0.0195363468571322,0.0500156430653749,0.141161159180938,0.0955884011231563,0.0911455161155627,0.0236684085429033,TRUE,199,199,0,"OK","P14-C009",10,30,637,0.3,"swmdk_like","weak","exact_knot",5,29,-0.118577427866583,0,1,0.103999999999999
"V4-CMP-ONE-STAGE-CLUSTER-BB-RESP-v1","V4-TARGET-RESPONDENT-WEIGHTED-v1",0.111555553351255,0.11743975074426,-0.00588419739300439,0.0822538234945256,0.137045456126572,0.109649639810549,0.0547916326320468,0.0138463086550141,TRUE,199,199,0,"OK","P14-C009",10,30,637,0.3,"swmdk_like","weak","exact_knot",5,29,-0.118577427866583,0,1,0.103999999999999
"V4-CMP-IID-RESP-BB-v1","WORKING-INDEPENDENCE-RESPONDENT",0.111555553351255,0.11743975074426,-0.00588419739300439,0.0821733708358644,0.14265449595434,0.112413933395102,0.060481125118476,0.0153995555618518,TRUE,199,199,0,"OK","P14-C009",10,30,637,0.3,"swmdk_like","weak","exact_knot",5,29,-0.118577427866583,0,1,0.103999999999999
"V4-CMP-TWO-STAGE-FREQ-BOOT-RESP-v1","V4-TARGET-RESPONDENT-WEIGHTED-v1",0.111555553351255,0.11743975074426,-0.00588419739300439,0.0704039860364093,0.149543368767976,0.109973677402193,0.0791393827315666,0.0211921052186102,TRUE,199,199,0,"OK","P14-C009",10,30,637,0.3,"swmdk_like","weak","exact_knot",5,29,-0.118577427866583,0,1,0.103999999999999
"V4-CMP-MOKKEN-TWOLEVEL-DELTA-v1","V4-TARGET-RESPONDENT-WEIGHTED-v1",0.111555553351256,0.11743975074426,-0.00588419739300407,0.0758336568216494,0.147277449880862,0.111555553351256,0.0714437930592126,0.0182257923162752,TRUE,,,0,"OK","P14-C009",10,30,637,0.3,"swmdk_like","weak","exact_knot",5,29,-0.118577427866583,0,1,0.103999999999999
"V4-PRI-TWO-STAGE-HBB-RESP-v1","V4-TARGET-RESPONDENT-WEIGHTED-v1",0.121494800371665,0.11743975074426,0.0040550496274051,0.0682893961632998,0.186158966152624,0.127224181157962,0.117869569989324,0.0300493255341001,TRUE,199,199,0,"OK","P14-C009",11,30,680,0.3,"swmdk_like","weak","exact_knot",10,29,0.185423905210145,0.00147058823529411,0,0.106999999999999
"V4-SENS-TWO-STAGE-HBB-CLUSTER-v1","V4-TARGET-EQUAL-CLUSTER-v1",0.122997765128959,0.11743975074426,0.00555801438469877,0.0680501016439905,0.183123915531365,0.125587008587678,0.115073813887374,0.0292334705264129,TRUE,199,199,0,"OK","P14-C009",11,30,680,0.3,"swmdk_like","weak","exact_knot",10,29,0.185423905210145,0.00147058823529411,0,0.106999999999999
"V4-CMP-ONE-STAGE-CLUSTER-BB-RESP-v1","V4-TARGET-RESPONDENT-WEIGHTED-v1",0.121494800371665,0.11743975074426,0.0040550496274051,0.082453923555469,0.163465447330191,0.12295968544283,0.0810115237747222,0.0225504406603371,TRUE,199,199,0,"OK","P14-C009",11,30,680,0.3,"swmdk_like","weak","exact_knot",10,29,0.185423905210145,0.00147058823529411,0,0.106999999999999
"V4-CMP-IID-RESP-BB-v1","WORKING-INDEPENDENCE-RESPONDENT",0.121494800371665,0.11743975074426,0.0040550496274051,0.0891002684358454,0.151615179360587,0.120357723898216,0.062514910924742,0.0154652959272001,TRUE,199,199,0,"OK","P14-C009",11,30,680,0.3,"swmdk_like","weak","exact_knot",10,29,0.185423905210145,0.00147058823529411,0,0.106999999999999
"V4-CMP-TWO-STAGE-FREQ-BOOT-RESP-v1","V4-TARGET-RESPONDENT-WEIGHTED-v1",0.121494800371665,0.11743975074426,0.0040550496274051,0.0685153922706378,0.174090046551508,0.121302719411073,0.105574654280871,0.0265400087290497,TRUE,199,199,0,"OK","P14-C009",11,30,680,0.3,"swmdk_like","weak","exact_knot",10,29,0.185423905210145,0.00147058823529411,0,0.106999999999999
"V4-CMP-MOKKEN-TWOLEVEL-DELTA-v1","V4-TARGET-RESPONDENT-WEIGHTED-v1",0.121494800371659,0.11743975074426,0.00405504962739899,0.0725860939612841,0.170403506782033,0.121494800371659,0.0978174128207493,0.0249538801713502,TRUE,,,0,"OK","P14-C009",11,30,680,0.3,"swmdk_like","weak","exact_knot",10,29,0.185423905210145,0.00147058823529411,0,0.106999999999999
"V4-PRI-TWO-STAGE-HBB-RESP-v1","V4-TARGET-RESPONDENT-WEIGHTED-v1",0.0799668104778747,0.11743975074426,-0.037472940266385,0.0302028382684504,0.140073005834538,0.0851379220514942,0.109870167566088,0.0273015469050895,TRUE,199,199,0,"OK","P14-C009",12,30,661,0.3,"swmdk_like","weak","exact_knot",5,29,-0.164998293981263,0.00151285930408473,0,0.102000000000004
"V4-SENS-TWO-STAGE-HBB-CLUSTER-v1","V4-TARGET-EQUAL-CLUSTER-v1",0.0805995412456825,0.11743975074426,-0.0368402094985772,0.0307104176298567,0.136241026392844,0.0834757220113505,0.105530608762988,0.0267657876156079,TRUE,199,199,0,"OK","P14-C009",12,30,661,0.3,"swmdk_like","weak","exact_knot",5,29,-0.164998293981263,0.00151285930408473,0,0.102000000000004
"V4-CMP-ONE-STAGE-CLUSTER-BB-RESP-v1","V4-TARGET-RESPONDENT-WEIGHTED-v1",0.0799668104778747,0.11743975074426,-0.037472940266385,0.0413698507486059,0.116094388445885,0.0787321195972455,0.0747245376972791,0.0171576415721444,FALSE,199,199,0,"OK","P14-C009",12,30,661,0.3,"swmdk_like","weak","exact_knot",5,29,-0.164998293981263,0.00151285930408473,0,0.102000000000004
"V4-CMP-IID-RESP-BB-v1","WORKING-INDEPENDENCE-RESPONDENT",0.0799668104778747,0.11743975074426,-0.037472940266385,0.0516376506721627,0.112532018828029,0.082084834750096,0.0608943681558666,0.0156353555527592,FALSE,199,199,0,"OK","P14-C009",12,30,661,0.3,"swmdk_like","weak","exact_knot",5,29,-0.164998293981263,0.00151285930408473,0,0.102000000000004
"V4-CMP-TWO-STAGE-FREQ-BOOT-RESP-v1","V4-TARGET-RESPONDENT-WEIGHTED-v1",0.0799668104778747,0.11743975074426,-0.037472940266385,0.0317296764160721,0.126964641179412,0.0793471587977421,0.0952349647633401,0.0225251203400914,TRUE,199,199,0,"OK","P14-C009",12,30,661,0.3,"swmdk_like","weak","exact_knot",5,29,-0.164998293981263,0.00151285930408473,0,0.102000000000004
"V4-CMP-MOKKEN-TWOLEVEL-DELTA-v1","V4-TARGET-RESPONDENT-WEIGHTED-v1",0.0799668104778855,0.11743975074426,-0.0374729402663743,0.0393948713170259,0.120538749638745,0.0799668104778855,0.081143878321719,0.0207003493333989,TRUE,,,0,"OK","P14-C009",12,30,661,0.3,"swmdk_like","weak","exact_knot",5,29,-0.164998293981263,0.00151285930408473,0,0.102000000000004
"V4-PRI-TWO-STAGE-HBB-RESP-v1","V4-TARGET-RESPONDENT-WEIGHTED-v1",0.130950620794078,0.11743975074426,0.0135108700498182,0.0854731390202886,0.183412735093511,0.1344429370569,0.0979395960732224,0.0237160860904756,TRUE,199,199,0,"OK","P14-C009",13,30,627,0.3,"swmdk_like","weak","exact_knot",5,28,0.131911443386631,0,1,0.0970000000000013
"V4-SENS-TWO-STAGE-HBB-CLUSTER-v1","V4-TARGET-EQUAL-CLUSTER-v1",0.122851147947703,0.11743975074426,0.00541139720344351,0.0718659609602806,0.181056715659987,0.126461338310134,0.109190754699707,0.0288321342220707,TRUE,199,199,0,"OK","P14-C009",13,30,627,0.3,"swmdk_like","weak","exact_knot",5,28,0.131911443386631,0,1,0.0970000000000013
"V4-CMP-ONE-STAGE-CLUSTER-BB-RESP-v1","V4-TARGET-RESPONDENT-WEIGHTED-v1",0.130950620794078,0.11743975074426,0.0135108700498182,0.103340987781533,0.157625553168026,0.130483270474779,0.0542845653864925,0.0143712061589031,TRUE,199,199,0,"OK","P14-C009",13,30,627,0.3,"swmdk_like","weak","exact_knot",5,28,0.131911443386631,0,1,0.0970000000000013
"V4-CMP-IID-RESP-BB-v1","WORKING-INDEPENDENCE-RESPONDENT",0.130950620794078,0.11743975074426,0.0135108700498182,0.100807142681268,0.166903740045271,0.133855441363269,0.066096597364003,0.0175487219559523,TRUE,199,199,0,"OK","P14-C009",13,30,627,0.3,"swmdk_like","weak","exact_knot",5,28,0.131911443386631,0,1,0.0970000000000013
"V4-CMP-TWO-STAGE-FREQ-BOOT-RESP-v1","V4-TARGET-RESPONDENT-WEIGHTED-v1",0.130950620794078,0.11743975074426,0.0135108700498182,0.0825099966903106,0.17154041397488,0.127025205332595,0.0890304172845697,0.022649903876361,TRUE,199,199,0,"OK","P14-C009",13,30,627,0.3,"swmdk_like","weak","exact_knot",5,28,0.131911443386631,0,1,0.0970000000000013
"V4-CMP-MOKKEN-TWOLEVEL-DELTA-v1","V4-TARGET-RESPONDENT-WEIGHTED-v1",0.130950620794062,0.11743975074426,0.0135108700498025,0.0954451005731455,0.166456141014979,0.130950620794062,0.0710110404418336,0.0181153942118222,TRUE,,,0,"OK","P14-C009",13,30,627,0.3,"swmdk_like","weak","exact_knot",5,28,0.131911443386631,0,1,0.0970000000000013
"V4-PRI-TWO-STAGE-HBB-RESP-v1","V4-TARGET-RESPONDENT-WEIGHTED-v1",0.083945021017133,0.11743975074426,-0.0334947297271268,0.0224097361624493,0.143014443743614,0.0827120899530319,0.120604707581165,0.0307229109931633,TRUE,199,199,0,"OK","P14-C009",14,30,561,0.3,"swmdk_like","weak","exact_knot",5,29,-0.0716999669359047,0.00178253119429583,0,0.0929999999999964
"V4-SENS-TWO-STAGE-HBB-CLUSTER-v1","V4-TARGET-EQUAL-CLUSTER-v1",0.062902672800369,0.11743975074426,-0.0545370779438907,0.00298115795426424,0.130484290955258,0.0667327244547612,0.127503133000994,0.0323149515529887,TRUE,199,199,0,"OK","P14-C009",14,30,561,0.3,"swmdk_like","weak","exact_knot",5,29,-0.0716999669359047,0.00178253119429583,0,0.0929999999999964
"V4-CMP-ONE-STAGE-CLUSTER-BB-RESP-v1","V4-TARGET-RESPONDENT-WEIGHTED-v1",0.083945021017133,0.11743975074426,-0.0334947297271268,0.0487393685050465,0.125005738939796,0.0868725537224212,0.0762663704347493,0.0207531430706385,TRUE,199,199,0,"OK","P14-C009",14,30,561,0.3,"swmdk_like","weak","exact_knot",5,29,-0.0716999669359047,0.00178253119429583,0,0.0929999999999964
"V4-CMP-IID-RESP-BB-v1","WORKING-INDEPENDENCE-RESPONDENT",0.083945021017133,0.11743975074426,-0.0334947297271268,0.048604336542856,0.127637826881898,0.0881210817123772,0.0790334903390424,0.0184469166742211,TRUE,199,199,0,"OK","P14-C009",14,30,561,0.3,"swmdk_like","weak","exact_knot",5,29,-0.0716999669359047,0.00178253119429583,0,0.0929999999999964
"V4-CMP-TWO-STAGE-FREQ-BOOT-RESP-v1","V4-TARGET-RESPONDENT-WEIGHTED-v1",0.083945021017133,0.11743975074426,-0.0334947297271268,0.0303476281332612,0.135828882205555,0.0830882551694079,0.105481254072293,0.0267757583356113,TRUE,199,199,0,"OK","P14-C009",14,30,561,0.3,"swmdk_like","weak","exact_knot",5,29,-0.0716999669359047,0.00178253119429583,0,0.0929999999999964
"V4-CMP-MOKKEN-TWOLEVEL-DELTA-v1","V4-TARGET-RESPONDENT-WEIGHTED-v1",0.0839450210171215,0.11743975074426,-0.0334947297271382,0.0419900903163718,0.125899951717871,0.0839450210171215,0.0839098614014994,0.0214059702278638,TRUE,,,0,"OK","P14-C009",14,30,561,0.3,"swmdk_like","weak","exact_knot",5,29,-0.0716999669359047,0.00178253119429583,0,0.0929999999999964
"V4-PRI-TWO-STAGE-HBB-RESP-v1","V4-TARGET-RESPONDENT-WEIGHTED-v1",0.109598041448555,0.11743975074426,-0.00784170929570505,0.0570651319618501,0.175319086242597,0.116192109102223,0.118253954280747,0.0301916000748564,TRUE,199,199,0,"OK","P14-C009",15,30,586,0.3,"swmdk_like","weak","exact_knot",5,29,-0.28602030052452,0,1,0.0940000000000012
"V4-SENS-TWO-STAGE-HBB-CLUSTER-v1","V4-TARGET-EQUAL-CLUSTER-v1",0.111545826590506,0.11743975074426,-0.00589392415375375,0.06429404352424,0.179852014043586,0.122073028783913,0.115557970519346,0.029946399367791,TRUE,199,199,0,"OK","P14-C009",15,30,586,0.3,"swmdk_like","weak","exact_knot",5,29,-0.28602030052452,0,1,0.0940000000000012
"V4-CMP-ONE-STAGE-CLUSTER-BB-RESP-v1","V4-TARGET-RESPONDENT-WEIGHTED-v1",0.109598041448555,0.11743975074426,-0.00784170929570505,0.0749930103653458,0.145254980493289,0.110123995429317,0.0702619701279428,0.017872941420043,TRUE,199,199,0,"OK","P14-C009",15,30,586,0.3,"swmdk_like","weak","exact_knot",5,29,-0.28602030052452,0,1,0.0940000000000012
"V4-CMP-IID-RESP-BB-v1","WORKING-INDEPENDENCE-RESPONDENT",0.109598041448555,0.11743975074426,-0.00784170929570505,0.0799036701876432,0.144059755921521,0.111981713054582,0.0641560857338777,0.0167644841602753,TRUE,199,199,0,"OK","P14-C009",15,30,586,0.3,"swmdk_like","weak","exact_knot",5,29,-0.28602030052452,0,1,0.0940000000000012
"V4-CMP-TWO-STAGE-FREQ-BOOT-RESP-v1","V4-TARGET-RESPONDENT-WEIGHTED-v1",0.109598041448555,0.11743975074426,-0.00784170929570505,0.0577933975017931,0.162856163903632,0.110324780702712,0.105062766401839,0.0264391633871815,TRUE,199,199,0,"OK","P14-C009",15,30,586,0.3,"swmdk_like","weak","exact_knot",5,29,-0.28602030052452,0,1,0.0940000000000012
"V4-CMP-MOKKEN-TWOLEVEL-DELTA-v1","V4-TARGET-RESPONDENT-WEIGHTED-v1",0.109598041448538,0.11743975074426,-0.00784170929572216,0.069334084241993,0.149861998655082,0.109598041448538,0.0805279144130892,0.0205432127958175,TRUE,,,0,"OK","P14-C009",15,30,586,0.3,"swmdk_like","weak","exact_knot",5,29,-0.28602030052452,0,1,0.0940000000000012
"V4-PRI-TWO-STAGE-HBB-RESP-v1","V4-TARGET-RESPONDENT-WEIGHTED-v1",0.162905882805191,0.11743975074426,0.0454661320609316,0.101924729962571,0.222116439344344,0.162020584653458,0.120191709381773,0.0300633707698089,TRUE,199,199,0,"OK","P14-C009",16,30,624,0.3,"swmdk_like","weak","exact_knot",5,29,0.0891928777295765,0.0016025641025641,0,0.107999999999997
"V4-SENS-TWO-STAGE-HBB-CLUSTER-v1","V4-TARGET-EQUAL-CLUSTER-v1",0.165197611729725,0.11743975074426,0.0477578609854653,0.104608152218767,0.234585959537524,0.169597055878146,0.129977807318757,0.0298873121562784,TRUE,199,199,0,"OK","P14-C009",16,30,624,0.3,"swmdk_like","weak","exact_knot",5,29,0.0891928777295765,0.0016025641025641,0,0.107999999999997
"V4-CMP-ONE-STAGE-CLUSTER-BB-RESP-v1","V4-TARGET-RESPONDENT-WEIGHTED-v1",0.162905882805191,0.11743975074426,0.0454661320609316,0.133406889302904,0.21242172387824,0.172914306590572,0.0790148345753356,0.0181009829338327,FALSE,199,199,0,"OK","P14-C009",16,30,624,0.3,"swmdk_like","weak","exact_knot",5,29,0.0891928777295765,0.0016025641025641,0,0.107999999999997
"V4-CMP-IID-RESP-BB-v1","WORKING-INDEPENDENCE-RESPONDENT",0.162905882805191,0.11743975074426,0.0454661320609316,0.128832042258352,0.20131021024864,0.165071126253496,0.072478167990288,0.0184738554120344,FALSE,199,199,0,"OK","P14-C009",16,30,624,0.3,"swmdk_like","weak","exact_knot",5,29,0.0891928777295765,0.0016025641025641,0,0.107999999999997
"V4-CMP-TWO-STAGE-FREQ-BOOT-RESP-v1","V4-TARGET-RESPONDENT-WEIGHTED-v1",0.162905882805191,0.11743975074426,0.0454661320609316,0.117302150263787,0.217437543278494,0.16736984677114,0.100135393014707,0.0258176255800545,TRUE,199,199,0,"OK","P14-C009",16,30,624,0.3,"swmdk_like","weak","exact_knot",5,29,0.0891928777295765,0.0016025641025641,0,0.107999999999997
"V4-CMP-MOKKEN-TWOLEVEL-DELTA-v1","V4-TARGET-RESPONDENT-WEIGHTED-v1",0.162905882805184,0.11743975074426,0.0454661320609245,0.120422930880571,0.205388834729797,0.162905882805184,0.0849659038492261,0.0216753737618207,FALSE,,,0,"OK","P14-C009",16,30,624,0.3,"swmdk_like","weak","exact_knot",5,29,0.0891928777295765,0.0016025641025641,0,0.107999999999997
"V4-PRI-TWO-STAGE-HBB-RESP-v1","V4-TARGET-RESPONDENT-WEIGHTED-v1",0.115242022258615,0.11743975074426,-0.00219772848564516,0.0687299077282424,0.186822823558369,0.127776365643306,0.118092915830127,0.0285042614870805,TRUE,199,199,0,"OK","P14-C009",17,30,580,0.3,"swmdk_like","weak","exact_knot",8,29,-0.149584296123749,0.00172413793103449,0,0.0930000000000035
"V4-SENS-TWO-STAGE-HBB-CLUSTER-v1","V4-TARGET-EQUAL-CLUSTER-v1",0.102378532500316,0.11743975074426,-0.015061218243944,0.0442313200715157,0.151752079356957,0.0979916997142365,0.107520759285441,0.0279684929335472,TRUE,199,199,0,"OK","P14-C009",17,30,580,0.3,"swmdk_like","weak","exact_knot",8,29,-0.149584296123749,0.00172413793103449,0,0.0930000000000035
"V4-CMP-ONE-STAGE-CLUSTER-BB-RESP-v1","V4-TARGET-RESPONDENT-WEIGHTED-v1",0.115242022258615,0.11743975074426,-0.00219772848564516,0.0863704371078918,0.145891525892853,0.116130981500372,0.0595210887849608,0.0163989929790049,TRUE,199,199,0,"OK","P14-C009",17,30,580,0.3,"swmdk_like","weak","exact_knot",8,29,-0.149584296123749,0.00172413793103449,0,0.0930000000000035
"V4-CMP-IID-RESP-BB-v1","WORKING-INDEPENDENCE-RESPONDENT",0.115242022258615,0.11743975074426,-0.00219772848564516,0.0808319546010868,0.152405341600952,0.116618648101019,0.0715733869998652,0.017529389903304,TRUE,199,199,0,"OK","P14-C009",17,30,580,0.3,"swmdk_like","weak","exact_knot",8,29,-0.149584296123749,0.00172413793103449,0,0.0930000000000035
"V4-CMP-TWO-STAGE-FREQ-BOOT-RESP-v1","V4-TARGET-RESPONDENT-WEIGHTED-v1",0.115242022258615,0.11743975074426,-0.00219772848564516,0.0659937497473592,0.159252795407631,0.112623272577495,0.0932590456602715,0.0242794086324734,TRUE,199,199,0,"OK","P14-C009",17,30,580,0.3,"swmdk_like","weak","exact_knot",8,29,-0.149584296123749,0.00172413793103449,0,0.0930000000000035
"V4-CMP-MOKKEN-TWOLEVEL-DELTA-v1","V4-TARGET-RESPONDENT-WEIGHTED-v1",0.115242022258627,0.11743975074426,-0.00219772848563272,0.0735508298252213,0.156933214692033,0.115242022258627,0.0833823848668114,0.0212714074147589,TRUE,,,0,"OK","P14-C009",17,30,580,0.3,"swmdk_like","weak","exact_knot",8,29,-0.149584296123749,0.00172413793103449,0,0.0930000000000035
"V4-PRI-TWO-STAGE-HBB-RESP-v1","V4-TARGET-RESPONDENT-WEIGHTED-v1",0.114144910136541,0.11743975074426,-0.00329484060771841,0.0700618360559382,0.166862033744463,0.118461934900201,0.0968001976885251,0.0239144169918217,TRUE,199,199,0,"OK","P14-C009",18,30,660,0.3,"swmdk_like","weak","exact_knot",5,29,0.0763533366927485,0,1,0.101999999999997
"V4-SENS-TWO-STAGE-HBB-CLUSTER-v1","V4-TARGET-EQUAL-CLUSTER-v1",0.111583297578014,0.11743975074426,-0.00585645316624588,0.0638715828108112,0.172961659153901,0.118416620982356,0.10909007634309,0.027036516404449,TRUE,199,199,0,"OK","P14-C009",18,30,660,0.3,"swmdk_like","weak","exact_knot",5,29,0.0763533366927485,0,1,0.101999999999997
"V4-CMP-ONE-STAGE-CLUSTER-BB-RESP-v1","V4-TARGET-RESPONDENT-WEIGHTED-v1",0.114144910136541,0.11743975074426,-0.00329484060771841,0.087079327900101,0.137356056574374,0.112217692237238,0.0502767286742732,0.0130065308044829,TRUE,199,199,0,"OK","P14-C009",18,30,660,0.3,"swmdk_like","weak","exact_knot",5,29,0.0763533366927485,0,1,0.101999999999997
"V4-CMP-IID-RESP-BB-v1","WORKING-INDEPENDENCE-RESPONDENT",0.114144910136541,0.11743975074426,-0.00329484060771841,0.0888029963907061,0.145668765360604,0.117235880875655,0.056865768969898,0.0156656586721432,TRUE,199,199,0,"OK","P14-C009",18,30,660,0.3,"swmdk_like","weak","exact_knot",5,29,0.0763533366927485,0,1,0.101999999999997
"V4-CMP-TWO-STAGE-FREQ-BOOT-RESP-v1","V4-TARGET-RESPONDENT-WEIGHTED-v1",0.114144910136541,0.11743975074426,-0.00329484060771841,0.077652726562532,0.147619025845515,0.112635876204023,0.069966299282983,0.0198484432730247,TRUE,199,199,0,"OK","P14-C009",18,30,660,0.3,"swmdk_like","weak","exact_knot",5,29,0.0763533366927485,0,1,0.101999999999997
"V4-CMP-MOKKEN-TWOLEVEL-DELTA-v1","V4-TARGET-RESPONDENT-WEIGHTED-v1",0.114144910136554,0.11743975074426,-0.00329484060770537,0.0790711208906819,0.149218699382427,0.114144910136554,0.0701475784917449,0.0178951192585833,TRUE,,,0,"OK","P14-C009",18,30,660,0.3,"swmdk_like","weak","exact_knot",5,29,0.0763533366927485,0,1,0.101999999999997
"V4-PRI-TWO-STAGE-HBB-RESP-v1","V4-TARGET-RESPONDENT-WEIGHTED-v1",0.105607914537574,0.11743975074426,-0.0118318362066857,0.0533894988391895,0.164850878868988,0.109120188854089,0.111461380029798,0.0283352616022502,TRUE,199,199,0,"OK","P14-C009",19,30,606,0.3,"swmdk_like","weak","exact_knot",5,29,-0.570329159364836,0,2,0.095000000000006
"V4-SENS-TWO-STAGE-HBB-CLUSTER-v1","V4-TARGET-EQUAL-CLUSTER-v1",0.117643067748373,0.11743975074426,0.000203317004112816,0.0623794101512034,0.186401051877034,0.124390231014119,0.124021641725831,0.0322045453570122,TRUE,199,199,0,"OK","P14-C009",19,30,606,0.3,"swmdk_like","weak","exact_knot",5,29,-0.570329159364836,0,2,0.095000000000006
"V4-CMP-ONE-STAGE-CLUSTER-BB-RESP-v1","V4-TARGET-RESPONDENT-WEIGHTED-v1",0.105607914537574,0.11743975074426,-0.0118318362066857,0.0718006030743583,0.133088481047489,0.102444542060924,0.0612878779731307,0.0161422121093718,TRUE,199,199,0,"OK","P14-C009",19,30,606,0.3,"swmdk_like","weak","exact_knot",5,29,-0.570329159364836,0,2,0.095000000000006
"V4-CMP-IID-RESP-BB-v1","WORKING-INDEPENDENCE-RESPONDENT",0.105607914537574,0.11743975074426,-0.0118318362066857,0.0742565400926783,0.145075824176084,0.109666182134381,0.0708192840834061,0.016609887252702,TRUE,199,199,0,"OK","P14-C009",19,30,606,0.3,"swmdk_like","weak","exact_knot",5,29,-0.570329159364836,0,2,0.095000000000006
"V4-CMP-TWO-STAGE-FREQ-BOOT-RESP-v1","V4-TARGET-RESPONDENT-WEIGHTED-v1",0.105607914537574,0.11743975074426,-0.0118318362066857,0.0629683175987355,0.15374674062853,0.108357529113633,0.0907784230297947,0.0239702646772916,TRUE,199,199,0,"OK","P14-C009",19,30,606,0.3,"swmdk_like","weak","exact_knot",5,29,-0.570329159364836,0,2,0.095000000000006
"V4-CMP-MOKKEN-TWOLEVEL-DELTA-v1","V4-TARGET-RESPONDENT-WEIGHTED-v1",0.105607914537585,0.11743975074426,-0.011831836206675,0.0674537892728947,0.143762039802275,0.105607914537585,0.0763082505293801,0.0194667481472338,TRUE,,,0,"OK","P14-C009",19,30,606,0.3,"swmdk_like","weak","exact_knot",5,29,-0.570329159364836,0,2,0.095000000000006
"V4-PRI-TWO-STAGE-HBB-RESP-v1","V4-TARGET-RESPONDENT-WEIGHTED-v1",0.142783400990993,0.11743975074426,0.0253436502467333,0.0942342329624998,0.199523354555536,0.146878793759018,0.105289121593036,0.0266518969851838,TRUE,199,199,0,"OK","P14-C009",20,30,663,0.3,"swmdk_like","weak","exact_knot",10,29,0.0508257394462339,0.00150829562594268,0,0.113999999999997
"V4-SENS-TWO-STAGE-HBB-CLUSTER-v1","V4-TARGET-EQUAL-CLUSTER-v1",0.147080765127904,0.11743975074426,0.0296410143836442,0.0947091929056419,0.200285014568773,0.147497103737207,0.105575821663131,0.0294661449267822,TRUE,199,199,0,"OK","P14-C009",20,30,663,0.3,"swmdk_like","weak","exact_knot",10,29,0.0508257394462339,0.00150829562594268,0,0.113999999999997
"V4-CMP-ONE-STAGE-CLUSTER-BB-RESP-v1","V4-TARGET-RESPONDENT-WEIGHTED-v1",0.142783400990993,0.11743975074426,0.0253436502467333,0.111899284843432,0.172564519101368,0.1422319019724,0.060665234257936,0.0158384733836354,TRUE,199,199,0,"OK","P14-C009",20,30,663,0.3,"swmdk_like","weak","exact_knot",10,29,0.0508257394462339,0.00150829562594268,0,0.113999999999997
"V4-CMP-IID-RESP-BB-v1","WORKING-INDEPENDENCE-RESPONDENT",0.142783400990993,0.11743975074426,0.0253436502467333,0.10933891423327,0.179145369664405,0.144242141948837,0.0698064554311347,0.0171156170365235,TRUE,199,199,0,"OK","P14-C009",20,30,663,0.3,"swmdk_like","weak","exact_knot",10,29,0.0508257394462339,0.00150829562594268,0,0.113999999999997
"V4-CMP-TWO-STAGE-FREQ-BOOT-RESP-v1","V4-TARGET-RESPONDENT-WEIGHTED-v1",0.142783400990993,0.11743975074426,0.0253436502467333,0.0886099330946128,0.186993853209876,0.137801893152244,0.0983839201152631,0.0233834110945017,TRUE,199,199,0,"OK","P14-C009",20,30,663,0.3,"swmdk_like","weak","exact_knot",10,29,0.0508257394462339,0.00150829562594268,0,0.113999999999997
"V4-CMP-MOKKEN-TWOLEVEL-DELTA-v1","V4-TARGET-RESPONDENT-WEIGHTED-v1",0.142783400990989,0.11743975074426,0.0253436502467289,0.0984291082850326,0.187137693696945,0.142783400990989,0.0887085854119121,0.0226301570109538,TRUE,,,0,"OK","P14-C009",20,30,663,0.3,"swmdk_like","weak","exact_knot",10,29,0.0508257394462339,0.00150829562594268,0,0.113999999999997
"V4-PRI-TWO-STAGE-HBB-RESP-v1","V4-TARGET-RESPONDENT-WEIGHTED-v1",0.120404201896613,0.11743975074426,0.00296445115235343,0.0727416181773432,0.16872212890153,0.120731873539437,0.0959805107241872,0.0238263206793715,TRUE,199,199,0,"OK","P14-C009",21,30,662,0.3,"swmdk_like","weak","exact_knot",8,29,-0.284514560072361,0,1,0.100999999999999
"V4-SENS-TWO-STAGE-HBB-CLUSTER-v1","V4-TARGET-EQUAL-CLUSTER-v1",0.123098365163745,0.11743975074426,0.00565861441948545,0.068259628040524,0.190235125510006,0.129247376775265,0.121975497469482,0.0293517850029738,TRUE,199,199,0,"OK","P14-C009",21,30,662,0.3,"swmdk_like","weak","exact_knot",8,29,-0.284514560072361,0,1,0.100999999999999
"V4-CMP-ONE-STAGE-CLUSTER-BB-RESP-v1","V4-TARGET-RESPONDENT-WEIGHTED-v1",0.120404201896613,0.11743975074426,0.00296445115235343,0.0892792656170739,0.150633417269442,0.119956341443258,0.061354151652368,0.0152588194736404,TRUE,199,199,0,"OK","P14-C009",21,30,662,0.3,"swmdk_like","weak","exact_knot",8,29,-0.284514560072361,0,1,0.100999999999999
"V4-CMP-IID-RESP-BB-v1","WORKING-INDEPENDENCE-RESPONDENT",0.120404201896613,0.11743975074426,0.00296445115235343,0.0939408298904391,0.165448188908969,0.129694509399704,0.0715073590185294,0.0165626996548088,TRUE,199,199,0,"OK","P14-C009",21,30,662,0.3,"swmdk_like","weak","exact_knot",8,29,-0.284514560072361,0,1,0.100999999999999
"V4-CMP-TWO-STAGE-FREQ-BOOT-RESP-v1","V4-TARGET-RESPONDENT-WEIGHTED-v1",0.120404201896613,0.11743975074426,0.00296445115235343,0.0708323586233881,0.161935285799641,0.116383822211515,0.091102927176253,0.0228546896824371,TRUE,199,199,0,"OK","P14-C009",21,30,662,0.3,"swmdk_like","weak","exact_knot",8,29,-0.284514560072361,0,1,0.100999999999999
"V4-CMP-MOKKEN-TWOLEVEL-DELTA-v1","V4-TARGET-RESPONDENT-WEIGHTED-v1",0.120404201896598,0.11743975074426,0.00296445115233822,0.0790874036186157,0.16172100017458,0.120404201896598,0.0826335965559645,0.0210803864784679,TRUE,,,0,"OK","P14-C009",21,30,662,0.3,"swmdk_like","weak","exact_knot",8,29,-0.284514560072361,0,1,0.100999999999999
"V4-PRI-TWO-STAGE-HBB-RESP-v1","V4-TARGET-RESPONDENT-WEIGHTED-v1",0.138130394691234,0.11743975074426,0.0206906439469743,0.0825503608868573,0.200553265902656,0.141551813394757,0.118002905015799,0.0323419596728843,TRUE,199,199,0,"OK","P14-C009",22,30,731,0.3,"swmdk_like","weak","exact_knot",13,29,0.297135222507548,0,1,0.108000000000004
"V4-SENS-TWO-STAGE-HBB-CLUSTER-v1","V4-TARGET-EQUAL-CLUSTER-v1",0.135913086969837,0.11743975074426,0.0184733362255772,0.0739303066330653,0.192656638556994,0.13329347259503,0.118726331923928,0.0296822105513742,TRUE,199,199,0,"OK","P14-C009",22,30,731,0.3,"swmdk_like","weak","exact_knot",13,29,0.297135222507548,0,1,0.108000000000004
"V4-CMP-ONE-STAGE-CLUSTER-BB-RESP-v1","V4-TARGET-RESPONDENT-WEIGHTED-v1",0.138130394691234,0.11743975074426,0.0206906439469743,0.0978466182620409,0.184134151266221,0.140990384764131,0.0862875330041797,0.0227175608964894,TRUE,199,199,0,"OK","P14-C009",22,30,731,0.3,"swmdk_like","weak","exact_knot",13,29,0.297135222507548,0,1,0.108000000000004
"V4-CMP-IID-RESP-BB-v1","WORKING-INDEPENDENCE-RESPONDENT",0.138130394691234,0.11743975074426,0.0206906439469743,0.108022574463361,0.171975945990701,0.139999260227031,0.0639533715273401,0.0162707711643278,TRUE,199,199,0,"OK","P14-C009",22,30,731,0.3,"swmdk_like","weak","exact_knot",13,29,0.297135222507548,0,1,0.108000000000004
"V4-CMP-TWO-STAGE-FREQ-BOOT-RESP-v1","V4-TARGET-RESPONDENT-WEIGHTED-v1",0.138130394691234,0.11743975074426,0.0206906439469743,0.0901653151652651,0.193524895631,0.141845105398132,0.103359580465734,0.0264213786307478,TRUE,199,199,0,"OK","P14-C009",22,30,731,0.3,"swmdk_like","weak","exact_knot",13,29,0.297135222507548,0,1,0.108000000000004
"V4-CMP-MOKKEN-TWOLEVEL-DELTA-v1","V4-TARGET-RESPONDENT-WEIGHTED-v1",0.138130394691218,0.11743975074426,0.0206906439469583,0.0892636793874007,0.186997109995035,0.138130394691218,0.0977334306076346,0.0249324557437135,TRUE,,,0,"OK","P14-C009",22,30,731,0.3,"swmdk_like","weak","exact_knot",13,29,0.297135222507548,0,1,0.108000000000004
"V4-PRI-TWO-STAGE-HBB-RESP-v1","V4-TARGET-RESPONDENT-WEIGHTED-v1",0.105145546529971,0.11743975074426,-0.0122942042142888,0.0514997688790013,0.1594240472003,0.10546190803965,0.107924278321298,0.0268100098594641,TRUE,199,199,0,"OK","P14-C009",23,30,682,0.3,"swmdk_like","weak","exact_knot",13,29,-0.363708364095718,0,1,0.104999999999997
"V4-SENS-TWO-STAGE-HBB-CLUSTER-v1","V4-TARGET-EQUAL-CLUSTER-v1",0.106202975931042,0.11743975074426,-0.0112367748132175,0.0584236056368623,0.157432227070057,0.10792791635346,0.099008621433195,0.0254100383566899,TRUE,199,199,0,"OK","P14-C009",23,30,682,0.3,"swmdk_like","weak","exact_knot",13,29,-0.363708364095718,0,1,0.104999999999997
"V4-CMP-ONE-STAGE-CLUSTER-BB-RESP-v1","V4-TARGET-RESPONDENT-WEIGHTED-v1",0.105145546529971,0.11743975074426,-0.0122942042142888,0.0740796319921312,0.138804341952685,0.106441986972408,0.0647247099605538,0.0151694686201268,TRUE,199,199,0,"OK","P14-C009",23,30,682,0.3,"swmdk_like","weak","exact_knot",13,29,-0.363708364095718,0,1,0.104999999999997
"V4-CMP-IID-RESP-BB-v1","WORKING-INDEPENDENCE-RESPONDENT",0.105145546529971,0.11743975074426,-0.0122942042142888,0.0775643099387131,0.13454321343495,0.106053761686832,0.0569789034962372,0.0150683623632127,TRUE,199,199,0,"OK","P14-C009",23,30,682,0.3,"swmdk_like","weak","exact_knot",13,29,-0.363708364095718,0,1,0.104999999999997
"V4-CMP-TWO-STAGE-FREQ-BOOT-RESP-v1","V4-TARGET-RESPONDENT-WEIGHTED-v1",0.105145546529971,0.11743975074426,-0.0122942042142888,0.0663718424674992,0.15528479632803,0.110828319397764,0.0889129538605306,0.0216746520116644,TRUE,199,199,0,"OK","P14-C009",23,30,682,0.3,"swmdk_like","weak","exact_knot",13,29,-0.363708364095718,0,1,0.104999999999997
"V4-CMP-MOKKEN-TWOLEVEL-DELTA-v1","V4-TARGET-RESPONDENT-WEIGHTED-v1",0.10514554652997,0.11743975074426,-0.0122942042142897,0.0652158438262701,0.14507524923367,0.10514554652997,0.0798594054073997,0.0203726716504284,TRUE,,,0,"OK","P14-C009",23,30,682,0.3,"swmdk_like","weak","exact_knot",13,29,-0.363708364095718,0,1,0.104999999999997
"V4-PRI-TWO-STAGE-HBB-RESP-v1","V4-TARGET-RESPONDENT-WEIGHTED-v1",0.130017968330983,0.11743975074426,0.0125782175867234,0.0819737546704331,0.188688204214129,0.135330979442281,0.106714449543696,0.0274744941543163,TRUE,199,199,0,"OK","P14-C009",24,30,686,0.3,"swmdk_like","weak","exact_knot",5,29,-0.0645945366339683,0,2,0.103000000000002
"V4-SENS-TWO-STAGE-HBB-CLUSTER-v1","V4-TARGET-EQUAL-CLUSTER-v1",0.132122506774205,0.11743975074426,0.0146827560299457,0.0837038758260853,0.202354232859806,0.143029054342945,0.11865035703372,0.0304777864550561,TRUE,199,199,0,"OK","P14-C009",24,30,686,0.3,"swmdk_like","weak","exact_knot",5,29,-0.0645945366339683,0,2,0.103000000000002
"V4-CMP-ONE-STAGE-CLUSTER-BB-RESP-v1","V4-TARGET-RESPONDENT-WEIGHTED-v1",0.130017968330983,0.11743975074426,0.0125782175867234,0.0926392295351407,0.166142498341082,0.129390863938112,0.0735032688059418,0.0193363319029481,TRUE,199,199,0,"OK","P14-C009",24,30,686,0.3,"swmdk_like","weak","exact_knot",5,29,-0.0645945366339683,0,2,0.103000000000002
"V4-CMP-IID-RESP-BB-v1","WORKING-INDEPENDENCE-RESPONDENT",0.130017968330983,0.11743975074426,0.0125782175867234,0.0972106937556186,0.165461216394072,0.131335955074845,0.0682505226384536,0.017058048818559,TRUE,199,199,0,"OK","P14-C009",24,30,686,0.3,"swmdk_like","weak","exact_knot",5,29,-0.0645945366339683,0,2,0.103000000000002
"V4-CMP-TWO-STAGE-FREQ-BOOT-RESP-v1","V4-TARGET-RESPONDENT-WEIGHTED-v1",0.130017968330983,0.11743975074426,0.0125782175867234,0.0769875460028679,0.172751604041981,0.124869575022424,0.0957640580391131,0.0239096084650683,TRUE,199,199,0,"OK","P14-C009",24,30,686,0.3,"swmdk_like","weak","exact_knot",5,29,-0.0645945366339683,0,2,0.103000000000002
"V4-CMP-MOKKEN-TWOLEVEL-DELTA-v1","V4-TARGET-RESPONDENT-WEIGHTED-v1",0.130017968330969,0.11743975074426,0.0125782175867097,0.0861955267942871,0.173840409867652,0.130017968330969,0.0876448830733647,0.0223587993873092,TRUE,,,0,"OK","P14-C009",24,30,686,0.3,"swmdk_like","weak","exact_knot",5,29,-0.0645945366339683,0,2,0.103000000000002
"V4-PRI-TWO-STAGE-HBB-RESP-v1","V4-TARGET-RESPONDENT-WEIGHTED-v1",0.135419071582393,0.11743975074426,0.0179793208381329,0.0826633313035733,0.188876974982029,0.135770153142801,0.106213643678456,0.0273336086978786,TRUE,199,199,0,"OK","P14-C009",25,30,604,0.3,"swmdk_like","weak","exact_knot",5,29,-0.143995854310682,0,1,0.106000000000002
"V4-SENS-TWO-STAGE-HBB-CLUSTER-v1","V4-TARGET-EQUAL-CLUSTER-v1",0.129764101838137,0.11743975074426,0.012324351093877,0.0728006769894688,0.197463295100271,0.13513198604487,0.124662618110802,0.0296148709428716,TRUE,199,199,0,"OK","P14-C009",25,30,604,0.3,"swmdk_like","weak","exact_knot",5,29,-0.143995854310682,0,1,0.106000000000002
"V4-CMP-ONE-STAGE-CLUSTER-BB-RESP-v1","V4-TARGET-RESPONDENT-WEIGHTED-v1",0.135419071582393,0.11743975074426,0.0179793208381329,0.1046120173765,0.161917807676337,0.133264912526419,0.0573057902998366,0.0139695173061238,TRUE,199,199,0,"OK","P14-C009",25,30,604,0.3,"swmdk_like","weak","exact_knot",5,29,-0.143995854310682,0,1,0.106000000000002
"V4-CMP-IID-RESP-BB-v1","WORKING-INDEPENDENCE-RESPONDENT",0.135419071582393,0.11743975074426,0.0179793208381329,0.102964013368229,0.171982010585556,0.137473011976893,0.0690179972173272,0.0165082987623263,TRUE,199,199,0,"OK","P14-C009",25,30,604,0.3,"swmdk_like","weak","exact_knot",5,29,-0.143995854310682,0,1,0.106000000000002
"V4-CMP-TWO-STAGE-FREQ-BOOT-RESP-v1","V4-TARGET-RESPONDENT-WEIGHTED-v1",0.135419071582393,0.11743975074426,0.0179793208381329,0.0899134264350821,0.177805772202806,0.133859599318944,0.0878923457677239,0.0236097699250175,TRUE,199,199,0,"OK","P14-C009",25,30,604,0.3,"swmdk_like","weak","exact_knot",5,29,-0.143995854310682,0,1,0.106000000000002
"V4-CMP-MOKKEN-TWOLEVEL-DELTA-v1","V4-TARGET-RESPONDENT-WEIGHTED-v1",0.135419071582403,0.11743975074426,0.0179793208381437,0.0977466147763673,0.17309152838844,0.135419071582403,0.0753449136120722,0.0192209944178524,TRUE,,,0,"OK","P14-C009",25,30,604,0.3,"swmdk_like","weak","exact_knot",5,29,-0.143995854310682,0,1,0.106000000000002
"V4-PRI-TWO-STAGE-HBB-RESP-v1","V4-TARGET-RESPONDENT-WEIGHTED-v1",0.129698475322177,0.11743975074426,0.0122587245779171,0.0715174153125056,0.196372024865799,0.133944720089152,0.124854609553294,0.0289909867376199,TRUE,199,199,0,"OK","P14-C009",26,30,640,0.3,"swmdk_like","weak","exact_knot",8,28,0.225953589343462,0.00156249999999997,0,0.097999999999999
"V4-SENS-TWO-STAGE-HBB-CLUSTER-v1","V4-TARGET-EQUAL-CLUSTER-v1",0.124932777605375,0.11743975074426,0.00749302686111522,0.0724807186934565,0.184876142405894,0.128678430549675,0.112395423712438,0.0278045839032365,TRUE,199,199,0,"OK","P14-C009",26,30,640,0.3,"swmdk_like","weak","exact_knot",8,28,0.225953589343462,0.00156249999999997,0,0.097999999999999
"V4-CMP-ONE-STAGE-CLUSTER-BB-RESP-v1","V4-TARGET-RESPONDENT-WEIGHTED-v1",0.129698475322177,0.11743975074426,0.0122587245779171,0.0981135875064842,0.170398245861172,0.134255916683828,0.0722846583546882,0.0181467513671593,TRUE,199,199,0,"OK","P14-C009",26,30,640,0.3,"swmdk_like","weak","exact_knot",8,28,0.225953589343462,0.00156249999999997,0,0.097999999999999
"V4-CMP-IID-RESP-BB-v1","WORKING-INDEPENDENCE-RESPONDENT",0.129698475322177,0.11743975074426,0.0122587245779171,0.0957718653335735,0.165491159224499,0.130631512279036,0.0697192938909251,0.0172779279022,TRUE,199,199,0,"OK","P14-C009",26,30,640,0.3,"swmdk_like","weak","exact_knot",8,28,0.225953589343462,0.00156249999999997,0,0.097999999999999
"V4-CMP-TWO-STAGE-FREQ-BOOT-RESP-v1","V4-TARGET-RESPONDENT-WEIGHTED-v1",0.129698475322177,0.11743975074426,0.0122587245779171,0.0711973087954689,0.179588508871573,0.125392908833521,0.108391200076104,0.0262617701068323,TRUE,199,199,0,"OK","P14-C009",26,30,640,0.3,"swmdk_like","weak","exact_knot",8,28,0.225953589343462,0.00156249999999997,0,0.097999999999999
"V4-CMP-MOKKEN-TWOLEVEL-DELTA-v1","V4-TARGET-RESPONDENT-WEIGHTED-v1",0.129698475322158,0.11743975074426,0.012258724577898,0.0865052631437815,0.172891687500534,0.129698475322158,0.0863864243567525,0.0220377581012094,TRUE,,,0,"OK","P14-C009",26,30,640,0.3,"swmdk_like","weak","exact_knot",8,28,0.225953589343462,0.00156249999999997,0,0.097999999999999
"V4-PRI-TWO-STAGE-HBB-RESP-v1","V4-TARGET-RESPONDENT-WEIGHTED-v1",0.116713451153727,0.11743975074426,-0.000726299590532803,0.0716519343284854,0.175107015441411,0.123379474884948,0.103455081112926,0.0263545410752976,TRUE,199,199,0,"OK","P14-C009",27,30,696,0.3,"swmdk_like","weak","exact_knot",5,29,-0.272574788539308,0,1,0.102999999999994
"V4-SENS-TWO-STAGE-HBB-CLUSTER-v1","V4-TARGET-EQUAL-CLUSTER-v1",0.118616727138483,0.11743975074426,0.00117697639422289,0.0720053939760071,0.167776388984326,0.119890891480167,0.0957709950083191,0.0271451413996745,TRUE,199,199,0,"OK","P14-C009",27,30,696,0.3,"swmdk_like","weak","exact_knot",5,29,-0.272574788539308,0,1,0.102999999999994
"V4-CMP-ONE-STAGE-CLUSTER-BB-RESP-v1","V4-TARGET-RESPONDENT-WEIGHTED-v1",0.116713451153727,0.11743975074426,-0.000726299590532803,0.0869124384885588,0.14296882138377,0.114940629936165,0.0560563828952114,0.0145432934268651,TRUE,199,199,0,"OK","P14-C009",27,30,696,0.3,"swmdk_like","weak","exact_knot",5,29,-0.272574788539308,0,1,0.102999999999994
"V4-CMP-IID-RESP-BB-v1","WORKING-INDEPENDENCE-RESPONDENT",0.116713451153727,0.11743975074426,-0.000726299590532803,0.0920789213021425,0.146368427299846,0.119223674300994,0.0542895059977038,0.0140761031556825,TRUE,199,199,0,"OK","P14-C009",27,30,696,0.3,"swmdk_like","weak","exact_knot",5,29,-0.272574788539308,0,1,0.102999999999994
"V4-CMP-TWO-STAGE-FREQ-BOOT-RESP-v1","V4-TARGET-RESPONDENT-WEIGHTED-v1",0.116713451153727,0.11743975074426,-0.000726299590532803,0.0684060806029978,0.165056150808553,0.116731115705775,0.0966500702055547,0.0229528660914953,TRUE,199,199,0,"OK","P14-C009",27,30,696,0.3,"swmdk_like","weak","exact_knot",5,29,-0.272574788539308,0,1,0.102999999999994
"V4-CMP-MOKKEN-TWOLEVEL-DELTA-v1","V4-TARGET-RESPONDENT-WEIGHTED-v1",0.11671345115374,0.11743975074426,-0.000726299590519744,0.0782953992566996,0.15513150305078,0.11671345115374,0.0768361037940808,0.0196014070666998,TRUE,,,0,"OK","P14-C009",27,30,696,0.3,"swmdk_like","weak","exact_knot",5,29,-0.272574788539308,0,1,0.102999999999994
"V4-PRI-TWO-STAGE-HBB-RESP-v1","V4-TARGET-RESPONDENT-WEIGHTED-v1",0.127274262574032,0.11743975074426,0.00983451182977223,0.0736278438602267,0.194875508530523,0.134251676195375,0.121247664670296,0.0297714440989916,TRUE,199,199,0,"OK","P14-C009",28,30,650,0.3,"swmdk_like","weak","exact_knot",5,29,-0.186560628851473,0,1,0.0990000000000038
"V4-SENS-TWO-STAGE-HBB-CLUSTER-v1","V4-TARGET-EQUAL-CLUSTER-v1",0.136039187185867,0.11743975074426,0.0185994364416071,0.0751112593316072,0.203480323822285,0.139295791576946,0.128369064490678,0.0320564800383642,TRUE,199,199,0,"OK","P14-C009",28,30,650,0.3,"swmdk_like","weak","exact_knot",5,29,-0.186560628851473,0,1,0.0990000000000038
"V4-CMP-ONE-STAGE-CLUSTER-BB-RESP-v1","V4-TARGET-RESPONDENT-WEIGHTED-v1",0.127274262574032,0.11743975074426,0.00983451182977223,0.0917220442631943,0.157337396389327,0.124529720326261,0.0656153521261326,0.0167901290409308,TRUE,199,199,0,"OK","P14-C009",28,30,650,0.3,"swmdk_like","weak","exact_knot",5,29,-0.186560628851473,0,1,0.0990000000000038
"V4-CMP-IID-RESP-BB-v1","WORKING-INDEPENDENCE-RESPONDENT",0.127274262574032,0.11743975074426,0.00983451182977223,0.0975368839490168,0.155287424062902,0.126412154005959,0.0577505401138848,0.0152613580300054,TRUE,199,199,0,"OK","P14-C009",28,30,650,0.3,"swmdk_like","weak","exact_knot",5,29,-0.186560628851473,0,1,0.0990000000000038
"V4-CMP-TWO-STAGE-FREQ-BOOT-RESP-v1","V4-TARGET-RESPONDENT-WEIGHTED-v1",0.127274262574032,0.11743975074426,0.00983451182977223,0.0758636359604708,0.169311086337929,0.1225873611492,0.0934474503774585,0.0235666349551239,TRUE,199,199,0,"OK","P14-C009",28,30,650,0.3,"swmdk_like","weak","exact_knot",5,29,-0.186560628851473,0,1,0.0990000000000038
"V4-CMP-MOKKEN-TWOLEVEL-DELTA-v1","V4-TARGET-RESPONDENT-WEIGHTED-v1",0.127274262574043,0.11743975074426,0.00983451182978277,0.085612831183226,0.168935693964859,0.127274262574043,0.0833228627816331,0.0212562229303378,TRUE,,,0,"OK","P14-C009",28,30,650,0.3,"swmdk_like","weak","exact_knot",5,29,-0.186560628851473,0,1,0.0990000000000038
"V4-PRI-TWO-STAGE-HBB-RESP-v1","V4-TARGET-RESPONDENT-WEIGHTED-v1",0.133835884563562,0.11743975074426,0.0163961338193021,0.0854387301236091,0.188071745933285,0.136755238028447,0.102633015809676,0.0265251393924547,TRUE,199,199,0,"OK","P14-C009",29,30,631,0.3,"swmdk_like","weak","exact_knot",5,29,0.0197174059687307,0,1,0.100000000000001
"V4-SENS-TWO-STAGE-HBB-CLUSTER-v1","V4-TARGET-EQUAL-CLUSTER-v1",0.130107022211309,0.11743975074426,0.0126672714670498,0.0793034047135479,0.178558372770223,0.128930888741885,0.099254968056675,0.0241712530401417,TRUE,199,199,0,"OK","P14-C009",29,30,631,0.3,"swmdk_like","weak","exact_knot",5,29,0.0197174059687307,0,1,0.100000000000001
"V4-CMP-ONE-STAGE-CLUSTER-BB-RESP-v1","V4-TARGET-RESPONDENT-WEIGHTED-v1",0.133835884563562,0.11743975074426,0.0163961338193021,0.10372992232789,0.165548396025802,0.134639159176846,0.0618184736979118,0.0151110426782526,TRUE,199,199,0,"OK","P14-C009",29,30,631,0.3,"swmdk_like","weak","exact_knot",5,29,0.0197174059687307,0,1,0.100000000000001
"V4-CMP-IID-RESP-BB-v1","WORKING-INDEPENDENCE-RESPONDENT",0.133835884563562,0.11743975074426,0.0163961338193021,0.101486023802047,0.166361547070351,0.133923785436199,0.0648755232683046,0.0175552381504479,TRUE,199,199,0,"OK","P14-C009",29,30,631,0.3,"swmdk_like","weak","exact_knot",5,29,0.0197174059687307,0,1,0.100000000000001
"V4-CMP-TWO-STAGE-FREQ-BOOT-RESP-v1","V4-TARGET-RESPONDENT-WEIGHTED-v1",0.133835884563562,0.11743975074426,0.0163961338193021,0.0919662319694082,0.181949375419177,0.136957803694293,0.0899831434497691,0.0218703658451817,TRUE,199,199,0,"OK","P14-C009",29,30,631,0.3,"swmdk_like","weak","exact_knot",5,29,0.0197174059687307,0,1,0.100000000000001
"V4-CMP-MOKKEN-TWOLEVEL-DELTA-v1","V4-TARGET-RESPONDENT-WEIGHTED-v1",0.133835884563575,0.11743975074426,0.0163961338193154,0.0969219757534954,0.170749793373655,0.133835884563575,0.0738278176201594,0.0188339730225922,TRUE,,,0,"OK","P14-C009",29,30,631,0.3,"swmdk_like","weak","exact_knot",5,29,0.0197174059687307,0,1,0.100000000000001
"V4-PRI-TWO-STAGE-HBB-RESP-v1","V4-TARGET-RESPONDENT-WEIGHTED-v1",0.134970001325414,0.11743975074426,0.0175302505811544,0.0892430911793946,0.188494783310907,0.138868937245151,0.0992516921315127,0.0255816520725712,TRUE,199,199,0,"OK","P14-C009",30,30,654,0.3,"swmdk_like","weak","exact_knot",5,29,-0.0551745610614601,0.00152905198776759,0,0.100999999999999
"V4-SENS-TWO-STAGE-HBB-CLUSTER-v1","V4-TARGET-EQUAL-CLUSTER-v1",0.121184874887858,0.11743975074426,0.00374512414359811,0.0583720673962958,0.175246691050158,0.116809379223227,0.116874623653862,0.0287514522433633,TRUE,199,199,0,"OK","P14-C009",30,30,654,0.3,"swmdk_like","weak","exact_knot",5,29,-0.0551745610614601,0.00152905198776759,0,0.100999999999999
"V4-CMP-ONE-STAGE-CLUSTER-BB-RESP-v1","V4-TARGET-RESPONDENT-WEIGHTED-v1",0.134970001325414,0.11743975074426,0.0175302505811544,0.107069249334509,0.166543680972817,0.136806465153663,0.0594744316383076,0.0145312717726104,TRUE,199,199,0,"OK","P14-C009",30,30,654,0.3,"swmdk_like","weak","exact_knot",5,29,-0.0551745610614601,0.00152905198776759,0,0.100999999999999
"V4-CMP-IID-RESP-BB-v1","WORKING-INDEPENDENCE-RESPONDENT",0.134970001325414,0.11743975074426,0.0175302505811544,0.102299823013314,0.170328686769315,0.136314254891314,0.0680288637560009,0.0169806135663149,TRUE,199,199,0,"OK","P14-C009",30,30,654,0.3,"swmdk_like","weak","exact_knot",5,29,-0.0551745610614601,0.00152905198776759,0,0.100999999999999
"V4-CMP-TWO-STAGE-FREQ-BOOT-RESP-v1","V4-TARGET-RESPONDENT-WEIGHTED-v1",0.134970001325414,0.11743975074426,0.0175302505811544,0.10001986407334,0.17693518724805,0.138477525660695,0.0769153231747106,0.0212208419135709,TRUE,199,199,0,"OK","P14-C009",30,30,654,0.3,"swmdk_like","weak","exact_knot",5,29,-0.0551745610614601,0.00152905198776759,0,0.100999999999999
"V4-CMP-MOKKEN-TWOLEVEL-DELTA-v1","V4-TARGET-RESPONDENT-WEIGHTED-v1",0.134970001325426,0.11743975074426,0.0175302505811661,0.0993156137365939,0.170624388914258,0.134970001325426,0.0713087751776638,0.0181913483462294,TRUE,,,0,"OK","P14-C009",30,30,654,0.3,"swmdk_like","weak","exact_knot",5,29,-0.0551745610614601,0.00152905198776759,0,0.100999999999999
"V4-PRI-TWO-STAGE-HBB-RESP-v1","V4-TARGET-RESPONDENT-WEIGHTED-v1",0.109480304905969,0.11743975074426,-0.00795944583829107,0.0501512257080767,0.15967615356573,0.104913689636903,0.109524927857654,0.0280609654667379,TRUE,199,199,0,"OK","P14-C009",31,30,669,0.3,"swmdk_like","weak","exact_knot",10,29,-0.0140210754083537,0,1,0.101999999999997
"V4-SENS-TWO-STAGE-HBB-CLUSTER-v1","V4-TARGET-EQUAL-CLUSTER-v1",0.109558768929618,0.11743975074426,-0.00788098181464213,0.0552376085609656,0.167294626417807,0.111266117489386,0.112057017856842,0.0276785124835513,TRUE,199,199,0,"OK","P14-C009",31,30,669,0.3,"swmdk_like","weak","exact_knot",10,29,-0.0140210754083537,0,1,0.101999999999997
"V4-CMP-ONE-STAGE-CLUSTER-BB-RESP-v1","V4-TARGET-RESPONDENT-WEIGHTED-v1",0.109480304905969,0.11743975074426,-0.00795944583829107,0.0720125226362137,0.140895834955959,0.106454178796086,0.0688833123197454,0.0177140040263231,TRUE,199,199,0,"OK","P14-C009",31,30,669,0.3,"swmdk_like","weak","exact_knot",10,29,-0.0140210754083537,0,1,0.101999999999997
"V4-CMP-IID-RESP-BB-v1","WORKING-INDEPENDENCE-RESPONDENT",0.109480304905969,0.11743975074426,-0.00795944583829107,0.0818968082351221,0.138001005821632,0.109948907028377,0.0561041975865104,0.0135043917542594,TRUE,199,199,0,"OK","P14-C009",31,30,669,0.3,"swmdk_like","weak","exact_knot",10,29,-0.0140210754083537,0,1,0.101999999999997
"V4-CMP-TWO-STAGE-FREQ-BOOT-RESP-v1","V4-TARGET-RESPONDENT-WEIGHTED-v1",0.109480304905969,0.11743975074426,-0.00795944583829107,0.0694872081377234,0.158082766310787,0.113784987224255,0.0885955581730637,0.0228780953275127,TRUE,199,199,0,"OK","P14-C009",31,30,669,0.3,"swmdk_like","weak","exact_knot",10,29,-0.0140210754083537,0,1,0.101999999999997
"V4-CMP-MOKKEN-TWOLEVEL-DELTA-v1","V4-TARGET-RESPONDENT-WEIGHTED-v1",0.109480304905984,0.11743975074426,-0.00795944583827614,0.0663997595362334,0.152560850275734,0.109480304905984,0.0861610907395005,0.0219802739792997,TRUE,,,0,"OK","P14-C009",31,30,669,0.3,"swmdk_like","weak","exact_knot",10,29,-0.0140210754083537,0,1,0.101999999999997
"V4-PRI-TWO-STAGE-HBB-RESP-v1","V4-TARGET-RESPONDENT-WEIGHTED-v1",0.127959877550611,0.11743975074426,0.010520126806351,0.0814746758317777,0.173852444568015,0.127663560199896,0.0923777687362368,0.0245833551858261,TRUE,199,199,0,"OK","P14-C009",32,30,699,0.3,"swmdk_like","weak","exact_knot",5,29,-0.171029793167456,0,1,0.106000000000002
"V4-SENS-TWO-STAGE-HBB-CLUSTER-v1","V4-TARGET-EQUAL-CLUSTER-v1",0.139233532940505,0.11743975074426,0.0217937821962452,0.088557111213995,0.217603283129496,0.153080197171746,0.129046171915501,0.0321230158726234,TRUE,199,199,0,"OK","P14-C009",32,30,699,0.3,"swmdk_like","weak","exact_knot",5,29,-0.171029793167456,0,1,0.106000000000002
"V4-CMP-ONE-STAGE-CLUSTER-BB-RESP-v1","V4-TARGET-RESPONDENT-WEIGHTED-v1",0.127959877550611,0.11743975074426,0.010520126806351,0.0997620569564045,0.149825246926193,0.124793651941299,0.0500631899697887,0.0137203306740145,TRUE,199,199,0,"OK","P14-C009",32,30,699,0.3,"swmdk_like","weak","exact_knot",5,29,-0.171029793167456,0,1,0.106000000000002
"V4-CMP-IID-RESP-BB-v1","WORKING-INDEPENDENCE-RESPONDENT",0.127959877550611,0.11743975074426,0.010520126806351,0.0995165861274822,0.165263764455125,0.132390175291303,0.0657471783276425,0.0169178168785727,TRUE,199,199,0,"OK","P14-C009",32,30,699,0.3,"swmdk_like","weak","exact_knot",5,29,-0.171029793167456,0,1,0.106000000000002
"V4-CMP-TWO-STAGE-FREQ-BOOT-RESP-v1","V4-TARGET-RESPONDENT-WEIGHTED-v1",0.127959877550611,0.11743975074426,0.010520126806351,0.0857113165607573,0.162721075251286,0.124216195906021,0.0770097586905283,0.0198099089632721,TRUE,199,199,0,"OK","P14-C009",32,30,699,0.3,"swmdk_like","weak","exact_knot",5,29,-0.171029793167456,0,1,0.106000000000002
"V4-CMP-MOKKEN-TWOLEVEL-DELTA-v1","V4-TARGET-RESPONDENT-WEIGHTED-v1",0.127959877550623,0.11743975074426,0.0105201268063635,0.0913214758503716,0.164598279250875,0.127959877550623,0.0732768034005032,0.0186934055876795,TRUE,,,0,"OK","P14-C009",32,30,699,0.3,"swmdk_like","weak","exact_knot",5,29,-0.171029793167456,0,1,0.106000000000002
"V4-PRI-TWO-STAGE-HBB-RESP-v1","V4-TARGET-RESPONDENT-WEIGHTED-v1",0.148991407942503,0.11743975074426,0.0315516571982431,0.086952812948606,0.214443271143737,0.150698042046171,0.127490458195131,0.0323031855408991,TRUE,199,199,0,"OK","P14-C009",33,30,567,0.3,"swmdk_like","weak","exact_knot",5,28,0.167400829200877,0,3,0.0900000000000034
"V4-SENS-TWO-STAGE-HBB-CLUSTER-v1","V4-TARGET-EQUAL-CLUSTER-v1",0.14684737763913,0.11743975074426,0.0294076268948707,0.0724232086540538,0.225029426961024,0.148726317807539,0.15260621830697,0.0369898462065342,TRUE,199,199,0,"OK","P14-C009",33,30,567,0.3,"swmdk_like","weak","exact_knot",5,28,0.167400829200877,0,3,0.0900000000000034
"V4-CMP-ONE-STAGE-CLUSTER-BB-RESP-v1","V4-TARGET-RESPONDENT-WEIGHTED-v1",0.148991407942503,0.11743975074426,0.0315516571982431,0.110475963261462,0.183772722811356,0.147124343036409,0.0732967595498933,0.0186321338469921,TRUE,199,199,0,"OK","P14-C009",33,30,567,0.3,"swmdk_like","weak","exact_knot",5,28,0.167400829200877,0,3,0.0900000000000034
"V4-CMP-IID-RESP-BB-v1","WORKING-INDEPENDENCE-RESPONDENT",0.148991407942503,0.11743975074426,0.0315516571982431,0.116743726055583,0.180246926611173,0.148495326333378,0.0635032005555898,0.0171560524772137,TRUE,199,199,0,"OK","P14-C009",33,30,567,0.3,"swmdk_like","weak","exact_knot",5,28,0.167400829200877,0,3,0.0900000000000034
"V4-CMP-TWO-STAGE-FREQ-BOOT-RESP-v1","V4-TARGET-RESPONDENT-WEIGHTED-v1",0.148991407942503,0.11743975074426,0.0315516571982431,0.0984341382605279,0.191801531587129,0.145117834923828,0.093367393326601,0.023730494375965,TRUE,199,199,0,"OK","P14-C009",33,30,567,0.3,"swmdk_like","weak","exact_knot",5,28,0.167400829200877,0,3,0.0900000000000034
"V4-CMP-MOKKEN-TWOLEVEL-DELTA-v1","V4-TARGET-RESPONDENT-WEIGHTED-v1",0.148991407942529,0.11743975074426,0.0315516571982692,0.103951316604345,0.194031499280713,0.148991407942529,0.0900801826763689,0.0229800607018573,TRUE,,,0,"OK","P14-C009",33,30,567,0.3,"swmdk_like","weak","exact_knot",5,28,0.167400829200877,0,3,0.0900000000000034
"V4-PRI-TWO-STAGE-HBB-RESP-v1","V4-TARGET-RESPONDENT-WEIGHTED-v1",0.12138749096398,0.11743975074426,0.00394774021972043,0.068512888430392,0.180763499425907,0.12463819392815,0.112250610995515,0.028436203724124,TRUE,199,199,0,"OK","P14-C009",34,30,630,0.3,"swmdk_like","weak","exact_knot",5,29,0.109596358207859,0,1,0.0989999999999966
"V4-SENS-TWO-STAGE-HBB-CLUSTER-v1","V4-TARGET-EQUAL-CLUSTER-v1",0.131573448947314,0.11743975074426,0.0141336982030538,0.078061592907095,0.196514496247759,0.137288044577427,0.118452903340664,0.0312594957844345,TRUE,199,199,0,"OK","P14-C009",34,30,630,0.3,"swmdk_like","weak","exact_knot",5,29,0.109596358207859,0,1,0.0989999999999966
"V4-CMP-ONE-STAGE-CLUSTER-BB-RESP-v1","V4-TARGET-RESPONDENT-WEIGHTED-v1",0.12138749096398,0.11743975074426,0.00394774021972043,0.0840054764813765,0.158736837093926,0.121371156787651,0.0747313606125495,0.0184171022319907,TRUE,199,199,0,"OK","P14-C009",34,30,630,0.3,"swmdk_like","weak","exact_knot",5,29,0.109596358207859,0,1,0.0989999999999966
"V4-CMP-IID-RESP-BB-v1","WORKING-INDEPENDENCE-RESPONDENT",0.12138749096398,0.11743975074426,0.00394774021972043,0.0933935056689105,0.15423965281296,0.123816579240935,0.0608461471440496,0.0156121098108972,TRUE,199,199,0,"OK","P14-C009",34,30,630,0.3,"swmdk_like","weak","exact_knot",5,29,0.109596358207859,0,1,0.0989999999999966
"V4-CMP-TWO-STAGE-FREQ-BOOT-RESP-v1","V4-TARGET-RESPONDENT-WEIGHTED-v1",0.12138749096398,0.11743975074426,0.00394774021972043,0.0743023766562148,0.170254515177748,0.122278445916981,0.0959521385215327,0.0260773177535259,TRUE,199,199,0,"OK","P14-C009",34,30,630,0.3,"swmdk_like","weak","exact_knot",5,29,0.109596358207859,0,1,0.0989999999999966
"V4-CMP-MOKKEN-TWOLEVEL-DELTA-v1","V4-TARGET-RESPONDENT-WEIGHTED-v1",0.121387490963977,0.11743975074426,0.0039477402197171,0.0761528934999678,0.166622088427986,0.121387490963977,0.090469194928018,0.0230793003447072,TRUE,,,0,"OK","P14-C009",34,30,630,0.3,"swmdk_like","weak","exact_knot",5,29,0.109596358207859,0,1,0.0989999999999966
"V4-PRI-TWO-STAGE-HBB-RESP-v1","V4-TARGET-RESPONDENT-WEIGHTED-v1",0.083983863901012,0.11743975074426,-0.0334558868432478,0.037764440526335,0.12888230806659,0.0833233742964626,0.091117867540255,0.0245750370230987,TRUE,199,199,0,"OK","P14-C009",35,30,660,0.3,"swmdk_like","weak","exact_knot",5,29,-0.143491272747952,0,1,0.112000000000002
"V4-SENS-TWO-STAGE-HBB-CLUSTER-v1","V4-TARGET-EQUAL-CLUSTER-v1",0.0840822042270926,0.11743975074426,-0.0333575465171671,0.0332539097426418,0.1290344654495,0.081144187596071,0.0957805557068584,0.0246624582784633,TRUE,199,199,0,"OK","P14-C009",35,30,660,0.3,"swmdk_like","weak","exact_knot",5,29,-0.143491272747952,0,1,0.112000000000002
"V4-CMP-ONE-STAGE-CLUSTER-BB-RESP-v1","V4-TARGET-RESPONDENT-WEIGHTED-v1",0.083983863901012,0.11743975074426,-0.0334558868432478,0.0536030599378121,0.108240676095184,0.0809218680164982,0.0546376161573722,0.0140810417649947,FALSE,199,199,0,"OK","P14-C009",35,30,660,0.3,"swmdk_like","weak","exact_knot",5,29,-0.143491272747952,0,1,0.112000000000002
"V4-CMP-IID-RESP-BB-v1","WORKING-INDEPENDENCE-RESPONDENT",0.083983863901012,0.11743975074426,-0.0334558868432478,0.0537424048054894,0.113000977715892,0.0833716912606906,0.0592585729104023,0.0155382440627252,FALSE,199,199,0,"OK","P14-C009",35,30,660,0.3,"swmdk_like","weak","exact_knot",5,29,-0.143491272747952,0,1,0.112000000000002
"V4-CMP-TWO-STAGE-FREQ-BOOT-RESP-v1","V4-TARGET-RESPONDENT-WEIGHTED-v1",0.083983863901012,0.11743975074426,-0.0334558868432478,0.0474369189660911,0.134628664752466,0.0910327918592784,0.0871917457863746,0.0208684096881072,TRUE,199,199,0,"OK","P14-C009",35,30,660,0.3,"swmdk_like","weak","exact_knot",5,29,-0.143491272747952,0,1,0.112000000000002
"V4-CMP-MOKKEN-TWOLEVEL-DELTA-v1","V4-TARGET-RESPONDENT-WEIGHTED-v1",0.0839838639010242,0.11743975074426,-0.0334558868432355,0.0477232577066855,0.120244470095363,0.0839838639010242,0.0725212123886773,0.0185006492365971,TRUE,,,0,"OK","P14-C009",35,30,660,0.3,"swmdk_like","weak","exact_knot",5,29,-0.143491272747952,0,1,0.112000000000002
"V4-PRI-TWO-STAGE-HBB-RESP-v1","V4-TARGET-RESPONDENT-WEIGHTED-v1",0.147556330457,0.11743975074426,0.0301165797127406,0.0877434562724144,0.203438873659326,0.14559116496587,0.115695417386911,0.0290555011932496,TRUE,199,199,0,"OK","P14-C009",36,30,625,0.3,"swmdk_like","weak","exact_knot",5,29,-0.107312558297984,0.00159999999999993,0,0.107999999999997
"V4-SENS-TWO-STAGE-HBB-CLUSTER-v1","V4-TARGET-EQUAL-CLUSTER-v1",0.138528746949678,0.11743975074426,0.0210889962054187,0.0831813568736776,0.193109138523287,0.138145247698482,0.109927781649609,0.0285816600915866,TRUE,199,199,0,"OK","P14-C009",36,30,625,0.3,"swmdk_like","weak","exact_knot",5,29,-0.107312558297984,0.00159999999999993,0,0.107999999999997
"V4-CMP-ONE-STAGE-CLUSTER-BB-RESP-v1","V4-TARGET-RESPONDENT-WEIGHTED-v1",0.147556330457,0.11743975074426,0.0301165797127406,0.114948259574663,0.175177557658248,0.145062908616455,0.060229298083585,0.016013317380428,TRUE,199,199,0,"OK","P14-C009",36,30,625,0.3,"swmdk_like","weak","exact_knot",5,29,-0.107312558297984,0.00159999999999993,0,0.107999999999997
"V4-CMP-IID-RESP-BB-v1","WORKING-INDEPENDENCE-RESPONDENT",0.147556330457,0.11743975074426,0.0301165797127406,0.113109279626113,0.185684523989357,0.149396901807735,0.0725752443632446,0.0189054316867032,TRUE,199,199,0,"OK","P14-C009",36,30,625,0.3,"swmdk_like","weak","exact_knot",5,29,-0.107312558297984,0.00159999999999993,0,0.107999999999997
"V4-CMP-TWO-STAGE-FREQ-BOOT-RESP-v1","V4-TARGET-RESPONDENT-WEIGHTED-v1",0.147556330457,0.11743975074426,0.0301165797127406,0.0944304133188306,0.202698209476164,0.148564311397497,0.108267796157334,0.0263640333518221,TRUE,199,199,0,"OK","P14-C009",36,30,625,0.3,"swmdk_like","weak","exact_knot",5,29,-0.107312558297984,0.00159999999999993,0,0.107999999999997
"V4-CMP-MOKKEN-TWOLEVEL-DELTA-v1","V4-TARGET-RESPONDENT-WEIGHTED-v1",0.147556330456985,0.11743975074426,0.0301165797127254,0.109101991190474,0.186010669723497,0.147556330456985,0.0769086785330229,0.0196199213709203,TRUE,,,0,"OK","P14-C009",36,30,625,0.3,"swmdk_like","weak","exact_knot",5,29,-0.107312558297984,0.00159999999999993,0,0.107999999999997
"V4-PRI-TWO-STAGE-HBB-RESP-v1","V4-TARGET-RESPONDENT-WEIGHTED-v1",0.132552818382944,0.11743975074426,0.0151130676386848,0.07753822432281,0.191290764685222,0.134414494504016,0.113752540362412,0.0292500946910579,TRUE,199,199,0,"OK","P14-C009",37,30,624,0.3,"swmdk_like","weak","exact_knot",8,29,-0.178975163405525,0.0016025641025641,0,0.0949999999999989
"V4-SENS-TWO-STAGE-HBB-CLUSTER-v1","V4-TARGET-EQUAL-CLUSTER-v1",0.133309413229932,0.11743975074426,0.0158696624856727,0.0756422730001444,0.204547301758267,0.140094787379206,0.128905028758122,0.0318765970242675,TRUE,199,199,0,"OK","P14-C009",37,30,624,0.3,"swmdk_like","weak","exact_knot",8,29,-0.178975163405525,0.0016025641025641,0,0.0949999999999989
"V4-CMP-ONE-STAGE-CLUSTER-BB-RESP-v1","V4-TARGET-RESPONDENT-WEIGHTED-v1",0.132552818382944,0.11743975074426,0.0151130676386848,0.0967891484977841,0.161589524276814,0.129189336387299,0.0648003757790297,0.0166777917175434,TRUE,199,199,0,"OK","P14-C009",37,30,624,0.3,"swmdk_like","weak","exact_knot",8,29,-0.178975163405525,0.0016025641025641,0,0.0949999999999989
"V4-CMP-IID-RESP-BB-v1","WORKING-INDEPENDENCE-RESPONDENT",0.132552818382944,0.11743975074426,0.0151130676386848,0.10250673068195,0.166068163080165,0.134287446881058,0.0635614323982147,0.0159821786345724,TRUE,199,199,0,"OK","P14-C009",37,30,624,0.3,"swmdk_like","weak","exact_knot",8,29,-0.178975163405525,0.0016025641025641,0,0.0949999999999989
"V4-CMP-TWO-STAGE-FREQ-BOOT-RESP-v1","V4-TARGET-RESPONDENT-WEIGHTED-v1",0.132552818382944,0.11743975074426,0.0151130676386848,0.0875413062462114,0.178872307040363,0.133206806643287,0.0913310007941519,0.0226987977415058,TRUE,199,199,0,"OK","P14-C009",37,30,624,0.3,"swmdk_like","weak","exact_knot",8,29,-0.178975163405525,0.0016025641025641,0,0.0949999999999989
"V4-CMP-MOKKEN-TWOLEVEL-DELTA-v1","V4-TARGET-RESPONDENT-WEIGHTED-v1",0.13255281838294,0.11743975074426,0.0151130676386805,0.0895918039065571,0.175513832859323,0.13255281838294,0.0859220289527662,0.0219192877089855,TRUE,,,0,"OK","P14-C009",37,30,624,0.3,"swmdk_like","weak","exact_knot",8,29,-0.178975163405525,0.0016025641025641,0,0.0949999999999989
"V4-PRI-TWO-STAGE-HBB-RESP-v1","V4-TARGET-RESPONDENT-WEIGHTED-v1",0.0857647313407268,0.11743975074426,-0.031675019403533,0.0316703600460702,0.146573523789254,0.0891219419176622,0.114903163743184,0.0284501669612748,TRUE,199,199,0,"OK","P14-C009",38,30,646,0.3,"swmdk_like","weak","exact_knot",5,29,-0.0427295613163797,0,2,0.100000000000001
"V4-SENS-TWO-STAGE-HBB-CLUSTER-v1","V4-TARGET-EQUAL-CLUSTER-v1",0.0834655521217681,0.11743975074426,-0.0339741986224916,0.0256646762707173,0.147852575380853,0.086758625825785,0.122187899110136,0.029666341135004,TRUE,199,199,0,"OK","P14-C009",38,30,646,0.3,"swmdk_like","weak","exact_knot",5,29,-0.0427295613163797,0,2,0.100000000000001
"V4-CMP-ONE-STAGE-CLUSTER-BB-RESP-v1","V4-TARGET-RESPONDENT-WEIGHTED-v1",0.0857647313407268,0.11743975074426,-0.031675019403533,0.0516933964145604,0.112328397615876,0.0820108970152181,0.0606350012013153,0.0156449967918285,FALSE,199,199,0,"OK","P14-C009",38,30,646,0.3,"swmdk_like","weak","exact_knot",5,29,-0.0427295613163797,0,2,0.100000000000001
"V4-CMP-IID-RESP-BB-v1","WORKING-INDEPENDENCE-RESPONDENT",0.0857647313407268,0.11743975074426,-0.031675019403533,0.055745577910229,0.121042272689268,0.0883939252997485,0.0652966947790389,0.0157819020197387,TRUE,199,199,0,"OK","P14-C009",38,30,646,0.3,"swmdk_like","weak","exact_knot",5,29,-0.0427295613163797,0,2,0.100000000000001
"V4-CMP-TWO-STAGE-FREQ-BOOT-RESP-v1","V4-TARGET-RESPONDENT-WEIGHTED-v1",0.0857647313407268,0.11743975074426,-0.031675019403533,0.0402743260196305,0.133764802348071,0.0870195641838508,0.0934904763284406,0.0230067079031895,TRUE,199,199,0,"OK","P14-C009",38,30,646,0.3,"swmdk_like","weak","exact_knot",5,29,-0.0427295613163797,0,2,0.100000000000001
"V4-CMP-MOKKEN-TWOLEVEL-DELTA-v1","V4-TARGET-RESPONDENT-WEIGHTED-v1",0.085764731340711,0.11743975074426,-0.0316750194035487,0.0469100828106285,0.124619379870794,0.085764731340711,0.077709297060165,0.0198241645441258,TRUE,,,0,"OK","P14-C009",38,30,646,0.3,"swmdk_like","weak","exact_knot",5,29,-0.0427295613163797,0,2,0.100000000000001
"V4-PRI-TWO-STAGE-HBB-RESP-v1","V4-TARGET-RESPONDENT-WEIGHTED-v1",0.117851040579227,0.11743975074426,0.000411289834967216,0.0750578193003421,0.183577394751241,0.129317607025792,0.108519575450899,0.0274189694460162,TRUE,199,199,0,"OK","P14-C009",39,30,669,0.3,"swmdk_like","weak","exact_knot",5,29,0.0459503436105593,0.00298953662182355,0,0.115000000000002
"V4-SENS-TWO-STAGE-HBB-CLUSTER-v1","V4-TARGET-EQUAL-CLUSTER-v1",0.122655706481039,0.11743975074426,0.0052159557367789,0.0672032374690256,0.195162854101061,0.131183045785043,0.127959616632035,0.0302885955376921,TRUE,199,199,0,"OK","P14-C009",39,30,669,0.3,"swmdk_like","weak","exact_knot",5,29,0.0459503436105593,0.00298953662182355,0,0.115000000000002
"V4-CMP-ONE-STAGE-CLUSTER-BB-RESP-v1","V4-TARGET-RESPONDENT-WEIGHTED-v1",0.117851040579227,0.11743975074426,0.000411289834967216,0.091552988107436,0.156747962015677,0.124150475061557,0.0651949739082413,0.0165489506231387,TRUE,199,199,0,"OK","P14-C009",39,30,669,0.3,"swmdk_like","weak","exact_knot",5,29,0.0459503436105593,0.00298953662182355,0,0.115000000000002
"V4-CMP-IID-RESP-BB-v1","WORKING-INDEPENDENCE-RESPONDENT",0.117851040579227,0.11743975074426,0.000411289834967216,0.0858444572041145,0.147885180273436,0.116864818738775,0.0620407230693212,0.0162850108561565,TRUE,199,199,0,"OK","P14-C009",39,30,669,0.3,"swmdk_like","weak","exact_knot",5,29,0.0459503436105593,0.00298953662182355,0,0.115000000000002
"V4-CMP-TWO-STAGE-FREQ-BOOT-RESP-v1","V4-TARGET-RESPONDENT-WEIGHTED-v1",0.117851040579227,0.11743975074426,0.000411289834967216,0.0700686308936239,0.170669202201338,0.120368916547481,0.100600571307714,0.0235965438409257,TRUE,199,199,0,"OK","P14-C009",39,30,669,0.3,"swmdk_like","weak","exact_knot",5,29,0.0459503436105593,0.00298953662182355,0,0.115000000000002
"V4-CMP-MOKKEN-TWOLEVEL-DELTA-v1","V4-TARGET-RESPONDENT-WEIGHTED-v1",0.11785104057924,0.11743975074426,0.000411289834980053,0.0785851999401536,0.157116881218326,0.11785104057924,0.0785316812781723,0.0200339602915207,TRUE,,,0,"OK","P14-C009",39,30,669,0.3,"swmdk_like","weak","exact_knot",5,29,0.0459503436105593,0.00298953662182355,0,0.115000000000002
"V4-PRI-TWO-STAGE-HBB-RESP-v1","V4-TARGET-RESPONDENT-WEIGHTED-v1",0.115558765881118,0.11743975074426,-0.00188098486314167,0.0667771680710918,0.182957617961878,0.124867393016485,0.116180449890786,0.0277846239799705,TRUE,199,199,0,"OK","P14-C009",40,30,664,0.3,"swmdk_like","weak","exact_knot",8,29,0.00124047138642217,0,3,0.100999999999999
"V4-SENS-TWO-STAGE-HBB-CLUSTER-v1","V4-TARGET-EQUAL-CLUSTER-v1",0.110382714632666,0.11743975074426,-0.00705703611159378,0.053139790583173,0.166549041072196,0.109844415827685,0.113409250489023,0.0284815766559353,TRUE,199,199,0,"OK","P14-C009",40,30,664,0.3,"swmdk_like","weak","exact_knot",8,29,0.00124047138642217,0,3,0.100999999999999
"V4-CMP-ONE-STAGE-CLUSTER-BB-RESP-v1","V4-TARGET-RESPONDENT-WEIGHTED-v1",0.115558765881118,0.11743975074426,-0.00188098486314167,0.0812911217488239,0.13915009804609,0.110220609897457,0.0578589762972659,0.0144516465240769,TRUE,199,199,0,"OK","P14-C009",40,30,664,0.3,"swmdk_like","weak","exact_knot",8,29,0.00124047138642217,0,3,0.100999999999999
"V4-CMP-IID-RESP-BB-v1","WORKING-INDEPENDENCE-RESPONDENT",0.115558765881118,0.11743975074426,-0.00188098486314167,0.0832192561972237,0.14988566578402,0.116552460990622,0.0666664095867965,0.0164503538664326,TRUE,199,199,0,"OK","P14-C009",40,30,664,0.3,"swmdk_like","weak","exact_knot",8,29,0.00124047138642217,0,3,0.100999999999999
"V4-CMP-TWO-STAGE-FREQ-BOOT-RESP-v1","V4-TARGET-RESPONDENT-WEIGHTED-v1",0.115558765881118,0.11743975074426,-0.00188098486314167,0.0659175072787185,0.164646672218969,0.115282089748844,0.0987291649402502,0.0246756289141606,TRUE,199,199,0,"OK","P14-C009",40,30,664,0.3,"swmdk_like","weak","exact_knot",8,29,0.00124047138642217,0,3,0.100999999999999
"V4-CMP-MOKKEN-TWOLEVEL-DELTA-v1","V4-TARGET-RESPONDENT-WEIGHTED-v1",0.115558765881103,0.11743975074426,-0.00188098486315659,0.0729088471128799,0.158208684649326,0.115558765881103,0.0852998375364464,0.0217605624922909,TRUE,,,0,"OK","P14-C009",40,30,664,0.3,"swmdk_like","weak","exact_knot",8,29,0.00124047138642217,0,3,0.100999999999999
"V4-PRI-TWO-STAGE-HBB-RESP-v1","V4-TARGET-RESPONDENT-WEIGHTED-v1",0.125725080000297,0.11743975074426,0.00828532925603741,0.0760414258776003,0.175052337667394,0.125546881772497,0.0990109117897939,0.0247219121991057,TRUE,199,199,0,"OK","P14-C009",41,30,631,0.3,"swmdk_like","weak","exact_knot",5,29,0.0140321278646515,0.00158478605388279,0,0.097999999999999
"V4-SENS-TWO-STAGE-HBB-CLUSTER-v1","V4-TARGET-EQUAL-CLUSTER-v1",0.111823320477307,0.11743975074426,-0.0056164302669527,0.0493480056208255,0.180903097269481,0.115125551445153,0.131555091648655,0.0313386787342278,TRUE,199,199,0,"OK","P14-C009",41,30,631,0.3,"swmdk_like","weak","exact_knot",5,29,0.0140321278646515,0.00158478605388279,0,0.097999999999999
"V4-CMP-ONE-STAGE-CLUSTER-BB-RESP-v1","V4-TARGET-RESPONDENT-WEIGHTED-v1",0.125725080000297,0.11743975074426,0.00828532925603741,0.0913747769250078,0.14744146162337,0.119408119274189,0.0560666846983623,0.0139947109188405,TRUE,199,199,0,"OK","P14-C009",41,30,631,0.3,"swmdk_like","weak","exact_knot",5,29,0.0140321278646515,0.00158478605388279,0,0.097999999999999
"V4-CMP-IID-RESP-BB-v1","WORKING-INDEPENDENCE-RESPONDENT",0.125725080000297,0.11743975074426,0.00828532925603741,0.0913431424847025,0.16029971721987,0.125821429852286,0.0689565747351678,0.0171044922959316,TRUE,199,199,0,"OK","P14-C009",41,30,631,0.3,"swmdk_like","weak","exact_knot",5,29,0.0140321278646515,0.00158478605388279,0,0.097999999999999
"V4-CMP-TWO-STAGE-FREQ-BOOT-RESP-v1","V4-TARGET-RESPONDENT-WEIGHTED-v1",0.125725080000297,0.11743975074426,0.00828532925603741,0.0779403788783252,0.167663935752515,0.12280215731542,0.0897235568741899,0.0224639884195522,TRUE,199,199,0,"OK","P14-C009",41,30,631,0.3,"swmdk_like","weak","exact_knot",5,29,0.0140321278646515,0.00158478605388279,0,0.097999999999999
"V4-CMP-MOKKEN-TWOLEVEL-DELTA-v1","V4-TARGET-RESPONDENT-WEIGHTED-v1",0.125725080000308,0.11743975074426,0.00828532925604818,0.0881522201908251,0.163297939809791,0.125725080000308,0.0751457196189656,0.0191701786899416,TRUE,,,0,"OK","P14-C009",41,30,631,0.3,"swmdk_like","weak","exact_knot",5,29,0.0140321278646515,0.00158478605388279,0,0.097999999999999
"V4-PRI-TWO-STAGE-HBB-RESP-v1","V4-TARGET-RESPONDENT-WEIGHTED-v1",0.113509096198607,0.11743975074426,-0.00393065454565311,0.0707426811614631,0.160553465426329,0.115648073293896,0.0898107842648656,0.0230404757343908,TRUE,199,199,0,"OK","P14-C009",42,30,675,0.3,"swmdk_like","weak","exact_knot",8,29,-0.0299087451866512,0,1,0.114000000000004
"V4-SENS-TWO-STAGE-HBB-CLUSTER-v1","V4-TARGET-EQUAL-CLUSTER-v1",0.108867726028326,0.11743975074426,-0.00857202471593368,0.0580594197158128,0.158192363211377,0.108125891463595,0.100132943495564,0.0236473037172117,TRUE,199,199,0,"OK","P14-C009",42,30,675,0.3,"swmdk_like","weak","exact_knot",8,29,-0.0299087451866512,0,1,0.114000000000004
"V4-CMP-ONE-STAGE-CLUSTER-BB-RESP-v1","V4-TARGET-RESPONDENT-WEIGHTED-v1",0.113509096198607,0.11743975074426,-0.00393065454565311,0.0868267578126306,0.142664477325338,0.114745617568984,0.0558377195127071,0.0143394954511494,TRUE,199,199,0,"OK","P14-C009",42,30,675,0.3,"swmdk_like","weak","exact_knot",8,29,-0.0299087451866512,0,1,0.114000000000004
"V4-CMP-IID-RESP-BB-v1","WORKING-INDEPENDENCE-RESPONDENT",0.113509096198607,0.11743975074426,-0.00393065454565311,0.0890499686868282,0.145602074632993,0.11732602165991,0.0565521059461645,0.0146327431286205,TRUE,199,199,0,"OK","P14-C009",42,30,675,0.3,"swmdk_like","weak","exact_knot",8,29,-0.0299087451866512,0,1,0.114000000000004
"V4-CMP-TWO-STAGE-FREQ-BOOT-RESP-v1","V4-TARGET-RESPONDENT-WEIGHTED-v1",0.113509096198607,0.11743975074426,-0.00393065454565311,0.0682576483951644,0.152099959210916,0.11017880380304,0.0838423108157511,0.0215009759360461,TRUE,199,199,0,"OK","P14-C009",42,30,675,0.3,"swmdk_like","weak","exact_knot",8,29,-0.0299087451866512,0,1,0.114000000000004
"V4-CMP-MOKKEN-TWOLEVEL-DELTA-v1","V4-TARGET-RESPONDENT-WEIGHTED-v1",0.113509096198595,0.11743975074426,-0.00393065454566445,0.0749356722246014,0.152082520172589,0.113509096198595,0.0771468479479878,0.0196806799911917,TRUE,,,0,"OK","P14-C009",42,30,675,0.3,"swmdk_like","weak","exact_knot",8,29,-0.0299087451866512,0,1,0.114000000000004
"V4-PRI-TWO-STAGE-HBB-RESP-v1","V4-TARGET-RESPONDENT-WEIGHTED-v1",0.109985081792441,0.11743975074426,-0.007454668951819,0.0549653323739592,0.162080261001209,0.108522796687584,0.10711492862725,0.0271358262214802,TRUE,199,199,0,"OK","P14-C009",43,30,639,0.3,"swmdk_like","weak","exact_knot",8,29,-0.225714736381013,0,1,0.0969999999999942
"V4-SENS-TWO-STAGE-HBB-CLUSTER-v1","V4-TARGET-EQUAL-CLUSTER-v1",0.101661507438755,0.11743975074426,-0.0157782433055047,0.0459209334852755,0.159909451652698,0.102915192568987,0.113988518167422,0.0278259915800709,TRUE,199,199,0,"OK","P14-C009",43,30,639,0.3,"swmdk_like","weak","exact_knot",8,29,-0.225714736381013,0,1,0.0969999999999942
"V4-CMP-ONE-STAGE-CLUSTER-BB-RESP-v1","V4-TARGET-RESPONDENT-WEIGHTED-v1",0.109985081792441,0.11743975074426,-0.007454668951819,0.0778745939292205,0.148887545751137,0.113381069840179,0.0710129518219167,0.0180909279855245,TRUE,199,199,0,"OK","P14-C009",43,30,639,0.3,"swmdk_like","weak","exact_knot",8,29,-0.225714736381013,0,1,0.0969999999999942
"V4-CMP-IID-RESP-BB-v1","WORKING-INDEPENDENCE-RESPONDENT",0.109985081792441,0.11743975074426,-0.007454668951819,0.0815243009285173,0.147464918450001,0.114494609689259,0.0659406175214839,0.016413318287292,TRUE,199,199,0,"OK","P14-C009",43,30,639,0.3,"swmdk_like","weak","exact_knot",8,29,-0.225714736381013,0,1,0.0969999999999942
"V4-CMP-TWO-STAGE-FREQ-BOOT-RESP-v1","V4-TARGET-RESPONDENT-WEIGHTED-v1",0.109985081792441,0.11743975074426,-0.007454668951819,0.0630220051165609,0.161879405212896,0.112450705164728,0.0988574000963353,0.0253266393435461,TRUE,199,199,0,"OK","P14-C009",43,30,639,0.3,"swmdk_like","weak","exact_knot",8,29,-0.225714736381013,0,1,0.0969999999999942
"V4-CMP-MOKKEN-TWOLEVEL-DELTA-v1","V4-TARGET-RESPONDENT-WEIGHTED-v1",0.10998508179242,0.11743975074426,-0.00745466895184001,0.0662326115324217,0.153737552052418,0.10998508179242,0.0875049405199961,0.0223230991003467,TRUE,,,0,"OK","P14-C009",43,30,639,0.3,"swmdk_like","weak","exact_knot",8,29,-0.225714736381013,0,1,0.0969999999999942
"V4-PRI-TWO-STAGE-HBB-RESP-v1","V4-TARGET-RESPONDENT-WEIGHTED-v1",0.116084667572331,0.11743975074426,-0.00135508317192835,0.0686041733519612,0.166776029513396,0.117690101432679,0.0981718561614349,0.0259287698476009,TRUE,199,199,0,"OK","P14-C009",44,30,626,0.3,"swmdk_like","weak","exact_knot",5,29,0.167372102903149,0,4,0.0970000000000013
"V4-SENS-TWO-STAGE-HBB-CLUSTER-v1","V4-TARGET-EQUAL-CLUSTER-v1",0.110973288949392,0.11743975074426,-0.00646646179486766,0.059002510255459,0.176267189416113,0.117634849835786,0.117264679160654,0.0294768306965746,TRUE,199,199,0,"OK","P14-C009",44,30,626,0.3,"swmdk_like","weak","exact_knot",5,29,0.167372102903149,0,4,0.0970000000000013
"V4-CMP-ONE-STAGE-CLUSTER-BB-RESP-v1","V4-TARGET-RESPONDENT-WEIGHTED-v1",0.116084667572331,0.11743975074426,-0.00135508317192835,0.0804819823621874,0.140581824466762,0.110531903414475,0.0600998421045748,0.0152689027723968,TRUE,199,199,0,"OK","P14-C009",44,30,626,0.3,"swmdk_like","weak","exact_knot",5,29,0.167372102903149,0,4,0.0970000000000013
"V4-CMP-IID-RESP-BB-v1","WORKING-INDEPENDENCE-RESPONDENT",0.116084667572331,0.11743975074426,-0.00135508317192835,0.08171660508914,0.151222610322705,0.116469607705922,0.0695060052335645,0.0171185834561803,TRUE,199,199,0,"OK","P14-C009",44,30,626,0.3,"swmdk_like","weak","exact_knot",5,29,0.167372102903149,0,4,0.0970000000000013
"V4-CMP-TWO-STAGE-FREQ-BOOT-RESP-v1","V4-TARGET-RESPONDENT-WEIGHTED-v1",0.116084667572331,0.11743975074426,-0.00135508317192835,0.070859157868577,0.159948663861446,0.115403910865011,0.0890895059928686,0.0235097773068378,TRUE,199,199,0,"OK","P14-C009",44,30,626,0.3,"swmdk_like","weak","exact_knot",5,29,0.167372102903149,0,4,0.0970000000000013
"V4-CMP-MOKKEN-TWOLEVEL-DELTA-v1","V4-TARGET-RESPONDENT-WEIGHTED-v1",0.116084667572344,0.11743975074426,-0.00135508317191603,0.081201048240665,0.150968286904022,0.116084667572344,0.0697672386633573,0.0177980920092595,TRUE,,,0,"OK","P14-C009",44,30,626,0.3,"swmdk_like","weak","exact_knot",5,29,0.167372102903149,0,4,0.0970000000000013
"V4-PRI-TWO-STAGE-HBB-RESP-v1","V4-TARGET-RESPONDENT-WEIGHTED-v1",0.10595357185095,0.11743975074426,-0.0114861788933098,0.0610826197490581,0.165458623202568,0.113270621475813,0.10437600345351,0.0250581240040625,TRUE,199,199,0,"OK","P14-C009",45,30,627,0.3,"swmdk_like","weak","exact_knot",5,29,-0.00689849606942161,0,2,0.0970000000000013
"V4-SENS-TWO-STAGE-HBB-CLUSTER-v1","V4-TARGET-EQUAL-CLUSTER-v1",0.0917486177052498,0.11743975074426,-0.0256911330390099,0.0419357047958846,0.137945479147283,0.0899405919715838,0.0960097743513984,0.0262426652120012,TRUE,199,199,0,"OK","P14-C009",45,30,627,0.3,"swmdk_like","weak","exact_knot",5,29,-0.00689849606942161,0,2,0.0970000000000013
"V4-CMP-ONE-STAGE-CLUSTER-BB-RESP-v1","V4-TARGET-RESPONDENT-WEIGHTED-v1",0.10595357185095,0.11743975074426,-0.0114861788933098,0.0808742953912433,0.137314944736988,0.109094620064115,0.0564406493457443,0.0142391822071932,TRUE,199,199,0,"OK","P14-C009",45,30,627,0.3,"swmdk_like","weak","exact_knot",5,29,-0.00689849606942161,0,2,0.0970000000000013
"V4-CMP-IID-RESP-BB-v1","WORKING-INDEPENDENCE-RESPONDENT",0.10595357185095,0.11743975074426,-0.0114861788933098,0.0774339283242655,0.138903841832526,0.108168885078396,0.0614699135082601,0.0145964398088397,TRUE,199,199,0,"OK","P14-C009",45,30,627,0.3,"swmdk_like","weak","exact_knot",5,29,-0.00689849606942161,0,2,0.0970000000000013
"V4-CMP-TWO-STAGE-FREQ-BOOT-RESP-v1","V4-TARGET-RESPONDENT-WEIGHTED-v1",0.10595357185095,0.11743975074426,-0.0114861788933098,0.0610157387124269,0.140969536253113,0.10099263748277,0.0799537975406862,0.021184782035437,TRUE,199,199,0,"OK","P14-C009",45,30,627,0.3,"swmdk_like","weak","exact_knot",5,29,-0.00689849606942161,0,2,0.0970000000000013
"V4-CMP-MOKKEN-TWOLEVEL-DELTA-v1","V4-TARGET-RESPONDENT-WEIGHTED-v1",0.105953571850935,0.11743975074426,-0.0114861788933249,0.0714667946984277,0.140440349003442,0.105953571850935,0.0689735543050142,0.0175956177891708,TRUE,,,0,"OK","P14-C009",45,30,627,0.3,"swmdk_like","weak","exact_knot",5,29,-0.00689849606942161,0,2,0.0970000000000013
"V4-PRI-TWO-STAGE-HBB-RESP-v1","V4-TARGET-RESPONDENT-WEIGHTED-v1",0.0976405766912678,0.11743975074426,-0.019799174052992,0.051674403158688,0.156590966841705,0.104132685000197,0.104916563683017,0.0255302098654804,TRUE,199,199,0,"OK","P14-C009",46,30,672,0.3,"swmdk_like","weak","exact_knot",8,29,-0.126388108681427,0.00148809523809523,0,0.101999999999997
"V4-SENS-TWO-STAGE-HBB-CLUSTER-v1","V4-TARGET-EQUAL-CLUSTER-v1",0.104729334828262,0.11743975074426,-0.0127104159159975,0.0504432570002948,0.169565847538498,0.110004552269396,0.119122590538203,0.0293488010393059,TRUE,199,199,0,"OK","P14-C009",46,30,672,0.3,"swmdk_like","weak","exact_knot",8,29,-0.126388108681427,0.00148809523809523,0,0.101999999999997
"V4-CMP-ONE-STAGE-CLUSTER-BB-RESP-v1","V4-TARGET-RESPONDENT-WEIGHTED-v1",0.0976405766912678,0.11743975074426,-0.019799174052992,0.0713532492776092,0.12834953165594,0.0998513904667746,0.0569962823783308,0.0144018833947774,TRUE,199,199,0,"OK","P14-C009",46,30,672,0.3,"swmdk_like","weak","exact_knot",8,29,-0.126388108681427,0.00148809523809523,0,0.101999999999997
"V4-CMP-IID-RESP-BB-v1","WORKING-INDEPENDENCE-RESPONDENT",0.0976405766912678,0.11743975074426,-0.019799174052992,0.0693094515449079,0.126993681142189,0.0981515663435485,0.0576842295972813,0.0150871352697652,TRUE,199,199,0,"OK","P14-C009",46,30,672,0.3,"swmdk_like","weak","exact_knot",8,29,-0.126388108681427,0.00148809523809523,0,0.101999999999997
"V4-CMP-TWO-STAGE-FREQ-BOOT-RESP-v1","V4-TARGET-RESPONDENT-WEIGHTED-v1",0.0976405766912678,0.11743975074426,-0.019799174052992,0.0533313134789705,0.136916656649531,0.0951239850642506,0.0835853431705603,0.0207544852419267,TRUE,199,199,0,"OK","P14-C009",46,30,672,0.3,"swmdk_like","weak","exact_knot",8,29,-0.126388108681427,0.00148809523809523,0,0.101999999999997
"V4-CMP-MOKKEN-TWOLEVEL-DELTA-v1","V4-TARGET-RESPONDENT-WEIGHTED-v1",0.0976405766912712,0.11743975074426,-0.0197991740529885,0.0590843702567729,0.13619678312577,0.0976405766912712,0.0771124128689966,0.019671895370846,TRUE,,,0,"OK","P14-C009",46,30,672,0.3,"swmdk_like","weak","exact_knot",8,29,-0.126388108681427,0.00148809523809523,0,0.101999999999997
"V4-PRI-TWO-STAGE-HBB-RESP-v1","V4-TARGET-RESPONDENT-WEIGHTED-v1",0.115036359749765,0.11743975074426,-0.00240339099449437,0.0598009177562604,0.177120250546021,0.11846058415114,0.11731933278976,0.0294106297620696,TRUE,199,199,0,"OK","P14-C009",47,30,654,0.3,"swmdk_like","weak","exact_knot",5,29,-0.131917661036495,0,2,0.100000000000001
"V4-SENS-TWO-STAGE-HBB-CLUSTER-v1","V4-TARGET-EQUAL-CLUSTER-v1",0.111360643639033,0.11743975074426,-0.00607910710522676,0.0420838279532473,0.181190308708826,0.111637068331036,0.139106480755578,0.0335331768351311,TRUE,199,199,0,"OK","P14-C009",47,30,654,0.3,"swmdk_like","weak","exact_knot",5,29,-0.131917661036495,0,2,0.100000000000001
"V4-CMP-ONE-STAGE-CLUSTER-BB-RESP-v1","V4-TARGET-RESPONDENT-WEIGHTED-v1",0.115036359749765,0.11743975074426,-0.00240339099449437,0.0776341311218773,0.160970864706464,0.119302497914171,0.0833367335845867,0.021672500086334,TRUE,199,199,0,"OK","P14-C009",47,30,654,0.3,"swmdk_like","weak","exact_knot",5,29,-0.131917661036495,0,2,0.100000000000001
"V4-CMP-IID-RESP-BB-v1","WORKING-INDEPENDENCE-RESPONDENT",0.115036359749765,0.11743975074426,-0.00240339099449437,0.0827874722246558,0.146269616859222,0.114528544541939,0.0634821446345663,0.0165876545818939,TRUE,199,199,0,"OK","P14-C009",47,30,654,0.3,"swmdk_like","weak","exact_knot",5,29,-0.131917661036495,0,2,0.100000000000001
"V4-CMP-TWO-STAGE-FREQ-BOOT-RESP-v1","V4-TARGET-RESPONDENT-WEIGHTED-v1",0.115036359749765,0.11743975074426,-0.00240339099449437,0.0670544641090557,0.173866238536677,0.120460351322866,0.106811774427621,0.0278548770254987,TRUE,199,199,0,"OK","P14-C009",47,30,654,0.3,"swmdk_like","weak","exact_knot",5,29,-0.131917661036495,0,2,0.100000000000001
"V4-CMP-MOKKEN-TWOLEVEL-DELTA-v1","V4-TARGET-RESPONDENT-WEIGHTED-v1",0.115036359749777,0.11743975074426,-0.00240339099448296,0.0698832588341878,0.160189460665366,0.115036359749777,0.0903062018311779,0.0230377197090104,TRUE,,,0,"OK","P14-C009",47,30,654,0.3,"swmdk_like","weak","exact_knot",5,29,-0.131917661036495,0,2,0.100000000000001
"V4-PRI-TWO-STAGE-HBB-RESP-v1","V4-TARGET-RESPONDENT-WEIGHTED-v1",0.12869731768867,0.11743975074426,0.0112575669444098,0.0716882879390678,0.181586750915722,0.126637519427395,0.109898462976654,0.0287134404472175,TRUE,199,199,0,"OK","P14-C009",48,30,570,0.3,"swmdk_like","weak","exact_knot",8,28,-0.0102480709016597,0,1,0.100000000000001
"V4-SENS-TWO-STAGE-HBB-CLUSTER-v1","V4-TARGET-EQUAL-CLUSTER-v1",0.12087154012209,0.11743975074426,0.00343178937783015,0.0635163202553663,0.182246906216164,0.122881613235765,0.118730585960797,0.0308838827566531,TRUE,199,199,0,"OK","P14-C009",48,30,570,0.3,"swmdk_like","weak","exact_knot",8,28,-0.0102480709016597,0,1,0.100000000000001
"V4-CMP-ONE-STAGE-CLUSTER-BB-RESP-v1","V4-TARGET-RESPONDENT-WEIGHTED-v1",0.12869731768867,0.11743975074426,0.0112575669444098,0.0931113965642559,0.159446408305702,0.126278902434979,0.0663350117414461,0.0168669763802091,TRUE,199,199,0,"OK","P14-C009",48,30,570,0.3,"swmdk_like","weak","exact_knot",8,28,-0.0102480709016597,0,1,0.100000000000001
"V4-CMP-IID-RESP-BB-v1","WORKING-INDEPENDENCE-RESPONDENT",0.12869731768867,0.11743975074426,0.0112575669444098,0.0989810156807893,0.165296885099032,0.132138950389911,0.0663158694182431,0.0175706708555938,TRUE,199,199,0,"OK","P14-C009",48,30,570,0.3,"swmdk_like","weak","exact_knot",8,28,-0.0102480709016597,0,1,0.100000000000001
"V4-CMP-TWO-STAGE-FREQ-BOOT-RESP-v1","V4-TARGET-RESPONDENT-WEIGHTED-v1",0.12869731768867,0.11743975074426,0.0112575669444098,0.0776517676673909,0.17331105606302,0.125481411865206,0.0956592883956293,0.0244062641205037,TRUE,199,199,0,"OK","P14-C009",48,30,570,0.3,"swmdk_like","weak","exact_knot",8,28,-0.0102480709016597,0,1,0.100000000000001
"V4-CMP-MOKKEN-TWOLEVEL-DELTA-v1","V4-TARGET-RESPONDENT-WEIGHTED-v1",0.128697317688673,0.11743975074426,0.0112575669444137,0.0857670017911233,0.171627633586224,0.128697317688673,0.0858606317951003,0.0219036248809565,TRUE,,,0,"OK","P14-C009",48,30,570,0.3,"swmdk_like","weak","exact_knot",8,28,-0.0102480709016597,0,1,0.100000000000001
"V4-PRI-TWO-STAGE-HBB-RESP-v1","V4-TARGET-RESPONDENT-WEIGHTED-v1",0.112040800250469,0.11743975074426,-0.00539895049379033,0.0637219612543372,0.173934426075013,0.118828193664675,0.110212464820675,0.0265997748452469,TRUE,199,199,0,"OK","P14-C009",49,30,668,0.3,"swmdk_like","weak","exact_knot",5,29,-0.043656569524244,0,3,0.134999999999998
"V4-SENS-TWO-STAGE-HBB-CLUSTER-v1","V4-TARGET-EQUAL-CLUSTER-v1",0.124054242770307,0.11743975074426,0.00661449202604684,0.0667247669310951,0.179844598606448,0.123284682768771,0.113119831675353,0.0295598647453,TRUE,199,199,0,"OK","P14-C009",49,30,668,0.3,"swmdk_like","weak","exact_knot",5,29,-0.043656569524244,0,3,0.134999999999998
"V4-CMP-ONE-STAGE-CLUSTER-BB-RESP-v1","V4-TARGET-RESPONDENT-WEIGHTED-v1",0.112040800250469,0.11743975074426,-0.00539895049379033,0.0794505023449241,0.150863142680324,0.115156822512624,0.0714126403354003,0.0181620114775924,TRUE,199,199,0,"OK","P14-C009",49,30,668,0.3,"swmdk_like","weak","exact_knot",5,29,-0.043656569524244,0,3,0.134999999999998
"V4-CMP-IID-RESP-BB-v1","WORKING-INDEPENDENCE-RESPONDENT",0.112040800250469,0.11743975074426,-0.00539895049379033,0.0812922951089583,0.143154101438738,0.112223198273848,0.0618618063297798,0.0154632077443952,TRUE,199,199,0,"OK","P14-C009",49,30,668,0.3,"swmdk_like","weak","exact_knot",5,29,-0.043656569524244,0,3,0.134999999999998
"V4-CMP-TWO-STAGE-FREQ-BOOT-RESP-v1","V4-TARGET-RESPONDENT-WEIGHTED-v1",0.112040800250469,0.11743975074426,-0.00539895049379033,0.0636331979580243,0.157713778579468,0.110673488268746,0.0940805806214433,0.0244603219651167,TRUE,199,199,0,"OK","P14-C009",49,30,668,0.3,"swmdk_like","weak","exact_knot",5,29,-0.043656569524244,0,3,0.134999999999998
"V4-CMP-MOKKEN-TWOLEVEL-DELTA-v1","V4-TARGET-RESPONDENT-WEIGHTED-v1",0.112040800250458,0.11743975074426,-0.00539895049380158,0.0731320311259779,0.150949569374938,0.112040800250458,0.0778175382489604,0.0198517775996843,TRUE,,,0,"OK","P14-C009",49,30,668,0.3,"swmdk_like","weak","exact_knot",5,29,-0.043656569524244,0,3,0.134999999999998
"V4-PRI-TWO-STAGE-HBB-RESP-v1","V4-TARGET-RESPONDENT-WEIGHTED-v1",0.115468149867342,0.11743975074426,-0.00197160087691779,0.0715456052929579,0.161156050485779,0.116350827889368,0.0896104451928209,0.02394417856573,TRUE,199,199,0,"OK","P14-C009",50,30,623,0.3,"swmdk_like","weak","exact_knot",5,28,0.127217498968069,0,1,0.0990000000000038
"V4-SENS-TWO-STAGE-HBB-CLUSTER-v1","V4-TARGET-EQUAL-CLUSTER-v1",0.114279367973947,0.11743975074426,-0.00316038277031258,0.060788934005666,0.176061994027619,0.118425464016642,0.115273060021953,0.0282244305165677,TRUE,199,199,0,"OK","P14-C009",50,30,623,0.3,"swmdk_like","weak","exact_knot",5,28,0.127217498968069,0,1,0.0990000000000038
"V4-CMP-ONE-STAGE-CLUSTER-BB-RESP-v1","V4-TARGET-RESPONDENT-WEIGHTED-v1",0.115468149867342,0.11743975074426,-0.00197160087691779,0.0856248114773979,0.148835738701148,0.117230275089273,0.06321092722375,0.0164662751746792,TRUE,199,199,0,"OK","P14-C009",50,30,623,0.3,"swmdk_like","weak","exact_knot",5,28,0.127217498968069,0,1,0.0990000000000038
"V4-CMP-IID-RESP-BB-v1","WORKING-INDEPENDENCE-RESPONDENT",0.115468149867342,0.11743975074426,-0.00197160087691779,0.0862628252785811,0.151730376405546,0.118996600842063,0.0654675511269645,0.0158201537016299,TRUE,199,199,0,"OK","P14-C009",50,30,623,0.3,"swmdk_like","weak","exact_knot",5,28,0.127217498968069,0,1,0.0990000000000038
"V4-CMP-TWO-STAGE-FREQ-BOOT-RESP-v1","V4-TARGET-RESPONDENT-WEIGHTED-v1",0.115468149867342,0.11743975074426,-0.00197160087691779,0.0695032227340876,0.160973371334817,0.115238297034452,0.0914701486007294,0.0232542413203556,TRUE,199,199,0,"OK","P14-C009",50,30,623,0.3,"swmdk_like","weak","exact_knot",5,28,0.127217498968069,0,1,0.0990000000000038
"V4-CMP-MOKKEN-TWOLEVEL-DELTA-v1","V4-TARGET-RESPONDENT-WEIGHTED-v1",0.115468149867341,0.11743975074426,-0.00197160087691851,0.0748627408893354,0.156073558845347,0.115468149867341,0.0812108179560115,0.0207174260845077,TRUE,,,0,"OK","P14-C009",50,30,623,0.3,"swmdk_like","weak","exact_knot",5,28,0.127217498968069,0,1,0.0990000000000038
"V4-PRI-TWO-STAGE-HBB-RESP-v1","V4-TARGET-RESPONDENT-WEIGHTED-v1",0.10063872472366,0.11743975074426,-0.0168010260205999,0.0489106967901548,0.153999378239107,0.101455037514631,0.105088681448953,0.0268168092267857,TRUE,199,199,0,"OK","P14-C009",51,30,625,0.3,"swmdk_like","weak","exact_knot",8,29,0.166644695678411,0,1,0.0970000000000013
"V4-SENS-TWO-STAGE-HBB-CLUSTER-v1","V4-TARGET-EQUAL-CLUSTER-v1",0.099501438557746,0.11743975074426,-0.0179383121865137,0.0355222763921932,0.163886990875176,0.0997046336336845,0.128364714482983,0.0315965321616564,TRUE,199,199,0,"OK","P14-C009",51,30,625,0.3,"swmdk_like","weak","exact_knot",8,29,0.166644695678411,0,1,0.0970000000000013
"V4-CMP-ONE-STAGE-CLUSTER-BB-RESP-v1","V4-TARGET-RESPONDENT-WEIGHTED-v1",0.10063872472366,0.11743975074426,-0.0168010260205999,0.070539676696076,0.133682527305359,0.102111102000717,0.0631428506092825,0.0171431997427875,TRUE,199,199,0,"OK","P14-C009",51,30,625,0.3,"swmdk_like","weak","exact_knot",8,29,0.166644695678411,0,1,0.0970000000000013
"V4-CMP-IID-RESP-BB-v1","WORKING-INDEPENDENCE-RESPONDENT",0.10063872472366,0.11743975074426,-0.0168010260205999,0.069904198811393,0.132043133823952,0.100973666317672,0.0621389350125588,0.0157951870606028,TRUE,199,199,0,"OK","P14-C009",51,30,625,0.3,"swmdk_like","weak","exact_knot",8,29,0.166644695678411,0,1,0.0970000000000013
"V4-CMP-TWO-STAGE-FREQ-BOOT-RESP-v1","V4-TARGET-RESPONDENT-WEIGHTED-v1",0.10063872472366,0.11743975074426,-0.0168010260205999,0.0478926515958574,0.152267798921535,0.100080225258696,0.104375147325678,0.0255364562372628,TRUE,199,199,0,"OK","P14-C009",51,30,625,0.3,"swmdk_like","weak","exact_knot",8,29,0.166644695678411,0,1,0.0970000000000013
"V4-CMP-MOKKEN-TWOLEVEL-DELTA-v1","V4-TARGET-RESPONDENT-WEIGHTED-v1",0.100638724723651,0.11743975074426,-0.0168010260206092,0.0584608608904414,0.14281658855686,0.100638724723651,0.0843557276664183,0.021519713712039,TRUE,,,0,"OK","P14-C009",51,30,625,0.3,"swmdk_like","weak","exact_knot",8,29,0.166644695678411,0,1,0.0970000000000013
"V4-PRI-TWO-STAGE-HBB-RESP-v1","V4-TARGET-RESPONDENT-WEIGHTED-v1",0.112973626490818,0.11743975074426,-0.0044661242534414,0.0629481321043121,0.174779613692452,0.118863872898382,0.11183148158814,0.0261243156448867,TRUE,199,199,0,"OK","P14-C009",52,30,642,0.3,"swmdk_like","weak","exact_knot",13,29,-0.214004699931214,0,2,0.110999999999997
"V4-SENS-TWO-STAGE-HBB-CLUSTER-v1","V4-TARGET-EQUAL-CLUSTER-v1",0.1054223066077,0.11743975074426,-0.0120174441365594,0.054521238832541,0.171562726061389,0.113041982446965,0.117041487228848,0.0276859873820731,TRUE,199,199,0,"OK","P14-C009",52,30,642,0.3,"swmdk_like","weak","exact_knot",13,29,-0.214004699931214,0,2,0.110999999999997
"V4-CMP-ONE-STAGE-CLUSTER-BB-RESP-v1","V4-TARGET-RESPONDENT-WEIGHTED-v1",0.112973626490818,0.11743975074426,-0.0044661242534414,0.0787007560859752,0.141861288147333,0.110281022116654,0.0631605320613583,0.0162203775863588,TRUE,199,199,0,"OK","P14-C009",52,30,642,0.3,"swmdk_like","weak","exact_knot",13,29,-0.214004699931214,0,2,0.110999999999997
"V4-CMP-IID-RESP-BB-v1","WORKING-INDEPENDENCE-RESPONDENT",0.112973626490818,0.11743975074426,-0.0044661242534414,0.0798065869670045,0.147391255462982,0.113598921214993,0.0675846684959779,0.0174615290104032,TRUE,199,199,0,"OK","P14-C009",52,30,642,0.3,"swmdk_like","weak","exact_knot",13,29,-0.214004699931214,0,2,0.110999999999997
"V4-CMP-TWO-STAGE-FREQ-BOOT-RESP-v1","V4-TARGET-RESPONDENT-WEIGHTED-v1",0.112973626490818,0.11743975074426,-0.0044661242534414,0.0696425505867419,0.158515587674505,0.114079069130623,0.0888730370877628,0.0240254617240076,TRUE,199,199,0,"OK","P14-C009",52,30,642,0.3,"swmdk_like","weak","exact_knot",13,29,-0.214004699931214,0,2,0.110999999999997
"V4-CMP-MOKKEN-TWOLEVEL-DELTA-v1","V4-TARGET-RESPONDENT-WEIGHTED-v1",0.112973626490827,0.11743975074426,-0.00446612425343319,0.0696567745205827,0.15629047846107,0.112973626490827,0.0866337039404876,0.0221008407868316,TRUE,,,0,"OK","P14-C009",52,30,642,0.3,"swmdk_like","weak","exact_knot",13,29,-0.214004699931214,0,2,0.110999999999997
"V4-PRI-TWO-STAGE-HBB-RESP-v1","V4-TARGET-RESPONDENT-WEIGHTED-v1",0.1042835208608,0.11743975074426,-0.0131562298834594,0.0541854840726768,0.171323843083777,0.112754663578227,0.1171383590111,0.0285459284764264,TRUE,199,199,0,"OK","P14-C009",53,30,598,0.3,"swmdk_like","weak","exact_knot",8,29,0.0362862235627018,0.00334448160535117,0,0.0919999999999987
"V4-SENS-TWO-STAGE-HBB-CLUSTER-v1","V4-TARGET-EQUAL-CLUSTER-v1",0.111346599735669,0.11743975074426,-0.0060931510085904,0.0500340593648586,0.17534262496897,0.112688342166914,0.125308565604111,0.0325670164471665,TRUE,199,199,0,"OK","P14-C009",53,30,598,0.3,"swmdk_like","weak","exact_knot",8,29,0.0362862235627018,0.00334448160535117,0,0.0919999999999987
"V4-CMP-ONE-STAGE-CLUSTER-BB-RESP-v1","V4-TARGET-RESPONDENT-WEIGHTED-v1",0.1042835208608,0.11743975074426,-0.0131562298834594,0.0662992397963756,0.148574071178722,0.107436655487549,0.0822748313823463,0.0194321469748866,TRUE,199,199,0,"OK","P14-C009",53,30,598,0.3,"swmdk_like","weak","exact_knot",8,29,0.0362862235627018,0.00334448160535117,0,0.0919999999999987
"V4-CMP-IID-RESP-BB-v1","WORKING-INDEPENDENCE-RESPONDENT",0.1042835208608,0.11743975074426,-0.0131562298834594,0.0704781475551781,0.13883925450402,0.104658701029599,0.0683611069488419,0.0177790373935954,TRUE,199,199,0,"OK","P14-C009",53,30,598,0.3,"swmdk_like","weak","exact_knot",8,29,0.0362862235627018,0.00334448160535117,0,0.0919999999999987
"V4-CMP-TWO-STAGE-FREQ-BOOT-RESP-v1","V4-TARGET-RESPONDENT-WEIGHTED-v1",0.1042835208608,0.11743975074426,-0.0131562298834594,0.0595596426105238,0.158069786258471,0.108814714434498,0.0985101436479475,0.0241565586387928,TRUE,199,199,0,"OK","P14-C009",53,30,598,0.3,"swmdk_like","weak","exact_knot",8,29,0.0362862235627018,0.00334448160535117,0,0.0919999999999987
"V4-CMP-MOKKEN-TWOLEVEL-DELTA-v1","V4-TARGET-RESPONDENT-WEIGHTED-v1",0.104283520860808,0.11743975074426,-0.0131562298834517,0.0603749098537789,0.148192131867837,0.104283520860808,0.0878172220140584,0.0224027642106563,TRUE,,,0,"OK","P14-C009",53,30,598,0.3,"swmdk_like","weak","exact_knot",8,29,0.0362862235627018,0.00334448160535117,0,0.0919999999999987
"V4-PRI-TWO-STAGE-HBB-RESP-v1","V4-TARGET-RESPONDENT-WEIGHTED-v1",0.124428355187401,0.11743975074426,0.00698860444314138,0.0726674223043847,0.180452878464347,0.126560150384366,0.107785456159962,0.0276832269370599,TRUE,199,199,0,"OK","P14-C009",54,30,569,0.3,"swmdk_like","weak","exact_knot",5,29,-0.167763581129577,0.00175746924428821,0,0.0930000000000035
"V4-SENS-TWO-STAGE-HBB-CLUSTER-v1","V4-TARGET-EQUAL-CLUSTER-v1",0.123186371392376,0.11743975074426,0.00574662064811612,0.0758260930615589,0.187724559318718,0.131775326190139,0.111898466257159,0.028453825198156,TRUE,199,199,0,"OK","P14-C009",54,30,569,0.3,"swmdk_like","weak","exact_knot",5,29,-0.167763581129577,0.00175746924428821,0,0.0930000000000035
"V4-CMP-ONE-STAGE-CLUSTER-BB-RESP-v1","V4-TARGET-RESPONDENT-WEIGHTED-v1",0.124428355187401,0.11743975074426,0.00698860444314138,0.0943591512434959,0.153992137048926,0.124175644146211,0.0596329858054299,0.0156739111986448,TRUE,199,199,0,"OK","P14-C009",54,30,569,0.3,"swmdk_like","weak","exact_knot",5,29,-0.167763581129577,0.00175746924428821,0,0.0930000000000035
"V4-CMP-IID-RESP-BB-v1","WORKING-INDEPENDENCE-RESPONDENT",0.124428355187401,0.11743975074426,0.00698860444314138,0.0915047424674596,0.158250090510965,0.124877416489212,0.0667453480435056,0.0174137305341361,TRUE,199,199,0,"OK","P14-C009",54,30,569,0.3,"swmdk_like","weak","exact_knot",5,29,-0.167763581129577,0.00175746924428821,0,0.0930000000000035
"V4-CMP-TWO-STAGE-FREQ-BOOT-RESP-v1","V4-TARGET-RESPONDENT-WEIGHTED-v1",0.124428355187401,0.11743975074426,0.00698860444314138,0.0811875810275046,0.165496006249548,0.123341793638527,0.0843084252220439,0.0216131489292226,TRUE,199,199,0,"OK","P14-C009",54,30,569,0.3,"swmdk_like","weak","exact_knot",5,29,-0.167763581129577,0.00175746924428821,0,0.0930000000000035
"V4-CMP-MOKKEN-TWOLEVEL-DELTA-v1","V4-TARGET-RESPONDENT-WEIGHTED-v1",0.124428355187402,0.11743975074426,0.00698860444314207,0.0860941624948791,0.162762547879925,0.124428355187402,0.0766683853850455,0.0195586209720679,TRUE,,,0,"OK","P14-C009",54,30,569,0.3,"swmdk_like","weak","exact_knot",5,29,-0.167763581129577,0.00175746924428821,0,0.0930000000000035
"V4-PRI-TWO-STAGE-HBB-RESP-v1","V4-TARGET-RESPONDENT-WEIGHTED-v1",0.117598989460611,0.11743975074426,0.00015923871635086,0.0690569593893902,0.177296866490977,0.123176912940184,0.108239907101587,0.0273926479695882,TRUE,199,199,0,"OK","P14-C009",55,30,644,0.3,"swmdk_like","weak","exact_knot",5,29,-0.100387575302498,0.00155279503105588,0,0.0989999999999966
"V4-SENS-TWO-STAGE-HBB-CLUSTER-v1","V4-TARGET-EQUAL-CLUSTER-v1",0.111187395029357,0.11743975074426,-0.00625235571490267,0.0568591343245856,0.177903766458273,0.117381450391429,0.121044632133687,0.0316128089618421,TRUE,199,199,0,"OK","P14-C009",55,30,644,0.3,"swmdk_like","weak","exact_knot",5,29,-0.100387575302498,0.00155279503105588,0,0.0989999999999966
"V4-CMP-ONE-STAGE-CLUSTER-BB-RESP-v1","V4-TARGET-RESPONDENT-WEIGHTED-v1",0.117598989460611,0.11743975074426,0.00015923871635086,0.0816778308009038,0.15227539889022,0.116976614845562,0.0705975680893158,0.0173811532911807,TRUE,199,199,0,"OK","P14-C009",55,30,644,0.3,"swmdk_like","weak","exact_knot",5,29,-0.100387575302498,0.00155279503105588,0,0.0989999999999966
"V4-CMP-IID-RESP-BB-v1","WORKING-INDEPENDENCE-RESPONDENT",0.117598989460611,0.11743975074426,0.00015923871635086,0.0835079551854503,0.14736578787519,0.11543687153032,0.0638578326897397,0.0161338389345694,TRUE,199,199,0,"OK","P14-C009",55,30,644,0.3,"swmdk_like","weak","exact_knot",5,29,-0.100387575302498,0.00155279503105588,0,0.0989999999999966
"V4-CMP-TWO-STAGE-FREQ-BOOT-RESP-v1","V4-TARGET-RESPONDENT-WEIGHTED-v1",0.117598989460611,0.11743975074426,0.00015923871635086,0.0664392985822884,0.163685401376026,0.115062349979157,0.0972461027937374,0.0232002186872938,TRUE,199,199,0,"OK","P14-C009",55,30,644,0.3,"swmdk_like","weak","exact_knot",5,29,-0.100387575302498,0.00155279503105588,0,0.0989999999999966
"V4-CMP-MOKKEN-TWOLEVEL-DELTA-v1","V4-TARGET-RESPONDENT-WEIGHTED-v1",0.117598989460631,0.11743975074426,0.000159238716371232,0.0756096044162268,0.159588374505035,0.117598989460631,0.0839787700888084,0.0214235492976458,TRUE,,,0,"OK","P14-C009",55,30,644,0.3,"swmdk_like","weak","exact_knot",5,29,-0.100387575302498,0.00155279503105588,0,0.0989999999999966
"V4-PRI-TWO-STAGE-HBB-RESP-v1","V4-TARGET-RESPONDENT-WEIGHTED-v1",0.118589477691794,0.11743975074426,0.00114972694753404,0.0717279181404305,0.167540905702313,0.119634411921372,0.0958129875618823,0.0249381399141535,TRUE,199,199,0,"OK","P14-C009",56,30,662,0.3,"swmdk_like","weak","exact_knot",5,29,0.0993218777918778,0.00151057401812682,0,0.100000000000001
"V4-SENS-TWO-STAGE-HBB-CLUSTER-v1","V4-TARGET-EQUAL-CLUSTER-v1",0.115196594929942,0.11743975074426,-0.00224315581431787,0.0681374957100103,0.171553806812325,0.119845651261168,0.103416311102315,0.0251913269924588,TRUE,199,199,0,"OK","P14-C009",56,30,662,0.3,"swmdk_like","weak","exact_knot",5,29,0.0993218777918778,0.00151057401812682,0,0.100000000000001
"V4-CMP-ONE-STAGE-CLUSTER-BB-RESP-v1","V4-TARGET-RESPONDENT-WEIGHTED-v1",0.118589477691794,0.11743975074426,0.00114972694753404,0.089406411294303,0.147825226648491,0.118615818971397,0.0584188153541884,0.01413430141238,TRUE,199,199,0,"OK","P14-C009",56,30,662,0.3,"swmdk_like","weak","exact_knot",5,29,0.0993218777918778,0.00151057401812682,0,0.100000000000001
"V4-CMP-IID-RESP-BB-v1","WORKING-INDEPENDENCE-RESPONDENT",0.118589477691794,0.11743975074426,0.00114972694753404,0.0839446289699005,0.150362950045803,0.117153789507852,0.0664183210759028,0.0169382561728134,TRUE,199,199,0,"OK","P14-C009",56,30,662,0.3,"swmdk_like","weak","exact_knot",5,29,0.0993218777918778,0.00151057401812682,0,0.100000000000001
"V4-CMP-TWO-STAGE-FREQ-BOOT-RESP-v1","V4-TARGET-RESPONDENT-WEIGHTED-v1",0.118589477691794,0.11743975074426,0.00114972694753404,0.0769292506342112,0.152819087089721,0.114874168861966,0.0758898364555096,0.0201430289715307,TRUE,199,199,0,"OK","P14-C009",56,30,662,0.3,"swmdk_like","weak","exact_knot",5,29,0.0993218777918778,0.00151057401812682,0,0.100000000000001
"V4-CMP-MOKKEN-TWOLEVEL-DELTA-v1","V4-TARGET-RESPONDENT-WEIGHTED-v1",0.118589477691778,0.11743975074426,0.00114972694751801,0.0838255973562312,0.153353358027324,0.118589477691778,0.069527760671093,0.0177369995621142,TRUE,,,0,"OK","P14-C009",56,30,662,0.3,"swmdk_like","weak","exact_knot",5,29,0.0993218777918778,0.00151057401812682,0,0.100000000000001
"V4-PRI-TWO-STAGE-HBB-RESP-v1","V4-TARGET-RESPONDENT-WEIGHTED-v1",0.109332540174925,0.11743975074426,-0.008107210569335,0.0458661722977206,0.179259240297005,0.112562706297363,0.133393067999285,0.0310342734217081,TRUE,199,199,0,"OK","P14-C009",57,30,609,0.3,"swmdk_like","weak","exact_knot",8,29,0.0125509190755326,0,1,0.107999999999997
"V4-SENS-TWO-STAGE-HBB-CLUSTER-v1","V4-TARGET-EQUAL-CLUSTER-v1",0.126103114184725,0.11743975074426,0.00866336344046544,0.0816190483532105,0.183079080589735,0.132349064471473,0.101460032236524,0.0267909794224796,TRUE,199,199,0,"OK","P14-C009",57,30,609,0.3,"swmdk_like","weak","exact_knot",8,29,0.0125509190755326,0,1,0.107999999999997
"V4-CMP-ONE-STAGE-CLUSTER-BB-RESP-v1","V4-TARGET-RESPONDENT-WEIGHTED-v1",0.109332540174925,0.11743975074426,-0.008107210569335,0.0719683626954747,0.143876812223544,0.107922587459509,0.0719084495280689,0.0180003213350953,TRUE,199,199,0,"OK","P14-C009",57,30,609,0.3,"swmdk_like","weak","exact_knot",8,29,0.0125509190755326,0,1,0.107999999999997
"V4-CMP-IID-RESP-BB-v1","WORKING-INDEPENDENCE-RESPONDENT",0.109332540174925,0.11743975074426,-0.008107210569335,0.076614828607501,0.147873461490217,0.112244145048859,0.0712586328827155,0.0183031389995545,TRUE,199,199,0,"OK","P14-C009",57,30,609,0.3,"swmdk_like","weak","exact_knot",8,29,0.0125509190755326,0,1,0.107999999999997
"V4-CMP-TWO-STAGE-FREQ-BOOT-RESP-v1","V4-TARGET-RESPONDENT-WEIGHTED-v1",0.109332540174925,0.11743975074426,-0.008107210569335,0.0644386956114574,0.164686686483913,0.114562691047685,0.100247990872456,0.0244516158770293,TRUE,199,199,0,"OK","P14-C009",57,30,609,0.3,"swmdk_like","weak","exact_knot",8,29,0.0125509190755326,0,1,0.107999999999997
"V4-CMP-MOKKEN-TWOLEVEL-DELTA-v1","V4-TARGET-RESPONDENT-WEIGHTED-v1",0.109332540174931,0.11743975074426,-0.00810721056932874,0.064602827070414,0.154062253279448,0.109332540174931,0.0894594262090339,0.0228217015503036,TRUE,,,0,"OK","P14-C009",57,30,609,0.3,"swmdk_like","weak","exact_knot",8,29,0.0125509190755326,0,1,0.107999999999997
"V4-PRI-TWO-STAGE-HBB-RESP-v1","V4-TARGET-RESPONDENT-WEIGHTED-v1",0.113448003228452,0.11743975074426,-0.00399174751580762,0.0578008490313452,0.167000690285972,0.112400769658658,0.109199841254626,0.0275520733989143,TRUE,199,199,0,"OK","P14-C009",58,30,677,0.3,"swmdk_like","weak","exact_knot",5,29,-0.0529854184238456,0,1,0.102000000000004
"V4-SENS-TWO-STAGE-HBB-CLUSTER-v1","V4-TARGET-EQUAL-CLUSTER-v1",0.120468713135175,0.11743975074426,0.00302896239091516,0.0658422207437402,0.17394769010615,0.119894955424945,0.10810546936241,0.0258400831019288,TRUE,199,199,0,"OK","P14-C009",58,30,677,0.3,"swmdk_like","weak","exact_knot",5,29,-0.0529854184238456,0,1,0.102000000000004
"V4-CMP-ONE-STAGE-CLUSTER-BB-RESP-v1","V4-TARGET-RESPONDENT-WEIGHTED-v1",0.113448003228452,0.11743975074426,-0.00399174751580762,0.0872906043497626,0.144250933978396,0.115770769164079,0.0569603296286334,0.0152912640293607,TRUE,199,199,0,"OK","P14-C009",58,30,677,0.3,"swmdk_like","weak","exact_knot",5,29,-0.0529854184238456,0,1,0.102000000000004
"V4-CMP-IID-RESP-BB-v1","WORKING-INDEPENDENCE-RESPONDENT",0.113448003228452,0.11743975074426,-0.00399174751580762,0.0848103211517158,0.143888972054247,0.114349646602982,0.0590786509025316,0.0161280231876723,TRUE,199,199,0,"OK","P14-C009",58,30,677,0.3,"swmdk_like","weak","exact_knot",5,29,-0.0529854184238456,0,1,0.102000000000004
"V4-CMP-TWO-STAGE-FREQ-BOOT-RESP-v1","V4-TARGET-RESPONDENT-WEIGHTED-v1",0.113448003228452,0.11743975074426,-0.00399174751580762,0.0655882124756521,0.153609173931479,0.109598693203565,0.0880209614558267,0.0222137201155267,TRUE,199,199,0,"OK","P14-C009",58,30,677,0.3,"swmdk_like","weak","exact_knot",5,29,-0.0529854184238456,0,1,0.102000000000004
"V4-CMP-MOKKEN-TWOLEVEL-DELTA-v1","V4-TARGET-RESPONDENT-WEIGHTED-v1",0.113448003228456,0.11743975074426,-0.00399174751580324,0.0753429626432993,0.151553043813614,0.113448003228456,0.0762100811703145,0.0194417044832073,TRUE,,,0,"OK","P14-C009",58,30,677,0.3,"swmdk_like","weak","exact_knot",5,29,-0.0529854184238456,0,1,0.102000000000004
"V4-PRI-TWO-STAGE-HBB-RESP-v1","V4-TARGET-RESPONDENT-WEIGHTED-v1",0.132465240216961,0.11743975074426,0.0150254894727015,0.0810514250265508,0.187819191503305,0.134435308264928,0.106767766476755,0.0267823645297361,TRUE,199,199,0,"OK","P14-C009",59,30,711,0.3,"swmdk_like","weak","exact_knot",13,29,0.332679055330118,0,1,0.103999999999999
"V4-SENS-TWO-STAGE-HBB-CLUSTER-v1","V4-TARGET-EQUAL-CLUSTER-v1",0.132828937110393,0.11743975074426,0.0153891863661333,0.084332873076591,0.182624377627577,0.133478625352084,0.0982915045509863,0.0244035595474408,TRUE,199,199,0,"OK","P14-C009",59,30,711,0.3,"swmdk_like","weak","exact_knot",13,29,0.332679055330118,0,1,0.103999999999999
"V4-CMP-ONE-STAGE-CLUSTER-BB-RESP-v1","V4-TARGET-RESPONDENT-WEIGHTED-v1",0.132465240216961,0.11743975074426,0.0150254894727015,0.103162634192306,0.160969338298527,0.132065986245416,0.0578067041062208,0.0149486541200136,TRUE,199,199,0,"OK","P14-C009",59,30,711,0.3,"swmdk_like","weak","exact_knot",13,29,0.332679055330118,0,1,0.103999999999999
"V4-CMP-IID-RESP-BB-v1","WORKING-INDEPENDENCE-RESPONDENT",0.132465240216961,0.11743975074426,0.0150254894727015,0.0985782255896951,0.16480914115348,0.131693683371588,0.0662309155637849,0.0169197889476048,TRUE,199,199,0,"OK","P14-C009",59,30,711,0.3,"swmdk_like","weak","exact_knot",13,29,0.332679055330118,0,1,0.103999999999999
"V4-CMP-TWO-STAGE-FREQ-BOOT-RESP-v1","V4-TARGET-RESPONDENT-WEIGHTED-v1",0.132465240216961,0.11743975074426,0.0150254894727015,0.0915249055297127,0.174294094322447,0.13290949992608,0.0827691887927347,0.0216663344035313,TRUE,199,199,0,"OK","P14-C009",59,30,711,0.3,"swmdk_like","weak","exact_knot",13,29,0.332679055330118,0,1,0.103999999999999
"V4-CMP-MOKKEN-TWOLEVEL-DELTA-v1","V4-TARGET-RESPONDENT-WEIGHTED-v1",0.132465240216978,0.11743975074426,0.0150254894727184,0.0911878814482511,0.173742598985705,0.132465240216978,0.082554717537454,0.0210602639101114,TRUE,,,0,"OK","P14-C009",59,30,711,0.3,"swmdk_like","weak","exact_knot",13,29,0.332679055330118,0,1,0.103999999999999
"V4-PRI-TWO-STAGE-HBB-RESP-v1","V4-TARGET-RESPONDENT-WEIGHTED-v1",0.135684810468403,0.11743975074426,0.0182450597241434,0.0826635631155203,0.180993207198808,0.131828385157164,0.0983296440832881,0.0257998738393744,TRUE,199,199,0,"OK","P14-C009",60,30,615,0.3,"swmdk_like","weak","exact_knot",5,29,0.24067603659078,0.00325203252032524,0,0.0930000000000035
"V4-SENS-TWO-STAGE-HBB-CLUSTER-v1","V4-TARGET-EQUAL-CLUSTER-v1",0.155913261812895,0.11743975074426,0.0384735110686352,0.0846852115719944,0.240818488531976,0.162751850051985,0.156133276959982,0.0393475549508725,TRUE,199,199,0,"OK","P14-C009",60,30,615,0.3,"swmdk_like","weak","exact_knot",5,29,0.24067603659078,0.00325203252032524,0,0.0930000000000035
"V4-CMP-ONE-STAGE-CLUSTER-BB-RESP-v1","V4-TARGET-RESPONDENT-WEIGHTED-v1",0.135684810468403,0.11743975074426,0.0182450597241434,0.0995919201128991,0.178063840810974,0.138827880461937,0.0784719206980748,0.020590435309955,TRUE,199,199,0,"OK","P14-C009",60,30,615,0.3,"swmdk_like","weak","exact_knot",5,29,0.24067603659078,0.00325203252032524,0,0.0930000000000035
"V4-CMP-IID-RESP-BB-v1","WORKING-INDEPENDENCE-RESPONDENT",0.135684810468403,0.11743975074426,0.0182450597241434,0.102221750703249,0.171611896467219,0.136916823585234,0.0693901457639701,0.0161508201940795,TRUE,199,199,0,"OK","P14-C009",60,30,615,0.3,"swmdk_like","weak","exact_knot",5,29,0.24067603659078,0.00325203252032524,0,0.0930000000000035
"V4-CMP-TWO-STAGE-FREQ-BOOT-RESP-v1","V4-TARGET-RESPONDENT-WEIGHTED-v1",0.135684810468403,0.11743975074426,0.0182450597241434,0.0889041531453328,0.194101274322522,0.141502713733928,0.105197121177189,0.0276107250287486,TRUE,199,199,0,"OK","P14-C009",60,30,615,0.3,"swmdk_like","weak","exact_knot",5,29,0.24067603659078,0.00325203252032524,0,0.0930000000000035
"V4-CMP-MOKKEN-TWOLEVEL-DELTA-v1","V4-TARGET-RESPONDENT-WEIGHTED-v1",0.135684810468418,0.11743975074426,0.0182450597241578,0.087372317810347,0.183997303126488,0.135684810468418,0.096624985316141,0.0246496838917211,TRUE,,,0,"OK","P14-C009",60,30,615,0.3,"swmdk_like","weak","exact_knot",5,29,0.24067603659078,0.00325203252032524,0,0.0930000000000035
