"method_id","target_id","point_estimate","truth","bias","lower","upper","center","interval_length","se_equivalent","cover","defined_draws","total_draws","invalid_fraction","status","cell_id","replication","G","N","latent_icc","size_mechanism","strength","regularity","minimum_cluster_size","maximum_cluster_size","size_effect_correlation","sample_minimum_internal_cdf_gap","sample_exact_knot_count","replication_elapsed_seconds"
"V4-PRI-TWO-STAGE-HBB-RESP-v1","V4-TARGET-RESPONDENT-WEIGHTED-v1",0.269618552773379,0.274200449131174,-0.00458189635779466,0.216259065659364,0.321593275986767,0.268926170823065,0.105334210327403,0.0272405474226343,TRUE,199,199,0,"OK","P14-C016",1,50,852,0.05,"informative","medium","exact_knot",6,26,0.986813251347237,0.00352112676056326,0,0.140000000000001
"V4-SENS-TWO-STAGE-HBB-CLUSTER-v1","V4-TARGET-EQUAL-CLUSTER-v1",0.282954090893999,0.274953103514226,0.00800098737977267,0.225849799059677,0.35547264698489,0.290661223022283,0.129622847925212,0.0304836791631046,TRUE,199,199,0,"OK","P14-C016",1,50,852,0.05,"informative","medium","exact_knot",6,26,0.986813251347237,0.00352112676056326,0,0.140000000000001
"V4-CMP-ONE-STAGE-CLUSTER-BB-RESP-v1","V4-TARGET-RESPONDENT-WEIGHTED-v1",0.269618552773379,0.274200449131174,-0.00458189635779466,0.234913661067778,0.304869292711326,0.269891476889552,0.069955631643548,0.0173655133840406,TRUE,199,199,0,"OK","P14-C016",1,50,852,0.05,"informative","medium","exact_knot",6,26,0.986813251347237,0.00352112676056326,0,0.140000000000001
"V4-CMP-IID-RESP-BB-v1","WORKING-INDEPENDENCE-RESPONDENT",0.269618552773379,0.274200449131174,-0.00458189635779466,0.234624792362115,0.31206803965631,0.273346416009212,0.0774432472941945,0.0182943886583329,TRUE,199,199,0,"OK","P14-C016",1,50,852,0.05,"informative","medium","exact_knot",6,26,0.986813251347237,0.00352112676056326,0,0.140000000000001
"V4-CMP-TWO-STAGE-FREQ-BOOT-RESP-v1","V4-TARGET-RESPONDENT-WEIGHTED-v1",0.269618552773379,0.274200449131174,-0.00458189635779466,0.225572428319426,0.314802625286966,0.270187526803196,0.0892301969675401,0.0245717757354908,TRUE,199,199,0,"OK","P14-C016",1,50,852,0.05,"informative","medium","exact_knot",6,26,0.986813251347237,0.00352112676056326,0,0.140000000000001
"V4-CMP-MOKKEN-TWOLEVEL-DELTA-v1","V4-TARGET-RESPONDENT-WEIGHTED-v1",0.269618552773388,0.274200449131174,-0.00458189635778578,0.225348697080453,0.313888408466322,0.269618552773388,0.088539711385869,0.0225870761106477,TRUE,,,0,"OK","P14-C016",1,50,852,0.05,"informative","medium","exact_knot",6,26,0.986813251347237,0.00352112676056326,0,0.140000000000001
"V4-PRI-TWO-STAGE-HBB-RESP-v1","V4-TARGET-RESPONDENT-WEIGHTED-v1",0.305684281711876,0.274200449131174,0.0314838325807026,0.253977696544182,0.366745557432852,0.310361626988517,0.11276786088867,0.0293200251579327,TRUE,199,199,0,"OK","P14-C016",2,50,828,0.05,"informative","medium","exact_knot",6,27,0.985556903094364,0.00120772946859904,0,0.132000000000005
"V4-SENS-TWO-STAGE-HBB-CLUSTER-v1","V4-TARGET-EQUAL-CLUSTER-v1",0.312363623027606,0.274953103514226,0.0374105195133797,0.264316411326312,0.363584204673511,0.313950307999912,0.0992677933471989,0.0278134301500295,TRUE,199,199,0,"OK","P14-C016",2,50,828,0.05,"informative","medium","exact_knot",6,27,0.985556903094364,0.00120772946859904,0,0.132000000000005
"V4-CMP-ONE-STAGE-CLUSTER-BB-RESP-v1","V4-TARGET-RESPONDENT-WEIGHTED-v1",0.305684281711876,0.274200449131174,0.0314838325807026,0.279852102499873,0.336672542111281,0.308262322305577,0.0568204396114076,0.0148486817179114,FALSE,199,199,0,"OK","P14-C016",2,50,828,0.05,"informative","medium","exact_knot",6,27,0.985556903094364,0.00120772946859904,0,0.132000000000005
"V4-CMP-IID-RESP-BB-v1","WORKING-INDEPENDENCE-RESPONDENT",0.305684281711876,0.274200449131174,0.0314838325807026,0.277908049109188,0.340199733402986,0.309053891256087,0.0622916842937979,0.0160365919397408,FALSE,199,199,0,"OK","P14-C016",2,50,828,0.05,"informative","medium","exact_knot",6,27,0.985556903094364,0.00120772946859904,0,0.132000000000005
"V4-CMP-TWO-STAGE-FREQ-BOOT-RESP-v1","V4-TARGET-RESPONDENT-WEIGHTED-v1",0.305684281711876,0.274200449131174,0.0314838325807026,0.266535116274739,0.344785402772997,0.305660259523868,0.0782502864982581,0.0215620649771542,TRUE,199,199,0,"OK","P14-C016",2,50,828,0.05,"informative","medium","exact_knot",6,27,0.985556903094364,0.00120772946859904,0,0.132000000000005
"V4-CMP-MOKKEN-TWOLEVEL-DELTA-v1","V4-TARGET-RESPONDENT-WEIGHTED-v1",0.305684281711887,0.274200449131174,0.0314838325807136,0.263372564595965,0.347995998827809,0.305684281711887,0.0846234342318444,0.0215880074581327,TRUE,,,0,"OK","P14-C016",2,50,828,0.05,"informative","medium","exact_knot",6,27,0.985556903094364,0.00120772946859904,0,0.132000000000005
"V4-PRI-TWO-STAGE-HBB-RESP-v1","V4-TARGET-RESPONDENT-WEIGHTED-v1",0.297686901092639,0.274200449131174,0.0234864519614659,0.24519704478529,0.367964794276902,0.306580919531096,0.122767749491612,0.0293828579663728,TRUE,199,199,0,"OK","P14-C016",3,50,868,0.05,"informative","medium","exact_knot",9,26,0.995776903902651,0,1,0.138999999999996
"V4-SENS-TWO-STAGE-HBB-CLUSTER-v1","V4-TARGET-EQUAL-CLUSTER-v1",0.294117173035744,0.274953103514226,0.0191640695215185,0.240899538980394,0.359790235330132,0.300344887155263,0.118890696349738,0.0277956178678363,TRUE,199,199,0,"OK","P14-C016",3,50,868,0.05,"informative","medium","exact_knot",9,26,0.995776903902651,0,1,0.138999999999996
"V4-CMP-ONE-STAGE-CLUSTER-BB-RESP-v1","V4-TARGET-RESPONDENT-WEIGHTED-v1",0.297686901092639,0.274200449131174,0.0234864519614659,0.272602831349332,0.331395673831714,0.301999252590523,0.058792842482382,0.0155763817353702,TRUE,199,199,0,"OK","P14-C016",3,50,868,0.05,"informative","medium","exact_knot",9,26,0.995776903902651,0,1,0.138999999999996
"V4-CMP-IID-RESP-BB-v1","WORKING-INDEPENDENCE-RESPONDENT",0.297686901092639,0.274200449131174,0.0234864519614659,0.271449159196129,0.328747246366116,0.300098202781122,0.0572980871699865,0.0154733214206842,TRUE,199,199,0,"OK","P14-C016",3,50,868,0.05,"informative","medium","exact_knot",9,26,0.995776903902651,0,1,0.138999999999996
"V4-CMP-TWO-STAGE-FREQ-BOOT-RESP-v1","V4-TARGET-RESPONDENT-WEIGHTED-v1",0.297686901092639,0.274200449131174,0.0234864519614659,0.256544663496311,0.338036129225653,0.297290396360982,0.081491465729342,0.0206450422692979,TRUE,199,199,0,"OK","P14-C016",3,50,868,0.05,"informative","medium","exact_knot",9,26,0.995776903902651,0,1,0.138999999999996
"V4-CMP-MOKKEN-TWOLEVEL-DELTA-v1","V4-TARGET-RESPONDENT-WEIGHTED-v1",0.297686901092656,0.274200449131174,0.0234864519614829,0.256098409272506,0.339275392912806,0.297686901092656,0.0831769836402999,0.0212190081798414,TRUE,,,0,"OK","P14-C016",3,50,868,0.05,"informative","medium","exact_knot",9,26,0.995776903902651,0,1,0.138999999999996
"V4-PRI-TWO-STAGE-HBB-RESP-v1","V4-TARGET-RESPONDENT-WEIGHTED-v1",0.262073340896626,0.274200449131174,-0.0121271082345477,0.21036899981592,0.322244452479706,0.266306726147813,0.111875452663786,0.0283584801318779,TRUE,199,199,0,"OK","P14-C016",4,50,837,0.05,"informative","medium","exact_knot",6,27,0.98075144216814,0,1,0.134
"V4-SENS-TWO-STAGE-HBB-CLUSTER-v1","V4-TARGET-EQUAL-CLUSTER-v1",0.273885102227492,0.274953103514226,-0.00106800128673368,0.224345480245192,0.344020111618563,0.284182795931877,0.119674631373371,0.0294519569946749,TRUE,199,199,0,"OK","P14-C016",4,50,837,0.05,"informative","medium","exact_knot",6,27,0.98075144216814,0,1,0.134
"V4-CMP-ONE-STAGE-CLUSTER-BB-RESP-v1","V4-TARGET-RESPONDENT-WEIGHTED-v1",0.262073340896626,0.274200449131174,-0.0121271082345477,0.238965825053483,0.295488050996447,0.267226938024965,0.0565222259429644,0.0144976606474252,TRUE,199,199,0,"OK","P14-C016",4,50,837,0.05,"informative","medium","exact_knot",6,27,0.98075144216814,0,1,0.134
"V4-CMP-IID-RESP-BB-v1","WORKING-INDEPENDENCE-RESPONDENT",0.262073340896626,0.274200449131174,-0.0121271082345477,0.230480156186043,0.299057983311609,0.264769069748826,0.0685778271255656,0.0175581092985065,TRUE,199,199,0,"OK","P14-C016",4,50,837,0.05,"informative","medium","exact_knot",6,27,0.98075144216814,0,1,0.134
"V4-CMP-TWO-STAGE-FREQ-BOOT-RESP-v1","V4-TARGET-RESPONDENT-WEIGHTED-v1",0.262073340896626,0.274200449131174,-0.0121271082345477,0.222145710403626,0.310017618545465,0.266081664474545,0.0878719081418388,0.0219038467264941,TRUE,199,199,0,"OK","P14-C016",4,50,837,0.05,"informative","medium","exact_knot",6,27,0.98075144216814,0,1,0.134
"V4-CMP-MOKKEN-TWOLEVEL-DELTA-v1","V4-TARGET-RESPONDENT-WEIGHTED-v1",0.262073340896599,0.274200449131174,-0.0121271082345741,0.220234446072555,0.303912235720643,0.262073340896599,0.0836777896480879,0.0213467671620825,TRUE,,,0,"OK","P14-C016",4,50,837,0.05,"informative","medium","exact_knot",6,27,0.98075144216814,0,1,0.134
"V4-PRI-TWO-STAGE-HBB-RESP-v1","V4-TARGET-RESPONDENT-WEIGHTED-v1",0.255884925918693,0.274200449131174,-0.0183155232124806,0.206022832796021,0.304062263588008,0.255042548192014,0.0980394307919863,0.0251196128727759,TRUE,199,199,0,"OK","P14-C016",5,50,850,0.05,"informative","medium","exact_knot",6,28,0.980562307492632,0,1,0.15100000000001
"V4-SENS-TWO-STAGE-HBB-CLUSTER-v1","V4-TARGET-EQUAL-CLUSTER-v1",0.262949578681924,0.274953103514226,-0.012003524832302,0.21850153671512,0.31390193620907,0.266201736462095,0.0954003994939495,0.0263715313295243,TRUE,199,199,0,"OK","P14-C016",5,50,850,0.05,"informative","medium","exact_knot",6,28,0.980562307492632,0,1,0.15100000000001
"V4-CMP-ONE-STAGE-CLUSTER-BB-RESP-v1","V4-TARGET-RESPONDENT-WEIGHTED-v1",0.255884925918693,0.274200449131174,-0.0183155232124806,0.229204889220398,0.284080847774552,0.256642868497475,0.0548759585541534,0.0127092964712303,TRUE,199,199,0,"OK","P14-C016",5,50,850,0.05,"informative","medium","exact_knot",6,28,0.980562307492632,0,1,0.15100000000001
"V4-CMP-IID-RESP-BB-v1","WORKING-INDEPENDENCE-RESPONDENT",0.255884925918693,0.274200449131174,-0.0183155232124806,0.223532766531819,0.28890707302021,0.256219919776014,0.0653743064883918,0.0163207014962902,TRUE,199,199,0,"OK","P14-C016",5,50,850,0.05,"informative","medium","exact_knot",6,28,0.980562307492632,0,1,0.15100000000001
"V4-CMP-TWO-STAGE-FREQ-BOOT-RESP-v1","V4-TARGET-RESPONDENT-WEIGHTED-v1",0.255884925918693,0.274200449131174,-0.0183155232124806,0.220616231192597,0.299325485197924,0.259970858195261,0.0787092540053267,0.0200400599165231,TRUE,199,199,0,"OK","P14-C016",5,50,850,0.05,"informative","medium","exact_knot",6,28,0.980562307492632,0,1,0.15100000000001
"V4-CMP-MOKKEN-TWOLEVEL-DELTA-v1","V4-TARGET-RESPONDENT-WEIGHTED-v1",0.255884925918669,0.274200449131174,-0.0183155232125047,0.218632077140155,0.293137774697183,0.255884925918669,0.0745056975570278,0.019006904755577,TRUE,,,0,"OK","P14-C016",5,50,850,0.05,"informative","medium","exact_knot",6,28,0.980562307492632,0,1,0.15100000000001
"V4-PRI-TWO-STAGE-HBB-RESP-v1","V4-TARGET-RESPONDENT-WEIGHTED-v1",0.289250695198023,0.274200449131174,0.0150502460668493,0.239006572449883,0.347189769788776,0.29309817111933,0.108183197338893,0.0288765822619136,TRUE,199,199,0,"OK","P14-C016",6,50,964,0.05,"informative","medium","exact_knot",10,27,0.990498774572022,0.00103734439834025,0,0.147999999999996
"V4-SENS-TWO-STAGE-HBB-CLUSTER-v1","V4-TARGET-EQUAL-CLUSTER-v1",0.290502254143067,0.274953103514226,0.0155491506288411,0.235847687104542,0.367777257618643,0.301812472361592,0.1319295705141,0.0300114985510282,TRUE,199,199,0,"OK","P14-C016",6,50,964,0.05,"informative","medium","exact_knot",10,27,0.990498774572022,0.00103734439834025,0,0.147999999999996
"V4-CMP-ONE-STAGE-CLUSTER-BB-RESP-v1","V4-TARGET-RESPONDENT-WEIGHTED-v1",0.289250695198023,0.274200449131174,0.0150502460668493,0.257843011786969,0.328935791225634,0.293389401506302,0.0710927794386654,0.017835091126688,TRUE,199,199,0,"OK","P14-C016",6,50,964,0.05,"informative","medium","exact_knot",10,27,0.990498774572022,0.00103734439834025,0,0.147999999999996
"V4-CMP-IID-RESP-BB-v1","WORKING-INDEPENDENCE-RESPONDENT",0.289250695198023,0.274200449131174,0.0150502460668493,0.254116031794678,0.323054029661179,0.288585030727928,0.0689379978665012,0.0173704646948663,TRUE,199,199,0,"OK","P14-C016",6,50,964,0.05,"informative","medium","exact_knot",10,27,0.990498774572022,0.00103734439834025,0,0.147999999999996
"V4-CMP-TWO-STAGE-FREQ-BOOT-RESP-v1","V4-TARGET-RESPONDENT-WEIGHTED-v1",0.289250695198023,0.274200449131174,0.0150502460668493,0.241482767663331,0.34527045946572,0.293376613564526,0.10378769180239,0.0240904750943896,TRUE,199,199,0,"OK","P14-C016",6,50,964,0.05,"informative","medium","exact_knot",10,27,0.990498774572022,0.00103734439834025,0,0.147999999999996
"V4-CMP-MOKKEN-TWOLEVEL-DELTA-v1","V4-TARGET-RESPONDENT-WEIGHTED-v1",0.289250695198018,0.274200449131174,0.0150502460668444,0.243881741384971,0.334619649011065,0.289250695198018,0.0907379076260947,0.0231478507620099,TRUE,,,0,"OK","P14-C016",6,50,964,0.05,"informative","medium","exact_knot",10,27,0.990498774572022,0.00103734439834025,0,0.147999999999996
"V4-PRI-TWO-STAGE-HBB-RESP-v1","V4-TARGET-RESPONDENT-WEIGHTED-v1",0.273122013779647,0.274200449131174,-0.00107843535152619,0.22325442860995,0.325184155849977,0.274219292229963,0.101929727240027,0.0258876944816446,TRUE,199,199,0,"OK","P14-C016",7,50,841,0.05,"informative","medium","exact_knot",6,27,0.989151481620266,0.00118906064209268,0,0.135999999999996
"V4-SENS-TWO-STAGE-HBB-CLUSTER-v1","V4-TARGET-EQUAL-CLUSTER-v1",0.286680870339271,0.274953103514226,0.0117277668250447,0.226493532576139,0.353396233124687,0.289944882850413,0.126902700548548,0.0315282462351274,TRUE,199,199,0,"OK","P14-C016",7,50,841,0.05,"informative","medium","exact_knot",6,27,0.989151481620266,0.00118906064209268,0,0.135999999999996
"V4-CMP-ONE-STAGE-CLUSTER-BB-RESP-v1","V4-TARGET-RESPONDENT-WEIGHTED-v1",0.273122013779647,0.274200449131174,-0.00107843535152619,0.242984923919841,0.314413625209585,0.278699274564713,0.0714287012897437,0.0170497012521241,TRUE,199,199,0,"OK","P14-C016",7,50,841,0.05,"informative","medium","exact_knot",6,27,0.989151481620266,0.00118906064209268,0,0.135999999999996
"V4-CMP-IID-RESP-BB-v1","WORKING-INDEPENDENCE-RESPONDENT",0.273122013779647,0.274200449131174,-0.00107843535152619,0.247740303774114,0.309079665431722,0.278409984602918,0.0613393616576086,0.0158037997025804,TRUE,199,199,0,"OK","P14-C016",7,50,841,0.05,"informative","medium","exact_knot",6,27,0.989151481620266,0.00118906064209268,0,0.135999999999996
"V4-CMP-TWO-STAGE-FREQ-BOOT-RESP-v1","V4-TARGET-RESPONDENT-WEIGHTED-v1",0.273122013779647,0.274200449131174,-0.00107843535152619,0.232708558351641,0.315403887469716,0.274056222910678,0.0826953291180747,0.0213944891102981,TRUE,199,199,0,"OK","P14-C016",7,50,841,0.05,"informative","medium","exact_knot",6,27,0.989151481620266,0.00118906064209268,0,0.135999999999996
"V4-CMP-MOKKEN-TWOLEVEL-DELTA-v1","V4-TARGET-RESPONDENT-WEIGHTED-v1",0.273122013779619,0.274200449131174,-0.00107843535155422,0.23064851444161,0.315595513117629,0.273122013779619,0.0849469986760194,0.021670550924933,TRUE,,,0,"OK","P14-C016",7,50,841,0.05,"informative","medium","exact_knot",6,27,0.989151481620266,0.00118906064209268,0,0.135999999999996
"V4-PRI-TWO-STAGE-HBB-RESP-v1","V4-TARGET-RESPONDENT-WEIGHTED-v1",0.302021835219257,0.274200449131174,0.027821386088083,0.249242988878675,0.361758869156687,0.305500929017681,0.112515880278012,0.0282206450044811,TRUE,199,199,0,"OK","P14-C016",8,50,835,0.05,"informative","medium","exact_knot",6,26,0.985653700380734,0,1,0.132999999999996
"V4-SENS-TWO-STAGE-HBB-CLUSTER-v1","V4-TARGET-EQUAL-CLUSTER-v1",0.311217381613685,0.274953103514226,0.0362642780994593,0.258219148644277,0.377471406032686,0.317845277338481,0.119252257388409,0.0276329986080995,TRUE,199,199,0,"OK","P14-C016",8,50,835,0.05,"informative","medium","exact_knot",6,26,0.985653700380734,0,1,0.132999999999996
"V4-CMP-ONE-STAGE-CLUSTER-BB-RESP-v1","V4-TARGET-RESPONDENT-WEIGHTED-v1",0.302021835219257,0.274200449131174,0.027821386088083,0.275326838048647,0.336124985098768,0.305725911573708,0.060798147050121,0.0151394644763969,FALSE,199,199,0,"OK","P14-C016",8,50,835,0.05,"informative","medium","exact_knot",6,26,0.985653700380734,0,1,0.132999999999996
"V4-CMP-IID-RESP-BB-v1","WORKING-INDEPENDENCE-RESPONDENT",0.302021835219257,0.274200449131174,0.027821386088083,0.269767068767221,0.334332356449962,0.302049712608592,0.0645652876827411,0.0166805597233254,TRUE,199,199,0,"OK","P14-C016",8,50,835,0.05,"informative","medium","exact_knot",6,26,0.985653700380734,0,1,0.132999999999996
"V4-CMP-TWO-STAGE-FREQ-BOOT-RESP-v1","V4-TARGET-RESPONDENT-WEIGHTED-v1",0.302021835219257,0.274200449131174,0.027821386088083,0.268804364963016,0.343633078233061,0.306218721598039,0.0748287132700451,0.0210615308258727,TRUE,199,199,0,"OK","P14-C016",8,50,835,0.05,"informative","medium","exact_knot",6,26,0.985653700380734,0,1,0.132999999999996
"V4-CMP-MOKKEN-TWOLEVEL-DELTA-v1","V4-TARGET-RESPONDENT-WEIGHTED-v1",0.302021835219242,0.274200449131174,0.027821386088068,0.263147302415538,0.340896368022945,0.302021835219242,0.0777490656074078,0.0198343097681086,TRUE,,,0,"OK","P14-C016",8,50,835,0.05,"informative","medium","exact_knot",6,26,0.985653700380734,0,1,0.132999999999996
"V4-PRI-TWO-STAGE-HBB-RESP-v1","V4-TARGET-RESPONDENT-WEIGHTED-v1",0.258161176193694,0.274200449131174,-0.0160392729374791,0.210845631621945,0.317626658347869,0.264236144984907,0.106781026725924,0.027589234222451,TRUE,199,199,0,"OK","P14-C016",9,50,787,0.05,"informative","medium","exact_knot",6,27,0.985247737544586,0,1,0.126999999999995
"V4-SENS-TWO-STAGE-HBB-CLUSTER-v1","V4-TARGET-EQUAL-CLUSTER-v1",0.2562998991797,0.274953103514226,-0.0186532043345263,0.213720351960861,0.313076941112236,0.263398646536549,0.0993565891513747,0.0260812781958389,TRUE,199,199,0,"OK","P14-C016",9,50,787,0.05,"informative","medium","exact_knot",6,27,0.985247737544586,0,1,0.126999999999995
"V4-CMP-ONE-STAGE-CLUSTER-BB-RESP-v1","V4-TARGET-RESPONDENT-WEIGHTED-v1",0.258161176193694,0.274200449131174,-0.0160392729374791,0.226654131630339,0.292582947581285,0.259618539605812,0.0659288159509464,0.0162653996531833,TRUE,199,199,0,"OK","P14-C016",9,50,787,0.05,"informative","medium","exact_knot",6,27,0.985247737544586,0,1,0.126999999999995
"V4-CMP-IID-RESP-BB-v1","WORKING-INDEPENDENCE-RESPONDENT",0.258161176193694,0.274200449131174,-0.0160392729374791,0.228140448609254,0.295082083319852,0.261611265964553,0.0669416347105979,0.0174240378608182,TRUE,199,199,0,"OK","P14-C016",9,50,787,0.05,"informative","medium","exact_knot",6,27,0.985247737544586,0,1,0.126999999999995
"V4-CMP-TWO-STAGE-FREQ-BOOT-RESP-v1","V4-TARGET-RESPONDENT-WEIGHTED-v1",0.258161176193694,0.274200449131174,-0.0160392729374791,0.212918528484384,0.302272986428471,0.257595757456428,0.0893544579440878,0.0233806365411601,TRUE,199,199,0,"OK","P14-C016",9,50,787,0.05,"informative","medium","exact_knot",6,27,0.985247737544586,0,1,0.126999999999995
"V4-CMP-MOKKEN-TWOLEVEL-DELTA-v1","V4-TARGET-RESPONDENT-WEIGHTED-v1",0.258161176193688,0.274200449131174,-0.0160392729374851,0.218103703744307,0.29821864864307,0.258161176193688,0.0801149448987629,0.020437861494063,TRUE,,,0,"OK","P14-C016",9,50,787,0.05,"informative","medium","exact_knot",6,27,0.985247737544586,0,1,0.126999999999995
"V4-PRI-TWO-STAGE-HBB-RESP-v1","V4-TARGET-RESPONDENT-WEIGHTED-v1",0.303219299402828,0.274200449131174,0.0290188502716549,0.255621088423637,0.36203483304361,0.308827960733624,0.106413744619973,0.0268267376430892,TRUE,199,199,0,"OK","P14-C016",10,50,782,0.05,"informative","medium","exact_knot",7,26,0.991116440520877,0.00127877237851659,0,0.132000000000005
"V4-SENS-TWO-STAGE-HBB-CLUSTER-v1","V4-TARGET-EQUAL-CLUSTER-v1",0.296846237689075,0.274953103514226,0.0218931341748492,0.243904471518133,0.355604054173039,0.299754262845586,0.111699582654906,0.028990291659528,TRUE,199,199,0,"OK","P14-C016",10,50,782,0.05,"informative","medium","exact_knot",7,26,0.991116440520877,0.00127877237851659,0,0.132000000000005
"V4-CMP-ONE-STAGE-CLUSTER-BB-RESP-v1","V4-TARGET-RESPONDENT-WEIGHTED-v1",0.303219299402828,0.274200449131174,0.0290188502716549,0.271902652688573,0.335244434432122,0.303573543560348,0.0633417817435489,0.0165743532149641,TRUE,199,199,0,"OK","P14-C016",10,50,782,0.05,"informative","medium","exact_knot",7,26,0.991116440520877,0.00127877237851659,0,0.132000000000005
"V4-CMP-IID-RESP-BB-v1","WORKING-INDEPENDENCE-RESPONDENT",0.303219299402828,0.274200449131174,0.0290188502716549,0.263766281045463,0.338080920256583,0.300923600651023,0.0743146392111205,0.0178268164240337,TRUE,199,199,0,"OK","P14-C016",10,50,782,0.05,"informative","medium","exact_knot",7,26,0.991116440520877,0.00127877237851659,0,0.132000000000005
"V4-CMP-TWO-STAGE-FREQ-BOOT-RESP-v1","V4-TARGET-RESPONDENT-WEIGHTED-v1",0.303219299402828,0.274200449131174,0.0290188502716549,0.255043288578512,0.362079238883203,0.308561263730858,0.107035950304691,0.0255981107760891,TRUE,199,199,0,"OK","P14-C016",10,50,782,0.05,"informative","medium","exact_knot",7,26,0.991116440520877,0.00127877237851659,0,0.132000000000005
"V4-CMP-MOKKEN-TWOLEVEL-DELTA-v1","V4-TARGET-RESPONDENT-WEIGHTED-v1",0.303219299402841,0.274200449131174,0.0290188502716672,0.259695044810054,0.346743553995628,0.303219299402841,0.0870485091855742,0.0222066603958547,TRUE,,,0,"OK","P14-C016",10,50,782,0.05,"informative","medium","exact_knot",7,26,0.991116440520877,0.00127877237851659,0,0.132000000000005
"V4-PRI-TWO-STAGE-HBB-RESP-v1","V4-TARGET-RESPONDENT-WEIGHTED-v1",0.286299011707528,0.274200449131174,0.0120985625763547,0.236004457337986,0.340522755693289,0.288263606515638,0.104518298355304,0.0276404700598501,TRUE,199,199,0,"OK","P14-C016",11,50,834,0.05,"informative","medium","exact_knot",6,26,0.989247700138437,0,2,0.149000000000001
"V4-SENS-TWO-STAGE-HBB-CLUSTER-v1","V4-TARGET-EQUAL-CLUSTER-v1",0.284024056894866,0.274953103514226,0.00907095338064001,0.222935647518331,0.342508591037971,0.282722119278151,0.11957294351964,0.0305861131517139,TRUE,199,199,0,"OK","P14-C016",11,50,834,0.05,"informative","medium","exact_knot",6,26,0.989247700138437,0,2,0.149000000000001
"V4-CMP-ONE-STAGE-CLUSTER-BB-RESP-v1","V4-TARGET-RESPONDENT-WEIGHTED-v1",0.286299011707528,0.274200449131174,0.0120985625763547,0.255783325922854,0.321487413491439,0.288635369707147,0.0657040875685846,0.016573411435798,TRUE,199,199,0,"OK","P14-C016",11,50,834,0.05,"informative","medium","exact_knot",6,26,0.989247700138437,0,2,0.149000000000001
"V4-CMP-IID-RESP-BB-v1","WORKING-INDEPENDENCE-RESPONDENT",0.286299011707528,0.274200449131174,0.0120985625763547,0.254975168010433,0.323903589637044,0.289439378823738,0.0689284216266108,0.018253652713356,TRUE,199,199,0,"OK","P14-C016",11,50,834,0.05,"informative","medium","exact_knot",6,26,0.989247700138437,0,2,0.149000000000001
"V4-CMP-TWO-STAGE-FREQ-BOOT-RESP-v1","V4-TARGET-RESPONDENT-WEIGHTED-v1",0.286299011707528,0.274200449131174,0.0120985625763547,0.2400949799237,0.335438710526102,0.287766845224901,0.0953437306024016,0.0240398998877943,TRUE,199,199,0,"OK","P14-C016",11,50,834,0.05,"informative","medium","exact_knot",6,26,0.989247700138437,0,2,0.149000000000001
"V4-CMP-MOKKEN-TWOLEVEL-DELTA-v1","V4-TARGET-RESPONDENT-WEIGHTED-v1",0.286299011707517,0.274200449131174,0.0120985625763432,0.244237267278871,0.328360756136163,0.286299011707517,0.0841234888572922,0.0214604680292208,TRUE,,,0,"OK","P14-C016",11,50,834,0.05,"informative","medium","exact_knot",6,26,0.989247700138437,0,2,0.149000000000001
"V4-PRI-TWO-STAGE-HBB-RESP-v1","V4-TARGET-RESPONDENT-WEIGHTED-v1",0.289343006225298,0.274200449131174,0.0151425570941244,0.237293266763912,0.347882849429263,0.292588058096587,0.110589582665351,0.028538935432895,TRUE,199,199,0,"OK","P14-C016",12,50,821,0.05,"informative","medium","exact_knot",7,27,0.991619722125707,0,1,0.131999999999991
"V4-SENS-TWO-STAGE-HBB-CLUSTER-v1","V4-TARGET-EQUAL-CLUSTER-v1",0.283186447874607,0.274953103514226,0.00823334436038076,0.214715020102511,0.340449820354149,0.27758242022833,0.125734800251637,0.0318741688863113,TRUE,199,199,0,"OK","P14-C016",12,50,821,0.05,"informative","medium","exact_knot",7,27,0.991619722125707,0,1,0.131999999999991
"V4-CMP-ONE-STAGE-CLUSTER-BB-RESP-v1","V4-TARGET-RESPONDENT-WEIGHTED-v1",0.289343006225298,0.274200449131174,0.0151425570941244,0.254035180530915,0.327570039258963,0.290802609894939,0.073534858728048,0.0178959786993052,TRUE,199,199,0,"OK","P14-C016",12,50,821,0.05,"informative","medium","exact_knot",7,27,0.991619722125707,0,1,0.131999999999991
"V4-CMP-IID-RESP-BB-v1","WORKING-INDEPENDENCE-RESPONDENT",0.289343006225298,0.274200449131174,0.0151425570941244,0.25688232751076,0.321834818489469,0.289358573000114,0.0649524909787081,0.0172211042104167,TRUE,199,199,0,"OK","P14-C016",12,50,821,0.05,"informative","medium","exact_knot",7,27,0.991619722125707,0,1,0.131999999999991
"V4-CMP-TWO-STAGE-FREQ-BOOT-RESP-v1","V4-TARGET-RESPONDENT-WEIGHTED-v1",0.289343006225298,0.274200449131174,0.0151425570941244,0.249882663741877,0.338696762120221,0.294289712931049,0.088814098378344,0.0238367303392047,TRUE,199,199,0,"OK","P14-C016",12,50,821,0.05,"informative","medium","exact_knot",7,27,0.991619722125707,0,1,0.131999999999991
"V4-CMP-MOKKEN-TWOLEVEL-DELTA-v1","V4-TARGET-RESPONDENT-WEIGHTED-v1",0.289343006225286,0.274200449131174,0.0151425570941124,0.245217999623663,0.333468012826908,0.289343006225286,0.088250013203245,0.022513172155037,TRUE,,,0,"OK","P14-C016",12,50,821,0.05,"informative","medium","exact_knot",7,27,0.991619722125707,0,1,0.131999999999991
"V4-PRI-TWO-STAGE-HBB-RESP-v1","V4-TARGET-RESPONDENT-WEIGHTED-v1",0.261126387975656,0.274200449131174,-0.0130740611555175,0.214402725633613,0.319169684310129,0.266786204971871,0.104766958676516,0.025649189350882,TRUE,199,199,0,"OK","P14-C016",13,50,787,0.05,"informative","medium","exact_knot",8,26,0.994680688430915,0,1,0.129000000000005
"V4-SENS-TWO-STAGE-HBB-CLUSTER-v1","V4-TARGET-EQUAL-CLUSTER-v1",0.257247986201977,0.274953103514226,-0.0177051173122494,0.203844681261748,0.318421550879044,0.261133116070396,0.114576869617296,0.0289668042603742,TRUE,199,199,0,"OK","P14-C016",13,50,787,0.05,"informative","medium","exact_knot",8,26,0.994680688430915,0,1,0.129000000000005
"V4-CMP-ONE-STAGE-CLUSTER-BB-RESP-v1","V4-TARGET-RESPONDENT-WEIGHTED-v1",0.261126387975656,0.274200449131174,-0.0130740611555175,0.2331896915724,0.296957314194293,0.265073502883346,0.0637676226218927,0.0159030227675729,TRUE,199,199,0,"OK","P14-C016",13,50,787,0.05,"informative","medium","exact_knot",8,26,0.994680688430915,0,1,0.129000000000005
"V4-CMP-IID-RESP-BB-v1","WORKING-INDEPENDENCE-RESPONDENT",0.261126387975656,0.274200449131174,-0.0130740611555175,0.231835083572904,0.300797346971513,0.266316215272209,0.0689622633986094,0.0175931778913597,TRUE,199,199,0,"OK","P14-C016",13,50,787,0.05,"informative","medium","exact_knot",8,26,0.994680688430915,0,1,0.129000000000005
"V4-CMP-TWO-STAGE-FREQ-BOOT-RESP-v1","V4-TARGET-RESPONDENT-WEIGHTED-v1",0.261126387975656,0.274200449131174,-0.0130740611555175,0.224885970879799,0.310781350180699,0.267833660530249,0.0858953793008996,0.0231486005018691,TRUE,199,199,0,"OK","P14-C016",13,50,787,0.05,"informative","medium","exact_knot",8,26,0.994680688430915,0,1,0.129000000000005
"V4-CMP-MOKKEN-TWOLEVEL-DELTA-v1","V4-TARGET-RESPONDENT-WEIGHTED-v1",0.261126387975649,0.274200449131174,-0.0130740611555247,0.219670778890789,0.302581997060508,0.261126387975649,0.0829112181697189,0.0211512096201032,TRUE,,,0,"OK","P14-C016",13,50,787,0.05,"informative","medium","exact_knot",8,26,0.994680688430915,0,1,0.129000000000005
"V4-PRI-TWO-STAGE-HBB-RESP-v1","V4-TARGET-RESPONDENT-WEIGHTED-v1",0.279681160458451,0.274200449131174,0.00548071132727757,0.234956827535115,0.341107305794728,0.288032066664921,0.106150478259614,0.0269595909479743,TRUE,199,199,0,"OK","P14-C016",14,50,850,0.05,"informative","medium","exact_knot",8,25,0.996621490744178,0,1,0.147999999999996
"V4-SENS-TWO-STAGE-HBB-CLUSTER-v1","V4-TARGET-EQUAL-CLUSTER-v1",0.271367725877986,0.274953103514226,-0.00358537763624039,0.213349040326195,0.333415973681713,0.273382507003954,0.120066933355518,0.0299597415987259,TRUE,199,199,0,"OK","P14-C016",14,50,850,0.05,"informative","medium","exact_knot",8,25,0.996621490744178,0,1,0.147999999999996
"V4-CMP-ONE-STAGE-CLUSTER-BB-RESP-v1","V4-TARGET-RESPONDENT-WEIGHTED-v1",0.279681160458451,0.274200449131174,0.00548071132727757,0.237456509849022,0.336482637404433,0.286969573626727,0.0990261275554116,0.0220799510660817,TRUE,199,199,0,"OK","P14-C016",14,50,850,0.05,"informative","medium","exact_knot",8,25,0.996621490744178,0,1,0.147999999999996
"V4-CMP-IID-RESP-BB-v1","WORKING-INDEPENDENCE-RESPONDENT",0.279681160458451,0.274200449131174,0.00548071132727757,0.246954426258993,0.312482003073113,0.279718214666053,0.0655275768141203,0.0161027850466786,TRUE,199,199,0,"OK","P14-C016",14,50,850,0.05,"informative","medium","exact_knot",8,25,0.996621490744178,0,1,0.147999999999996
"V4-CMP-TWO-STAGE-FREQ-BOOT-RESP-v1","V4-TARGET-RESPONDENT-WEIGHTED-v1",0.279681160458451,0.274200449131174,0.00548071132727757,0.235397981853533,0.328064833438794,0.281731407646163,0.0926668515852614,0.0229469612834321,TRUE,199,199,0,"OK","P14-C016",14,50,850,0.05,"informative","medium","exact_knot",8,25,0.996621490744178,0,1,0.147999999999996
"V4-CMP-MOKKEN-TWOLEVEL-DELTA-v1","V4-TARGET-RESPONDENT-WEIGHTED-v1",0.279681160458422,0.274200449131174,0.00548071132724876,0.236280871637973,0.323081449278872,0.279681160458422,0.0868005776408995,0.0221434113906101,TRUE,,,0,"OK","P14-C016",14,50,850,0.05,"informative","medium","exact_knot",8,25,0.996621490744178,0,1,0.147999999999996
"V4-PRI-TWO-STAGE-HBB-RESP-v1","V4-TARGET-RESPONDENT-WEIGHTED-v1",0.302670567924838,0.274200449131174,0.0284701187936643,0.251884819483549,0.365240732939462,0.308562776211506,0.113355913455914,0.0285182308280516,TRUE,199,199,0,"OK","P14-C016",15,50,786,0.05,"informative","medium","exact_knot",7,26,0.992034176367264,0.00127226463104324,0,0.128
"V4-SENS-TWO-STAGE-HBB-CLUSTER-v1","V4-TARGET-EQUAL-CLUSTER-v1",0.313836761163712,0.274953103514226,0.0388836576494863,0.271558273255082,0.383158964777646,0.327358619016364,0.111600691522565,0.0295192673889341,TRUE,199,199,0,"OK","P14-C016",15,50,786,0.05,"informative","medium","exact_knot",7,26,0.992034176367264,0.00127226463104324,0,0.128
"V4-CMP-ONE-STAGE-CLUSTER-BB-RESP-v1","V4-TARGET-RESPONDENT-WEIGHTED-v1",0.302670567924838,0.274200449131174,0.0284701187936643,0.272592636298629,0.33874137637899,0.30566700633881,0.0661487400803603,0.0169112802152971,TRUE,199,199,0,"OK","P14-C016",15,50,786,0.05,"informative","medium","exact_knot",7,26,0.992034176367264,0.00127226463104324,0,0.128
"V4-CMP-IID-RESP-BB-v1","WORKING-INDEPENDENCE-RESPONDENT",0.302670567924838,0.274200449131174,0.0284701187936643,0.272374550108871,0.341316039117227,0.306845294613049,0.0689414890083558,0.018231891005076,TRUE,199,199,0,"OK","P14-C016",15,50,786,0.05,"informative","medium","exact_knot",7,26,0.992034176367264,0.00127226463104324,0,0.128
"V4-CMP-TWO-STAGE-FREQ-BOOT-RESP-v1","V4-TARGET-RESPONDENT-WEIGHTED-v1",0.302670567924838,0.274200449131174,0.0284701187936643,0.256196737684737,0.354963019062946,0.305579878373842,0.0987662813782088,0.0250071077426101,TRUE,199,199,0,"OK","P14-C016",15,50,786,0.05,"informative","medium","exact_knot",7,26,0.992034176367264,0.00127226463104324,0,0.128
"V4-CMP-MOKKEN-TWOLEVEL-DELTA-v1","V4-TARGET-RESPONDENT-WEIGHTED-v1",0.302670567924821,0.274200449131174,0.0284701187936476,0.257798566231693,0.347542569617949,0.302670567924821,0.089744003386256,0.0228942991029798,TRUE,,,0,"OK","P14-C016",15,50,786,0.05,"informative","medium","exact_knot",7,26,0.992034176367264,0.00127226463104324,0,0.128
"V4-PRI-TWO-STAGE-HBB-RESP-v1","V4-TARGET-RESPONDENT-WEIGHTED-v1",0.270898654111531,0.274200449131174,-0.00330179501964273,0.226499157998663,0.320941010564647,0.273720084281655,0.0944418525659838,0.0238601738037349,TRUE,199,199,0,"OK","P14-C016",16,50,895,0.05,"informative","medium","exact_knot",9,25,0.996333011493704,0,2,0.140000000000001
"V4-SENS-TWO-STAGE-HBB-CLUSTER-v1","V4-TARGET-EQUAL-CLUSTER-v1",0.279674274025131,0.274953103514226,0.00472117051090493,0.236270864702466,0.33243218926039,0.284351526981428,0.0961613245579238,0.0251399202904607,TRUE,199,199,0,"OK","P14-C016",16,50,895,0.05,"informative","medium","exact_knot",9,25,0.996333011493704,0,2,0.140000000000001
"V4-CMP-ONE-STAGE-CLUSTER-BB-RESP-v1","V4-TARGET-RESPONDENT-WEIGHTED-v1",0.270898654111531,0.274200449131174,-0.00330179501964273,0.24190052173732,0.304996700877831,0.273448611307575,0.063096179140511,0.0158551318956215,TRUE,199,199,0,"OK","P14-C016",16,50,895,0.05,"informative","medium","exact_knot",9,25,0.996333011493704,0,2,0.140000000000001
"V4-CMP-IID-RESP-BB-v1","WORKING-INDEPENDENCE-RESPONDENT",0.270898654111531,0.274200449131174,-0.00330179501964273,0.242059668428967,0.304275833085832,0.2731677507574,0.0622161646568655,0.0161168884627233,TRUE,199,199,0,"OK","P14-C016",16,50,895,0.05,"informative","medium","exact_knot",9,25,0.996333011493704,0,2,0.140000000000001
"V4-CMP-TWO-STAGE-FREQ-BOOT-RESP-v1","V4-TARGET-RESPONDENT-WEIGHTED-v1",0.270898654111531,0.274200449131174,-0.00330179501964273,0.229240690392313,0.317496259326544,0.273368474859429,0.0882555689342304,0.0217385525585955,TRUE,199,199,0,"OK","P14-C016",16,50,895,0.05,"informative","medium","exact_knot",9,25,0.996333011493704,0,2,0.140000000000001
"V4-CMP-MOKKEN-TWOLEVEL-DELTA-v1","V4-TARGET-RESPONDENT-WEIGHTED-v1",0.270898654111519,0.274200449131174,-0.00330179501965427,0.229993547191354,0.311803761031684,0.270898654111519,0.08181021384033,0.02087033600761,TRUE,,,0,"OK","P14-C016",16,50,895,0.05,"informative","medium","exact_knot",9,25,0.996333011493704,0,2,0.140000000000001
"V4-PRI-TWO-STAGE-HBB-RESP-v1","V4-TARGET-RESPONDENT-WEIGHTED-v1",0.300117666902443,0.274200449131174,0.0259172177712692,0.256765540475624,0.358618848198932,0.307692194337278,0.101853307723308,0.0283603260482495,TRUE,199,199,0,"OK","P14-C016",17,50,851,0.05,"informative","medium","exact_knot",6,28,0.9803391521747,0,3,0.135000000000005
"V4-SENS-TWO-STAGE-HBB-CLUSTER-v1","V4-TARGET-EQUAL-CLUSTER-v1",0.305904752756465,0.274953103514226,0.0309516492422386,0.255301954013823,0.381272463102645,0.318287208558234,0.125970509088823,0.0300295688321948,TRUE,199,199,0,"OK","P14-C016",17,50,851,0.05,"informative","medium","exact_knot",6,28,0.9803391521747,0,3,0.135000000000005
"V4-CMP-ONE-STAGE-CLUSTER-BB-RESP-v1","V4-TARGET-RESPONDENT-WEIGHTED-v1",0.300117666902443,0.274200449131174,0.0259172177712692,0.274388117737265,0.340089145158783,0.307238631448024,0.0657010274215184,0.0157977179241614,FALSE,199,199,0,"OK","P14-C016",17,50,851,0.05,"informative","medium","exact_knot",6,28,0.9803391521747,0,3,0.135000000000005
"V4-CMP-IID-RESP-BB-v1","WORKING-INDEPENDENCE-RESPONDENT",0.300117666902443,0.274200449131174,0.0259172177712692,0.274046781455077,0.336700180129117,0.305373480792097,0.0626533986740407,0.0154945280514293,TRUE,199,199,0,"OK","P14-C016",17,50,851,0.05,"informative","medium","exact_knot",6,28,0.9803391521747,0,3,0.135000000000005
"V4-CMP-TWO-STAGE-FREQ-BOOT-RESP-v1","V4-TARGET-RESPONDENT-WEIGHTED-v1",0.300117666902443,0.274200449131174,0.0259172177712692,0.260223617555853,0.346067756760641,0.303145687158247,0.085844139204788,0.0231907951210306,TRUE,199,199,0,"OK","P14-C016",17,50,851,0.05,"informative","medium","exact_knot",6,28,0.9803391521747,0,3,0.135000000000005
"V4-CMP-MOKKEN-TWOLEVEL-DELTA-v1","V4-TARGET-RESPONDENT-WEIGHTED-v1",0.300117666902464,0.274200449131174,0.0259172177712907,0.256728469801905,0.343506864003023,0.300117666902464,0.0867783942011177,0.0221377522458613,TRUE,,,0,"OK","P14-C016",17,50,851,0.05,"informative","medium","exact_knot",6,28,0.9803391521747,0,3,0.135000000000005
"V4-PRI-TWO-STAGE-HBB-RESP-v1","V4-TARGET-RESPONDENT-WEIGHTED-v1",0.290283947171618,0.274200449131174,0.0160834980404445,0.24563433358188,0.346701241948219,0.296167787765049,0.101066908366338,0.0263962146960664,TRUE,199,199,0,"OK","P14-C016",18,50,920,0.05,"informative","medium","exact_knot",7,26,0.991582042998675,0,2,0.156999999999996
"V4-SENS-TWO-STAGE-HBB-CLUSTER-v1","V4-TARGET-EQUAL-CLUSTER-v1",0.288313827039038,0.274953103514226,0.0133607235248117,0.236500066092116,0.352674350713196,0.294587208402656,0.11617428462108,0.0279596193677001,TRUE,199,199,0,"OK","P14-C016",18,50,920,0.05,"informative","medium","exact_knot",7,26,0.991582042998675,0,2,0.156999999999996
"V4-CMP-ONE-STAGE-CLUSTER-BB-RESP-v1","V4-TARGET-RESPONDENT-WEIGHTED-v1",0.290283947171618,0.274200449131174,0.0160834980404445,0.262761187802193,0.316908668153092,0.289834927977642,0.054147480350899,0.0134781527437748,TRUE,199,199,0,"OK","P14-C016",18,50,920,0.05,"informative","medium","exact_knot",7,26,0.991582042998675,0,2,0.156999999999996
"V4-CMP-IID-RESP-BB-v1","WORKING-INDEPENDENCE-RESPONDENT",0.290283947171618,0.274200449131174,0.0160834980404445,0.262186179898883,0.322870903107064,0.292528541502974,0.0606847232081806,0.0152537775352238,TRUE,199,199,0,"OK","P14-C016",18,50,920,0.05,"informative","medium","exact_knot",7,26,0.991582042998675,0,2,0.156999999999996
"V4-CMP-TWO-STAGE-FREQ-BOOT-RESP-v1","V4-TARGET-RESPONDENT-WEIGHTED-v1",0.290283947171618,0.274200449131174,0.0160834980404445,0.25161141861998,0.339183796689299,0.295397607654639,0.087572378069319,0.0217898581175485,TRUE,199,199,0,"OK","P14-C016",18,50,920,0.05,"informative","medium","exact_knot",7,26,0.991582042998675,0,2,0.156999999999996
"V4-CMP-MOKKEN-TWOLEVEL-DELTA-v1","V4-TARGET-RESPONDENT-WEIGHTED-v1",0.290283947171597,0.274200449131174,0.0160834980404238,0.250770998996633,0.329796895346562,0.290283947171597,0.0790258963499285,0.0201600378816332,TRUE,,,0,"OK","P14-C016",18,50,920,0.05,"informative","medium","exact_knot",7,26,0.991582042998675,0,2,0.156999999999996
"V4-PRI-TWO-STAGE-HBB-RESP-v1","V4-TARGET-RESPONDENT-WEIGHTED-v1",0.269121021179582,0.274200449131174,-0.0050794279515915,0.22450915425059,0.325787928936451,0.27514854159352,0.101278774685861,0.0264835959355493,TRUE,199,199,0,"OK","P14-C016",19,50,887,0.05,"informative","medium","exact_knot",9,25,0.996558849554139,0,1,0.138999999999996
"V4-SENS-TWO-STAGE-HBB-CLUSTER-v1","V4-TARGET-EQUAL-CLUSTER-v1",0.270165816105844,0.274953103514226,-0.00478728740838169,0.221112866094897,0.317676713532664,0.26939478981378,0.096563847437767,0.0240040996181842,TRUE,199,199,0,"OK","P14-C016",19,50,887,0.05,"informative","medium","exact_knot",9,25,0.996558849554139,0,1,0.138999999999996
"V4-CMP-ONE-STAGE-CLUSTER-BB-RESP-v1","V4-TARGET-RESPONDENT-WEIGHTED-v1",0.269121021179582,0.274200449131174,-0.0050794279515915,0.246657949142137,0.293752946616566,0.270205447879352,0.0470949974744292,0.0122422499556454,TRUE,199,199,0,"OK","P14-C016",19,50,887,0.05,"informative","medium","exact_knot",9,25,0.996558849554139,0,1,0.138999999999996
"V4-CMP-IID-RESP-BB-v1","WORKING-INDEPENDENCE-RESPONDENT",0.269121021179582,0.274200449131174,-0.0050794279515915,0.238756716293263,0.307998414215216,0.273377565254239,0.0692416979219524,0.017039226040648,TRUE,199,199,0,"OK","P14-C016",19,50,887,0.05,"informative","medium","exact_knot",9,25,0.996558849554139,0,1,0.138999999999996
"V4-CMP-TWO-STAGE-FREQ-BOOT-RESP-v1","V4-TARGET-RESPONDENT-WEIGHTED-v1",0.269121021179582,0.274200449131174,-0.0050794279515915,0.227337838950677,0.314042785470766,0.270690312210722,0.0867049465200891,0.0224350427693462,TRUE,199,199,0,"OK","P14-C016",19,50,887,0.05,"informative","medium","exact_knot",9,25,0.996558849554139,0,1,0.138999999999996
"V4-CMP-MOKKEN-TWOLEVEL-DELTA-v1","V4-TARGET-RESPONDENT-WEIGHTED-v1",0.269121021179614,0.274200449131174,-0.00507942795155952,0.230363631677583,0.307878410681645,0.269121021179614,0.0775147790040622,0.0197745416792066,TRUE,,,0,"OK","P14-C016",19,50,887,0.05,"informative","medium","exact_knot",9,25,0.996558849554139,0,1,0.138999999999996
"V4-PRI-TWO-STAGE-HBB-RESP-v1","V4-TARGET-RESPONDENT-WEIGHTED-v1",0.294848439153122,0.274200449131174,0.0206479900219481,0.250768084570519,0.347618569186608,0.299193326878564,0.0968504846160888,0.0257916380456128,TRUE,199,199,0,"OK","P14-C016",20,50,845,0.05,"informative","medium","exact_knot",7,27,0.991456989848146,0,2,0.134
"V4-SENS-TWO-STAGE-HBB-CLUSTER-v1","V4-TARGET-EQUAL-CLUSTER-v1",0.291445817092303,0.274953103514226,0.0164927135780767,0.243439612850579,0.36232056882809,0.302880090839334,0.11888095597751,0.0284197337913775,TRUE,199,199,0,"OK","P14-C016",20,50,845,0.05,"informative","medium","exact_knot",7,27,0.991456989848146,0,2,0.134
"V4-CMP-ONE-STAGE-CLUSTER-BB-RESP-v1","V4-TARGET-RESPONDENT-WEIGHTED-v1",0.294848439153122,0.274200449131174,0.0206479900219481,0.271577562081921,0.325401871263414,0.298489716672667,0.053824309181493,0.0147780473630583,TRUE,199,199,0,"OK","P14-C016",20,50,845,0.05,"informative","medium","exact_knot",7,27,0.991456989848146,0,2,0.134
"V4-CMP-IID-RESP-BB-v1","WORKING-INDEPENDENCE-RESPONDENT",0.294848439153122,0.274200449131174,0.0206479900219481,0.262294670136346,0.33192395228776,0.297109311212053,0.069629282151414,0.0178579046494803,TRUE,199,199,0,"OK","P14-C016",20,50,845,0.05,"informative","medium","exact_knot",7,27,0.991456989848146,0,2,0.134
"V4-CMP-TWO-STAGE-FREQ-BOOT-RESP-v1","V4-TARGET-RESPONDENT-WEIGHTED-v1",0.294848439153122,0.274200449131174,0.0206479900219481,0.248221280305362,0.340238265337022,0.294229772821192,0.0920169850316602,0.0226250859733686,TRUE,199,199,0,"OK","P14-C016",20,50,845,0.05,"informative","medium","exact_knot",7,27,0.991456989848146,0,2,0.134
"V4-CMP-MOKKEN-TWOLEVEL-DELTA-v1","V4-TARGET-RESPONDENT-WEIGHTED-v1",0.294848439153132,0.274200449131174,0.0206479900219588,0.254962061084115,0.33473481722215,0.294848439153132,0.0797727561380351,0.0203505668387972,TRUE,,,0,"OK","P14-C016",20,50,845,0.05,"informative","medium","exact_knot",7,27,0.991456989848146,0,2,0.134
"V4-PRI-TWO-STAGE-HBB-RESP-v1","V4-TARGET-RESPONDENT-WEIGHTED-v1",0.313765577157463,0.274200449131174,0.0395651280262891,0.257593827856612,0.382801952051329,0.320197889953971,0.125208124194717,0.0323254811065862,TRUE,199,199,0,"OK","P14-C016",21,50,817,0.05,"informative","medium","exact_knot",8,25,0.996497397996443,0,2,0.13000000000001
"V4-SENS-TWO-STAGE-HBB-CLUSTER-v1","V4-TARGET-EQUAL-CLUSTER-v1",0.322388913980606,0.274953103514226,0.0474358104663796,0.267290322360954,0.383674193246899,0.325482257803927,0.116383870885944,0.0296365469374033,TRUE,199,199,0,"OK","P14-C016",21,50,817,0.05,"informative","medium","exact_knot",8,25,0.996497397996443,0,2,0.13000000000001
"V4-CMP-ONE-STAGE-CLUSTER-BB-RESP-v1","V4-TARGET-RESPONDENT-WEIGHTED-v1",0.313765577157463,0.274200449131174,0.0395651280262891,0.274762087313401,0.351841545776554,0.313301816544978,0.0770794584631534,0.0188236985497227,FALSE,199,199,0,"OK","P14-C016",21,50,817,0.05,"informative","medium","exact_knot",8,25,0.996497397996443,0,2,0.13000000000001
"V4-CMP-IID-RESP-BB-v1","WORKING-INDEPENDENCE-RESPONDENT",0.313765577157463,0.274200449131174,0.0395651280262891,0.279494922811993,0.3553672973996,0.317431110105796,0.0758723745876071,0.019165939333147,FALSE,199,199,0,"OK","P14-C016",21,50,817,0.05,"informative","medium","exact_knot",8,25,0.996497397996443,0,2,0.13000000000001
"V4-CMP-TWO-STAGE-FREQ-BOOT-RESP-v1","V4-TARGET-RESPONDENT-WEIGHTED-v1",0.313765577157463,0.274200449131174,0.0395651280262891,0.266422760220589,0.376051084440258,0.321236922330423,0.10962832421967,0.0269388065962335,TRUE,199,199,0,"OK","P14-C016",21,50,817,0.05,"informative","medium","exact_knot",8,25,0.996497397996443,0,2,0.13000000000001
"V4-CMP-MOKKEN-TWOLEVEL-DELTA-v1","V4-TARGET-RESPONDENT-WEIGHTED-v1",0.313765577157483,0.274200449131174,0.0395651280263093,0.267020652489811,0.360510501825154,0.313765577157483,0.0934898493353432,0.0238498896083753,TRUE,,,0,"OK","P14-C016",21,50,817,0.05,"informative","medium","exact_knot",8,25,0.996497397996443,0,2,0.13000000000001
"V4-PRI-TWO-STAGE-HBB-RESP-v1","V4-TARGET-RESPONDENT-WEIGHTED-v1",0.307483358654152,0.274200449131174,0.0332829095229789,0.255345801393851,0.365592203093145,0.310469002243498,0.110246401699294,0.030124826203982,TRUE,199,199,0,"OK","P14-C016",22,50,776,0.05,"informative","medium","exact_knot",8,24,0.993992135566794,0.00257731958762886,0,0.128999999999991
"V4-SENS-TWO-STAGE-HBB-CLUSTER-v1","V4-TARGET-EQUAL-CLUSTER-v1",0.308421143058917,0.274953103514226,0.0334680395446907,0.25801530845955,0.38183440967251,0.31992485906603,0.123819101212959,0.029582656908088,TRUE,199,199,0,"OK","P14-C016",22,50,776,0.05,"informative","medium","exact_knot",8,24,0.993992135566794,0.00257731958762886,0,0.128999999999991
"V4-CMP-ONE-STAGE-CLUSTER-BB-RESP-v1","V4-TARGET-RESPONDENT-WEIGHTED-v1",0.307483358654152,0.274200449131174,0.0332829095229789,0.2692211545734,0.346673785248276,0.307947469910838,0.0774526306748763,0.0192868897569476,TRUE,199,199,0,"OK","P14-C016",22,50,776,0.05,"informative","medium","exact_knot",8,24,0.993992135566794,0.00257731958762886,0,0.128999999999991
"V4-CMP-IID-RESP-BB-v1","WORKING-INDEPENDENCE-RESPONDENT",0.307483358654152,0.274200449131174,0.0332829095229789,0.274045661836768,0.350892014361727,0.312468838099247,0.0768463525249595,0.0184809631032755,TRUE,199,199,0,"OK","P14-C016",22,50,776,0.05,"informative","medium","exact_knot",8,24,0.993992135566794,0.00257731958762886,0,0.128999999999991
"V4-CMP-TWO-STAGE-FREQ-BOOT-RESP-v1","V4-TARGET-RESPONDENT-WEIGHTED-v1",0.307483358654152,0.274200449131174,0.0332829095229789,0.25708105461261,0.361250571480794,0.309165813046702,0.104169516868184,0.0271695287978792,TRUE,199,199,0,"OK","P14-C016",22,50,776,0.05,"informative","medium","exact_knot",8,24,0.993992135566794,0.00257731958762886,0,0.128999999999991
"V4-CMP-MOKKEN-TWOLEVEL-DELTA-v1","V4-TARGET-RESPONDENT-WEIGHTED-v1",0.307483358654148,0.274200449131174,0.0332829095229747,0.261013484676517,0.35395323263178,0.307483358654148,0.0929397479552629,0.0237095550449804,TRUE,,,0,"OK","P14-C016",22,50,776,0.05,"informative","medium","exact_knot",8,24,0.993992135566794,0.00257731958762886,0,0.128999999999991
"V4-PRI-TWO-STAGE-HBB-RESP-v1","V4-TARGET-RESPONDENT-WEIGHTED-v1",0.292935706334701,0.274200449131174,0.0187352572035276,0.227816848813147,0.352262651272053,0.2900397500426,0.124445802458907,0.0306896926271671,TRUE,199,199,0,"OK","P14-C016",23,50,850,0.05,"informative","medium","exact_knot",7,26,0.992420110926367,0,1,0.134
"V4-SENS-TWO-STAGE-HBB-CLUSTER-v1","V4-TARGET-EQUAL-CLUSTER-v1",0.291935057995531,0.274953103514226,0.0169819544813048,0.243401009827869,0.352632444357616,0.298016727092742,0.109231434529747,0.02813302181401,TRUE,199,199,0,"OK","P14-C016",23,50,850,0.05,"informative","medium","exact_knot",7,26,0.992420110926367,0,1,0.134
"V4-CMP-ONE-STAGE-CLUSTER-BB-RESP-v1","V4-TARGET-RESPONDENT-WEIGHTED-v1",0.292935706334701,0.274200449131174,0.0187352572035276,0.258258979503973,0.329339901009434,0.293799440256704,0.0710809215054607,0.0179954396334008,TRUE,199,199,0,"OK","P14-C016",23,50,850,0.05,"informative","medium","exact_knot",7,26,0.992420110926367,0,1,0.134
"V4-CMP-IID-RESP-BB-v1","WORKING-INDEPENDENCE-RESPONDENT",0.292935706334701,0.274200449131174,0.0187352572035276,0.264532966339456,0.323656244234105,0.294094605286781,0.059123277894648,0.0158422958346113,TRUE,199,199,0,"OK","P14-C016",23,50,850,0.05,"informative","medium","exact_knot",7,26,0.992420110926367,0,1,0.134
"V4-CMP-TWO-STAGE-FREQ-BOOT-RESP-v1","V4-TARGET-RESPONDENT-WEIGHTED-v1",0.292935706334701,0.274200449131174,0.0187352572035276,0.253244899484076,0.337570495192541,0.295407697338309,0.0843255957084659,0.0209029263484625,TRUE,199,199,0,"OK","P14-C016",23,50,850,0.05,"informative","medium","exact_knot",7,26,0.992420110926367,0,1,0.134
"V4-CMP-MOKKEN-TWOLEVEL-DELTA-v1","V4-TARGET-RESPONDENT-WEIGHTED-v1",0.292935706334679,0.274200449131174,0.0187352572035059,0.249946372940012,0.335925039729347,0.292935706334679,0.0859786667893354,0.0219337364021799,TRUE,,,0,"OK","P14-C016",23,50,850,0.05,"informative","medium","exact_knot",7,26,0.992420110926367,0,1,0.134
"V4-PRI-TWO-STAGE-HBB-RESP-v1","V4-TARGET-RESPONDENT-WEIGHTED-v1",0.28593126861373,0.274200449131174,0.0117308194825568,0.236624326593331,0.343145535056636,0.289884930824984,0.106521208463305,0.0277249105908816,TRUE,199,199,0,"OK","P14-C016",24,50,872,0.05,"informative","medium","exact_knot",6,25,0.992491025501512,0,4,0.13900000000001
"V4-SENS-TWO-STAGE-HBB-CLUSTER-v1","V4-TARGET-EQUAL-CLUSTER-v1",0.276300599776668,0.274953103514226,0.00134749626244174,0.217096951259995,0.327002290887448,0.272049621073722,0.109905339627453,0.0281326218946629,TRUE,199,199,0,"OK","P14-C016",24,50,872,0.05,"informative","medium","exact_knot",6,25,0.992491025501512,0,4,0.13900000000001
"V4-CMP-ONE-STAGE-CLUSTER-BB-RESP-v1","V4-TARGET-RESPONDENT-WEIGHTED-v1",0.28593126861373,0.274200449131174,0.0117308194825568,0.260626642342165,0.316153514468038,0.288390078405101,0.0555268721258732,0.0145893822534518,TRUE,199,199,0,"OK","P14-C016",24,50,872,0.05,"informative","medium","exact_knot",6,25,0.992491025501512,0,4,0.13900000000001
"V4-CMP-IID-RESP-BB-v1","WORKING-INDEPENDENCE-RESPONDENT",0.28593126861373,0.274200449131174,0.0117308194825568,0.258852604776351,0.319366940043902,0.289109772410127,0.060514335267551,0.0156365801452602,TRUE,199,199,0,"OK","P14-C016",24,50,872,0.05,"informative","medium","exact_knot",6,25,0.992491025501512,0,4,0.13900000000001
"V4-CMP-TWO-STAGE-FREQ-BOOT-RESP-v1","V4-TARGET-RESPONDENT-WEIGHTED-v1",0.28593126861373,0.274200449131174,0.0117308194825568,0.247973574657507,0.332952817215738,0.290463195936623,0.0849792425582305,0.022451599417804,TRUE,199,199,0,"OK","P14-C016",24,50,872,0.05,"informative","medium","exact_knot",6,25,0.992491025501512,0,4,0.13900000000001
"V4-CMP-MOKKEN-TWOLEVEL-DELTA-v1","V4-TARGET-RESPONDENT-WEIGHTED-v1",0.285931268613743,0.274200449131174,0.0117308194825697,0.246237075126773,0.325625462100714,0.285931268613743,0.079388386973941,0.0202525116788233,TRUE,,,0,"OK","P14-C016",24,50,872,0.05,"informative","medium","exact_knot",6,25,0.992491025501512,0,4,0.13900000000001
"V4-PRI-TWO-STAGE-HBB-RESP-v1","V4-TARGET-RESPONDENT-WEIGHTED-v1",0.28547148680383,0.274200449131174,0.0112710376726561,0.229882528258376,0.342838949321598,0.286360738789987,0.112956421063222,0.0280776201908025,TRUE,199,199,0,"OK","P14-C016",25,50,844,0.05,"informative","medium","exact_knot",9,26,0.995356067383357,0,2,0.134999999999991
"V4-SENS-TWO-STAGE-HBB-CLUSTER-v1","V4-TARGET-EQUAL-CLUSTER-v1",0.288803738028797,0.274953103514226,0.0138506345145713,0.236482623203858,0.343566157011712,0.290024390107785,0.107083533807853,0.0290281717469954,TRUE,199,199,0,"OK","P14-C016",25,50,844,0.05,"informative","medium","exact_knot",9,26,0.995356067383357,0,2,0.134999999999991
"V4-CMP-ONE-STAGE-CLUSTER-BB-RESP-v1","V4-TARGET-RESPONDENT-WEIGHTED-v1",0.28547148680383,0.274200449131174,0.0112710376726561,0.25514422406246,0.323803156509013,0.289473690285736,0.0686589324465534,0.0168841990408953,TRUE,199,199,0,"OK","P14-C016",25,50,844,0.05,"informative","medium","exact_knot",9,26,0.995356067383357,0,2,0.134999999999991
"V4-CMP-IID-RESP-BB-v1","WORKING-INDEPENDENCE-RESPONDENT",0.28547148680383,0.274200449131174,0.0112710376726561,0.256610082309814,0.325792730110262,0.291201406210038,0.069182647800448,0.0170072616656773,TRUE,199,199,0,"OK","P14-C016",25,50,844,0.05,"informative","medium","exact_knot",9,26,0.995356067383357,0,2,0.134999999999991
"V4-CMP-TWO-STAGE-FREQ-BOOT-RESP-v1","V4-TARGET-RESPONDENT-WEIGHTED-v1",0.28547148680383,0.274200449131174,0.0112710376726561,0.24014112337783,0.340546192668877,0.290343658023353,0.100405069291047,0.0254604190349394,TRUE,199,199,0,"OK","P14-C016",25,50,844,0.05,"informative","medium","exact_knot",9,26,0.995356067383357,0,2,0.134999999999991
"V4-CMP-MOKKEN-TWOLEVEL-DELTA-v1","V4-TARGET-RESPONDENT-WEIGHTED-v1",0.285471486803802,0.274200449131174,0.0112710376726289,0.241936598285248,0.329006375322357,0.285471486803802,0.0870697770371085,0.022212085967881,TRUE,,,0,"OK","P14-C016",25,50,844,0.05,"informative","medium","exact_knot",9,26,0.995356067383357,0,2,0.134999999999991
"V4-PRI-TWO-STAGE-HBB-RESP-v1","V4-TARGET-RESPONDENT-WEIGHTED-v1",0.293779320425779,0.274200449131174,0.0195788712946057,0.253995130475559,0.350887206281841,0.3024411683787,0.0968920758062821,0.0260631559771126,TRUE,199,199,0,"OK","P14-C016",26,50,824,0.05,"informative","medium","exact_knot",7,28,0.989445610822899,0,1,0.13300000000001
"V4-SENS-TWO-STAGE-HBB-CLUSTER-v1","V4-TARGET-EQUAL-CLUSTER-v1",0.284881394031604,0.274953103514226,0.00992829051737759,0.227952285561751,0.353693520515792,0.290822903038771,0.125741234954041,0.0319366718821967,TRUE,199,199,0,"OK","P14-C016",26,50,824,0.05,"informative","medium","exact_knot",7,28,0.989445610822899,0,1,0.13300000000001
"V4-CMP-ONE-STAGE-CLUSTER-BB-RESP-v1","V4-TARGET-RESPONDENT-WEIGHTED-v1",0.293779320425779,0.274200449131174,0.0195788712946057,0.262176583317771,0.325670784211807,0.293923683764789,0.063494200894036,0.0160509431864609,TRUE,199,199,0,"OK","P14-C016",26,50,824,0.05,"informative","medium","exact_knot",7,28,0.989445610822899,0,1,0.13300000000001
"V4-CMP-IID-RESP-BB-v1","WORKING-INDEPENDENCE-RESPONDENT",0.293779320425779,0.274200449131174,0.0195788712946057,0.26069574808285,0.327314260710487,0.294005004396668,0.0666185126276365,0.0163197051111277,TRUE,199,199,0,"OK","P14-C016",26,50,824,0.05,"informative","medium","exact_knot",7,28,0.989445610822899,0,1,0.13300000000001
"V4-CMP-TWO-STAGE-FREQ-BOOT-RESP-v1","V4-TARGET-RESPONDENT-WEIGHTED-v1",0.293779320425779,0.274200449131174,0.0195788712946057,0.255388303995841,0.337610936437437,0.296499620216639,0.0822226324415966,0.0223983401054595,TRUE,199,199,0,"OK","P14-C016",26,50,824,0.05,"informative","medium","exact_knot",7,28,0.989445610822899,0,1,0.13300000000001
"V4-CMP-MOKKEN-TWOLEVEL-DELTA-v1","V4-TARGET-RESPONDENT-WEIGHTED-v1",0.293779320425757,0.274200449131174,0.0195788712945835,0.253337095815334,0.33422154503618,0.293779320425757,0.0808844492208465,0.0206341672242074,TRUE,,,0,"OK","P14-C016",26,50,824,0.05,"informative","medium","exact_knot",7,28,0.989445610822899,0,1,0.13300000000001
"V4-PRI-TWO-STAGE-HBB-RESP-v1","V4-TARGET-RESPONDENT-WEIGHTED-v1",0.276602308575597,0.274200449131174,0.00240185944442312,0.212881089546411,0.339672303837528,0.27627669669197,0.126791214291117,0.0312422315625545,TRUE,199,199,0,"OK","P14-C016",27,50,863,0.05,"informative","medium","exact_knot",7,27,0.991871103409432,0,1,0.135999999999996
"V4-SENS-TWO-STAGE-HBB-CLUSTER-v1","V4-TARGET-EQUAL-CLUSTER-v1",0.273194939710633,0.274953103514226,-0.00175816380359317,0.212187790897756,0.337764918784655,0.274976354841206,0.125577127886899,0.0329910107845129,TRUE,199,199,0,"OK","P14-C016",27,50,863,0.05,"informative","medium","exact_knot",7,27,0.991871103409432,0,1,0.135999999999996
"V4-CMP-ONE-STAGE-CLUSTER-BB-RESP-v1","V4-TARGET-RESPONDENT-WEIGHTED-v1",0.276602308575597,0.274200449131174,0.00240185944442312,0.233571903114922,0.3170057184198,0.275288810767361,0.0834338153048784,0.0192430911407617,TRUE,199,199,0,"OK","P14-C016",27,50,863,0.05,"informative","medium","exact_knot",7,27,0.991871103409432,0,1,0.135999999999996
"V4-CMP-IID-RESP-BB-v1","WORKING-INDEPENDENCE-RESPONDENT",0.276602308575597,0.274200449131174,0.00240185944442312,0.241778781061812,0.317676637254291,0.279727709158052,0.0758978561924787,0.0181598779497886,TRUE,199,199,0,"OK","P14-C016",27,50,863,0.05,"informative","medium","exact_knot",7,27,0.991871103409432,0,1,0.135999999999996
"V4-CMP-TWO-STAGE-FREQ-BOOT-RESP-v1","V4-TARGET-RESPONDENT-WEIGHTED-v1",0.276602308575597,0.274200449131174,0.00240185944442312,0.229252678472857,0.336831915688581,0.283042297080719,0.107579237215724,0.0263690604608877,TRUE,199,199,0,"OK","P14-C016",27,50,863,0.05,"informative","medium","exact_knot",7,27,0.991871103409432,0,1,0.135999999999996
"V4-CMP-MOKKEN-TWOLEVEL-DELTA-v1","V4-TARGET-RESPONDENT-WEIGHTED-v1",0.276602308575609,0.274200449131174,0.00240185944443555,0.23026936574348,0.322935251407738,0.276602308575609,0.0926658856642572,0.0236396909318727,TRUE,,,0,"OK","P14-C016",27,50,863,0.05,"informative","medium","exact_knot",7,27,0.991871103409432,0,1,0.135999999999996
"V4-PRI-TWO-STAGE-HBB-RESP-v1","V4-TARGET-RESPONDENT-WEIGHTED-v1",0.238044070905209,0.274200449131174,-0.0361563782259647,0.191329078935743,0.291528834170899,0.241428956553321,0.100199755235155,0.0255476324426541,TRUE,199,199,0,"OK","P14-C016",28,50,829,0.05,"informative","medium","exact_knot",6,24,0.985697430723425,0,4,0.147999999999996
"V4-SENS-TWO-STAGE-HBB-CLUSTER-v1","V4-TARGET-EQUAL-CLUSTER-v1",0.238385744711611,0.274953103514226,-0.0365673588026151,0.192042845504943,0.30082686297868,0.246434854241812,0.108784017473737,0.027182854924047,TRUE,199,199,0,"OK","P14-C016",28,50,829,0.05,"informative","medium","exact_knot",6,24,0.985697430723425,0,4,0.147999999999996
"V4-CMP-ONE-STAGE-CLUSTER-BB-RESP-v1","V4-TARGET-RESPONDENT-WEIGHTED-v1",0.238044070905209,0.274200449131174,-0.0361563782259647,0.213271273666041,0.263399966195696,0.238335619930869,0.0501286925296556,0.0122541268662167,FALSE,199,199,0,"OK","P14-C016",28,50,829,0.05,"informative","medium","exact_knot",6,24,0.985697430723425,0,4,0.147999999999996
"V4-CMP-IID-RESP-BB-v1","WORKING-INDEPENDENCE-RESPONDENT",0.238044070905209,0.274200449131174,-0.0361563782259647,0.207356122219738,0.27403385236579,0.240694987292764,0.0666777301460525,0.0169142779673477,FALSE,199,199,0,"OK","P14-C016",28,50,829,0.05,"informative","medium","exact_knot",6,24,0.985697430723425,0,4,0.147999999999996
"V4-CMP-TWO-STAGE-FREQ-BOOT-RESP-v1","V4-TARGET-RESPONDENT-WEIGHTED-v1",0.238044070905209,0.274200449131174,-0.0361563782259647,0.20502829957893,0.282894226330091,0.24396126295451,0.0778659267511613,0.0206528493036695,TRUE,199,199,0,"OK","P14-C016",28,50,829,0.05,"informative","medium","exact_knot",6,24,0.985697430723425,0,4,0.147999999999996
"V4-CMP-MOKKEN-TWOLEVEL-DELTA-v1","V4-TARGET-RESPONDENT-WEIGHTED-v1",0.238044070905239,0.274200449131174,-0.0361563782259345,0.200575989705074,0.275512152105404,0.238044070905239,0.0749361624003299,0.0191167192334698,TRUE,,,0,"OK","P14-C016",28,50,829,0.05,"informative","medium","exact_knot",6,24,0.985697430723425,0,4,0.147999999999996
"V4-PRI-TWO-STAGE-HBB-RESP-v1","V4-TARGET-RESPONDENT-WEIGHTED-v1",0.268415107944618,0.274200449131174,-0.0057853411865556,0.209796483345218,0.326684381527023,0.26824043243612,0.116887898181805,0.02827605340012,TRUE,199,199,0,"OK","P14-C016",29,50,868,0.05,"informative","medium","exact_knot",8,27,0.994416641848551,0,1,0.137
"V4-SENS-TWO-STAGE-HBB-CLUSTER-v1","V4-TARGET-EQUAL-CLUSTER-v1",0.257366807320519,0.274953103514226,-0.0175862961937064,0.203271804897888,0.31267223811112,0.257972021504504,0.109400433213232,0.0282429100832101,TRUE,199,199,0,"OK","P14-C016",29,50,868,0.05,"informative","medium","exact_knot",8,27,0.994416641848551,0,1,0.137
"V4-CMP-ONE-STAGE-CLUSTER-BB-RESP-v1","V4-TARGET-RESPONDENT-WEIGHTED-v1",0.268415107944618,0.274200449131174,-0.0057853411865556,0.241528789370119,0.296127166668949,0.268827978019534,0.05459837729883,0.015029917628863,TRUE,199,199,0,"OK","P14-C016",29,50,868,0.05,"informative","medium","exact_knot",8,27,0.994416641848551,0,1,0.137
"V4-CMP-IID-RESP-BB-v1","WORKING-INDEPENDENCE-RESPONDENT",0.268415107944618,0.274200449131174,-0.0057853411865556,0.238649767818577,0.301582992559768,0.270116380189173,0.0629332247411915,0.0167363074789775,TRUE,199,199,0,"OK","P14-C016",29,50,868,0.05,"informative","medium","exact_knot",8,27,0.994416641848551,0,1,0.137
"V4-CMP-TWO-STAGE-FREQ-BOOT-RESP-v1","V4-TARGET-RESPONDENT-WEIGHTED-v1",0.268415107944618,0.274200449131174,-0.0057853411865556,0.231960564041275,0.317553400111966,0.27475698207662,0.0855928360706918,0.0205890929985136,TRUE,199,199,0,"OK","P14-C016",29,50,868,0.05,"informative","medium","exact_knot",8,27,0.994416641848551,0,1,0.137
"V4-CMP-MOKKEN-TWOLEVEL-DELTA-v1","V4-TARGET-RESPONDENT-WEIGHTED-v1",0.268415107944636,0.274200449131174,-0.00578534118653712,0.226612245656149,0.310217970233124,0.268415107944636,0.0836057245769742,0.0213283828775543,TRUE,,,0,"OK","P14-C016",29,50,868,0.05,"informative","medium","exact_knot",8,27,0.994416641848551,0,1,0.137
"V4-PRI-TWO-STAGE-HBB-RESP-v1","V4-TARGET-RESPONDENT-WEIGHTED-v1",0.278868495711956,0.274200449131174,0.00466804658078229,0.23342480556386,0.335976998602074,0.284700902082967,0.102552193038214,0.0276292164185267,TRUE,199,199,0,"OK","P14-C016",30,50,852,0.05,"informative","medium","exact_knot",9,27,0.993743356809732,0,1,0.146000000000001
"V4-SENS-TWO-STAGE-HBB-CLUSTER-v1","V4-TARGET-EQUAL-CLUSTER-v1",0.280778483793131,0.274953103514226,0.0058253802789055,0.23557947310349,0.338721471963091,0.287150472533291,0.103141998859601,0.0269907400396627,TRUE,199,199,0,"OK","P14-C016",30,50,852,0.05,"informative","medium","exact_knot",9,27,0.993743356809732,0,1,0.146000000000001
"V4-CMP-ONE-STAGE-CLUSTER-BB-RESP-v1","V4-TARGET-RESPONDENT-WEIGHTED-v1",0.278868495711956,0.274200449131174,0.00466804658078229,0.248991964618884,0.31601703257955,0.282504498599217,0.0670250679606662,0.0174915725530692,TRUE,199,199,0,"OK","P14-C016",30,50,852,0.05,"informative","medium","exact_knot",9,27,0.993743356809732,0,1,0.146000000000001
"V4-CMP-IID-RESP-BB-v1","WORKING-INDEPENDENCE-RESPONDENT",0.278868495711956,0.274200449131174,0.00466804658078229,0.244828060783654,0.308596833815189,0.276712447299421,0.0637687730315349,0.0163628116385268,TRUE,199,199,0,"OK","P14-C016",30,50,852,0.05,"informative","medium","exact_knot",9,27,0.993743356809732,0,1,0.146000000000001
"V4-CMP-TWO-STAGE-FREQ-BOOT-RESP-v1","V4-TARGET-RESPONDENT-WEIGHTED-v1",0.278868495711956,0.274200449131174,0.00466804658078229,0.239887724019597,0.324971365953692,0.282429544986644,0.0850836419340954,0.0222071920727442,TRUE,199,199,0,"OK","P14-C016",30,50,852,0.05,"informative","medium","exact_knot",9,27,0.993743356809732,0,1,0.146000000000001
"V4-CMP-MOKKEN-TWOLEVEL-DELTA-v1","V4-TARGET-RESPONDENT-WEIGHTED-v1",0.278868495711963,0.274200449131174,0.00466804658078951,0.235198738190782,0.322538253233144,0.278868495711963,0.0873395150423613,0.022280897947943,TRUE,,,0,"OK","P14-C016",30,50,852,0.05,"informative","medium","exact_knot",9,27,0.993743356809732,0,1,0.146000000000001
"V4-PRI-TWO-STAGE-HBB-RESP-v1","V4-TARGET-RESPONDENT-WEIGHTED-v1",0.288637778794593,0.274200449131174,0.0144373296634194,0.237213053841198,0.346333091915498,0.291773072878348,0.109120038074299,0.0280000405912281,TRUE,199,199,0,"OK","P14-C016",31,50,900,0.05,"informative","medium","exact_knot",8,25,0.994722004152439,0,1,0.141999999999996
"V4-SENS-TWO-STAGE-HBB-CLUSTER-v1","V4-TARGET-EQUAL-CLUSTER-v1",0.293897447672547,0.274953103514226,0.0189443441583211,0.243405141303622,0.345958978641242,0.294682059972432,0.10255383733762,0.026046172185713,TRUE,199,199,0,"OK","P14-C016",31,50,900,0.05,"informative","medium","exact_knot",8,25,0.994722004152439,0,1,0.141999999999996
"V4-CMP-ONE-STAGE-CLUSTER-BB-RESP-v1","V4-TARGET-RESPONDENT-WEIGHTED-v1",0.288637778794593,0.274200449131174,0.0144373296634194,0.260625873976344,0.318168608840005,0.289397241408175,0.0575427348636607,0.0146597028739132,TRUE,199,199,0,"OK","P14-C016",31,50,900,0.05,"informative","medium","exact_knot",8,25,0.994722004152439,0,1,0.141999999999996
"V4-CMP-IID-RESP-BB-v1","WORKING-INDEPENDENCE-RESPONDENT",0.288637778794593,0.274200449131174,0.0144373296634194,0.260343992553878,0.315739105993093,0.288041549273485,0.0553951134392148,0.015346530584276,TRUE,199,199,0,"OK","P14-C016",31,50,900,0.05,"informative","medium","exact_knot",8,25,0.994722004152439,0,1,0.141999999999996
"V4-CMP-TWO-STAGE-FREQ-BOOT-RESP-v1","V4-TARGET-RESPONDENT-WEIGHTED-v1",0.288637778794593,0.274200449131174,0.0144373296634194,0.251979517788343,0.333873331273569,0.292926424530956,0.0818938134852263,0.02161682727461,TRUE,199,199,0,"OK","P14-C016",31,50,900,0.05,"informative","medium","exact_knot",8,25,0.994722004152439,0,1,0.141999999999996
"V4-CMP-MOKKEN-TWOLEVEL-DELTA-v1","V4-TARGET-RESPONDENT-WEIGHTED-v1",0.288637778794617,0.274200449131174,0.014437329663444,0.246969866661587,0.330305690927648,0.288637778794617,0.0833358242660612,0.0212595294922263,TRUE,,,0,"OK","P14-C016",31,50,900,0.05,"informative","medium","exact_knot",8,25,0.994722004152439,0,1,0.141999999999996
"V4-PRI-TWO-STAGE-HBB-RESP-v1","V4-TARGET-RESPONDENT-WEIGHTED-v1",0.300173163719918,0.274200449131174,0.025972714588745,0.248700411057091,0.370663401584838,0.309681906320964,0.121962990527747,0.030245330939687,TRUE,199,199,0,"OK","P14-C016",32,50,823,0.05,"informative","medium","exact_knot",7,27,0.989644358341931,0,2,0.132000000000005
"V4-SENS-TWO-STAGE-HBB-CLUSTER-v1","V4-TARGET-EQUAL-CLUSTER-v1",0.31378609752212,0.274953103514226,0.0388329940078937,0.254961586997344,0.365651518217151,0.310306552607247,0.110689931219807,0.0283691828613895,TRUE,199,199,0,"OK","P14-C016",32,50,823,0.05,"informative","medium","exact_knot",7,27,0.989644358341931,0,2,0.132000000000005
"V4-CMP-ONE-STAGE-CLUSTER-BB-RESP-v1","V4-TARGET-RESPONDENT-WEIGHTED-v1",0.300173163719918,0.274200449131174,0.025972714588745,0.269795208718612,0.336983931919945,0.303389570319278,0.0671887232013331,0.0175441400404943,TRUE,199,199,0,"OK","P14-C016",32,50,823,0.05,"informative","medium","exact_knot",7,27,0.989644358341931,0,2,0.132000000000005
"V4-CMP-IID-RESP-BB-v1","WORKING-INDEPENDENCE-RESPONDENT",0.300173163719918,0.274200449131174,0.025972714588745,0.271001400733999,0.332619914932789,0.301810657833394,0.0616185141987899,0.0161791051812771,TRUE,199,199,0,"OK","P14-C016",32,50,823,0.05,"informative","medium","exact_knot",7,27,0.989644358341931,0,2,0.132000000000005
"V4-CMP-TWO-STAGE-FREQ-BOOT-RESP-v1","V4-TARGET-RESPONDENT-WEIGHTED-v1",0.300173163719918,0.274200449131174,0.025972714588745,0.254365578787036,0.352168308925044,0.30326694385604,0.0978027301380082,0.025439488977825,TRUE,199,199,0,"OK","P14-C016",32,50,823,0.05,"informative","medium","exact_knot",7,27,0.989644358341931,0,2,0.132000000000005
"V4-CMP-MOKKEN-TWOLEVEL-DELTA-v1","V4-TARGET-RESPONDENT-WEIGHTED-v1",0.300173163719948,0.274200449131174,0.0259727145887742,0.256156963304401,0.344189364135494,0.300173163719948,0.0880324008310928,0.0224576577747043,TRUE,,,0,"OK","P14-C016",32,50,823,0.05,"informative","medium","exact_knot",7,27,0.989644358341931,0,2,0.132000000000005
"V4-PRI-TWO-STAGE-HBB-RESP-v1","V4-TARGET-RESPONDENT-WEIGHTED-v1",0.28102376758743,0.274200449131174,0.00682331845625683,0.22820640215083,0.333299248161979,0.280752825156405,0.105092846011149,0.0273899851569243,TRUE,199,199,0,"OK","P14-C016",33,50,834,0.05,"informative","medium","exact_knot",6,27,0.991362964074239,0,1,0.144000000000005
"V4-SENS-TWO-STAGE-HBB-CLUSTER-v1","V4-TARGET-EQUAL-CLUSTER-v1",0.271694607172258,0.274953103514226,-0.00325849634196812,0.231430955906597,0.331975004477197,0.281702980191897,0.1005440485706,0.025960979289161,TRUE,199,199,0,"OK","P14-C016",33,50,834,0.05,"informative","medium","exact_knot",6,27,0.991362964074239,0,1,0.144000000000005
"V4-CMP-ONE-STAGE-CLUSTER-BB-RESP-v1","V4-TARGET-RESPONDENT-WEIGHTED-v1",0.28102376758743,0.274200449131174,0.00682331845625683,0.25126704570955,0.312141292126089,0.28170416891782,0.0608742464165393,0.0156513501624882,TRUE,199,199,0,"OK","P14-C016",33,50,834,0.05,"informative","medium","exact_knot",6,27,0.991362964074239,0,1,0.144000000000005
"V4-CMP-IID-RESP-BB-v1","WORKING-INDEPENDENCE-RESPONDENT",0.28102376758743,0.274200449131174,0.00682331845625683,0.246380934291942,0.31912954248055,0.282755238386246,0.0727486081886076,0.0183004405697405,TRUE,199,199,0,"OK","P14-C016",33,50,834,0.05,"informative","medium","exact_knot",6,27,0.991362964074239,0,1,0.144000000000005
"V4-CMP-TWO-STAGE-FREQ-BOOT-RESP-v1","V4-TARGET-RESPONDENT-WEIGHTED-v1",0.28102376758743,0.274200449131174,0.00682331845625683,0.243168294700985,0.332012389895985,0.287590342298485,0.0888440951950007,0.0229643483046125,TRUE,199,199,0,"OK","P14-C016",33,50,834,0.05,"informative","medium","exact_knot",6,27,0.991362964074239,0,1,0.144000000000005
"V4-CMP-MOKKEN-TWOLEVEL-DELTA-v1","V4-TARGET-RESPONDENT-WEIGHTED-v1",0.281023767587422,0.274200449131174,0.00682331845624856,0.240746365951777,0.321301169223067,0.281023767587422,0.0805548032712892,0.020550072324465,TRUE,,,0,"OK","P14-C016",33,50,834,0.05,"informative","medium","exact_knot",6,27,0.991362964074239,0,1,0.144000000000005
"V4-PRI-TWO-STAGE-HBB-RESP-v1","V4-TARGET-RESPONDENT-WEIGHTED-v1",0.294085450662274,0.274200449131174,0.0198850015311002,0.242134158031433,0.350282468877508,0.296208313454471,0.108148310846075,0.028735260767393,TRUE,199,199,0,"OK","P14-C016",34,50,907,0.05,"informative","medium","exact_knot",7,26,0.995536477093267,0,1,0.155999999999992
"V4-SENS-TWO-STAGE-HBB-CLUSTER-v1","V4-TARGET-EQUAL-CLUSTER-v1",0.292176886799322,0.274953103514226,0.0172237832850956,0.23678157528017,0.351824818323574,0.294303196801872,0.115043243043404,0.0294551268888906,TRUE,199,199,0,"OK","P14-C016",34,50,907,0.05,"informative","medium","exact_knot",7,26,0.995536477093267,0,1,0.155999999999992
"V4-CMP-ONE-STAGE-CLUSTER-BB-RESP-v1","V4-TARGET-RESPONDENT-WEIGHTED-v1",0.294085450662274,0.274200449131174,0.0198850015311002,0.265713236370359,0.32678275354081,0.296247994955584,0.061069517170451,0.0150915307701549,TRUE,199,199,0,"OK","P14-C016",34,50,907,0.05,"informative","medium","exact_knot",7,26,0.995536477093267,0,1,0.155999999999992
"V4-CMP-IID-RESP-BB-v1","WORKING-INDEPENDENCE-RESPONDENT",0.294085450662274,0.274200449131174,0.0198850015311002,0.259644821501238,0.333198988656835,0.296421905079036,0.0735541671555969,0.0176096947720295,TRUE,199,199,0,"OK","P14-C016",34,50,907,0.05,"informative","medium","exact_knot",7,26,0.995536477093267,0,1,0.155999999999992
"V4-CMP-TWO-STAGE-FREQ-BOOT-RESP-v1","V4-TARGET-RESPONDENT-WEIGHTED-v1",0.294085450662274,0.274200449131174,0.0198850015311002,0.249940599601333,0.339842257113985,0.294891428357659,0.089901657512652,0.0224724804481276,TRUE,199,199,0,"OK","P14-C016",34,50,907,0.05,"informative","medium","exact_knot",7,26,0.995536477093267,0,1,0.155999999999992
"V4-CMP-MOKKEN-TWOLEVEL-DELTA-v1","V4-TARGET-RESPONDENT-WEIGHTED-v1",0.294085450662248,0.274200449131174,0.0198850015310749,0.252951432300267,0.33521946902423,0.294085450662248,0.0822680367239621,0.0209871297056685,TRUE,,,0,"OK","P14-C016",34,50,907,0.05,"informative","medium","exact_knot",7,26,0.995536477093267,0,1,0.155999999999992
"V4-PRI-TWO-STAGE-HBB-RESP-v1","V4-TARGET-RESPONDENT-WEIGHTED-v1",0.268508806624753,0.274200449131174,-0.00569164250642007,0.22106298773541,0.330001799866387,0.275532393800899,0.108938812130977,0.0256993810301759,TRUE,199,199,0,"OK","P14-C016",35,50,916,0.05,"informative","medium","exact_knot",8,26,0.996741115024018,0,1,0.14200000000001
"V4-SENS-TWO-STAGE-HBB-CLUSTER-v1","V4-TARGET-EQUAL-CLUSTER-v1",0.257289817291707,0.274953103514226,-0.0176632862225191,0.201297856463462,0.323655867054723,0.262476861759092,0.122358010591261,0.0288931849445703,TRUE,199,199,0,"OK","P14-C016",35,50,916,0.05,"informative","medium","exact_knot",8,26,0.996741115024018,0,1,0.14200000000001
"V4-CMP-ONE-STAGE-CLUSTER-BB-RESP-v1","V4-TARGET-RESPONDENT-WEIGHTED-v1",0.268508806624753,0.274200449131174,-0.00569164250642007,0.234648267860665,0.302778618412763,0.268713443136714,0.0681303505520977,0.0177096660781254,TRUE,199,199,0,"OK","P14-C016",35,50,916,0.05,"informative","medium","exact_knot",8,26,0.996741115024018,0,1,0.14200000000001
"V4-CMP-IID-RESP-BB-v1","WORKING-INDEPENDENCE-RESPONDENT",0.268508806624753,0.274200449131174,-0.00569164250642007,0.236695422082802,0.305304345522016,0.270999883802409,0.0686089234392135,0.016933187038659,TRUE,199,199,0,"OK","P14-C016",35,50,916,0.05,"informative","medium","exact_knot",8,26,0.996741115024018,0,1,0.14200000000001
"V4-CMP-TWO-STAGE-FREQ-BOOT-RESP-v1","V4-TARGET-RESPONDENT-WEIGHTED-v1",0.268508806624753,0.274200449131174,-0.00569164250642007,0.218348007307076,0.319368001322685,0.26885800431488,0.101019994015609,0.0247403660982871,TRUE,199,199,0,"OK","P14-C016",35,50,916,0.05,"informative","medium","exact_knot",8,26,0.996741115024018,0,1,0.14200000000001
"V4-CMP-MOKKEN-TWOLEVEL-DELTA-v1","V4-TARGET-RESPONDENT-WEIGHTED-v1",0.268508806624777,0.274200449131174,-0.00569164250639659,0.227708986836196,0.309308626413357,0.268508806624777,0.081599639577161,0.0208166170962346,TRUE,,,0,"OK","P14-C016",35,50,916,0.05,"informative","medium","exact_knot",8,26,0.996741115024018,0,1,0.14200000000001
"V4-PRI-TWO-STAGE-HBB-RESP-v1","V4-TARGET-RESPONDENT-WEIGHTED-v1",0.268426034783073,0.274200449131174,-0.00577441434810094,0.219404758978304,0.330572942531694,0.274988850754999,0.111168183553391,0.0265652832346436,TRUE,199,199,0,"OK","P14-C016",36,50,811,0.05,"informative","medium","exact_knot",9,25,0.996565188483015,0.00123304562268806,0,0.134
"V4-SENS-TWO-STAGE-HBB-CLUSTER-v1","V4-TARGET-EQUAL-CLUSTER-v1",0.273445468080953,0.274953103514226,-0.00150763543327326,0.220609042711609,0.337624861310402,0.279116952011005,0.117015818598793,0.027663405426624,TRUE,199,199,0,"OK","P14-C016",36,50,811,0.05,"informative","medium","exact_knot",9,25,0.996565188483015,0.00123304562268806,0,0.134
"V4-CMP-ONE-STAGE-CLUSTER-BB-RESP-v1","V4-TARGET-RESPONDENT-WEIGHTED-v1",0.268426034783073,0.274200449131174,-0.00577441434810094,0.23652006377272,0.302838051708897,0.269679057740808,0.0663179879361772,0.016728856406919,TRUE,199,199,0,"OK","P14-C016",36,50,811,0.05,"informative","medium","exact_knot",9,25,0.996565188483015,0.00123304562268806,0,0.134
"V4-CMP-IID-RESP-BB-v1","WORKING-INDEPENDENCE-RESPONDENT",0.268426034783073,0.274200449131174,-0.00577441434810094,0.238588462405468,0.305038030896385,0.271813246650926,0.0664495684909171,0.0168938313810022,TRUE,199,199,0,"OK","P14-C016",36,50,811,0.05,"informative","medium","exact_knot",9,25,0.996565188483015,0.00123304562268806,0,0.134
"V4-CMP-TWO-STAGE-FREQ-BOOT-RESP-v1","V4-TARGET-RESPONDENT-WEIGHTED-v1",0.268426034783073,0.274200449131174,-0.00577441434810094,0.226136285791014,0.315398625360208,0.270767455575611,0.0892623395691943,0.022857101898805,TRUE,199,199,0,"OK","P14-C016",36,50,811,0.05,"informative","medium","exact_knot",9,25,0.996565188483015,0.00123304562268806,0,0.134
"V4-CMP-MOKKEN-TWOLEVEL-DELTA-v1","V4-TARGET-RESPONDENT-WEIGHTED-v1",0.268426034783095,0.274200449131174,-0.00577441434807852,0.225319693154924,0.311532376411266,0.268426034783095,0.0862126832563421,0.0219934355774843,TRUE,,,0,"OK","P14-C016",36,50,811,0.05,"informative","medium","exact_knot",9,25,0.996565188483015,0.00123304562268806,0,0.134
"V4-PRI-TWO-STAGE-HBB-RESP-v1","V4-TARGET-RESPONDENT-WEIGHTED-v1",0.249568318202346,0.274200449131174,-0.0246321309288279,0.196525862595739,0.312785862326436,0.254655862461088,0.116259999730697,0.0275453596881611,TRUE,199,199,0,"OK","P14-C016",37,50,807,0.05,"informative","medium","exact_knot",7,27,0.992154120186224,0,1,0.132999999999996
"V4-SENS-TWO-STAGE-HBB-CLUSTER-v1","V4-TARGET-EQUAL-CLUSTER-v1",0.246414790919674,0.274953103514226,-0.0285383125945518,0.187636934321773,0.311853149322037,0.249745041821905,0.124216215000264,0.0310004058457714,TRUE,199,199,0,"OK","P14-C016",37,50,807,0.05,"informative","medium","exact_knot",7,27,0.992154120186224,0,1,0.132999999999996
"V4-CMP-ONE-STAGE-CLUSTER-BB-RESP-v1","V4-TARGET-RESPONDENT-WEIGHTED-v1",0.249568318202346,0.274200449131174,-0.0246321309288279,0.213901857448435,0.289684300194745,0.25179307882159,0.0757824427463099,0.0197362800374479,TRUE,199,199,0,"OK","P14-C016",37,50,807,0.05,"informative","medium","exact_knot",7,27,0.992154120186224,0,1,0.132999999999996
"V4-CMP-IID-RESP-BB-v1","WORKING-INDEPENDENCE-RESPONDENT",0.249568318202346,0.274200449131174,-0.0246321309288279,0.217963770458481,0.280784746547375,0.249374258502928,0.0628209760888935,0.0164390909646183,TRUE,199,199,0,"OK","P14-C016",37,50,807,0.05,"informative","medium","exact_knot",7,27,0.992154120186224,0,1,0.132999999999996
"V4-CMP-TWO-STAGE-FREQ-BOOT-RESP-v1","V4-TARGET-RESPONDENT-WEIGHTED-v1",0.249568318202346,0.274200449131174,-0.0246321309288279,0.200418492457277,0.302813785241388,0.251616138849333,0.102395292784111,0.0239856501454221,TRUE,199,199,0,"OK","P14-C016",37,50,807,0.05,"informative","medium","exact_knot",7,27,0.992154120186224,0,1,0.132999999999996
"V4-CMP-MOKKEN-TWOLEVEL-DELTA-v1","V4-TARGET-RESPONDENT-WEIGHTED-v1",0.249568318202326,0.274200449131174,-0.024632130928848,0.204662529372429,0.294474107032222,0.249568318202326,0.0898115776597935,0.0229115377548301,TRUE,,,0,"OK","P14-C016",37,50,807,0.05,"informative","medium","exact_knot",7,27,0.992154120186224,0,1,0.132999999999996
"V4-PRI-TWO-STAGE-HBB-RESP-v1","V4-TARGET-RESPONDENT-WEIGHTED-v1",0.283014723420235,0.274200449131174,0.00881427428906145,0.236478525481354,0.338747018656728,0.287612772069041,0.102268493175374,0.0250539662605371,TRUE,199,199,0,"OK","P14-C016",38,50,894,0.05,"informative","medium","exact_knot",7,28,0.986536063076751,0,3,0.155000000000001
"V4-SENS-TWO-STAGE-HBB-CLUSTER-v1","V4-TARGET-EQUAL-CLUSTER-v1",0.284128653999785,0.274953103514226,0.0091755504855594,0.232788832767092,0.340920122798267,0.28685447778268,0.108131290031175,0.0276555859705243,TRUE,199,199,0,"OK","P14-C016",38,50,894,0.05,"informative","medium","exact_knot",7,28,0.986536063076751,0,3,0.155000000000001
"V4-CMP-ONE-STAGE-CLUSTER-BB-RESP-v1","V4-TARGET-RESPONDENT-WEIGHTED-v1",0.283014723420235,0.274200449131174,0.00881427428906145,0.263279604175003,0.315240518478703,0.289260061326853,0.0519609143037004,0.0127798425914235,TRUE,199,199,0,"OK","P14-C016",38,50,894,0.05,"informative","medium","exact_knot",7,28,0.986536063076751,0,3,0.155000000000001
"V4-CMP-IID-RESP-BB-v1","WORKING-INDEPENDENCE-RESPONDENT",0.283014723420235,0.274200449131174,0.00881427428906145,0.252500336942499,0.324594778133857,0.288547557538178,0.0720944411913579,0.0161587419372544,TRUE,199,199,0,"OK","P14-C016",38,50,894,0.05,"informative","medium","exact_knot",7,28,0.986536063076751,0,3,0.155000000000001
"V4-CMP-TWO-STAGE-FREQ-BOOT-RESP-v1","V4-TARGET-RESPONDENT-WEIGHTED-v1",0.283014723420235,0.274200449131174,0.00881427428906145,0.244767512709657,0.329133207102088,0.286950359905872,0.0843656943924308,0.0209681426219923,TRUE,199,199,0,"OK","P14-C016",38,50,894,0.05,"informative","medium","exact_knot",7,28,0.986536063076751,0,3,0.155000000000001
"V4-CMP-MOKKEN-TWOLEVEL-DELTA-v1","V4-TARGET-RESPONDENT-WEIGHTED-v1",0.283014723420219,0.274200449131174,0.00881427428904574,0.244584049397687,0.321445397442751,0.283014723420219,0.0768613480450637,0.0196078470449805,TRUE,,,0,"OK","P14-C016",38,50,894,0.05,"informative","medium","exact_knot",7,28,0.986536063076751,0,3,0.155000000000001
"V4-PRI-TWO-STAGE-HBB-RESP-v1","V4-TARGET-RESPONDENT-WEIGHTED-v1",0.28626489616844,0.274200449131174,0.0120644470372659,0.241683473362955,0.34491808238022,0.293300777871587,0.103234609017266,0.0264140584635108,TRUE,199,199,0,"OK","P14-C016",39,50,824,0.05,"informative","medium","exact_knot",6,25,0.981779877515201,0.00121359223300965,0,0.129999999999995
"V4-SENS-TWO-STAGE-HBB-CLUSTER-v1","V4-TARGET-EQUAL-CLUSTER-v1",0.280592905486168,0.274953103514226,0.00563980197194164,0.227233374048271,0.344155001434211,0.285694187741241,0.11692162738594,0.0296350424802496,TRUE,199,199,0,"OK","P14-C016",39,50,824,0.05,"informative","medium","exact_knot",6,25,0.981779877515201,0.00121359223300965,0,0.129999999999995
"V4-CMP-ONE-STAGE-CLUSTER-BB-RESP-v1","V4-TARGET-RESPONDENT-WEIGHTED-v1",0.28626489616844,0.274200449131174,0.0120644470372659,0.250720375161351,0.324749424265333,0.287734899713342,0.0740290491039822,0.0183982528077198,TRUE,199,199,0,"OK","P14-C016",39,50,824,0.05,"informative","medium","exact_knot",6,25,0.981779877515201,0.00121359223300965,0,0.129999999999995
"V4-CMP-IID-RESP-BB-v1","WORKING-INDEPENDENCE-RESPONDENT",0.28626489616844,0.274200449131174,0.0120644470372659,0.255447961909214,0.317393153434102,0.286420557671658,0.0619451915248885,0.0160565051406211,TRUE,199,199,0,"OK","P14-C016",39,50,824,0.05,"informative","medium","exact_knot",6,25,0.981779877515201,0.00121359223300965,0,0.129999999999995
"V4-CMP-TWO-STAGE-FREQ-BOOT-RESP-v1","V4-TARGET-RESPONDENT-WEIGHTED-v1",0.28626489616844,0.274200449131174,0.0120644470372659,0.233634239614807,0.336504786503433,0.28506951305912,0.102870546888626,0.026044484748767,TRUE,199,199,0,"OK","P14-C016",39,50,824,0.05,"informative","medium","exact_knot",6,25,0.981779877515201,0.00121359223300965,0,0.129999999999995
"V4-CMP-MOKKEN-TWOLEVEL-DELTA-v1","V4-TARGET-RESPONDENT-WEIGHTED-v1",0.286264896168412,0.274200449131174,0.0120644470372387,0.242646732886665,0.329883059450159,0.286264896168412,0.0872363265634934,0.022254573872684,TRUE,,,0,"OK","P14-C016",39,50,824,0.05,"informative","medium","exact_knot",6,25,0.981779877515201,0.00121359223300965,0,0.129999999999995
"V4-PRI-TWO-STAGE-HBB-RESP-v1","V4-TARGET-RESPONDENT-WEIGHTED-v1",0.269585235825386,0.274200449131174,-0.00461521330578729,0.208219716435407,0.332978538273628,0.270599127354517,0.124758821838221,0.0321095628268845,TRUE,199,199,0,"OK","P14-C016",40,50,849,0.05,"informative","medium","exact_knot",8,27,0.989125333107238,0,1,0.135999999999996
"V4-SENS-TWO-STAGE-HBB-CLUSTER-v1","V4-TARGET-EQUAL-CLUSTER-v1",0.267942585887281,0.274953103514226,-0.00701051762694477,0.211838314914104,0.322716918857872,0.267277616885988,0.110878603943769,0.0297460953307744,TRUE,199,199,0,"OK","P14-C016",40,50,849,0.05,"informative","medium","exact_knot",8,27,0.989125333107238,0,1,0.135999999999996
"V4-CMP-ONE-STAGE-CLUSTER-BB-RESP-v1","V4-TARGET-RESPONDENT-WEIGHTED-v1",0.269585235825386,0.274200449131174,-0.00461521330578729,0.230680250345859,0.304097612245371,0.267388931295615,0.0734173618995124,0.0192944212872716,TRUE,199,199,0,"OK","P14-C016",40,50,849,0.05,"informative","medium","exact_knot",8,27,0.989125333107238,0,1,0.135999999999996
"V4-CMP-IID-RESP-BB-v1","WORKING-INDEPENDENCE-RESPONDENT",0.269585235825386,0.274200449131174,-0.00461521330578729,0.23378974734809,0.301682348955978,0.267736048152034,0.0678926016078881,0.0181101165043176,TRUE,199,199,0,"OK","P14-C016",40,50,849,0.05,"informative","medium","exact_knot",8,27,0.989125333107238,0,1,0.135999999999996
"V4-CMP-TWO-STAGE-FREQ-BOOT-RESP-v1","V4-TARGET-RESPONDENT-WEIGHTED-v1",0.269585235825386,0.274200449131174,-0.00461521330578729,0.213831939781639,0.319952496718415,0.266892218250027,0.106120556936776,0.0261063834808242,TRUE,199,199,0,"OK","P14-C016",40,50,849,0.05,"informative","medium","exact_knot",8,27,0.989125333107238,0,1,0.135999999999996
"V4-CMP-MOKKEN-TWOLEVEL-DELTA-v1","V4-TARGET-RESPONDENT-WEIGHTED-v1",0.269585235825389,0.274200449131174,-0.00461521330578435,0.225350758131142,0.313819713519636,0.269585235825389,0.0884689553884944,0.0225690257796384,TRUE,,,0,"OK","P14-C016",40,50,849,0.05,"informative","medium","exact_knot",8,27,0.989125333107238,0,1,0.135999999999996
"V4-PRI-TWO-STAGE-HBB-RESP-v1","V4-TARGET-RESPONDENT-WEIGHTED-v1",0.283726359848057,0.274200449131174,0.0095259107168838,0.229552485625466,0.336239761319823,0.282896123472644,0.106687275694357,0.0281601305154144,TRUE,199,199,0,"OK","P14-C016",41,50,854,0.05,"informative","medium","exact_knot",8,27,0.994727270086772,0.00117096018735363,0,0.13600000000001
"V4-SENS-TWO-STAGE-HBB-CLUSTER-v1","V4-TARGET-EQUAL-CLUSTER-v1",0.288288611798161,0.274953103514226,0.0133355082839347,0.236459997736284,0.35538063591094,0.295920316823612,0.118920638174656,0.0298949714334261,TRUE,199,199,0,"OK","P14-C016",41,50,854,0.05,"informative","medium","exact_knot",8,27,0.994727270086772,0.00117096018735363,0,0.13600000000001
"V4-CMP-ONE-STAGE-CLUSTER-BB-RESP-v1","V4-TARGET-RESPONDENT-WEIGHTED-v1",0.283726359848057,0.274200449131174,0.0095259107168838,0.249314305082771,0.316119587213786,0.282716946148279,0.066805282131015,0.0171278384973799,TRUE,199,199,0,"OK","P14-C016",41,50,854,0.05,"informative","medium","exact_knot",8,27,0.994727270086772,0.00117096018735363,0,0.13600000000001
"V4-CMP-IID-RESP-BB-v1","WORKING-INDEPENDENCE-RESPONDENT",0.283726359848057,0.274200449131174,0.0095259107168838,0.25933674956838,0.317442782423279,0.288389765995829,0.0581060328548991,0.0148220025674745,TRUE,199,199,0,"OK","P14-C016",41,50,854,0.05,"informative","medium","exact_knot",8,27,0.994727270086772,0.00117096018735363,0,0.13600000000001
"V4-CMP-TWO-STAGE-FREQ-BOOT-RESP-v1","V4-TARGET-RESPONDENT-WEIGHTED-v1",0.283726359848057,0.274200449131174,0.0095259107168838,0.242706767925025,0.335150909327682,0.288928838626354,0.0924441414026573,0.022117172750663,TRUE,199,199,0,"OK","P14-C016",41,50,854,0.05,"informative","medium","exact_knot",8,27,0.994727270086772,0.00117096018735363,0,0.13600000000001
"V4-CMP-MOKKEN-TWOLEVEL-DELTA-v1","V4-TARGET-RESPONDENT-WEIGHTED-v1",0.283726359848046,0.274200449131174,0.00952591071687231,0.241831372678204,0.325621347017888,0.283726359848046,0.0837899743396845,0.0213753862317393,TRUE,,,0,"OK","P14-C016",41,50,854,0.05,"informative","medium","exact_knot",8,27,0.994727270086772,0.00117096018735363,0,0.13600000000001
"V4-PRI-TWO-STAGE-HBB-RESP-v1","V4-TARGET-RESPONDENT-WEIGHTED-v1",0.285226403985538,0.274200449131174,0.0110259548543645,0.232852347023282,0.346267874278769,0.289560110651025,0.113415527255487,0.0272907509985116,TRUE,199,199,0,"OK","P14-C016",42,50,803,0.05,"informative","medium","exact_knot",8,25,0.995038289870793,0,1,0.131999999999991
"V4-SENS-TWO-STAGE-HBB-CLUSTER-v1","V4-TARGET-EQUAL-CLUSTER-v1",0.290121641763639,0.274953103514226,0.0151685382494131,0.231382094835149,0.355900303968233,0.293641199401691,0.124518209133084,0.0291829869751412,TRUE,199,199,0,"OK","P14-C016",42,50,803,0.05,"informative","medium","exact_knot",8,25,0.995038289870793,0,1,0.131999999999991
"V4-CMP-ONE-STAGE-CLUSTER-BB-RESP-v1","V4-TARGET-RESPONDENT-WEIGHTED-v1",0.285226403985538,0.274200449131174,0.0110259548543645,0.25745272632033,0.315767844291565,0.286610285305948,0.0583151179712351,0.0140742173280144,TRUE,199,199,0,"OK","P14-C016",42,50,803,0.05,"informative","medium","exact_knot",8,25,0.995038289870793,0,1,0.131999999999991
"V4-CMP-IID-RESP-BB-v1","WORKING-INDEPENDENCE-RESPONDENT",0.285226403985538,0.274200449131174,0.0110259548543645,0.253651835335776,0.327411633616299,0.290531734476037,0.0737597982805226,0.018099517259388,TRUE,199,199,0,"OK","P14-C016",42,50,803,0.05,"informative","medium","exact_knot",8,25,0.995038289870793,0,1,0.131999999999991
"V4-CMP-TWO-STAGE-FREQ-BOOT-RESP-v1","V4-TARGET-RESPONDENT-WEIGHTED-v1",0.285226403985538,0.274200449131174,0.0110259548543645,0.243809690787634,0.326187363402787,0.28499852709521,0.082377672615153,0.0214449055219782,TRUE,199,199,0,"OK","P14-C016",42,50,803,0.05,"informative","medium","exact_knot",8,25,0.995038289870793,0,1,0.131999999999991
"V4-CMP-MOKKEN-TWOLEVEL-DELTA-v1","V4-TARGET-RESPONDENT-WEIGHTED-v1",0.285226403985545,0.274200449131174,0.0110259548543714,0.243363059475739,0.327089748495351,0.285226403985545,0.0837266890196123,0.0213592417207759,TRUE,,,0,"OK","P14-C016",42,50,803,0.05,"informative","medium","exact_knot",8,25,0.995038289870793,0,1,0.131999999999991
"V4-PRI-TWO-STAGE-HBB-RESP-v1","V4-TARGET-RESPONDENT-WEIGHTED-v1",0.281918680628037,0.274200449131174,0.00771823149686335,0.227865744186273,0.344566438514963,0.286216091350618,0.11670069432869,0.0296595933071434,TRUE,199,199,0,"OK","P14-C016",43,50,860,0.05,"informative","medium","exact_knot",9,26,0.99599941047505,0,1,0.137
"V4-SENS-TWO-STAGE-HBB-CLUSTER-v1","V4-TARGET-EQUAL-CLUSTER-v1",0.277769912931806,0.274953103514226,0.00281680941758045,0.228031972904143,0.344976572924118,0.28650427291413,0.116944600019975,0.0315748311703432,TRUE,199,199,0,"OK","P14-C016",43,50,860,0.05,"informative","medium","exact_knot",9,26,0.99599941047505,0,1,0.137
"V4-CMP-ONE-STAGE-CLUSTER-BB-RESP-v1","V4-TARGET-RESPONDENT-WEIGHTED-v1",0.281918680628037,0.274200449131174,0.00771823149686335,0.248330150770473,0.315104035240327,0.2817170930054,0.0667738844698537,0.0168760205350512,TRUE,199,199,0,"OK","P14-C016",43,50,860,0.05,"informative","medium","exact_knot",9,26,0.99599941047505,0,1,0.137
"V4-CMP-IID-RESP-BB-v1","WORKING-INDEPENDENCE-RESPONDENT",0.281918680628037,0.274200449131174,0.00771823149686335,0.251217853293456,0.320803551339234,0.286010702316345,0.0695856980457782,0.0171289649828157,TRUE,199,199,0,"OK","P14-C016",43,50,860,0.05,"informative","medium","exact_knot",9,26,0.99599941047505,0,1,0.137
"V4-CMP-TWO-STAGE-FREQ-BOOT-RESP-v1","V4-TARGET-RESPONDENT-WEIGHTED-v1",0.281918680628037,0.274200449131174,0.00771823149686335,0.237253098915013,0.328375615793265,0.282814357354139,0.0911225168782518,0.0231164741709364,TRUE,199,199,0,"OK","P14-C016",43,50,860,0.05,"informative","medium","exact_knot",9,26,0.99599941047505,0,1,0.137
"V4-CMP-MOKKEN-TWOLEVEL-DELTA-v1","V4-TARGET-RESPONDENT-WEIGHTED-v1",0.281918680628014,0.274200449131174,0.00771823149684064,0.238230076679275,0.325607284576753,0.281918680628014,0.0873772078974782,0.0222905136488983,TRUE,,,0,"OK","P14-C016",43,50,860,0.05,"informative","medium","exact_knot",9,26,0.99599941047505,0,1,0.137
"V4-PRI-TWO-STAGE-HBB-RESP-v1","V4-TARGET-RESPONDENT-WEIGHTED-v1",0.262810366033546,0.274200449131174,-0.0113900830976278,0.221411699679981,0.323456637427784,0.272434168553883,0.102044937747803,0.0265072848293596,TRUE,199,199,0,"OK","P14-C016",44,50,891,0.05,"informative","medium","exact_knot",8,27,0.994993090521062,0.00224466891133557,0,0.156000000000006
"V4-SENS-TWO-STAGE-HBB-CLUSTER-v1","V4-TARGET-EQUAL-CLUSTER-v1",0.261607916512183,0.274953103514226,-0.0133451870020431,0.211755903145219,0.324364651875705,0.268060277510462,0.112608748730486,0.0305438695973722,TRUE,199,199,0,"OK","P14-C016",44,50,891,0.05,"informative","medium","exact_knot",8,27,0.994993090521062,0.00224466891133557,0,0.156000000000006
"V4-CMP-ONE-STAGE-CLUSTER-BB-RESP-v1","V4-TARGET-RESPONDENT-WEIGHTED-v1",0.262810366033546,0.274200449131174,-0.0113900830976278,0.228197754142123,0.299249269450007,0.263723511796065,0.0710515153078847,0.0178601893817648,TRUE,199,199,0,"OK","P14-C016",44,50,891,0.05,"informative","medium","exact_knot",8,27,0.994993090521062,0.00224466891133557,0,0.156000000000006
"V4-CMP-IID-RESP-BB-v1","WORKING-INDEPENDENCE-RESPONDENT",0.262810366033546,0.274200449131174,-0.0113900830976278,0.232437232913854,0.293691953317167,0.263064593115511,0.0612547204033133,0.0160942020481883,TRUE,199,199,0,"OK","P14-C016",44,50,891,0.05,"informative","medium","exact_knot",8,27,0.994993090521062,0.00224466891133557,0,0.156000000000006
"V4-CMP-TWO-STAGE-FREQ-BOOT-RESP-v1","V4-TARGET-RESPONDENT-WEIGHTED-v1",0.262810366033546,0.274200449131174,-0.0113900830976278,0.21438799096538,0.305414507627869,0.259901249296625,0.0910265166624897,0.0230091606926444,TRUE,199,199,0,"OK","P14-C016",44,50,891,0.05,"informative","medium","exact_knot",8,27,0.994993090521062,0.00224466891133557,0,0.156000000000006
"V4-CMP-MOKKEN-TWOLEVEL-DELTA-v1","V4-TARGET-RESPONDENT-WEIGHTED-v1",0.262810366033552,0.274200449131174,-0.0113900830976211,0.219085117096889,0.306535614970216,0.262810366033552,0.0874504978733273,0.0223092104148662,TRUE,,,0,"OK","P14-C016",44,50,891,0.05,"informative","medium","exact_knot",8,27,0.994993090521062,0.00224466891133557,0,0.156000000000006
"V4-PRI-TWO-STAGE-HBB-RESP-v1","V4-TARGET-RESPONDENT-WEIGHTED-v1",0.279096498920306,0.274200449131174,0.004896049789132,0.219988400796999,0.34470330720379,0.282345854000394,0.124714906406791,0.029560703873135,TRUE,199,199,0,"OK","P14-C016",45,50,862,0.05,"informative","medium","exact_knot",7,27,0.993365229998525,0,4,0.138999999999996
"V4-SENS-TWO-STAGE-HBB-CLUSTER-v1","V4-TARGET-EQUAL-CLUSTER-v1",0.272244315710931,0.274953103514226,-0.00270878780329531,0.212291202807467,0.343421463538865,0.277856333173166,0.131130260731398,0.0314976520865246,TRUE,199,199,0,"OK","P14-C016",45,50,862,0.05,"informative","medium","exact_knot",7,27,0.993365229998525,0,4,0.138999999999996
"V4-CMP-ONE-STAGE-CLUSTER-BB-RESP-v1","V4-TARGET-RESPONDENT-WEIGHTED-v1",0.279096498920306,0.274200449131174,0.004896049789132,0.243861909509862,0.313671556199949,0.278766732854906,0.0698096466900875,0.0178819695553965,TRUE,199,199,0,"OK","P14-C016",45,50,862,0.05,"informative","medium","exact_knot",7,27,0.993365229998525,0,4,0.138999999999996
"V4-CMP-IID-RESP-BB-v1","WORKING-INDEPENDENCE-RESPONDENT",0.279096498920306,0.274200449131174,0.004896049789132,0.249749856648604,0.316051699052662,0.282900777850633,0.0663018424040575,0.0178188477238797,TRUE,199,199,0,"OK","P14-C016",45,50,862,0.05,"informative","medium","exact_knot",7,27,0.993365229998525,0,4,0.138999999999996
"V4-CMP-TWO-STAGE-FREQ-BOOT-RESP-v1","V4-TARGET-RESPONDENT-WEIGHTED-v1",0.279096498920306,0.274200449131174,0.004896049789132,0.236637787382164,0.33126183186443,0.283949809623297,0.0946240444822664,0.0252215605821874,TRUE,199,199,0,"OK","P14-C016",45,50,862,0.05,"informative","medium","exact_knot",7,27,0.993365229998525,0,4,0.138999999999996
"V4-CMP-MOKKEN-TWOLEVEL-DELTA-v1","V4-TARGET-RESPONDENT-WEIGHTED-v1",0.279096498920333,0.274200449131174,0.00489604978915953,0.233411354515491,0.324781643325175,0.279096498920333,0.0913702888096841,0.0233091754568965,TRUE,,,0,"OK","P14-C016",45,50,862,0.05,"informative","medium","exact_knot",7,27,0.993365229998525,0,4,0.138999999999996
"V4-PRI-TWO-STAGE-HBB-RESP-v1","V4-TARGET-RESPONDENT-WEIGHTED-v1",0.31423918234516,0.274200449131174,0.0400387332139862,0.255646307995114,0.373840590579167,0.31474344928714,0.118194282584052,0.0295729785597705,TRUE,199,199,0,"OK","P14-C016",46,50,841,0.05,"informative","medium","exact_knot",8,27,0.993131493159841,0,1,0.135000000000005
"V4-SENS-TWO-STAGE-HBB-CLUSTER-v1","V4-TARGET-EQUAL-CLUSTER-v1",0.313693758681358,0.274953103514226,0.0387406551671319,0.261343593689348,0.39060521967552,0.325974406682434,0.129261625986172,0.0310042608399773,TRUE,199,199,0,"OK","P14-C016",46,50,841,0.05,"informative","medium","exact_knot",8,27,0.993131493159841,0,1,0.135000000000005
"V4-CMP-ONE-STAGE-CLUSTER-BB-RESP-v1","V4-TARGET-RESPONDENT-WEIGHTED-v1",0.31423918234516,0.274200449131174,0.0400387332139862,0.276281633859941,0.36065143321505,0.318466533537495,0.0843697993551087,0.020323457759122,FALSE,199,199,0,"OK","P14-C016",46,50,841,0.05,"informative","medium","exact_knot",8,27,0.993131493159841,0,1,0.135000000000005
"V4-CMP-IID-RESP-BB-v1","WORKING-INDEPENDENCE-RESPONDENT",0.31423918234516,0.274200449131174,0.0400387332139862,0.281016936016644,0.34949582224539,0.315256379131017,0.0684788862287459,0.0176235562261742,FALSE,199,199,0,"OK","P14-C016",46,50,841,0.05,"informative","medium","exact_knot",8,27,0.993131493159841,0,1,0.135000000000005
"V4-CMP-TWO-STAGE-FREQ-BOOT-RESP-v1","V4-TARGET-RESPONDENT-WEIGHTED-v1",0.31423918234516,0.274200449131174,0.0400387332139862,0.267649281004846,0.365402402336998,0.316525841670922,0.0977531213321515,0.0243498067544122,TRUE,199,199,0,"OK","P14-C016",46,50,841,0.05,"informative","medium","exact_knot",8,27,0.993131493159841,0,1,0.135000000000005
"V4-CMP-MOKKEN-TWOLEVEL-DELTA-v1","V4-TARGET-RESPONDENT-WEIGHTED-v1",0.314239182345136,0.274200449131174,0.0400387332139624,0.269507079669048,0.358971285021224,0.314239182345136,0.089464205352176,0.0228229207418754,TRUE,,,0,"OK","P14-C016",46,50,841,0.05,"informative","medium","exact_knot",8,27,0.993131493159841,0,1,0.135000000000005
"V4-PRI-TWO-STAGE-HBB-RESP-v1","V4-TARGET-RESPONDENT-WEIGHTED-v1",0.282531948822871,0.274200449131174,0.00833149969169772,0.236151706448478,0.345458772922101,0.290805239685289,0.109307066473623,0.027218148312896,TRUE,199,199,0,"OK","P14-C016",47,50,912,0.05,"informative","medium","exact_knot",11,27,0.993229639164092,0,1,0.155999999999992
"V4-SENS-TWO-STAGE-HBB-CLUSTER-v1","V4-TARGET-EQUAL-CLUSTER-v1",0.271438951181327,0.274953103514226,-0.00351415233289859,0.223650608994842,0.327681735540803,0.275666172267822,0.104031126545961,0.027219648656747,TRUE,199,199,0,"OK","P14-C016",47,50,912,0.05,"informative","medium","exact_knot",11,27,0.993229639164092,0,1,0.155999999999992
"V4-CMP-ONE-STAGE-CLUSTER-BB-RESP-v1","V4-TARGET-RESPONDENT-WEIGHTED-v1",0.282531948822871,0.274200449131174,0.00833149969169772,0.247229885024202,0.31492519385458,0.281077539439391,0.0676953088303781,0.0165319836484724,TRUE,199,199,0,"OK","P14-C016",47,50,912,0.05,"informative","medium","exact_knot",11,27,0.993229639164092,0,1,0.155999999999992
"V4-CMP-IID-RESP-BB-v1","WORKING-INDEPENDENCE-RESPONDENT",0.282531948822871,0.274200449131174,0.00833149969169772,0.248592912861577,0.311971818167487,0.280282365514532,0.0633789053059093,0.0167798630645864,TRUE,199,199,0,"OK","P14-C016",47,50,912,0.05,"informative","medium","exact_knot",11,27,0.993229639164092,0,1,0.155999999999992
"V4-CMP-TWO-STAGE-FREQ-BOOT-RESP-v1","V4-TARGET-RESPONDENT-WEIGHTED-v1",0.282531948822871,0.274200449131174,0.00833149969169772,0.233615635896647,0.334750800382381,0.284183218139514,0.101135164485734,0.0240925128131479,TRUE,199,199,0,"OK","P14-C016",47,50,912,0.05,"informative","medium","exact_knot",11,27,0.993229639164092,0,1,0.155999999999992
"V4-CMP-MOKKEN-TWOLEVEL-DELTA-v1","V4-TARGET-RESPONDENT-WEIGHTED-v1",0.282531948822858,0.274200449131174,0.00833149969168429,0.237085281773235,0.327978615872481,0.282531948822858,0.0908933340992457,0.0231875011010919,TRUE,,,0,"OK","P14-C016",47,50,912,0.05,"informative","medium","exact_knot",11,27,0.993229639164092,0,1,0.155999999999992
"V4-PRI-TWO-STAGE-HBB-RESP-v1","V4-TARGET-RESPONDENT-WEIGHTED-v1",0.246925812068317,0.274200449131174,-0.0272746370628562,0.202185740766244,0.307080553111115,0.25463314693868,0.104894812344871,0.0256694723472781,TRUE,199,199,0,"OK","P14-C016",48,50,827,0.05,"informative","medium","exact_knot",7,27,0.993283242581445,0,1,0.137
"V4-SENS-TWO-STAGE-HBB-CLUSTER-v1","V4-TARGET-EQUAL-CLUSTER-v1",0.260238713900984,0.274953103514226,-0.0147143896132415,0.212180936270574,0.325044247738025,0.2686125920043,0.112863311467451,0.029500984084214,TRUE,199,199,0,"OK","P14-C016",48,50,827,0.05,"informative","medium","exact_knot",7,27,0.993283242581445,0,1,0.137
"V4-CMP-ONE-STAGE-CLUSTER-BB-RESP-v1","V4-TARGET-RESPONDENT-WEIGHTED-v1",0.246925812068317,0.274200449131174,-0.0272746370628562,0.221977780482018,0.279222457595054,0.250600119038536,0.0572446771130362,0.0155768530317104,TRUE,199,199,0,"OK","P14-C016",48,50,827,0.05,"informative","medium","exact_knot",7,27,0.993283242581445,0,1,0.137
"V4-CMP-IID-RESP-BB-v1","WORKING-INDEPENDENCE-RESPONDENT",0.246925812068317,0.274200449131174,-0.0272746370628562,0.216387648992624,0.285065581373341,0.250726615182983,0.0686779323807166,0.0172719119326065,TRUE,199,199,0,"OK","P14-C016",48,50,827,0.05,"informative","medium","exact_knot",7,27,0.993283242581445,0,1,0.137
"V4-CMP-TWO-STAGE-FREQ-BOOT-RESP-v1","V4-TARGET-RESPONDENT-WEIGHTED-v1",0.246925812068317,0.274200449131174,-0.0272746370628562,0.202060612742505,0.300610410553757,0.251335511648131,0.0985497978112524,0.0245091093741001,TRUE,199,199,0,"OK","P14-C016",48,50,827,0.05,"informative","medium","exact_knot",7,27,0.993283242581445,0,1,0.137
"V4-CMP-MOKKEN-TWOLEVEL-DELTA-v1","V4-TARGET-RESPONDENT-WEIGHTED-v1",0.246925812068332,0.274200449131174,-0.0272746370628414,0.205049621542529,0.288802002594135,0.246925812068332,0.0837523810516058,0.0213657959310053,TRUE,,,0,"OK","P14-C016",48,50,827,0.05,"informative","medium","exact_knot",7,27,0.993283242581445,0,1,0.137
"V4-PRI-TWO-STAGE-HBB-RESP-v1","V4-TARGET-RESPONDENT-WEIGHTED-v1",0.297998662066828,0.274200449131174,0.023798212935654,0.247562346124578,0.352540682135486,0.300051514130032,0.104978336010907,0.0266883266863163,TRUE,199,199,0,"OK","P14-C016",49,50,850,0.05,"informative","medium","exact_knot",8,26,0.995009917467642,0,2,0.138000000000005
"V4-SENS-TWO-STAGE-HBB-CLUSTER-v1","V4-TARGET-EQUAL-CLUSTER-v1",0.302371075437333,0.274953103514226,0.0274179719231069,0.254539839904714,0.3589405688727,0.306740204388707,0.104400728967986,0.0260376042549092,TRUE,199,199,0,"OK","P14-C016",49,50,850,0.05,"informative","medium","exact_knot",8,26,0.995009917467642,0,2,0.138000000000005
"V4-CMP-ONE-STAGE-CLUSTER-BB-RESP-v1","V4-TARGET-RESPONDENT-WEIGHTED-v1",0.297998662066828,0.274200449131174,0.023798212935654,0.265175035720296,0.328591932078393,0.296883483899345,0.063416896358097,0.016852680391723,TRUE,199,199,0,"OK","P14-C016",49,50,850,0.05,"informative","medium","exact_knot",8,26,0.995009917467642,0,2,0.138000000000005
"V4-CMP-IID-RESP-BB-v1","WORKING-INDEPENDENCE-RESPONDENT",0.297998662066828,0.274200449131174,0.023798212935654,0.268337452610584,0.331715296028694,0.300026374319639,0.06337784341811,0.0160599435272608,TRUE,199,199,0,"OK","P14-C016",49,50,850,0.05,"informative","medium","exact_knot",8,26,0.995009917467642,0,2,0.138000000000005
"V4-CMP-TWO-STAGE-FREQ-BOOT-RESP-v1","V4-TARGET-RESPONDENT-WEIGHTED-v1",0.297998662066828,0.274200449131174,0.023798212935654,0.254558555506058,0.34554415514442,0.300051355325239,0.0909855996383621,0.0223912825226372,TRUE,199,199,0,"OK","P14-C016",49,50,850,0.05,"informative","medium","exact_knot",8,26,0.995009917467642,0,2,0.138000000000005
"V4-CMP-MOKKEN-TWOLEVEL-DELTA-v1","V4-TARGET-RESPONDENT-WEIGHTED-v1",0.297998662066803,0.274200449131174,0.0237982129356293,0.256456075888498,0.339541248245108,0.297998662066803,0.0830851723566096,0.0211955865036233,TRUE,,,0,"OK","P14-C016",49,50,850,0.05,"informative","medium","exact_knot",8,26,0.995009917467642,0,2,0.138000000000005
"V4-PRI-TWO-STAGE-HBB-RESP-v1","V4-TARGET-RESPONDENT-WEIGHTED-v1",0.285653108949051,0.274200449131174,0.0114526598178776,0.231031957526698,0.345679375636252,0.288355666581475,0.114647418109554,0.0295775927662857,TRUE,199,199,0,"OK","P14-C016",50,50,826,0.05,"informative","medium","exact_knot",8,27,0.994132510707981,0,1,0.144000000000005
"V4-SENS-TWO-STAGE-HBB-CLUSTER-v1","V4-TARGET-EQUAL-CLUSTER-v1",0.281523915566678,0.274953103514226,0.00657081205245225,0.220807108706801,0.345434755525991,0.283120932116396,0.12462764681919,0.0312466283526548,TRUE,199,199,0,"OK","P14-C016",50,50,826,0.05,"informative","medium","exact_knot",8,27,0.994132510707981,0,1,0.144000000000005
"V4-CMP-ONE-STAGE-CLUSTER-BB-RESP-v1","V4-TARGET-RESPONDENT-WEIGHTED-v1",0.285653108949051,0.274200449131174,0.0114526598178776,0.248689744477938,0.325781376549671,0.287235560513804,0.0770916320717333,0.0194416772629111,TRUE,199,199,0,"OK","P14-C016",50,50,826,0.05,"informative","medium","exact_knot",8,27,0.994132510707981,0,1,0.144000000000005
"V4-CMP-IID-RESP-BB-v1","WORKING-INDEPENDENCE-RESPONDENT",0.285653108949051,0.274200449131174,0.0114526598178776,0.253997156301708,0.318588714197961,0.286292935249834,0.0645915578962529,0.0170562412481583,TRUE,199,199,0,"OK","P14-C016",50,50,826,0.05,"informative","medium","exact_knot",8,27,0.994132510707981,0,1,0.144000000000005
"V4-CMP-TWO-STAGE-FREQ-BOOT-RESP-v1","V4-TARGET-RESPONDENT-WEIGHTED-v1",0.285653108949051,0.274200449131174,0.0114526598178776,0.233260128442312,0.329606532363598,0.281433330402955,0.0963464039212858,0.025126197782555,TRUE,199,199,0,"OK","P14-C016",50,50,826,0.05,"informative","medium","exact_knot",8,27,0.994132510707981,0,1,0.144000000000005
"V4-CMP-MOKKEN-TWOLEVEL-DELTA-v1","V4-TARGET-RESPONDENT-WEIGHTED-v1",0.285653108949052,0.274200449131174,0.0114526598178785,0.239949840574897,0.331356377323207,0.285653108949052,0.0914065367483103,0.0233184225499329,TRUE,,,0,"OK","P14-C016",50,50,826,0.05,"informative","medium","exact_knot",8,27,0.994132510707981,0,1,0.144000000000005
"V4-PRI-TWO-STAGE-HBB-RESP-v1","V4-TARGET-RESPONDENT-WEIGHTED-v1",0.272629514881057,0.274200449131174,-0.0015709342501169,0.220209326589718,0.336816760715031,0.278513043652375,0.116607434125313,0.027482122597762,TRUE,199,199,0,"OK","P14-C016",51,50,872,0.05,"informative","medium","exact_knot",8,28,0.992425293149447,0.00114678899082571,0,0.137999999999991
"V4-SENS-TWO-STAGE-HBB-CLUSTER-v1","V4-TARGET-EQUAL-CLUSTER-v1",0.27070819649344,0.274953103514226,-0.00424490702078567,0.217148229676391,0.323216341306259,0.270182285491325,0.106068111629868,0.0279364044429856,TRUE,199,199,0,"OK","P14-C016",51,50,872,0.05,"informative","medium","exact_knot",8,28,0.992425293149447,0.00114678899082571,0,0.137999999999991
"V4-CMP-ONE-STAGE-CLUSTER-BB-RESP-v1","V4-TARGET-RESPONDENT-WEIGHTED-v1",0.272629514881057,0.274200449131174,-0.0015709342501169,0.244202257812387,0.308618655752455,0.276410456782421,0.0644163979400673,0.0166942063599014,TRUE,199,199,0,"OK","P14-C016",51,50,872,0.05,"informative","medium","exact_knot",8,28,0.992425293149447,0.00114678899082571,0,0.137999999999991
"V4-CMP-IID-RESP-BB-v1","WORKING-INDEPENDENCE-RESPONDENT",0.272629514881057,0.274200449131174,-0.0015709342501169,0.244760041429084,0.300403809144193,0.272581925286638,0.0556437677151083,0.0147266478620205,TRUE,199,199,0,"OK","P14-C016",51,50,872,0.05,"informative","medium","exact_knot",8,28,0.992425293149447,0.00114678899082571,0,0.137999999999991
"V4-CMP-TWO-STAGE-FREQ-BOOT-RESP-v1","V4-TARGET-RESPONDENT-WEIGHTED-v1",0.272629514881057,0.274200449131174,-0.0015709342501169,0.231836560810853,0.320051686031477,0.275944123421165,0.0882151252206246,0.0217852429681973,TRUE,199,199,0,"OK","P14-C016",51,50,872,0.05,"informative","medium","exact_knot",8,28,0.992425293149447,0.00114678899082571,0,0.137999999999991
"V4-CMP-MOKKEN-TWOLEVEL-DELTA-v1","V4-TARGET-RESPONDENT-WEIGHTED-v1",0.272629514881069,0.274200449131174,-0.00157093425010441,0.230766537615349,0.31449249214679,0.272629514881069,0.0837259545314409,0.0213590543479014,TRUE,,,0,"OK","P14-C016",51,50,872,0.05,"informative","medium","exact_knot",8,28,0.992425293149447,0.00114678899082571,0,0.137999999999991
"V4-PRI-TWO-STAGE-HBB-RESP-v1","V4-TARGET-RESPONDENT-WEIGHTED-v1",0.264590020783529,0.274200449131174,-0.00961042834764431,0.213152362789555,0.321528304060418,0.267340333424986,0.108375941270863,0.0270383046146494,TRUE,199,199,0,"OK","P14-C016",52,50,864,0.05,"informative","medium","exact_knot",6,25,0.983750556525554,0,2,0.13900000000001
"V4-SENS-TWO-STAGE-HBB-CLUSTER-v1","V4-TARGET-EQUAL-CLUSTER-v1",0.261890708669113,0.274953103514226,-0.013062394845113,0.207717650318906,0.321655978187416,0.264686814253161,0.113938327868511,0.0287002736794548,TRUE,199,199,0,"OK","P14-C016",52,50,864,0.05,"informative","medium","exact_knot",6,25,0.983750556525554,0,2,0.13900000000001
"V4-CMP-ONE-STAGE-CLUSTER-BB-RESP-v1","V4-TARGET-RESPONDENT-WEIGHTED-v1",0.264590020783529,0.274200449131174,-0.00961042834764431,0.234815541641418,0.295717657470846,0.265266599556132,0.060902115829429,0.0157263241975262,TRUE,199,199,0,"OK","P14-C016",52,50,864,0.05,"informative","medium","exact_knot",6,25,0.983750556525554,0,2,0.13900000000001
"V4-CMP-IID-RESP-BB-v1","WORKING-INDEPENDENCE-RESPONDENT",0.264590020783529,0.274200449131174,-0.00961042834764431,0.233970583441319,0.298871015512468,0.266420799476894,0.0649004320711492,0.0169282924624514,TRUE,199,199,0,"OK","P14-C016",52,50,864,0.05,"informative","medium","exact_knot",6,25,0.983750556525554,0,2,0.13900000000001
"V4-CMP-TWO-STAGE-FREQ-BOOT-RESP-v1","V4-TARGET-RESPONDENT-WEIGHTED-v1",0.264590020783529,0.274200449131174,-0.00961042834764431,0.212730780216132,0.314548605763035,0.263639692989584,0.101817825546902,0.022610587740557,TRUE,199,199,0,"OK","P14-C016",52,50,864,0.05,"informative","medium","exact_knot",6,25,0.983750556525554,0,2,0.13900000000001
"V4-CMP-MOKKEN-TWOLEVEL-DELTA-v1","V4-TARGET-RESPONDENT-WEIGHTED-v1",0.26459002078351,0.274200449131174,-0.00961042834766351,0.224265604545826,0.304914437021194,0.26459002078351,0.0806488324753689,0.0205740598070976,TRUE,,,0,"OK","P14-C016",52,50,864,0.05,"informative","medium","exact_knot",6,25,0.983750556525554,0,2,0.13900000000001
"V4-PRI-TWO-STAGE-HBB-RESP-v1","V4-TARGET-RESPONDENT-WEIGHTED-v1",0.286060055510444,0.274200449131174,0.0118596063792705,0.235487485095727,0.345829329796432,0.290658407446079,0.110341844700704,0.0279852038118064,TRUE,199,199,0,"OK","P14-C016",53,50,809,0.05,"informative","medium","exact_knot",6,28,0.987207328562262,0,1,0.132999999999996
"V4-SENS-TWO-STAGE-HBB-CLUSTER-v1","V4-TARGET-EQUAL-CLUSTER-v1",0.288052880610884,0.274953103514226,0.0130997770966583,0.230603250829272,0.357081936897509,0.293842593863391,0.126478686068237,0.0319598922955245,TRUE,199,199,0,"OK","P14-C016",53,50,809,0.05,"informative","medium","exact_knot",6,28,0.987207328562262,0,1,0.132999999999996
"V4-CMP-ONE-STAGE-CLUSTER-BB-RESP-v1","V4-TARGET-RESPONDENT-WEIGHTED-v1",0.286060055510444,0.274200449131174,0.0118596063792705,0.251302262742708,0.32651822881063,0.288910245776669,0.0752159660679219,0.0182333228059669,TRUE,199,199,0,"OK","P14-C016",53,50,809,0.05,"informative","medium","exact_knot",6,28,0.987207328562262,0,1,0.132999999999996
"V4-CMP-IID-RESP-BB-v1","WORKING-INDEPENDENCE-RESPONDENT",0.286060055510444,0.274200449131174,0.0118596063792705,0.252063120640764,0.320109417617647,0.286086269129206,0.0680462969768831,0.015871952714927,TRUE,199,199,0,"OK","P14-C016",53,50,809,0.05,"informative","medium","exact_knot",6,28,0.987207328562262,0,1,0.132999999999996
"V4-CMP-TWO-STAGE-FREQ-BOOT-RESP-v1","V4-TARGET-RESPONDENT-WEIGHTED-v1",0.286060055510444,0.274200449131174,0.0118596063792705,0.230266091203237,0.339708380908868,0.284987236056052,0.109442289705631,0.0258956733318007,TRUE,199,199,0,"OK","P14-C016",53,50,809,0.05,"informative","medium","exact_knot",6,28,0.987207328562262,0,1,0.132999999999996
"V4-CMP-MOKKEN-TWOLEVEL-DELTA-v1","V4-TARGET-RESPONDENT-WEIGHTED-v1",0.286060055510423,0.274200449131174,0.0118596063792498,0.242864719759748,0.329255391261099,0.286060055510423,0.0863906715013507,0.0220388415763732,TRUE,,,0,"OK","P14-C016",53,50,809,0.05,"informative","medium","exact_knot",6,28,0.987207328562262,0,1,0.132999999999996
"V4-PRI-TWO-STAGE-HBB-RESP-v1","V4-TARGET-RESPONDENT-WEIGHTED-v1",0.272886428606278,0.274200449131174,-0.00131402052489565,0.227216246414912,0.324016875315224,0.275616560865068,0.096800628900312,0.0255978610016431,TRUE,199,199,0,"OK","P14-C016",54,50,847,0.05,"informative","medium","exact_knot",7,27,0.990805294529854,0.00118063754427389,0,0.155999999999992
"V4-SENS-TWO-STAGE-HBB-CLUSTER-v1","V4-TARGET-EQUAL-CLUSTER-v1",0.266410819358946,0.274953103514226,-0.00854228415528008,0.20891309704878,0.325744678548474,0.267328887798627,0.116831581499694,0.0278250634814731,TRUE,199,199,0,"OK","P14-C016",54,50,847,0.05,"informative","medium","exact_knot",7,27,0.990805294529854,0.00118063754427389,0,0.155999999999992
"V4-CMP-ONE-STAGE-CLUSTER-BB-RESP-v1","V4-TARGET-RESPONDENT-WEIGHTED-v1",0.272886428606278,0.274200449131174,-0.00131402052489565,0.248829918073731,0.303507775574042,0.276168846823887,0.0546778575003112,0.013458884719622,TRUE,199,199,0,"OK","P14-C016",54,50,847,0.05,"informative","medium","exact_knot",7,27,0.990805294529854,0.00118063754427389,0,0.155999999999992
"V4-CMP-IID-RESP-BB-v1","WORKING-INDEPENDENCE-RESPONDENT",0.272886428606278,0.274200449131174,-0.00131402052489565,0.239990656287505,0.302191987661989,0.271091321974747,0.062201331374484,0.015688615919725,TRUE,199,199,0,"OK","P14-C016",54,50,847,0.05,"informative","medium","exact_knot",7,27,0.990805294529854,0.00118063754427389,0,0.155999999999992
"V4-CMP-TWO-STAGE-FREQ-BOOT-RESP-v1","V4-TARGET-RESPONDENT-WEIGHTED-v1",0.272886428606278,0.274200449131174,-0.00131402052489565,0.229333166128714,0.316848369349923,0.273090767739319,0.0875152032212089,0.0220289899895567,TRUE,199,199,0,"OK","P14-C016",54,50,847,0.05,"informative","medium","exact_knot",7,27,0.990805294529854,0.00118063754427389,0,0.155999999999992
"V4-CMP-MOKKEN-TWOLEVEL-DELTA-v1","V4-TARGET-RESPONDENT-WEIGHTED-v1",0.272886428606305,0.274200449131174,-0.00131402052486812,0.232789753092458,0.312983104120153,0.272886428606305,0.0801933510276954,0.0204578634251064,TRUE,,,0,"OK","P14-C016",54,50,847,0.05,"informative","medium","exact_knot",7,27,0.990805294529854,0.00118063754427389,0,0.155999999999992
"V4-PRI-TWO-STAGE-HBB-RESP-v1","V4-TARGET-RESPONDENT-WEIGHTED-v1",0.271206114621743,0.274200449131174,-0.00299433450943082,0.221442341683419,0.337642960600488,0.279542651141954,0.116200618917069,0.0282457853242687,TRUE,199,199,0,"OK","P14-C016",55,50,800,0.05,"informative","medium","exact_knot",7,26,0.989345933556245,0.00124999999999997,0,0.132000000000005
"V4-SENS-TWO-STAGE-HBB-CLUSTER-v1","V4-TARGET-EQUAL-CLUSTER-v1",0.275720838317001,0.274953103514226,0.000767734802775311,0.225649845558537,0.332302555326384,0.278976200442461,0.106652709767847,0.0260976274609709,TRUE,199,199,0,"OK","P14-C016",55,50,800,0.05,"informative","medium","exact_knot",7,26,0.989345933556245,0.00124999999999997,0,0.132000000000005
"V4-CMP-ONE-STAGE-CLUSTER-BB-RESP-v1","V4-TARGET-RESPONDENT-WEIGHTED-v1",0.271206114621743,0.274200449131174,-0.00299433450943082,0.241865758907522,0.301873521447677,0.2718696401776,0.0600077625401549,0.0139665621550851,TRUE,199,199,0,"OK","P14-C016",55,50,800,0.05,"informative","medium","exact_knot",7,26,0.989345933556245,0.00124999999999997,0,0.132000000000005
"V4-CMP-IID-RESP-BB-v1","WORKING-INDEPENDENCE-RESPONDENT",0.271206114621743,0.274200449131174,-0.00299433450943082,0.239901066511372,0.308970128512646,0.274435597512009,0.0690690620012735,0.0175084499262555,TRUE,199,199,0,"OK","P14-C016",55,50,800,0.05,"informative","medium","exact_knot",7,26,0.989345933556245,0.00124999999999997,0,0.132000000000005
"V4-CMP-TWO-STAGE-FREQ-BOOT-RESP-v1","V4-TARGET-RESPONDENT-WEIGHTED-v1",0.271206114621743,0.274200449131174,-0.00299433450943082,0.233030822404022,0.318260751952753,0.275645787178387,0.0852299295487305,0.0218107031673915,TRUE,199,199,0,"OK","P14-C016",55,50,800,0.05,"informative","medium","exact_knot",7,26,0.989345933556245,0.00124999999999997,0,0.132000000000005
"V4-CMP-MOKKEN-TWOLEVEL-DELTA-v1","V4-TARGET-RESPONDENT-WEIGHTED-v1",0.27120611462176,0.274200449131174,-0.00299433450941317,0.228773613251552,0.313638615991969,0.27120611462176,0.0848650027404164,0.0216496332100541,TRUE,,,0,"OK","P14-C016",55,50,800,0.05,"informative","medium","exact_knot",7,26,0.989345933556245,0.00124999999999997,0,0.132000000000005
"V4-PRI-TWO-STAGE-HBB-RESP-v1","V4-TARGET-RESPONDENT-WEIGHTED-v1",0.292841202259342,0.274200449131174,0.0186407531281688,0.245835170301791,0.347138996794299,0.296487083548045,0.101303826492508,0.0256026305505549,TRUE,199,199,0,"OK","P14-C016",56,50,911,0.05,"informative","medium","exact_knot",8,27,0.991266909361609,0,1,0.153999999999996
"V4-SENS-TWO-STAGE-HBB-CLUSTER-v1","V4-TARGET-EQUAL-CLUSTER-v1",0.297486294174354,0.274953103514226,0.0225331906601281,0.244032643018172,0.362273859798639,0.303153251408406,0.118241216780467,0.0285843666867222,TRUE,199,199,0,"OK","P14-C016",56,50,911,0.05,"informative","medium","exact_knot",8,27,0.991266909361609,0,1,0.153999999999996
"V4-CMP-ONE-STAGE-CLUSTER-BB-RESP-v1","V4-TARGET-RESPONDENT-WEIGHTED-v1",0.292841202259342,0.274200449131174,0.0186407531281688,0.262187322848089,0.318579620314523,0.290383471581306,0.0563922974664336,0.0158262216960856,TRUE,199,199,0,"OK","P14-C016",56,50,911,0.05,"informative","medium","exact_knot",8,27,0.991266909361609,0,1,0.153999999999996
"V4-CMP-IID-RESP-BB-v1","WORKING-INDEPENDENCE-RESPONDENT",0.292841202259342,0.274200449131174,0.0186407531281688,0.266202037206627,0.320759962450413,0.29348099982852,0.0545579252437852,0.014770469943803,TRUE,199,199,0,"OK","P14-C016",56,50,911,0.05,"informative","medium","exact_knot",8,27,0.991266909361609,0,1,0.153999999999996
"V4-CMP-TWO-STAGE-FREQ-BOOT-RESP-v1","V4-TARGET-RESPONDENT-WEIGHTED-v1",0.292841202259342,0.274200449131174,0.0186407531281688,0.248602842029719,0.33976509631996,0.294183969174839,0.0911622542902417,0.0233902212290872,TRUE,199,199,0,"OK","P14-C016",56,50,911,0.05,"informative","medium","exact_knot",8,27,0.991266909361609,0,1,0.153999999999996
"V4-CMP-MOKKEN-TWOLEVEL-DELTA-v1","V4-TARGET-RESPONDENT-WEIGHTED-v1",0.292841202259353,0.274200449131174,0.0186407531281794,0.252123442412718,0.333558962105988,0.292841202259353,0.0814355196932692,0.0207747490095793,TRUE,,,0,"OK","P14-C016",56,50,911,0.05,"informative","medium","exact_knot",8,27,0.991266909361609,0,1,0.153999999999996
"V4-PRI-TWO-STAGE-HBB-RESP-v1","V4-TARGET-RESPONDENT-WEIGHTED-v1",0.281058313710008,0.274200449131174,0.00685786457883414,0.230034852496091,0.346697536173453,0.288366194334772,0.116662683677363,0.0288722774076731,TRUE,199,199,0,"OK","P14-C016",57,50,842,0.05,"informative","medium","exact_knot",7,28,0.982849116980253,0.00118764845605701,0,0.138000000000005
"V4-SENS-TWO-STAGE-HBB-CLUSTER-v1","V4-TARGET-EQUAL-CLUSTER-v1",0.279078189256829,0.274953103514226,0.00412508574260301,0.222556805369358,0.335382349335213,0.278969577352285,0.112825543965855,0.0272269249737556,TRUE,199,199,0,"OK","P14-C016",57,50,842,0.05,"informative","medium","exact_knot",7,28,0.982849116980253,0.00118764845605701,0,0.138000000000005
"V4-CMP-ONE-STAGE-CLUSTER-BB-RESP-v1","V4-TARGET-RESPONDENT-WEIGHTED-v1",0.281058313710008,0.274200449131174,0.00685786457883414,0.245985646650197,0.318289379414157,0.282137513032177,0.0723037327639602,0.0184655100034873,TRUE,199,199,0,"OK","P14-C016",57,50,842,0.05,"informative","medium","exact_knot",7,28,0.982849116980253,0.00118764845605701,0,0.138000000000005
"V4-CMP-IID-RESP-BB-v1","WORKING-INDEPENDENCE-RESPONDENT",0.281058313710008,0.274200449131174,0.00685786457883414,0.249464203052766,0.314185655408208,0.281824929230487,0.0647214523554417,0.0182049892800922,TRUE,199,199,0,"OK","P14-C016",57,50,842,0.05,"informative","medium","exact_knot",7,28,0.982849116980253,0.00118764845605701,0,0.138000000000005
"V4-CMP-TWO-STAGE-FREQ-BOOT-RESP-v1","V4-TARGET-RESPONDENT-WEIGHTED-v1",0.281058313710008,0.274200449131174,0.00685786457883414,0.233413697776794,0.335106115888871,0.284259906832833,0.101692418112077,0.0247838112228398,TRUE,199,199,0,"OK","P14-C016",57,50,842,0.05,"informative","medium","exact_knot",7,28,0.982849116980253,0.00118764845605701,0,0.138000000000005
"V4-CMP-MOKKEN-TWOLEVEL-DELTA-v1","V4-TARGET-RESPONDENT-WEIGHTED-v1",0.281058313710002,0.274200449131174,0.00685786457882881,0.2385194666206,0.323597160799404,0.281058313710002,0.085077694178804,0.021703892227073,TRUE,,,0,"OK","P14-C016",57,50,842,0.05,"informative","medium","exact_knot",7,28,0.982849116980253,0.00118764845605701,0,0.138000000000005
"V4-PRI-TWO-STAGE-HBB-RESP-v1","V4-TARGET-RESPONDENT-WEIGHTED-v1",0.287028941164856,0.274200449131174,0.012828492033682,0.245920310629581,0.350553290830942,0.298236800730262,0.104632980201361,0.0275967299464824,TRUE,199,199,0,"OK","P14-C016",58,50,807,0.05,"informative","medium","exact_knot",6,27,0.983311844973368,0.00247831474597271,0,0.132999999999996
"V4-SENS-TWO-STAGE-HBB-CLUSTER-v1","V4-TARGET-EQUAL-CLUSTER-v1",0.290670014598472,0.274953103514226,0.015716911084246,0.239268260929641,0.343556135613292,0.291412198271467,0.104287874683651,0.0257460404521728,TRUE,199,199,0,"OK","P14-C016",58,50,807,0.05,"informative","medium","exact_knot",6,27,0.983311844973368,0.00247831474597271,0,0.132999999999996
"V4-CMP-ONE-STAGE-CLUSTER-BB-RESP-v1","V4-TARGET-RESPONDENT-WEIGHTED-v1",0.287028941164856,0.274200449131174,0.012828492033682,0.260232518606537,0.313397994836483,0.28681525672151,0.0531654762299461,0.0142069802336424,TRUE,199,199,0,"OK","P14-C016",58,50,807,0.05,"informative","medium","exact_knot",6,27,0.983311844973368,0.00247831474597271,0,0.132999999999996
"V4-CMP-IID-RESP-BB-v1","WORKING-INDEPENDENCE-RESPONDENT",0.287028941164856,0.274200449131174,0.012828492033682,0.261859099279285,0.319487837472685,0.290673468375985,0.0576287381933998,0.0159217838522261,TRUE,199,199,0,"OK","P14-C016",58,50,807,0.05,"informative","medium","exact_knot",6,27,0.983311844973368,0.00247831474597271,0,0.132999999999996
"V4-CMP-TWO-STAGE-FREQ-BOOT-RESP-v1","V4-TARGET-RESPONDENT-WEIGHTED-v1",0.287028941164856,0.274200449131174,0.012828492033682,0.245275939970289,0.324139060412166,0.284707500191227,0.078863120441877,0.0198615795658534,TRUE,199,199,0,"OK","P14-C016",58,50,807,0.05,"informative","medium","exact_knot",6,27,0.983311844973368,0.00247831474597271,0,0.132999999999996
"V4-CMP-MOKKEN-TWOLEVEL-DELTA-v1","V4-TARGET-RESPONDENT-WEIGHTED-v1",0.287028941164833,0.274200449131174,0.0128284920336596,0.249517048562823,0.324540833766843,0.287028941164833,0.0750237852040197,0.0191390724002578,TRUE,,,0,"OK","P14-C016",58,50,807,0.05,"informative","medium","exact_knot",6,27,0.983311844973368,0.00247831474597271,0,0.132999999999996
"V4-PRI-TWO-STAGE-HBB-RESP-v1","V4-TARGET-RESPONDENT-WEIGHTED-v1",0.279153725298546,0.274200449131174,0.00495327616737279,0.229879855815027,0.328313273628609,0.279096564721818,0.0984334178135818,0.0252047053924469,TRUE,199,199,0,"OK","P14-C016",59,50,864,0.05,"informative","medium","exact_knot",8,26,0.99439295550361,0.00231481481481488,0,0.152000000000001
"V4-SENS-TWO-STAGE-HBB-CLUSTER-v1","V4-TARGET-EQUAL-CLUSTER-v1",0.285554349568749,0.274953103514226,0.0106012460545226,0.235464076003631,0.338352561109696,0.286908318556664,0.102888485106065,0.0262936025422637,TRUE,199,199,0,"OK","P14-C016",59,50,864,0.05,"informative","medium","exact_knot",8,26,0.99439295550361,0.00231481481481488,0,0.152000000000001
"V4-CMP-ONE-STAGE-CLUSTER-BB-RESP-v1","V4-TARGET-RESPONDENT-WEIGHTED-v1",0.279153725298546,0.274200449131174,0.00495327616737279,0.255909094304546,0.309801027607389,0.282855060955967,0.0538919333028438,0.0136706773284567,TRUE,199,199,0,"OK","P14-C016",59,50,864,0.05,"informative","medium","exact_knot",8,26,0.99439295550361,0.00231481481481488,0,0.152000000000001
"V4-CMP-IID-RESP-BB-v1","WORKING-INDEPENDENCE-RESPONDENT",0.279153725298546,0.274200449131174,0.00495327616737279,0.248246105313412,0.310219184493081,0.279232644903246,0.0619730791796692,0.0158740521231701,TRUE,199,199,0,"OK","P14-C016",59,50,864,0.05,"informative","medium","exact_knot",8,26,0.99439295550361,0.00231481481481488,0,0.152000000000001
"V4-CMP-TWO-STAGE-FREQ-BOOT-RESP-v1","V4-TARGET-RESPONDENT-WEIGHTED-v1",0.279153725298546,0.274200449131174,0.00495327616737279,0.238288606559808,0.323766779585194,0.281027693072501,0.0854781730253864,0.0225760110465074,TRUE,199,199,0,"OK","P14-C016",59,50,864,0.05,"informative","medium","exact_knot",8,26,0.99439295550361,0.00231481481481488,0,0.152000000000001
"V4-CMP-MOKKEN-TWOLEVEL-DELTA-v1","V4-TARGET-RESPONDENT-WEIGHTED-v1",0.279153725298527,0.274200449131174,0.00495327616735347,0.240359800130201,0.317947650466853,0.279153725298527,0.0775878503366525,0.0197931826678081,TRUE,,,0,"OK","P14-C016",59,50,864,0.05,"informative","medium","exact_knot",8,26,0.99439295550361,0.00231481481481488,0,0.152000000000001
"V4-PRI-TWO-STAGE-HBB-RESP-v1","V4-TARGET-RESPONDENT-WEIGHTED-v1",0.227763181682467,0.274200449131174,-0.0464372674487069,0.185334861826222,0.293530437940876,0.239432649883549,0.108195576114654,0.0272416743375947,TRUE,199,199,0,"OK","P14-C016",60,50,795,0.05,"informative","medium","exact_knot",6,27,0.990752557934507,0,1,0.13000000000001
"V4-SENS-TWO-STAGE-HBB-CLUSTER-v1","V4-TARGET-EQUAL-CLUSTER-v1",0.237120053377196,0.274953103514226,-0.0378330501370299,0.182503560826437,0.302060669615059,0.242282115220748,0.119557108788622,0.0302781487665434,TRUE,199,199,0,"OK","P14-C016",60,50,795,0.05,"informative","medium","exact_knot",6,27,0.990752557934507,0,1,0.13000000000001
"V4-CMP-ONE-STAGE-CLUSTER-BB-RESP-v1","V4-TARGET-RESPONDENT-WEIGHTED-v1",0.227763181682467,0.274200449131174,-0.0464372674487069,0.193900872983788,0.261557767876487,0.227729320430137,0.0676568948926984,0.0182848516946409,FALSE,199,199,0,"OK","P14-C016",60,50,795,0.05,"informative","medium","exact_knot",6,27,0.990752557934507,0,1,0.13000000000001
"V4-CMP-IID-RESP-BB-v1","WORKING-INDEPENDENCE-RESPONDENT",0.227763181682467,0.274200449131174,-0.0464372674487069,0.197648404269871,0.255536419201671,0.226592411735771,0.0578880149317998,0.0149719475942213,FALSE,199,199,0,"OK","P14-C016",60,50,795,0.05,"informative","medium","exact_knot",6,27,0.990752557934507,0,1,0.13000000000001
"V4-CMP-TWO-STAGE-FREQ-BOOT-RESP-v1","V4-TARGET-RESPONDENT-WEIGHTED-v1",0.227763181682467,0.274200449131174,-0.0464372674487069,0.186486738192948,0.281459091029401,0.233972914611174,0.0949723528364526,0.0258359038498328,TRUE,199,199,0,"OK","P14-C016",60,50,795,0.05,"informative","medium","exact_knot",6,27,0.990752557934507,0,1,0.13000000000001
"V4-CMP-MOKKEN-TWOLEVEL-DELTA-v1","V4-TARGET-RESPONDENT-WEIGHTED-v1",0.227763181682461,0.274200449131174,-0.0464372674487123,0.184130608297283,0.27139575506764,0.227763181682461,0.0872651467703573,0.0222619261013707,FALSE,,,0,"OK","P14-C016",60,50,795,0.05,"informative","medium","exact_knot",6,27,0.990752557934507,0,1,0.13000000000001
